run_id,gamma,k_attr,k_rep,n,eig_index,lambda_real,lambda_imag,min_spacing,lambda_max_real
1,0.001,0.00025,0.25,8,0,-6.260666067143985,0.0,34.81294363717226,1.0923784497296682
1,0.001,0.00025,0.25,8,1,-6.247966782954933,0.0,34.81294363717226,1.0923784497296682
1,0.001,0.00025,0.25,8,2,1.0795618088279042,0.0,34.81294363717226,1.0923784497296682
1,0.001,0.00025,0.25,8,3,1.0923784497296682,0.0,34.81294363717226,1.0923784497296682
1,0.001,0.00025,0.25,8,4,-0.00015557634383652253,0.0,34.81294363717226,1.0923784497296682
1,0.001,0.00025,0.25,8,5,-0.00015953372615565091,0.0,34.81294363717226,1.0923784497296682
1,0.001,0.00025,0.25,8,6,-3.7929298015458057,0.0,34.81294363717226,1.0923784497296682
1,0.001,0.00025,0.25,8,7,-3.790931379544019,0.0,34.81294363717226,1.0923784497296682
1,0.001,0.00025,0.25,8,8,-1.7396084861092067,0.0,34.81294363717226,1.0923784497296682
1,0.001,0.00025,0.25,8,9,-1.8157857376295976,0.0,34.81294363717226,1.0923784497296682
1,0.001,0.00025,0.25,8,10,-1.7761635177721358,0.0,34.81294363717226,1.0923784497296682
1,0.001,0.00025,0.25,8,11,-1.7816770283792822,0.0,34.81294363717226,1.0923784497296682
1,0.001,0.00025,0.25,8,12,-2.7068802228163347,0.0,34.81294363717226,1.0923784497296682
1,0.001,0.00025,0.25,8,13,-2.7692483088952207,0.0,34.81294363717226,1.0923784497296682
1,0.001,0.00025,0.25,8,14,-2.7355509460801133,0.0,34.81294363717226,1.0923784497296682
1,0.001,0.00025,0.25,8,15,-2.7432919068878205,0.0,34.81294363717226,1.0923784497296682
2,0.0011497569953977356,0.0002874392488494339,0.25,8,0,-6.260810071958694,0.0,34.81158503523746,1.0921670140380217
2,0.0011497569953977356,0.0002874392488494339,0.25,8,1,-6.248290404516954,0.0,34.81158503523746,1.0921670140380217
2,0.0011497569953977356,0.0002874392488494339,0.25,8,2,1.0795221101791634,0.0,34.81158503523746,1.0921670140380217
2,0.0011497569953977356,0.0002874392488494339,0.25,8,3,1.0921670140380217,0.0,34.81158503523746,1.0921670140380217
2,0.0011497569953977356,0.0002874392488494339,0.25,8,4,-0.0001788076474624781,0.0,34.81158503523746,1.0921670140380217
2,0.0011497569953977356,0.0002874392488494339,0.25,8,5,-0.00018342579345329008,0.0,34.81158503523746,1.0921670140380217
2,0.0011497569953977356,0.0002874392488494339,0.25,8,6,-3.7929257406980796,0.0,34.81158503523746,1.0921670140380217
2,0.0011497569953977356,0.0002874392488494339,0.25,8,7,-3.7909278959555452,0.0,34.81158503523746,1.0921670140380217
2,0.0011497569953977356,0.0002874392488494339,0.25,8,8,-1.7396146116267868,0.0,34.81158503523746,1.0921670140380217
2,0.0011497569953977356,0.0002874392488494339,0.25,8,9,-1.8157707949668656,0.0,34.81158503523746,1.0921670140380217
2,0.0011497569953977356,0.0002874392488494339,0.25,8,10,-1.7760986048967864,0.0,34.81158503523746,1.0921670140380217
2,0.0011497569953977356,0.0002874392488494339,0.25,8,11,-1.7816655037585454,0.0,34.81158503523746,1.0921670140380217
2,0.0011497569953977356,0.0002874392488494339,0.25,8,12,-2.7070638305136963,0.0,34.81158503523746,1.0921670140380217
2,0.0011497569953977356,0.0002874392488494339,0.25,8,13,-2.769501624336812,0.0,34.81158503523746,1.0921670140380217
2,0.0011497569953977356,0.0002874392488494339,0.25,8,14,-2.7359094021147183,0.0,34.81158503523746,1.0921670140380217
2,0.0011497569953977356,0.0002874392488494339,0.25,8,15,-2.743505075121646,0.0,34.81158503523746,1.0921670140380217
3,0.0013219411484660286,0.00033048528711650716,0.25,8,0,-6.260973119467352,0.0,34.810955554600504,1.0919127620156088
3,0.0013219411484660286,0.00033048528711650716,0.25,8,1,-6.2486701506251645,0.0,34.810955554600504,1.0919127620156088
3,0.0013219411484660286,0.00033048528711650716,0.25,8,2,1.079478646599959,0.0,34.810955554600504,1.0919127620156088
3,0.0013219411484660286,0.00033048528711650716,0.25,8,3,1.0919127620156088,0.0,34.810955554600504,1.0919127620156088
3,0.0013219411484660286,0.00033048528711650716,0.25,8,4,-0.00020559541883025223,0.0,34.810955554600504,1.0919127620156088
3,0.0013219411484660286,0.00033048528711650716,0.25,8,5,-0.0002108933360645362,0.0,34.810955554600504,1.0919127620156088
3,0.0013219411484660286,0.00033048528711650716,0.25,8,6,-3.7929231504807692,0.0,34.810955554600504,1.0919127620156088
3,0.0013219411484660286,0.00033048528711650716,0.25,8,7,-3.79092586639332,0.0,34.810955554600504,1.0919127620156088
3,0.0013219411484660286,0.00033048528711650716,0.25,8,8,-1.7396279144398958,0.0,34.810955554600504,1.0919127620156088
3,0.0013219411484660286,0.00033048528711650716,0.25,8,9,-1.8157580836305116,0.0,34.810955554600504,1.0919127620156088
3,0.0013219411484660286,0.00033048528711650716,0.25,8,10,-1.7760321021644105,0.0,34.810955554600504,1.0919127620156088
3,0.0013219411484660286,0.00033048528711650716,0.25,8,11,-1.781621391172062,0.0,34.810955554600504,1.0919127620156088
3,0.0013219411484660286,0.00033048528711650716,0.25,8,12,-2.707272350523013,0.0,34.810955554600504,1.0919127620156088
3,0.0013219411484660286,0.00033048528711650716,0.25,8,13,-2.7697364914758915,0.0,34.810955554600504,1.0919127620156088
3,0.0013219411484660286,0.00033048528711650716,0.25,8,14,-2.7362817881747548,0.0,34.810955554600504,1.0919127620156088
3,0.0013219411484660286,0.00033048528711650716,0.25,8,15,-2.7438738437424424,0.0,34.810955554600504,1.0919127620156088
4,0.0015199110829529332,0.0003799777707382333,0.25,8,0,-6.261149486012679,0.0,34.810396088536606,1.091597078822785
4,0.0015199110829529332,0.0003799777707382333,0.25,8,1,-6.249130345486656,0.0,34.810396088536606,1.091597078822785
4,0.0015199110829529332,0.0003799777707382333,0.25,8,2,1.0794412483286426,0.0,34.810396088536606,1.091597078822785
4,0.0015199110829529332,0.0003799777707382333,0.25,8,3,1.091597078822785,0.0,34.810396088536606,1.091597078822785
4,0.0015199110829529332,0.0003799777707382333,0.25,8,4,-0.00023643415145759364,0.0,34.810396088536606,1.091597078822785
4,0.0015199110829529332,0.0003799777707382333,0.25,8,5,-0.00024247828447144208,0.0,34.810396088536606,1.091597078822785
4,0.0015199110829529332,0.0003799777707382333,0.25,8,6,-3.7929197155215997,0.0,34.810396088536606,1.091597078822785
4,0.0015199110829529332,0.0003799777707382333,0.25,8,7,-3.7909270422804555,0.0,34.810396088536606,1.091597078822785
4,0.0015199110829529332,0.0003799777707382333,0.25,8,8,-1.739636898829201,0.0,34.810396088536606,1.091597078822785
4,0.0015199110829529332,0.0003799777707382333,0.25,8,9,-1.8157060778481509,0.0,34.810396088536606,1.091597078822785
4,0.0015199110829529332,0.0003799777707382333,0.25,8,10,-1.7759489565991085,0.0,34.810396088536606,1.091597078822785
4,0.0015199110829529332,0.0003799777707382333,0.25,8,11,-1.7816176073807202,0.0,34.810396088536606,1.091597078822785
4,0.0015199110829529332,0.0003799777707382333,0.25,8,12,-2.7075925033237183,0.0,34.810396088536606,1.091597078822785
4,0.0015199110829529332,0.0003799777707382333,0.25,8,13,-2.7700522080450907,0.0,34.810396088536606,1.091597078822785
4,0.0015199110829529332,0.0003799777707382333,0.25,8,14,-2.7368096846107584,0.0,34.810396088536606,1.091597078822785
4,0.0015199110829529332,0.0003799777707382333,0.25,8,15,-2.7440966562858393,0.0,34.810396088536606,1.091597078822785
5,0.001747528400007683,0.00043688210000192073,0.25,8,0,-6.257084849050001,0.0,34.820493850529324,1.0873110264550188
5,0.001747528400007683,0.00043688210000192073,0.25,8,1,-6.253602823313535,0.0,34.820493850529324,1.0873110264550188
5,0.001747528400007683,0.00043688210000192073,0.25,8,2,1.0837359405969353,0.0,34.820493850529324,1.0873110264550188
5,0.001747528400007683,0.00043688210000192073,0.25,8,3,1.0873110264550188,0.0,34.820493850529324,1.0873110264550188
5,0.001747528400007683,0.00043688210000192073,0.25,8,4,-0.00027233822949912414,0.0,34.820493850529324,1.0873110264550188
5,0.001747528400007683,0.00043688210000192073,0.25,8,5,-0.00027883600973188037,0.0,34.820493850529324,1.0873110264550188
5,0.001747528400007683,0.00043688210000192073,0.25,8,6,-3.792852866392073,0.0,34.820493850529324,1.0873110264550188
5,0.001747528400007683,0.00043688210000192073,0.25,8,7,-3.79094367400597,0.0,34.820493850529324,1.0873110264550188
5,0.001747528400007683,0.00043688210000192073,0.25,8,8,-1.8246765515467853,0.0,34.820493850529324,1.0873110264550188
5,0.001747528400007683,0.00043688210000192073,0.25,8,9,-1.7977295147741494,0.0,34.820493850529324,1.0873110264550188
5,0.001747528400007683,0.00043688210000192073,0.25,8,10,-1.7383007967515816,0.0,34.820493850529324,1.0873110264550188
5,0.001747528400007683,0.00043688210000192073,0.25,8,11,-1.7544182656832603,0.0,34.820493850529324,1.0873110264550188
5,0.001747528400007683,0.00043688210000192073,0.25,8,12,-2.7741231466813434,0.0,34.820493850529324,1.0873110264550188
5,0.001747528400007683,0.00043688210000192073,0.25,8,13,-2.765739570141753,0.0,34.820493850529324,1.0873110264550188
5,0.001747528400007683,0.00043688210000192073,0.25,8,14,-2.7045745743905147,0.0,34.820493850529324,1.0873110264550188
5,0.001747528400007683,0.00043688210000192073,0.25,8,15,-2.712677388275332,0.0,34.820493850529324,1.0873110264550188
6,0.002009233002565048,0.000502308250641262,0.25,8,0,-6.257525297106976,0.0,34.819557484823676,1.0869106258754078
6,0.002009233002565048,0.000502308250641262,0.25,8,1,-6.254190540875596,0.0,34.819557484823676,1.0869106258754078
6,0.002009233002565048,0.000502308250641262,0.25,8,2,1.0834884062802288,0.0,34.819557484823676,1.0869106258754078
6,0.002009233002565048,0.000502308250641262,0.25,8,3,1.0869106258754078,0.0,34.819557484823676,1.0869106258754078
6,0.002009233002565048,0.000502308250641262,0.25,8,4,-0.0003130889692913092,0.0,34.819557484823676,1.0869106258754078
6,0.002009233002565048,0.000502308250641262,0.25,8,5,-0.0003205870111792897,0.0,34.819557484823676,1.0869106258754078
6,0.002009233002565048,0.000502308250641262,0.25,8,6,-3.792855176302932,0.0,34.819557484823676,1.0869106258754078
6,0.002009233002565048,0.000502308250641262,0.25,8,7,-3.7909348226896817,0.0,34.819557484823676,1.0869106258754078
6,0.002009233002565048,0.000502308250641262,0.25,8,8,-1.8243565309846932,0.0,34.819557484823676,1.0869106258754078
6,0.002009233002565048,0.000502308250641262,0.25,8,9,-1.7977473201792935,0.0,34.819557484823676,1.0869106258754078
6,0.002009233002565048,0.000502308250641262,0.25,8,10,-1.7381566855022803,0.0,34.819557484823676,1.0869106258754078
6,0.002009233002565048,0.000502308250641262,0.25,8,11,-1.7545879838289842,0.0,34.819557484823676,1.0869106258754078
6,0.002009233002565048,0.000502308250641262,0.25,8,12,-2.7744568377257,0.0,34.819557484823676,1.0869106258754078
6,0.002009233002565048,0.000502308250641262,0.25,8,13,-2.7665607901575116,0.0,34.819557484823676,1.0869106258754078
6,0.002009233002565048,0.000502308250641262,0.25,8,14,-2.7053345182981503,0.0,34.819557484823676,1.0869106258754078
6,0.002009233002565048,0.000502308250641262,0.25,8,15,-2.71306711195766,0.0,34.819557484823676,1.0869106258754078
7,0.0023101297000831605,0.0005775324250207901,0.25,8,0,-6.257581653281424,0.0,34.81988303507196,1.0862862336912138
7,0.0023101297000831605,0.0005775324250207901,0.25,8,1,-6.255029127211634,0.0,34.81988303507196,1.0862862336912138
7,0.0023101297000831605,0.0005775324250207901,0.25,8,2,1.0836534612002584,0.0,34.81988303507196,1.0862862336912138
7,0.0023101297000831605,0.0005775324250207901,0.25,8,3,1.0862862336912138,0.0,34.81988303507196,1.0862862336912138
7,0.0023101297000831605,0.0005775324250207901,0.25,8,4,-0.000359975516114566,0.0,34.81988303507196,1.0862862336912138
7,0.0023101297000831605,0.0005775324250207901,0.25,8,5,-0.0003686036133680488,0.0,34.81988303507196,1.0862862336912138
7,0.0023101297000831605,0.0005775324250207901,0.25,8,6,-3.792848366044463,0.0,34.81988303507196,1.0862862336912138
7,0.0023101297000831605,0.0005775324250207901,0.25,8,7,-3.790949451922706,0.0,34.81988303507196,1.0862862336912138
7,0.0023101297000831605,0.0005775324250207901,0.25,8,8,-1.8244365068634296,0.0,34.81988303507196,1.0862862336912138
7,0.0023101297000831605,0.0005775324250207901,0.25,8,9,-1.7976280679494878,0.0,34.81988303507196,1.0862862336912138
7,0.0023101297000831605,0.0005775324250207901,0.25,8,10,-1.738151448279263,0.0,34.81988303507196,1.0862862336912138
7,0.0023101297000831605,0.0005775324250207901,0.25,8,11,-1.7544657452066115,0.0,34.81988303507196,1.0862862336912138
7,0.0023101297000831605,0.0005775324250207901,0.25,8,12,-2.7749744403265306,0.0,34.81988303507196,1.0862862336912138
7,0.0023101297000831605,0.0005775324250207901,0.25,8,13,-2.766952590737041,0.0,34.81988303507196,1.0862862336912138
7,0.0023101297000831605,0.0005775324250207901,0.25,8,14,-2.7057051494343707,0.0,34.81988303507196,1.0862862336912138
7,0.0023101297000831605,0.0005775324250207901,0.25,8,15,-2.7137018304933265,0.0,34.81988303507196,1.0862862336912138
8,0.0026560877829466868,0.0006640219457366717,0.25,8,0,-6.257853350444212,0.0,34.81907117056731,1.0857135341181776
8,0.0026560877829466868,0.0006640219457366717,0.25,8,1,-6.255845669017788,0.0,34.81907117056731,1.0857135341181776
8,0.0026560877829466868,0.0006640219457366717,0.25,8,2,1.0836399393377578,0.0,34.81907117056731,1.0857135341181776
8,0.0026560877829466868,0.0006640219457366717,0.25,8,3,1.0857135341181776,0.0,34.81907117056731,1.0857135341181776
8,0.0026560877829466868,0.0006640219457366717,0.25,8,4,-0.0004138823122260412,0.0,34.81907117056731,1.0857135341181776
8,0.0026560877829466868,0.0006640219457366717,0.25,8,5,-0.0004238044744673615,0.0,34.81907117056731,1.0857135341181776
8,0.0026560877829466868,0.0006640219457366717,0.25,8,6,-3.792850301860382,0.0,34.81907117056731,1.0857135341181776
8,0.0026560877829466868,0.0006640219457366717,0.25,8,7,-3.790941729439228,0.0,34.81907117056731,1.0857135341181776
8,0.0026560877829466868,0.0006640219457366717,0.25,8,8,-1.8242762492315012,0.0,34.81907117056731,1.0857135341181776
8,0.0026560877829466868,0.0006640219457366717,0.25,8,9,-1.7975839966426803,0.0,34.81907117056731,1.0857135341181776
8,0.0026560877829466868,0.0006640219457366717,0.25,8,10,-1.7380774365600058,0.0,34.81907117056731,1.0857135341181776
8,0.0026560877829466868,0.0006640219457366717,0.25,8,11,-1.7545272190461791,0.0,34.81907117056731,1.0857135341181776
8,0.0026560877829466868,0.0006640219457366717,0.25,8,12,-2.775436859326589,0.0,34.81907117056731,1.0857135341181776
8,0.0026560877829466868,0.0006640219457366717,0.25,8,13,-2.7676878063100268,0.0,34.81907117056731,1.0857135341181776
8,0.0026560877829466868,0.0006640219457366717,0.25,8,14,-2.706306466727106,0.0,34.81907117056731,1.0857135341181776
8,0.0026560877829466868,0.0006640219457366717,0.25,8,15,-2.7142583665827593,0.0,34.81907117056731,1.0857135341181776
9,0.0030538555088334154,0.0007634638772083538,0.25,8,0,-6.25873511311733,0.0,34.81687075618354,1.085281935400601
9,0.0030538555088334154,0.0007634638772083538,0.25,8,1,-6.2565401148433155,0.0,34.81687075618354,1.085281935400601
9,0.0030538555088334154,0.0007634638772083538,0.25,8,2,1.0830595576154398,0.0,34.81687075618354,1.085281935400601
9,0.0030538555088334154,0.0007634638772083538,0.25,8,3,1.085281935400601,0.0,34.81687075618354,1.085281935400601
9,0.0030538555088334154,0.0007634638772083538,0.25,8,4,-0.00048726829823420216,0.0,34.81687075618354,1.085281935400601
9,0.0030538555088334154,0.0007634638772083538,0.25,8,5,-0.00047619135176085373,0.0,34.81687075618354,1.085281935400601
9,0.0030538555088334154,0.0007634638772083538,0.25,8,6,-3.7928575788627654,0.0,34.81687075618354,1.085281935400601
9,0.0030538555088334154,0.0007634638772083538,0.25,8,7,-3.7909380813977247,0.0,34.81687075618354,1.085281935400601
9,0.0030538555088334154,0.0007634638772083538,0.25,8,8,-1.7398966465690209,0.0,34.81687075618354,1.085281935400601
9,0.0030538555088334154,0.0007634638772083538,0.25,8,9,-1.815238731033357,0.0,34.81687075618354,1.085281935400601
9,0.0030538555088334154,0.0007634638772083538,0.25,8,10,-1.775523760354061,0.0,34.81687075618354,1.085281935400601
9,0.0030538555088334154,0.0007634638772083538,0.25,8,11,-1.7814658870305724,0.0,34.81687075618354,1.085281935400601
9,0.0030538555088334154,0.0007634638772083538,0.25,8,12,-2.709426340268801,0.0,34.81687075618354,1.085281935400601
9,0.0030538555088334154,0.0007634638772083538,0.25,8,13,-2.7725751386775572,0.0,34.81687075618354,1.085281935400601
9,0.0030538555088334154,0.0007634638772083538,0.25,8,14,-2.746338705428812,0.0,34.81687075618354,1.085281935400601
9,0.0030538555088334154,0.0007634638772083538,0.25,8,15,-2.740809643472631,0.0,34.81687075618354,1.085281935400601
10,0.003511191734215131,0.0008777979335537827,0.25,8,0,-6.257210151875301,0.0,34.816557940820125,1.084905511843202
10,0.003511191734215131,0.0008777979335537827,0.25,8,1,-6.25979281810086,0.0,34.816557940820125,1.084905511843202
10,0.003511191734215131,0.0008777979335537827,0.25,8,2,1.084905511843202,0.0,34.816557940820125,1.084905511843202
10,0.003511191734215131,0.0008777979335537827,0.25,8,3,1.082351742345902,0.0,34.816557940820125,1.084905511843202
10,0.003511191734215131,0.0008777979335537827,0.25,8,4,-0.0005602418119030594,0.0,34.816557940820125,1.084905511843202
10,0.003511191734215131,0.0008777979335537827,0.25,8,5,-0.0005475059252203376,0.0,34.816557940820125,1.084905511843202
10,0.003511191734215131,0.0008777979335537827,0.25,8,6,-3.792848585467612,0.0,34.816557940820125,1.084905511843202
10,0.003511191734215131,0.0008777979335537827,0.25,8,7,-3.790954401096342,0.0,34.816557940820125,1.084905511843202
10,0.003511191734215131,0.0008777979335537827,0.25,8,8,-1.739736424890768,0.0,34.816557940820125,1.084905511843202
10,0.003511191734215131,0.0008777979335537827,0.25,8,9,-1.8150505712983613,0.0,34.816557940820125,1.084905511843202
10,0.003511191734215131,0.0008777979335537827,0.25,8,10,-1.7753774842704417,0.0,34.816557940820125,1.084905511843202
10,0.003511191734215131,0.0008777979335537827,0.25,8,11,-1.7814602675097124,0.0,34.816557940820125,1.084905511843202
10,0.003511191734215131,0.0008777979335537827,0.25,8,12,-2.7105245273590715,0.0,34.816557940820125,1.084905511843202
10,0.003511191734215131,0.0008777979335537827,0.25,8,13,-2.7736856073003135,0.0,34.816557940820125,1.084905511843202
10,0.003511191734215131,0.0008777979335537827,0.25,8,14,-2.746777291961779,0.0,34.816557940820125,1.084905511843202
10,0.003511191734215131,0.0008777979335537827,0.25,8,15,-2.7420753107593323,0.0,34.816557940820125,1.084905511843202
11,0.004037017258596553,0.0010092543146491384,0.25,8,0,-6.257598987276162,0.0,34.818079042431926,1.0848498217098181
11,0.004037017258596553,0.0010092543146491384,0.25,8,1,-6.261177227823705,0.0,34.818079042431926,1.0848498217098181
11,0.004037017258596553,0.0010092543146491384,0.25,8,2,1.0848498217098181,0.0,34.818079042431926,1.0848498217098181
11,0.004037017258596553,0.0010092543146491384,0.25,8,3,1.0813604222562927,0.0,34.818079042431926,1.0848498217098181
11,0.004037017258596553,0.0010092543146491384,0.25,8,4,-0.0006294859399579907,0.0,34.818079042431926,1.0848498217098181
11,0.004037017258596553,0.0010092543146491384,0.25,8,5,-0.000644139379153029,0.0,34.818079042431926,1.0848498217098181
11,0.004037017258596553,0.0010092543146491384,0.25,8,6,-3.7928231490505744,0.0,34.818079042431926,1.0848498217098181
11,0.004037017258596553,0.0010092543146491384,0.25,8,7,-3.790997312638142,0.0,34.818079042431926,1.0848498217098181
11,0.004037017258596553,0.0010092543146491384,0.25,8,8,-1.7314048134580824,0.0,34.818079042431926,1.0848498217098181
11,0.004037017258596553,0.0010092543146491384,0.25,8,9,-1.760731330156555,0.0,34.818079042431926,1.0848498217098181
11,0.004037017258596553,0.0010092543146491384,0.25,8,10,-1.817369509182179,0.0,34.818079042431926,1.0848498217098181
11,0.004037017258596553,0.0010092543146491384,0.25,8,11,-1.8035135390848551,0.0,34.818079042431926,1.0848498217098181
11,0.004037017258596553,0.0010092543146491384,0.25,8,12,-2.777373424084202,0.0,34.818079042431926,1.0848498217098181
11,0.004037017258596553,0.0010092543146491384,0.25,8,13,-2.7715251700138404,0.0,34.818079042431926,1.0848498217098181
11,0.004037017258596553,0.0010092543146491384,0.25,8,14,-2.7098528703715403,0.0,34.818079042431926,1.0848498217098181
11,0.004037017258596553,0.0010092543146491384,0.25,8,15,-2.716433693708612,0.0,34.818079042431926,1.0848498217098181
12,0.004641588833612782,0.0011603972084031956,0.25,8,0,-6.258135131267065,0.0,34.81727574587437,1.0847261049028636
12,0.004641588833612782,0.0011603972084031956,0.25,8,1,-6.262774947741315,0.0,34.81727574587437,1.0847261049028636
12,0.004641588833612782,0.0011603972084031956,0.25,8,2,1.0847261049028636,0.0,34.81727574587437,1.0847261049028636
12,0.004641588833612782,0.0011603972084031956,0.25,8,3,1.0801952248903568,0.0,34.81727574587437,1.0847261049028636
12,0.004641588833612782,0.0011603972084031956,0.25,8,4,-0.0007405957702794304,0.0,34.81727574587437,1.0847261049028636
12,0.004641588833612782,0.0011603972084031956,0.25,8,5,-0.000724475044299652,0.0,34.81727574587437,1.0847261049028636
12,0.004641588833612782,0.0011603972084031956,0.25,8,6,-3.7928162796182083,0.0,34.81727574587437,1.0847261049028636
12,0.004641588833612782,0.0011603972084031956,0.25,8,7,-3.7910063805842267,0.0,34.81727574587437,1.0847261049028636
12,0.004641588833612782,0.0011603972084031956,0.25,8,8,-1.7313210210043004,0.0,34.81727574587437,1.0847261049028636
12,0.004641588833612782,0.0011603972084031956,0.25,8,9,-1.7605603656177433,0.0,34.81727574587437,1.0847261049028636
12,0.004641588833612782,0.0011603972084031956,0.25,8,10,-1.817242166662339,0.0,34.81727574587437,1.0847261049028636
12,0.004641588833612782,0.0011603972084031956,0.25,8,11,-1.8032766824262958,0.0,34.81727574587437,1.0847261049028636
12,0.004641588833612782,0.0011603972084031956,0.25,8,12,-2.711032197537062,0.0,34.81727574587437,1.0847261049028636
12,0.004641588833612782,0.0011603972084031956,0.25,8,13,-2.7176559785404044,0.0,34.81727574587437,1.0847261049028636
12,0.004641588833612782,0.0011603972084031956,0.25,8,14,-2.778502739744802,0.0,34.81727574587437,1.0847261049028636
12,0.004641588833612782,0.0011603972084031956,0.25,8,15,-2.7728290099442727,0.0,34.81727574587437,1.0847261049028636
13,0.005336699231206312,0.001334174807801578,0.25,8,0,-6.25846973364393,0.0,34.81877711450591,1.0848552841345578
13,0.005336699231206312,0.001334174807801578,0.25,8,1,-6.264722376739617,0.0,34.81877711450591,1.0848552841345578
13,0.005336699231206312,0.001334174807801578,0.25,8,2,1.0848552841345578,0.0,34.81877711450591,1.0848552841345578
13,0.005336699231206312,0.001334174807801578,0.25,8,3,1.0787323197536727,0.0,34.81877711450591,1.0848552841345578
13,0.005336699231206312,0.001334174807801578,0.25,8,4,-0.0008514993715728359,0.0,34.81877711450591,1.0848552841345578
13,0.005336699231206312,0.001334174807801578,0.25,8,5,-0.0008328769807550088,0.0,34.81877711450591,1.0848552841345578
13,0.005336699231206312,0.001334174807801578,0.25,8,6,-3.792803417051579,0.0,34.81877711450591,1.0848552841345578
13,0.005336699231206312,0.001334174807801578,0.25,8,7,-3.791028361531117,0.0,34.81877711450591,1.0848552841345578
13,0.005336699231206312,0.001334174807801578,0.25,8,8,-1.731239301942105,0.0,34.81877711450591,1.0848552841345578
13,0.005336699231206312,0.001334174807801578,0.25,8,9,-1.7603184184601195,0.0,34.81877711450591,1.0848552841345578
13,0.005336699231206312,0.001334174807801578,0.25,8,10,-1.8171543981921856,0.0,34.81877711450591,1.0848552841345578
13,0.005336699231206312,0.001334174807801578,0.25,8,11,-1.8030308586872232,0.0,34.81877711450591,1.0848552841345578
13,0.005336699231206312,0.001334174807801578,0.25,8,12,-2.7124147538780545,0.0,34.81877711450591,1.0848552841345578
13,0.005336699231206312,0.001334174807801578,0.25,8,13,-2.718869201185188,0.0,34.81877711450591,1.0848552841345578
13,0.005336699231206312,0.001334174807801578,0.25,8,14,-2.7796098164042635,0.0,34.81877711450591,1.0848552841345578
13,0.005336699231206312,0.001334174807801578,0.25,8,15,-2.774308706525438,0.0,34.81877711450591,1.0848552841345578
14,0.006135907273413176,0.001533976818353294,0.25,8,0,-231.43359498752537,0.0,34.73126452957353,1.0840713669282425
14,0.006135907273413176,0.001533976818353294,0.25,8,1,-6.259150107227359,0.0,34.73126452957353,1.0840713669282425
14,0.006135907273413176,0.001533976818353294,0.25,8,2,-6.2645904067072085,0.0,34.73126452957353,1.0840713669282425
14,0.006135907273413176,0.001533976818353294,0.25,8,3,1.0840713669282425,0.0,34.73126452957353,1.0840713669282425
14,0.006135907273413176,0.001533976818353294,0.25,8,4,1.079321990309737,0.0,34.73126452957353,1.0840713669282425
14,0.006135907273413176,0.001533976818353294,0.25,8,5,-0.0009603126131973453,0.0,34.73126452957353,1.0840713669282425
14,0.006135907273413176,0.001533976818353294,0.25,8,6,-0.0009728171773325377,0.0,34.73126452957353,1.0840713669282425
14,0.006135907273413176,0.001533976818353294,0.25,8,7,-3.7928076726647832,0.0,34.73126452957353,1.0840713669282425
14,0.006135907273413176,0.001533976818353294,0.25,8,8,-3.784487708807581,0.0,34.73126452957353,1.0840713669282425
14,0.006135907273413176,0.001533976818353294,0.25,8,9,-1.7276409708807692,0.0,34.73126452957353,1.0840713669282425
14,0.006135907273413176,0.001533976818353294,0.25,8,10,-1.8079411013972242,0.0,34.73126452957353,1.0840713669282425
14,0.006135907273413176,0.001533976818353294,0.25,8,11,-1.7933632924062612,0.0,34.73126452957353,1.0840713669282425
14,0.006135907273413176,0.001533976818353294,0.25,8,12,-2.2633904887300704,0.0,34.73126452957353,1.0840713669282425
14,0.006135907273413176,0.001533976818353294,0.25,8,13,-2.7788450657108594,0.0,34.73126452957353,1.0840713669282425
14,0.006135907273413176,0.001533976818353294,0.25,8,14,-2.7154237489679978,0.0,34.73126452957353,1.0840713669282425
14,0.006135907273413176,0.001533976818353294,0.25,8,15,-2.7484640712062975,0.0,34.73126452957353,1.0840713669282425
15,0.007054802310718645,0.0017637005776796613,0.25,8,0,-6.260730487850325,0.0,34.80936883721109,1.0838428716680322
15,0.007054802310718645,0.0017637005776796613,0.25,8,1,-6.265672549176835,0.0,34.80936883721109,1.0838428716680322
15,0.007054802310718645,0.0017637005776796613,0.25,8,2,1.0838428716680322,0.0,34.80936883721109,1.0838428716680322
15,0.007054802310718645,0.0017637005776796613,0.25,8,3,1.0787793691497094,0.0,34.80936883721109,1.0838428716680322
15,0.007054802310718645,0.0017637005776796613,0.25,8,4,-0.0011020218842339082,0.0,34.80936883721109,1.0838428716680322
15,0.007054802310718645,0.0017637005776796613,0.25,8,5,-0.001125675403757778,0.0,34.80936883721109,1.0838428716680322
15,0.007054802310718645,0.0017637005776796613,0.25,8,6,-3.7928467073978647,0.0,34.80936883721109,1.0838428716680322
15,0.007054802310718645,0.0017637005776796613,0.25,8,7,-3.7909738891153433,0.0,34.80936883721109,1.0838428716680322
15,0.007054802310718645,0.0017637005776796613,0.25,8,8,-1.7308864397431554,0.0,34.80936883721109,1.0838428716680322
15,0.007054802310718645,0.0017637005776796613,0.25,8,9,-1.760313253386645,0.0,34.80936883721109,1.0838428716680322
15,0.007054802310718645,0.0017637005776796613,0.25,8,10,-1.8173671857117135,0.0,34.80936883721109,1.0838428716680322
15,0.007054802310718645,0.0017637005776796613,0.25,8,11,-1.803613939056406,0.0,34.80936883721109,1.0838428716680322
15,0.007054802310718645,0.0017637005776796613,0.25,8,12,-2.7134640862349886,0.0,34.80936883721109,1.0838428716680322
15,0.007054802310718645,0.0017637005776796613,0.25,8,13,-2.720287850235294,0.0,34.80936883721109,1.0838428716680322
15,0.007054802310718645,0.0017637005776796613,0.25,8,14,-2.7819564059330726,0.0,34.80936883721109,1.0838428716680322
15,0.007054802310718645,0.0017637005776796613,0.25,8,15,-2.7756343668239323,0.0,34.80936883721109,1.0838428716680322
16,0.008111308307896872,0.002027827076974218,0.25,8,0,-6.261572021147615,0.0,34.815453464222415,1.0837247917685542
16,0.008111308307896872,0.002027827076974218,0.25,8,1,-6.263657004217919,0.0,34.815453464222415,1.0837247917685542
16,0.008111308307896872,0.002027827076974218,0.25,8,2,1.0837247917685542,0.0,34.815453464222415,1.0837247917685542
16,0.008111308307896872,0.002027827076974218,0.25,8,3,1.0818129200463034,0.0,34.815453464222415,1.0837247917685542
16,0.008111308307896872,0.002027827076974218,0.25,8,4,-0.0012879751310776858,0.0,34.815453464222415,1.0837247917685542
16,0.008111308307896872,0.002027827076974218,0.25,8,5,-0.0012628280445884888,0.0,34.815453464222415,1.0837247917685542
16,0.008111308307896872,0.002027827076974218,0.25,8,6,-3.792742505654796,0.0,34.815453464222415,1.0837247917685542
16,0.008111308307896872,0.002027827076974218,0.25,8,7,-3.7908920205752037,0.0,34.815453464222415,1.0837247917685542
16,0.008111308307896872,0.002027827076974218,0.25,8,8,-1.7365177835062786,0.0,34.815453464222415,1.0837247917685542
16,0.008111308307896872,0.002027827076974218,0.25,8,9,-1.8178430065402917,0.0,34.815453464222415,1.0837247917685542
16,0.008111308307896872,0.002027827076974218,0.25,8,10,-1.7758943800769318,0.0,34.815453464222415,1.0837247917685542
16,0.008111308307896872,0.002027827076974218,0.25,8,11,-1.7822110554729098,0.0,34.815453464222415,1.0837247917685542
16,0.008111308307896872,0.002027827076974218,0.25,8,12,-2.7120207997970067,0.0,34.815453464222415,1.0837247917685542
16,0.008111308307896872,0.002027827076974218,0.25,8,13,-2.780548866624826,0.0,34.815453464222415,1.0837247917685542
16,0.008111308307896872,0.002027827076974218,0.25,8,14,-2.7498032654100495,0.0,34.815453464222415,1.0837247917685542
16,0.008111308307896872,0.002027827076974218,0.25,8,15,-2.74608908790698,0.0,34.815453464222415,1.0837247917685542
17,0.0093260334688322,0.00233150836720805,0.25,8,0,-6.263569011821638,0.0,34.802152911506134,1.0878987727114746
17,0.0093260334688322,0.00233150836720805,0.25,8,1,-6.258598591130527,0.0,34.802152911506134,1.0878987727114746
17,0.0093260334688322,0.00233150836720805,0.25,8,2,1.0827669418557264,0.0,34.802152911506134,1.0878987727114746
17,0.0093260334688322,0.00233150836720805,0.25,8,3,1.0878987727114746,0.0,34.802152911506134,1.0878987727114746
17,0.0093260334688322,0.00233150836720805,0.25,8,4,-0.0014820687510317928,0.0,34.802152911506134,1.0878987727114746
17,0.0093260334688322,0.00233150836720805,0.25,8,5,-0.0014525131907757634,0.0,34.802152911506134,1.0878987727114746
17,0.0093260334688322,0.00233150836720805,0.25,8,6,-3.7930373188283752,0.0,34.802152911506134,1.0878987727114746
17,0.0093260334688322,0.00233150836720805,0.25,8,7,-3.791166560464586,0.0,34.802152911506134,1.0878987727114746
17,0.0093260334688322,0.00233150836720805,0.25,8,8,-1.7380057933006297,0.0,34.802152911506134,1.0878987727114746
17,0.0093260334688322,0.00233150836720805,0.25,8,9,-1.818303836093031,0.0,34.802152911506134,1.0878987727114746
17,0.0093260334688322,0.00233150836720805,0.25,8,10,-1.7767212683498241,0.0,34.802152911506134,1.0878987727114746
17,0.0093260334688322,0.00233150836720805,0.25,8,11,-1.7830827484479659,0.0,34.802152911506134,1.0878987727114746
17,0.0093260334688322,0.00233150836720805,0.25,8,12,-2.7777169266121264,0.0,34.802152911506134,1.0878987727114746
17,0.0093260334688322,0.00233150836720805,0.25,8,13,-2.7107439665747863,0.0,34.802152911506134,1.0878987727114746
17,0.0093260334688322,0.00233150836720805,0.25,8,14,-2.7481526276561645,0.0,34.802152911506134,1.0878987727114746
17,0.0093260334688322,0.00233150836720805,0.25,8,15,-2.741117407610093,0.0,34.802152911506134,1.0878987727114746
18,0.010722672220103232,0.002680668055025808,0.25,8,0,-6.2698019709995485,0.0,34.85972602872575,1.0907286779249687
18,0.010722672220103232,0.002680668055025808,0.25,8,1,-6.256591965210798,0.0,34.85972602872575,1.0907286779249687
18,0.010722672220103232,0.002680668055025808,0.25,8,2,1.0907286779249687,0.0,34.85972602872575,1.0907286779249687
18,0.010722672220103232,0.002680668055025808,0.25,8,3,1.0776066576322312,0.0,34.85972602872575,1.0907286779249687
18,0.010722672220103232,0.002680668055025808,0.25,8,4,-0.0017105407599277828,0.0,34.85972602872575,1.0907286779249687
18,0.010722672220103232,0.002680668055025808,0.25,8,5,-0.0016720123561791275,0.0,34.85972602872575,1.0907286779249687
18,0.010722672220103232,0.002680668055025808,0.25,8,6,-3.79308240821553,0.0,34.85972602872575,1.0907286779249687
18,0.010722672220103232,0.002680668055025808,0.25,8,7,-3.7912719890929707,0.0,34.85972602872575,1.0907286779249687
18,0.010722672220103232,0.002680668055025808,0.25,8,8,-1.734212349942675,0.0,34.85972602872575,1.0907286779249687
18,0.010722672220103232,0.002680668055025808,0.25,8,9,-1.7585974187449012,0.0,34.85972602872575,1.0907286779249687
18,0.010722672220103232,0.002680668055025808,0.25,8,10,-1.8220436230397035,0.0,34.85972602872575,1.0907286779249687
18,0.010722672220103232,0.002680668055025808,0.25,8,11,-1.8021669356828771,0.0,34.85972602872575,1.0907286779249687
18,0.010722672220103232,0.002680668055025808,0.25,8,12,-2.7753926034973935,0.0,34.85972602872575,1.0907286779249687
18,0.010722672220103232,0.002680668055025808,0.25,8,13,-2.777384440043177,0.0,34.85972602872575,1.0907286779249687
18,0.010722672220103232,0.002680668055025808,0.25,8,14,-2.715255888449578,0.0,34.85972602872575,1.0907286779249687
18,0.010722672220103232,0.002680668055025808,0.25,8,15,-2.7171663108202613,0.0,34.85972602872575,1.0907286779249687
19,0.012328467394420659,0.0030821168486051646,0.25,8,0,-6.258682780902305,0.0,34.85754833941539,1.0897281228161106
19,0.012328467394420659,0.0030821168486051646,0.25,8,1,-6.272148427521378,0.0,34.85754833941539,1.0897281228161106
19,0.012328467394420659,0.0030821168486051646,0.25,8,2,1.0897281228161106,0.0,34.85754833941539,1.0897281228161106
19,0.012328467394420659,0.0030821168486051646,0.25,8,3,1.0763747738279994,0.0,34.85754833941539,1.0897281228161106
19,0.012328467394420659,0.0030821168486051646,0.25,8,4,-0.0019250892574941907,0.0,34.85754833941539,1.0897281228161106
19,0.012328467394420659,0.0030821168486051646,0.25,8,5,-0.001966693084654342,0.0,34.85754833941539,1.0897281228161106
19,0.012328467394420659,0.0030821168486051646,0.25,8,6,-3.793031971814638,0.0,34.85754833941539,1.0897281228161106
19,0.012328467394420659,0.0030821168486051646,0.25,8,7,-3.791290972828137,0.0,34.85754833941539,1.0897281228161106
19,0.012328467394420659,0.0030821168486051646,0.25,8,8,-1.7339493719339927,0.0,34.85754833941539,1.0897281228161106
19,0.012328467394420659,0.0030821168486051646,0.25,8,9,-1.7586644975469883,0.0,34.85754833941539,1.0897281228161106
19,0.012328467394420659,0.0030821168486051646,0.25,8,10,-1.8216617845442324,0.0,34.85754833941539,1.0897281228161106
19,0.012328467394420659,0.0030821168486051646,0.25,8,11,-1.8020140806831777,0.0,34.85754833941539,1.0897281228161106
19,0.012328467394420659,0.0030821168486051646,0.25,8,12,-2.7795412406356506,0.0,34.85754833941539,1.0897281228161106
19,0.012328467394420659,0.0030821168486051646,0.25,8,13,-2.7780582138952625,0.0,34.85754833941539,1.0897281228161106
19,0.012328467394420659,0.0030821168486051646,0.25,8,14,-2.7179070566841053,0.0,34.85754833941539,1.0897281228161106
19,0.012328467394420659,0.0030821168486051646,0.25,8,15,-2.7193223480877573,0.0,34.85754833941539,1.0897281228161106
20,0.014174741629268055,0.003543685407317014,0.25,8,0,-6.260908757980319,0.0,34.76387303431447,1.0890534674031902
20,0.014174741629268055,0.003543685407317014,0.25,8,1,-6.275531708016719,0.0,34.76387303431447,1.0890534674031902
20,0.014174741629268055,0.003543685407317014,0.25,8,2,1.0890534674031902,0.0,34.76387303431447,1.0890534674031902
20,0.014174741629268055,0.003543685407317014,0.25,8,3,1.0744477309667273,0.0,34.76387303431447,1.0890534674031902
20,0.014174741629268055,0.003543685407317014,0.25,8,4,-0.0022226685811382787,0.0,34.76387303431447,1.0890534674031902
20,0.014174741629268055,0.003543685407317014,0.25,8,5,-0.0022448865031980815,0.0,34.76387303431447,1.0890534674031902
20,0.014174741629268055,0.003543685407317014,0.25,8,6,-3.7930172205840442,0.0,34.76387303431447,1.0890534674031902
20,0.014174741629268055,0.003543685407317014,0.25,8,7,-3.7912420255376076,0.0,34.76387303431447,1.0890534674031902
20,0.014174741629268055,0.003543685407317014,0.25,8,8,-2.79703617758337,0.0,34.76387303431447,1.0890534674031902
20,0.014174741629268055,0.003543685407317014,0.25,8,9,-2.771675611048399,0.0,34.76387303431447,1.0890534674031902
20,0.014174741629268055,0.003543685407317014,0.25,8,10,-2.728997672437964,0.0,34.76387303431447,1.0890534674031902
20,0.014174741629268055,0.003543685407317014,0.25,8,11,-2.708221826086141,0.0,34.76387303431447,1.0890534674031902
20,0.014174741629268055,0.003543685407317014,0.25,8,12,-1.7200119073846156,0.0,34.76387303431447,1.0890534674031902
20,0.014174741629268055,0.003543685407317014,0.25,8,13,-1.7678715293191554,0.0,34.76387303431447,1.0890534674031902
20,0.014174741629268055,0.003543685407317014,0.25,8,14,-1.818402536800607,0.0,34.76387303431447,1.0890534674031902
20,0.014174741629268055,0.003543685407317014,0.25,8,15,-1.8093003865251152,0.0,34.76387303431447,1.0890534674031902
21,0.016297508346206444,0.004074377086551611,0.25,8,0,-6.2616996195332675,0.0,34.85089721880726,1.0897438749082609
21,0.016297508346206444,0.004074377086551611,0.25,8,1,-6.274359806759042,0.0,34.85089721880726,1.0897438749082609
21,0.016297508346206444,0.004074377086551611,0.25,8,2,1.0897438749082609,0.0,34.85089721880726,1.0897438749082609
21,0.016297508346206444,0.004074377086551611,0.25,8,3,1.0771622553866633,0.0,34.85089721880726,1.0897438749082609
21,0.016297508346206444,0.004074377086551611,0.25,8,4,-0.0025998925593607217,0.0,34.85089721880726,1.0897438749082609
21,0.016297508346206444,0.004074377086551611,0.25,8,5,-0.002546892243412265,0.0,34.85089721880726,1.0897438749082609
21,0.016297508346206444,0.004074377086551611,0.25,8,6,-3.7930585249625115,0.0,34.85089721880726,1.0897438749082609
21,0.016297508346206444,0.004074377086551611,0.25,8,7,-3.7912227858666414,0.0,34.85089721880726,1.0897438749082609
21,0.016297508346206444,0.004074377086551611,0.25,8,8,-1.7344315503167411,0.0,34.85089721880726,1.0897438749082609
21,0.016297508346206444,0.004074377086551611,0.25,8,9,-1.7588602902954769,0.0,34.85089721880726,1.0897438749082609
21,0.016297508346206444,0.004074377086551611,0.25,8,10,-1.8228347373111713,0.0,34.85089721880726,1.0897438749082609
21,0.016297508346206444,0.004074377086551611,0.25,8,11,-1.8022733786274856,0.0,34.85089721880726,1.0897438749082609
21,0.016297508346206444,0.004074377086551611,0.25,8,12,-2.7822253892072473,0.0,34.85089721880726,1.0897438749082609
21,0.016297508346206444,0.004074377086551611,0.25,8,13,-2.77998257424918,0.0,34.85089721880726,1.0897438749082609
21,0.016297508346206444,0.004074377086551611,0.25,8,14,-2.7210313520993528,0.0,34.85089721880726,1.0897438749082609
21,0.016297508346206444,0.004074377086551611,0.25,8,15,-2.7192628272208563,0.0,34.85089721880726,1.0897438749082609
22,0.01873817422860384,0.00468454355715096,0.25,8,0,-6.268914573605914,0.0,34.836619289828775,1.0840455704157934
22,0.01873817422860384,0.00468454355715096,0.25,8,1,-6.272181160397627,0.0,34.836619289828775,1.0840455704157934
22,0.01873817422860384,0.00468454355715096,0.25,8,2,1.0840455704157934,0.0,34.836619289828775,1.0840455704157934
22,0.01873817422860384,0.00468454355715096,0.25,8,3,1.0807823839103385,0.0,34.836619289828775,1.0840455704157934
22,0.01873817422860384,0.00468454355715096,0.25,8,4,-0.0029361914252990953,0.0,34.836619289828775,1.0840455704157934
22,0.01873817422860384,0.00468454355715096,0.25,8,5,-0.0029889838157929525,0.0,34.836619289828775,1.0840455704157934
22,0.01873817422860384,0.00468454355715096,0.25,8,6,-3.791539430253287,0.0,34.836619289828775,1.0840455704157934
22,0.01873817422860384,0.00468454355715096,0.25,8,7,-3.7900818713468474,0.0,34.836619289828775,1.0840455704157934
22,0.01873817422860384,0.00468454355715096,0.25,8,8,-2.790180074134015,0.0,34.836619289828775,1.0840455704157934
22,0.01873817422860384,0.00468454355715096,0.25,8,9,-2.7784937953002533,0.0,34.836619289828775,1.0840455704157934
22,0.01873817422860384,0.00468454355715096,0.25,8,10,-2.716319230881813,0.0,34.836619289828775,1.0840455704157934
22,0.01873817422860384,0.00468454355715096,0.25,8,11,-2.729191123255617,0.0,34.836619289828775,1.0840455704157934
22,0.01873817422860384,0.00468454355715096,0.25,8,12,-1.729887362143368,0.0,34.836619289828775,1.0840455704157934
22,0.01873817422860384,0.00468454355715096,0.25,8,13,-1.7647000151778593,0.0,34.836619289828775,1.0840455704157934
22,0.01873817422860384,0.00468454355715096,0.25,8,14,-1.8159024192165985,0.0,34.836619289828775,1.0840455704157934
22,0.01873817422860384,0.00468454355715096,0.25,8,15,-1.8092167037186535,0.0,34.836619289828775,1.0840455704157934
23,0.021544346900318846,0.0053860867250797115,0.25,8,0,-6.267256516628914,0.0,34.876187631782294,1.0875255347450883
23,0.021544346900318846,0.0053860867250797115,0.25,8,1,-6.279126063007265,0.0,34.876187631782294,1.0875255347450883
23,0.021544346900318846,0.0053860867250797115,0.25,8,2,1.0875255347450883,0.0,34.876187631782294,1.0875255347450883
23,0.021544346900318846,0.0053860867250797115,0.25,8,3,1.0756793332646277,0.0,34.876187631782294,1.0875255347450883
23,0.021544346900318846,0.0053860867250797115,0.25,8,4,-0.0034229688753367074,0.0,34.876187631782294,1.0875255347450883
23,0.021544346900318846,0.0053860867250797115,0.25,8,5,-0.0033529704161280797,0.0,34.876187631782294,1.0875255347450883
23,0.021544346900318846,0.0053860867250797115,0.25,8,6,-3.791608721286589,0.0,34.876187631782294,1.0875255347450883
23,0.021544346900318846,0.0053860867250797115,0.25,8,7,-3.789996314837684,0.0,34.876187631782294,1.0875255347450883
23,0.021544346900318846,0.0053860867250797115,0.25,8,8,-1.7409948195079925,0.0,34.876187631782294,1.0875255347450883
23,0.021544346900318846,0.0053860867250797115,0.25,8,9,-1.8163451563125865,0.0,34.876187631782294,1.0875255347450883
23,0.021544346900318846,0.0053860867250797115,0.25,8,10,-1.7769957351540373,0.0,34.876187631782294,1.0875255347450883
23,0.021544346900318846,0.0053860867250797115,0.25,8,11,-1.7836355577580385,0.0,34.876187631782294,1.0875255347450883
23,0.021544346900318846,0.0053860867250797115,0.25,8,12,-2.7247435899375545,0.0,34.876187631782294,1.0875255347450883
23,0.021544346900318846,0.0053860867250797115,0.25,8,13,-2.787954315292025,0.0,34.876187631782294,1.0875255347450883
23,0.021544346900318846,0.0053860867250797115,0.25,8,14,-2.756166367343284,0.0,34.876187631782294,1.0875255347450883
23,0.021544346900318846,0.0053860867250797115,0.25,8,15,-2.7574875419238682,0.0,34.876187631782294,1.0875255347450883
24,0.024770763559917114,0.0061926908899792785,0.25,8,0,-6.27968000218903,0.0,34.83363009529217,1.0907389917735086
24,0.024770763559917114,0.0061926908899792785,0.25,8,1,-6.266743155541021,0.0,34.83363009529217,1.0907389917735086
24,0.024770763559917114,0.0061926908899792785,0.25,8,2,1.0774359775217386,0.0,34.83363009529217,1.0907389917735086
24,0.024770763559917114,0.0061926908899792785,0.25,8,3,1.0907389917735086,0.0,34.83363009529217,1.0907389917735086
24,0.024770763559917114,0.0061926908899792785,0.25,8,4,-0.003851560514713717,0.0,34.83363009529217,1.0907389917735086
24,0.024770763559917114,0.0061926908899792785,0.25,8,5,-0.003952604732948466,0.0,34.83363009529217,1.0907389917735086
24,0.024770763559917114,0.0061926908899792785,0.25,8,6,-3.791662998917126,0.0,34.83363009529217,1.0907389917735086
24,0.024770763559917114,0.0061926908899792785,0.25,8,7,-3.7898929859654027,0.0,34.83363009529217,1.0907389917735086
24,0.024770763559917114,0.0061926908899792785,0.25,8,8,-1.7378659189060157,0.0,34.83363009529217,1.0907389917735086
24,0.024770763559917114,0.0061926908899792785,0.25,8,9,-1.7605294366062498,0.0,34.83363009529217,1.0907389917735086
24,0.024770763559917114,0.0061926908899792785,0.25,8,10,-1.8033659363799912,0.0,34.83363009529217,1.0907389917735086
24,0.024770763559917114,0.0061926908899792785,0.25,8,11,-1.822663133431976,0.0,34.83363009529217,1.0907389917735086
24,0.024770763559917114,0.0061926908899792785,0.25,8,12,-2.7855291845399117,0.0,34.83363009529217,1.0907389917735086
24,0.024770763559917114,0.0061926908899792785,0.25,8,13,-2.785177907947499,0.0,34.83363009529217,1.0907389917735086
24,0.024770763559917114,0.0061926908899792785,0.25,8,14,-2.7239830931012814,0.0,34.83363009529217,1.0907389917735086
24,0.024770763559917114,0.0061926908899792785,0.25,8,15,-2.7247746054902007,0.0,34.83363009529217,1.0907389917735086
25,0.02848035868435802,0.007120089671089505,0.25,8,0,-230.7586284098494,0.0,34.828523144513824,1.090490120526095
25,0.02848035868435802,0.007120089671089505,0.25,8,1,-6.281275319394517,0.0,34.828523144513824,1.090490120526095
25,0.02848035868435802,0.007120089671089505,0.25,8,2,-6.269368822576987,0.0,34.828523144513824,1.090490120526095
25,0.02848035868435802,0.007120089671089505,0.25,8,3,1.0777309694109247,0.0,34.828523144513824,1.090490120526095
25,0.02848035868435802,0.007120089671089505,0.25,8,4,1.090490120526095,0.0,34.828523144513824,1.090490120526095
25,0.02848035868435802,0.007120089671089505,0.25,8,5,-0.004544588212608165,0.0,34.828523144513824,1.090490120526095
25,0.02848035868435802,0.007120089671089505,0.25,8,6,-0.004427769582493071,0.0,34.828523144513824,1.090490120526095
25,0.02848035868435802,0.007120089671089505,0.25,8,7,-3.791595834250887,0.0,34.828523144513824,1.090490120526095
25,0.02848035868435802,0.007120089671089505,0.25,8,8,-3.783773842255615,0.0,34.828523144513824,1.090490120526095
25,0.02848035868435802,0.007120089671089505,0.25,8,9,-1.7439997416829125,0.0,34.828523144513824,1.090490120526095
25,0.02848035868435802,0.007120089671089505,0.25,8,10,-1.8170839019670202,0.0,34.828523144513824,1.090490120526095
25,0.02848035868435802,0.007120089671089505,0.25,8,11,-1.7789265248709376,0.0,34.828523144513824,1.090490120526095
25,0.02848035868435802,0.007120089671089505,0.25,8,12,-2.269833342469389,0.0,34.828523144513824,1.090490120526095
25,0.02848035868435802,0.007120089671089505,0.25,8,13,-2.725760972091042,0.0,34.828523144513824,1.090490120526095
25,0.02848035868435802,0.007120089671089505,0.25,8,14,-2.7870064194875823,0.0,34.828523144513824,1.090490120526095
25,0.02848035868435802,0.007120089671089505,0.25,8,15,-2.762790683653394,0.0,34.828523144513824,1.090490120526095
26,0.03274549162877728,0.00818637290719432,0.25,8,0,-6.27596137806254,0.0,34.80991895189963,1.0871228895167013
26,0.03274549162877728,0.00818637290719432,0.25,8,1,-6.285838391319711,0.0,34.80991895189963,1.0871228895167013
26,0.03274549162877728,0.00818637290719432,0.25,8,2,1.0871228895167013,0.0,34.80991895189963,1.0871228895167013
26,0.03274549162877728,0.00818637290719432,0.25,8,3,1.0771218756578256,0.0,34.80991895189963,1.0871228895167013
26,0.03274549162877728,0.00818637290719432,0.25,8,4,-0.005121464107849026,0.0,34.80991895189963,1.0871228895167013
26,0.03274549162877728,0.00818637290719432,0.25,8,5,-0.005185172015515537,0.0,34.80991895189963,1.0871228895167013
26,0.03274549162877728,0.00818637290719432,0.25,8,6,-3.791431482582228,0.0,34.80991895189963,1.0871228895167013
26,0.03274549162877728,0.00818637290719432,0.25,8,7,-3.789902547098607,0.0,34.80991895189963,1.0871228895167013
26,0.03274549162877728,0.00818637290719432,0.25,8,8,-2.80113597192809,0.0,34.80991895189963,1.0871228895167013
26,0.03274549162877728,0.00818637290719432,0.25,8,9,-2.7885021211145626,0.0,34.80991895189963,1.0871228895167013
26,0.03274549162877728,0.00818637290719432,0.25,8,10,-2.7343643955401133,0.0,34.80991895189963,1.0871228895167013
26,0.03274549162877728,0.00818637290719432,0.25,8,11,-2.724296511748152,0.0,34.80991895189963,1.0871228895167013
26,0.03274549162877728,0.00818637290719432,0.25,8,12,-1.7299449555337938,0.0,34.80991895189963,1.0871228895167013
26,0.03274549162877728,0.00818637290719432,0.25,8,13,-1.7641677778572988,0.0,34.80991895189963,1.0871228895167013
26,0.03274549162877728,0.00818637290719432,0.25,8,14,-1.810829588400039,0.0,34.80991895189963,1.0871228895167013
26,0.03274549162877728,0.00818637290719432,0.25,8,15,-1.8207065422847497,0.0,34.80991895189963,1.0871228895167013
27,0.037649358067924674,0.009412339516981168,0.25,8,0,-6.287868788641105,0.0,34.87941266913816,1.091409769175257
27,0.037649358067924674,0.009412339516981168,0.25,8,1,-6.275308540268649,0.0,34.87941266913816,1.091409769175257
27,0.037649358067924674,0.009412339516981168,0.25,8,2,1.0783883562531524,0.0,34.87941266913816,1.091409769175257
27,0.037649358067924674,0.009412339516981168,0.25,8,3,1.091409769175257,0.0,34.87941266913816,1.091409769175257
27,0.037649358067924674,0.009412339516981168,0.25,8,4,-0.005859069403094797,0.0,34.87941266913816,1.091409769175257
27,0.037649358067924674,0.009412339516981168,0.25,8,5,-0.005982319778398766,0.0,34.87941266913816,1.091409769175257
27,0.037649358067924674,0.009412339516981168,0.25,8,6,-3.7909873221868593,0.0,34.87941266913816,1.091409769175257
27,0.037649358067924674,0.009412339516981168,0.25,8,7,-3.7892589535252887,0.0,34.87941266913816,1.091409769175257
27,0.037649358067924674,0.009412339516981168,0.25,8,8,-1.821715849313973,0.0,34.87941266913816,1.091409769175257
27,0.037649358067924674,0.009412339516981168,0.25,8,9,-1.74815027943617,0.0,34.87941266913816,1.091409769175257
27,0.037649358067924674,0.009412339516981168,0.25,8,10,-1.7861993881024285,0.0,34.87941266913816,1.091409769175257
27,0.037649358067924674,0.009412339516981168,0.25,8,11,-1.7743176844591042,0.0,34.87941266913816,1.091409769175257
27,0.037649358067924674,0.009412339516981168,0.25,8,12,-2.7304708530595767,0.0,34.87941266913816,1.091409769175257
27,0.037649358067924674,0.009412339516981168,0.25,8,13,-2.7926813786480156,0.0,34.87941266913816,1.091409769175257
27,0.037649358067924674,0.009412339516981168,0.25,8,14,-2.7611097125029347,0.0,34.87941266913816,1.091409769175257
27,0.037649358067924674,0.009412339516981168,0.25,8,15,-2.7628169643919915,0.0,34.87941266913816,1.091409769175257
28,0.04328761281083059,0.010821903202707648,0.25,8,0,-6.285665166874404,0.0,34.87780093180055,1.0849081029638448
28,0.04328761281083059,0.010821903202707648,0.25,8,1,-6.292773459835862,0.0,34.87780093180055,1.0849081029638448
28,0.04328761281083059,0.010821903202707648,0.25,8,2,1.0849081029638448,0.0,34.87780093180055,1.0849081029638448
28,0.04328761281083059,0.010821903202707648,0.25,8,3,1.0777373295786925,0.0,34.87780093180055,1.0849081029638448
28,0.04328761281083059,0.010821903202707648,0.25,8,4,-0.006756640426929918,0.0,34.87780093180055,1.0849081029638448
28,0.04328761281083059,0.010821903202707648,0.25,8,5,-0.006905159795819863,0.0,34.87780093180055,1.0849081029638448
28,0.04328761281083059,0.010821903202707648,0.25,8,6,-3.7907120000545516,0.0,34.87780093180055,1.0849081029638448
28,0.04328761281083059,0.010821903202707648,0.25,8,7,-3.78943666986193,0.0,34.87780093180055,1.0849081029638448
28,0.04328761281083059,0.010821903202707648,0.25,8,8,-1.735572177730097,0.0,34.87780093180055,1.0849081029638448
28,0.04328761281083059,0.010821903202707648,0.25,8,9,-1.7647122513749327,0.0,34.87780093180055,1.0849081029638448
28,0.04328761281083059,0.010821903202707648,0.25,8,10,-1.82062120965544,0.0,34.87780093180055,1.0849081029638448
28,0.04328761281083059,0.010821903202707648,0.25,8,11,-1.8088057524091623,0.0,34.87780093180055,1.0849081029638448
28,0.04328761281083059,0.010821903202707648,0.25,8,12,-2.735927615434054,0.0,34.87780093180055,1.0849081029638448
28,0.04328761281083059,0.010821903202707648,0.25,8,13,-2.7426335317487935,0.0,34.87780093180055,1.0849081029638448
28,0.04328761281083059,0.010821903202707648,0.25,8,14,-2.802439903729894,0.0,34.87780093180055,1.0849081029638448
28,0.04328761281083059,0.010821903202707648,0.25,8,15,-2.797208515646427,0.0,34.87780093180055,1.0849081029638448
29,0.049770235643321115,0.012442558910830279,0.25,8,0,-6.304766982932576,0.0,34.837937144481145,1.0983880004038518
29,0.049770235643321115,0.012442558910830279,0.25,8,1,-6.277000540272094,0.0,34.837937144481145,1.0983880004038518
29,0.049770235643321115,0.012442558910830279,0.25,8,2,1.0983880004038518,0.0,34.837937144481145,1.0983880004038518
29,0.049770235643321115,0.012442558910830279,0.25,8,3,1.0709820038326705,0.0,34.837937144481145,1.0983880004038518
29,0.049770235643321115,0.012442558910830279,0.25,8,4,-0.007938394165339735,0.0,34.837937144481145,1.0983880004038518
29,0.049770235643321115,0.012442558910830279,0.25,8,5,-0.007806520183716351,0.0,34.837937144481145,1.0983880004038518
29,0.049770235643321115,0.012442558910830279,0.25,8,6,-3.7907809955815424,0.0,34.837937144481145,1.0983880004038518
29,0.049770235643321115,0.012442558910830279,0.25,8,7,-3.7892141271642372,0.0,34.837937144481145,1.0983880004038518
29,0.049770235643321115,0.012442558910830279,0.25,8,8,-1.7464820894713555,0.0,34.837937144481145,1.0983880004038518
29,0.049770235643321115,0.012442558910830279,0.25,8,9,-1.8197787040251017,0.0,34.837937144481145,1.0983880004038518
29,0.049770235643321115,0.012442558910830279,0.25,8,10,-1.7823958802196853,0.0,34.837937144481145,1.0983880004038518
29,0.049770235643321115,0.012442558910830279,0.25,8,11,-1.7869030015118326,0.0,34.837937144481145,1.0983880004038518
29,0.049770235643321115,0.012442558910830279,0.25,8,12,-2.799852812381894,0.0,34.837937144481145,1.0983880004038518
29,0.049770235643321115,0.012442558910830279,0.25,8,13,-2.7385378424826254,0.0,34.837937144481145,1.0983880004038518
29,0.049770235643321115,0.012442558910830279,0.25,8,14,-2.7750208470851168,0.0,34.837937144481145,1.0983880004038518
29,0.049770235643321115,0.012442558910830279,0.25,8,15,-2.764674816962183,0.0,34.837937144481145,1.0983880004038518
30,0.05722367659350217,0.014305919148375543,0.25,8,0,-6.29121661313825,0.0,34.83362251703296,1.0891256386484753
30,0.05722367659350217,0.014305919148375543,0.25,8,1,-6.308893548004638,0.0,34.83362251703296,1.0891256386484753
30,0.05722367659350217,0.014305919148375543,0.25,8,2,1.0891256386484753,0.0,34.83362251703296,1.0891256386484753
30,0.05722367659350217,0.014305919148375543,0.25,8,3,1.0720715103986411,0.0,34.83362251703296,1.0891256386484753
30,0.05722367659350217,0.014305919148375543,0.25,8,4,-0.00912711520553804,0.0,34.83362251703296,1.0891256386484753
30,0.05722367659350217,0.014305919148375543,0.25,8,5,-0.008913339334473152,0.0,34.83362251703296,1.0891256386484753
30,0.05722367659350217,0.014305919148375543,0.25,8,6,-3.790620204762612,0.0,34.83362251703296,1.0891256386484753
30,0.05722367659350217,0.014305919148375543,0.25,8,7,-3.7892317765125254,0.0,34.83362251703296,1.0891256386484753
30,0.05722367659350217,0.014305919148375543,0.25,8,8,-1.7424060625381286,0.0,34.83362251703296,1.0891256386484753
30,0.05722367659350217,0.014305919148375543,0.25,8,9,-1.7596519637392605,0.0,34.83362251703296,1.0891256386484753
30,0.05722367659350217,0.014305919148375543,0.25,8,10,-1.828737417482651,0.0,34.83362251703296,1.0891256386484753
30,0.05722367659350217,0.014305919148375543,0.25,8,11,-1.8039203780499604,0.0,34.83362251703296,1.0891256386484753
30,0.05722367659350217,0.014305919148375543,0.25,8,12,-2.74440573791411,0.0,34.83362251703296,1.0891256386484753
30,0.05722367659350217,0.014305919148375543,0.25,8,13,-2.75199367619106,0.0,34.83362251703296,1.0891256386484753
30,0.05722367659350217,0.014305919148375543,0.25,8,14,-2.8126913070137225,0.0,34.83362251703296,1.0891256386484753
30,0.05722367659350217,0.014305919148375543,0.25,8,15,-2.8061224306849226,0.0,34.83362251703296,1.0891256386484753
31,0.06579332246575682,0.016448330616439206,0.25,8,0,-6.304503114175504,0.0,34.81926186378163,1.082175215252278
31,0.06579332246575682,0.016448330616439206,0.25,8,1,-6.305971545650144,0.0,34.81926186378163,1.082175215252278
31,0.06579332246575682,0.016448330616439206,0.25,8,2,1.082175215252278,0.0,34.81926186378163,1.082175215252278
31,0.06579332246575682,0.016448330616439206,0.25,8,3,1.0811069179052413,0.0,34.81926186378163,1.082175215252278
31,0.06579332246575682,0.016448330616439206,0.25,8,4,-0.010453908029456475,0.0,34.81926186378163,1.082175215252278
31,0.06579332246575682,0.016448330616439206,0.25,8,5,-0.010246821991540459,0.0,34.81926186378163,1.082175215252278
31,0.06579332246575682,0.016448330616439206,0.25,8,6,-3.7904467773329578,0.0,34.81926186378163,1.082175215252278
31,0.06579332246575682,0.016448330616439206,0.25,8,7,-3.789167309075567,0.0,34.81926186378163,1.082175215252278
31,0.06579332246575682,0.016448330616439206,0.25,8,8,-1.744691288322217,0.0,34.81926186378163,1.082175215252278
31,0.06579332246575682,0.016448330616439206,0.25,8,9,-1.8237756528536684,0.0,34.81926186378163,1.082175215252278
31,0.06579332246575682,0.016448330616439206,0.25,8,10,-1.7817095167042623,0.0,34.81926186378163,1.082175215252278
31,0.06579332246575682,0.016448330616439206,0.25,8,11,-1.7878410730697893,0.0,34.81926186378163,1.082175215252278
31,0.06579332246575682,0.016448330616439206,0.25,8,12,-2.7479693175116466,0.0,34.81926186378163,1.082175215252278
31,0.06579332246575682,0.016448330616439206,0.25,8,13,-2.814796199755063,0.0,34.81926186378163,1.082175215252278
31,0.06579332246575682,0.016448330616439206,0.25,8,14,-2.7866801343318572,0.0,34.81926186378163,1.082175215252278
31,0.06579332246575682,0.016448330616439206,0.25,8,15,-2.7821997085977963,0.0,34.81926186378163,1.082175215252278
32,0.07564633275546291,0.018911583188865728,0.25,8,0,-6.316522965301282,0.0,34.82225155476312,1.0886425482622966
32,0.07564633275546291,0.018911583188865728,0.25,8,1,-6.305993112353839,0.0,34.82225155476312,1.0886425482622966
32,0.07564633275546291,0.018911583188865728,0.25,8,2,1.0770865572065635,0.0,34.82225155476312,1.0886425482622966
32,0.07564633275546291,0.018911583188865728,0.25,8,3,1.0886425482622966,0.0,34.82225155476312,1.0886425482622966
32,0.07564633275546291,0.018911583188865728,0.25,8,4,-0.011767119526022753,0.0,34.82225155476312,1.0886425482622966
32,0.07564633275546291,0.018911583188865728,0.25,8,5,-0.012068368844966393,0.0,34.82225155476312,1.0886425482622966
32,0.07564633275546291,0.018911583188865728,0.25,8,6,-3.7903665719351465,0.0,34.82225155476312,1.0886425482622966
32,0.07564633275546291,0.018911583188865728,0.25,8,7,-3.789078990427639,0.0,34.82225155476312,1.0886425482622966
32,0.07564633275546291,0.018911583188865728,0.25,8,8,-1.7471773026034652,0.0,34.82225155476312,1.0886425482622966
32,0.07564633275546291,0.018911583188865728,0.25,8,9,-1.8230785785383072,0.0,34.82225155476312,1.0886425482622966
32,0.07564633275546291,0.018911583188865728,0.25,8,10,-1.7841230644293515,0.0,34.82225155476312,1.0886425482622966
32,0.07564633275546291,0.018911583188865728,0.25,8,11,-1.789726958493824,0.0,34.82225155476312,1.0886425482622966
32,0.07564633275546291,0.018911583188865728,0.25,8,12,-2.755124247902492,0.0,34.82225155476312,1.0886425482622966
32,0.07564633275546291,0.018911583188865728,0.25,8,13,-2.8173243985404657,0.0,34.82225155476312,1.0886425482622966
32,0.07564633275546291,0.018911583188865728,0.25,8,14,-2.792347648963904,0.0,34.82225155476312,1.0886425482622966
32,0.07564633275546291,0.018911583188865728,0.25,8,15,-2.784036217986454,0.0,34.82225155476312,1.0886425482622966
33,0.08697490026177834,0.021743725065444586,0.25,8,0,-6.327881334494988,0.0,34.81216613528809,1.0897992851463927
33,0.08697490026177834,0.021743725065444586,0.25,8,1,-6.312635012138946,0.0,34.81216613528809,1.0897992851463927
33,0.08697490026177834,0.021743725065444586,0.25,8,2,1.0752576862353334,0.0,34.81216613528809,1.0897992851463927
33,0.08697490026177834,0.021743725065444586,0.25,8,3,1.0897992851463927,0.0,34.81216613528809,1.0897992851463927
33,0.08697490026177834,0.021743725065444586,0.25,8,4,-0.013872248897980015,0.0,34.81216613528809,1.0897992851463927
33,0.08697490026177834,0.021743725065444586,0.25,8,5,-0.013643714390314372,0.0,34.81216613528809,1.0897992851463927
33,0.08697490026177834,0.021743725065444586,0.25,8,6,-3.7903510711525503,0.0,34.81216613528809,1.0897992851463927
33,0.08697490026177834,0.021743725065444586,0.25,8,7,-3.7890227016396834,0.0,34.81216613528809,1.0897992851463927
33,0.08697490026177834,0.021743725065444586,0.25,8,8,-1.7441207441564477,0.0,34.81216613528809,1.0897992851463927
33,0.08697490026177834,0.021743725065444586,0.25,8,9,-1.767114683421284,0.0,34.81216613528809,1.0897992851463927
33,0.08697490026177834,0.021743725065444586,0.25,8,10,-1.8299190314913778,0.0,34.81216613528809,1.0897992851463927
33,0.08697490026177834,0.021743725065444586,0.25,8,11,-1.8093798786068434,0.0,34.81216613528809,1.0897992851463927
33,0.08697490026177834,0.021743725065444586,0.25,8,12,-2.7621753588171587,0.0,34.81216613528809,1.0897992851463927
33,0.08697490026177834,0.021743725065444586,0.25,8,13,-2.7647024223266268,0.0,34.81216613528809,1.0897992851463927
33,0.08697490026177834,0.021743725065444586,0.25,8,14,-2.8242696853450227,0.0,34.81216613528809,1.0897992851463927
33,0.08697490026177834,0.021743725065444586,0.25,8,15,-2.826093427842419,0.0,34.81216613528809,1.0897992851463927
34,0.1,0.025,0.25,8,0,-6.327998549156886,0.0,34.85728507700239,1.0830019144260628
34,0.1,0.025,0.25,8,1,-6.33126441157292,0.0,34.85728507700239,1.0830019144260628
34,0.1,0.025,0.25,8,2,1.0830019144260628,0.0,34.85728507700239,1.0830019144260628
34,0.1,0.025,0.25,8,3,1.0809021176269609,0.0,34.85728507700239,1.0830019144260628
34,0.1,0.025,0.25,8,4,-0.015563972627684431,0.0,34.85728507700239,1.0830019144260628
34,0.1,0.025,0.25,8,5,-0.015885712056307285,0.0,34.85728507700239,1.0830019144260628
34,0.1,0.025,0.25,8,6,-3.7899871990954055,0.0,34.85728507700239,1.0830019144260628
34,0.1,0.025,0.25,8,7,-3.7891117832853585,0.0,34.85728507700239,1.0830019144260628
34,0.1,0.025,0.25,8,8,-1.7409037879174762,0.0,34.85728507700239,1.0830019144260628
34,0.1,0.025,0.25,8,9,-1.7712592820316406,0.0,34.85728507700239,1.0830019144260628
34,0.1,0.025,0.25,8,10,-1.8284783929874016,0.0,34.85728507700239,1.0830019144260628
34,0.1,0.025,0.25,8,11,-1.8147786697211687,0.0,34.85728507700239,1.0830019144260628
34,0.1,0.025,0.25,8,12,-2.8349155633029226,0.0,34.85728507700239,1.0830019144260628
34,0.1,0.025,0.25,8,13,-2.8303849057900643,0.0,34.85728507700239,1.0830019144260628
34,0.1,0.025,0.25,8,14,-2.7696760804064287,0.0,34.85728507700239,1.0830019144260628
34,0.1,0.025,0.25,8,15,-2.7738853011520366,0.0,34.85728507700239,1.0830019144260628
35,0.11497569953977356,0.02874392488494339,0.25,8,0,-6.333896913601107,0.0,34.7970846290162,1.087207690208755
35,0.11497569953977356,0.02874392488494339,0.25,8,1,-6.370289947884299,0.0,34.7970846290162,1.087207690208755
35,0.11497569953977356,0.02874392488494339,0.25,8,2,1.087207690208755,0.0,34.7970846290162,1.087207690208755
35,0.11497569953977356,0.02874392488494339,0.25,8,3,1.0510952592019214,0.0,34.7970846290162,1.087207690208755
35,0.11497569953977356,0.02874392488494339,0.25,8,4,-0.01830609821381998,0.0,34.7970846290162,1.087207690208755
35,0.11497569953977356,0.02874392488494339,0.25,8,5,-0.017904603774206607,0.0,34.7970846290162,1.087207690208755
35,0.11497569953977356,0.02874392488494339,0.25,8,6,-3.789770178580372,0.0,34.7970846290162,1.087207690208755
35,0.11497569953977356,0.02874392488494339,0.25,8,7,-3.789179968590939,0.0,34.7970846290162,1.087207690208755
35,0.11497569953977356,0.02874392488494339,0.25,8,8,-1.7375591059017088,0.0,34.7970846290162,1.087207690208755
35,0.11497569953977356,0.02874392488494339,0.25,8,9,-1.768937851904852,0.0,34.7970846290162,1.087207690208755
35,0.11497569953977356,0.02874392488494339,0.25,8,10,-1.8237863419531621,0.0,34.7970846290162,1.087207690208755
35,0.11497569953977356,0.02874392488494339,0.25,8,11,-1.8108209339803645,0.0,34.7970846290162,1.087207690208755
35,0.11497569953977356,0.02874392488494339,0.25,8,12,-2.790090026510065,0.0,34.7970846290162,1.087207690208755
35,0.11497569953977356,0.02874392488494339,0.25,8,13,-2.800956336487189,0.0,34.7970846290162,1.087207690208755
35,0.11497569953977356,0.02874392488494339,0.25,8,14,-2.862909376313284,0.0,34.7970846290162,1.087207690208755
35,0.11497569953977356,0.02874392488494339,0.25,8,15,-2.8599840029543517,0.0,34.7970846290162,1.087207690208755
36,0.13219411484660287,0.03304852871165072,0.25,8,0,-6.338325152732005,0.0,34.800242927353814,1.0923422339762883
36,0.13219411484660287,0.03304852871165072,0.25,8,1,-6.4150524152843165,0.0,34.800242927353814,1.0923422339762883
36,0.13219411484660287,0.03304852871165072,0.25,8,2,1.0923422339762883,0.0,34.800242927353814,1.0923422339762883
36,0.13219411484660287,0.03304852871165072,0.25,8,3,1.0153998379635685,0.0,34.800242927353814,1.0923422339762883
36,0.13219411484660287,0.03304852871165072,0.25,8,4,-0.021073174512766184,0.0,34.800242927353814,1.0923422339762883
36,0.13219411484660287,0.03304852871165072,0.25,8,5,-0.02070486627476849,0.0,34.800242927353814,1.0923422339762883
36,0.13219411484660287,0.03304852871165072,0.25,8,6,-3.788920411771878,0.0,34.800242927353814,1.0923422339762883
36,0.13219411484660287,0.03304852871165072,0.25,8,7,-3.789589780794493,0.0,34.800242927353814,1.0923422339762883
36,0.13219411484660287,0.03304852871165072,0.25,8,8,-1.7337234891448332,0.0,34.800242927353814,1.0923422339762883
36,0.13219411484660287,0.03304852871165072,0.25,8,9,-1.7612666676087116,0.0,34.800242927353814,1.0923422339762883
36,0.13219411484660287,0.03304852871165072,0.25,8,10,-1.8186033319131376,0.0,34.800242927353814,1.0923422339762883
36,0.13219411484660287,0.03304852871165072,0.25,8,11,-1.8005684242969746,0.0,34.800242927353814,1.0923422339762883
36,0.13219411484660287,0.03304852871165072,0.25,8,12,-2.817390277336884,0.0,34.800242927353814,1.0923422339762883
36,0.13219411484660287,0.03304852871165072,0.25,8,13,-2.8264133481215152,0.0,34.800242927353814,1.0923422339762883
36,0.13219411484660287,0.03304852871165072,0.25,8,14,-2.9000008723828934,0.0013586171262638125,34.800242927353814,1.0923422339762883
36,0.13219411484660287,0.03304852871165072,0.25,8,15,-2.9000008723828934,-0.0013586171262638125,34.800242927353814,1.0923422339762883
37,0.1519911082952933,0.037997777073823326,0.25,8,0,-6.373217786951361,0.0,34.86734865605802,1.0844538704854076
37,0.1519911082952933,0.037997777073823326,0.25,8,1,-6.364521807680851,0.0,34.86734865605802,1.0844538704854076
37,0.1519911082952933,0.037997777073823326,0.25,8,2,1.0764529601167214,0.0,34.86734865605802,1.0844538704854076
37,0.1519911082952933,0.037997777073823326,0.25,8,3,1.0844538704854076,0.0,34.86734865605802,1.0844538704854076
37,0.1519911082952933,0.037997777073823326,0.25,8,4,-0.02424421496436636,0.0,34.86734865605802,1.0844538704854076
37,0.1519911082952933,0.037997777073823326,0.25,8,5,-0.023674400382500793,0.0,34.86734865605802,1.0844538704854076
37,0.1519911082952933,0.037997777073823326,0.25,8,6,-3.788083002248488,0.0,34.86734865605802,1.0844538704854076
37,0.1519911082952933,0.037997777073823326,0.25,8,7,-3.7874080946753916,0.0,34.86734865605802,1.0844538704854076
37,0.1519911082952933,0.037997777073823326,0.25,8,8,-1.755246585445168,0.0,34.86734865605802,1.0844538704854076
37,0.1519911082952933,0.037997777073823326,0.25,8,9,-1.8305008955885609,0.0,34.86734865605802,1.0844538704854076
37,0.1519911082952933,0.037997777073823326,0.25,8,10,-1.7928505385107536,0.0,34.86734865605802,1.0844538704854076
37,0.1519911082952933,0.037997777073823326,0.25,8,11,-1.7972506194074218,0.0,34.86734865605802,1.0844538704854076
37,0.1519911082952933,0.037997777073823326,0.25,8,12,-2.8659779487095842,0.0,34.86734865605802,1.0844538704854076
37,0.1519911082952933,0.037997777073823326,0.25,8,13,-2.8044214376118295,0.0,34.86734865605802,1.0844538704854076
37,0.1519911082952933,0.037997777073823326,0.25,8,14,-2.841949180400864,0.0,34.86734865605802,1.0844538704854076
37,0.1519911082952933,0.037997777073823326,0.25,8,15,-2.831581883788474,0.0,34.86734865605802,1.0844538704854076
38,0.1747528400007685,0.04368821000019212,0.25,8,0,-6.373779935260601,0.0,34.851632911356646,1.0896055828648152
38,0.1747528400007685,0.04368821000019212,0.25,8,1,-6.4260021940523435,0.0,34.851632911356646,1.0896055828648152
38,0.1747528400007685,0.04368821000019212,0.25,8,2,1.0896055828648152,0.0,34.851632911356646,1.0896055828648152
38,0.1747528400007685,0.04368821000019212,0.25,8,3,1.0381064991130677,0.0,34.851632911356646,1.0896055828648152
38,0.1747528400007685,0.04368821000019212,0.25,8,4,-0.027866669405696834,0.0,34.851632911356646,1.0896055828648152
38,0.1747528400007685,0.04368821000019212,0.25,8,5,-0.02727137284518975,0.0,34.851632911356646,1.0896055828648152
38,0.1747528400007685,0.04368821000019212,0.25,8,6,-3.788114472657568,0.0,34.851632911356646,1.0896055828648152
38,0.1747528400007685,0.04368821000019212,0.25,8,7,-3.787111356015979,0.0,34.851632911356646,1.0896055828648152
38,0.1747528400007685,0.04368821000019212,0.25,8,8,-1.7519007294794529,0.0,34.851632911356646,1.0896055828648152
38,0.1747528400007685,0.04368821000019212,0.25,8,9,-1.8250165785991443,0.0,34.851632911356646,1.0896055828648152
38,0.1747528400007685,0.04368821000019212,0.25,8,10,-1.7857902635124285,0.0,34.851632911356646,1.0896055828648152
38,0.1747528400007685,0.04368821000019212,0.25,8,11,-1.7958625986328465,0.0,34.851632911356646,1.0896055828648152
38,0.1747528400007685,0.04368821000019212,0.25,8,12,-2.8346565299259523,0.0,34.851632911356646,1.0896055828648152
38,0.1747528400007685,0.04368821000019212,0.25,8,13,-2.9071688078836453,0.0,34.851632911356646,1.0896055828648152
38,0.1747528400007685,0.04368821000019212,0.25,8,14,-2.8869902292156207,0.0,34.851632911356646,1.0896055828648152
38,0.1747528400007685,0.04368821000019212,0.25,8,15,-2.8584464092813864,0.0,34.851632911356646,1.0896055828648152
39,0.2009233002565048,0.0502308250641262,0.25,8,0,-6.379455357739496,0.0,34.81052227175243,1.0949643271984173
39,0.2009233002565048,0.0502308250641262,0.25,8,1,-6.48958940043495,0.0,34.81052227175243,1.0949643271984173
39,0.2009233002565048,0.0502308250641262,0.25,8,2,1.0949643271984173,0.0,34.81052227175243,1.0949643271984173
39,0.2009233002565048,0.0502308250641262,0.25,8,3,0.9851707785147192,0.0,34.81052227175243,1.0949643271984173
39,0.2009233002565048,0.0502308250641262,0.25,8,4,-0.031353743949100024,0.0,34.81052227175243,1.0949643271984173
39,0.2009233002565048,0.0502308250641262,0.25,8,5,-0.0319277093014116,0.0,34.81052227175243,1.0949643271984173
39,0.2009233002565048,0.0502308250641262,0.25,8,6,-3.7863212866064218,0.0,34.81052227175243,1.0949643271984173
39,0.2009233002565048,0.0502308250641262,0.25,8,7,-3.7878528231671518,0.0,34.81052227175243,1.0949643271984173
39,0.2009233002565048,0.0502308250641262,0.25,8,8,-2.866569410991464,0.0,34.81052227175243,1.0949643271984173
39,0.2009233002565048,0.0502308250641262,0.25,8,9,-2.8980105878812576,0.0,34.81052227175243,1.0949643271984173
39,0.2009233002565048,0.0502308250641262,0.25,8,10,-2.966000451113041,0.0,34.81052227175243,1.0949643271984173
39,0.2009233002565048,0.0502308250641262,0.25,8,11,-2.954217516012678,0.0,34.81052227175243,1.0949643271984173
39,0.2009233002565048,0.0502308250641262,0.25,8,12,-1.7380271317801972,0.0,34.81052227175243,1.0949643271984173
39,0.2009233002565048,0.0502308250641262,0.25,8,13,-1.8149052155421257,0.0,34.81052227175243,1.0949643271984173
39,0.2009233002565048,0.0502308250641262,0.25,8,14,-1.7762191473494526,0.0,34.81052227175243,1.0949643271984173
39,0.2009233002565048,0.0502308250641262,0.25,8,15,-1.7824035048398195,0.0,34.81052227175243,1.0949643271984173
40,0.23101297000831603,0.05775324250207901,0.25,8,0,-6.3936838156951845,0.0,34.80776614149791,1.098339435365893
40,0.23101297000831603,0.05775324250207901,0.25,8,1,-6.53030097312519,0.0,34.80776614149791,1.098339435365893
40,0.23101297000831603,0.05775324250207901,0.25,8,2,1.098339435365893,0.0,34.80776614149791,1.098339435365893
40,0.23101297000831603,0.05775324250207901,0.25,8,3,0.9622127968131835,0.0,34.80776614149791,1.098339435365893
40,0.23101297000831603,0.05775324250207901,0.25,8,4,-0.03669305308673154,0.0,34.80776614149791,1.098339435365893
40,0.23101297000831603,0.05775324250207901,0.25,8,5,-0.03594939823174717,0.0,34.80776614149791,1.098339435365893
40,0.23101297000831603,0.05775324250207901,0.25,8,6,-3.7854946645804204,0.0,34.80776614149791,1.098339435365893
40,0.23101297000831603,0.05775324250207901,0.25,8,7,-3.7875051518212945,0.0,34.80776614149791,1.098339435365893
40,0.23101297000831603,0.05775324250207901,0.25,8,8,-1.8211115866067604,0.0,34.80776614149791,1.098339435365893
40,0.23101297000831603,0.05775324250207901,0.25,8,9,-1.7900045747772688,0.0,34.80776614149791,1.098339435365893
40,0.23101297000831603,0.05775324250207901,0.25,8,10,-1.7366542885570955,0.0,34.80776614149791,1.098339435365893
40,0.23101297000831603,0.05775324250207901,0.25,8,11,-1.7488250759571629,0.0,34.80776614149791,1.098339435365893
40,0.23101297000831603,0.05775324250207901,0.25,8,12,-2.893347646692465,0.0,34.80776614149791,1.098339435365893
40,0.23101297000831603,0.05775324250207901,0.25,8,13,-2.914569990046227,0.0,34.80776614149791,1.098339435365893
40,0.23101297000831603,0.05775324250207901,0.25,8,14,-3.0028173158124822,0.005637144238959879,34.80776614149791,1.098339435365893
40,0.23101297000831603,0.05775324250207901,0.25,8,15,-3.0028173158124822,-0.005637144238959879,34.80776614149791,1.098339435365893
41,0.26560877829466867,0.06640219457366717,0.25,8,0,-6.612158655448831,0.0,34.811450415404124,1.106418364628919
41,0.26560877829466867,0.06640219457366717,0.25,8,1,-6.390732053840659,0.0,34.811450415404124,1.106418364628919
41,0.26560877829466867,0.06640219457366717,0.25,8,2,1.106418364628919,0.0,34.811450415404124,1.106418364628919
41,0.26560877829466867,0.06640219457366717,0.25,8,3,0.8854113551604937,0.0,34.811450415404124,1.106418364628919
41,0.26560877829466867,0.06640219457366717,0.25,8,4,-0.0420259730982617,0.0,34.811450415404124,1.106418364628919
41,0.26560877829466867,0.06640219457366717,0.25,8,5,-0.04129374453883678,0.0,34.811450415404124,1.106418364628919
41,0.26560877829466867,0.06640219457366717,0.25,8,6,-3.783414983514195,0.0,34.811450415404124,1.106418364628919
41,0.26560877829466867,0.06640219457366717,0.25,8,7,-3.7878527785951834,0.0,34.811450415404124,1.106418364628919
41,0.26560877829466867,0.06640219457366717,0.25,8,8,-2.949179830093431,0.0,34.811450415404124,1.106418364628919
41,0.26560877829466867,0.06640219457366717,0.25,8,9,-2.979674733883693,0.0,34.811450415404124,1.106418364628919
41,0.26560877829466867,0.06640219457366717,0.25,8,10,-3.085839302549995,0.010675921896373784,34.811450415404124,1.106418364628919
41,0.26560877829466867,0.06640219457366717,0.25,8,11,-3.085839302549995,-0.010675921896373784,34.811450415404124,1.106418364628919
41,0.26560877829466867,0.06640219457366717,0.25,8,12,-1.6951571792208449,0.0,34.811450415404124,1.106418364628919
41,0.26560877829466867,0.06640219457366717,0.25,8,13,-1.7407548371268795,0.0,34.811450415404124,1.106418364628919
41,0.26560877829466867,0.06640219457366717,0.25,8,14,-1.788077661050021,0.0,34.811450415404124,1.106418364628919
41,0.26560877829466867,0.06640219457366717,0.25,8,15,-1.7758276717861134,0.0,34.811450415404124,1.106418364628919
42,0.30538555088334157,0.07634638772083539,0.25,8,0,-6.619470593592895,0.0,34.879481101486526,1.1069641019961853
42,0.30538555088334157,0.07634638772083539,0.25,8,1,-6.429015915513515,0.0,34.879481101486526,1.1069641019961853
42,0.30538555088334157,0.07634638772083539,0.25,8,2,1.1069641019961853,0.0,34.879481101486526,1.1069641019961853
42,0.30538555088334157,0.07634638772083539,0.25,8,3,0.9155995975001959,0.0,34.879481101486526,1.1069641019961853
42,0.30538555088334157,0.07634638772083539,0.25,8,4,-0.04852317135206582,0.0,34.879481101486526,1.1069641019961853
42,0.30538555088334157,0.07634638772083539,0.25,8,5,-0.04758858911112675,0.0,34.879481101486526,1.1069641019961853
42,0.30538555088334157,0.07634638772083539,0.25,8,6,-3.78104343738354,0.0,34.879481101486526,1.1069641019961853
42,0.30538555088334157,0.07634638772083539,0.25,8,7,-3.786477468256569,0.0,34.879481101486526,1.1069641019961853
42,0.30538555088334157,0.07634638772083539,0.25,8,8,-1.7273752338075674,0.0,34.879481101486526,1.1069641019961853
42,0.30538555088334157,0.07634638772083539,0.25,8,9,-1.7494976540752196,0.0,34.879481101486526,1.1069641019961853
42,0.30538555088334157,0.07634638772083539,0.25,8,10,-1.809757485684808,0.0,34.879481101486526,1.1069641019961853
42,0.30538555088334157,0.07634638772083539,0.25,8,11,-1.7902050174119262,0.0,34.879481101486526,1.1069641019961853
42,0.30538555088334157,0.07634638772083539,0.25,8,12,-3.0817392619143993,0.010202900732412614,34.879481101486526,1.1069641019961853
42,0.30538555088334157,0.07634638772083539,0.25,8,13,-3.0817392619143993,-0.010202900732412614,34.879481101486526,1.1069641019961853
42,0.30538555088334157,0.07634638772083539,0.25,8,14,-2.9650787937726815,0.0,34.879481101486526,1.1069641019961853
42,0.30538555088334157,0.07634638772083539,0.25,8,15,-2.9711687465035745,0.0,34.879481101486526,1.1069641019961853
43,0.3511191734215131,0.08777979335537828,0.25,8,0,-6.719135086883073,0.0,34.84499766083162,1.1106238939960318
43,0.3511191734215131,0.08777979335537828,0.25,8,1,-6.42651057851282,0.0,34.84499766083162,1.1106238939960318
43,0.3511191734215131,0.08777979335537828,0.25,8,2,1.1106238939960318,0.0,34.84499766083162,1.1106238939960318
43,0.3511191734215131,0.08777979335537828,0.25,8,3,0.8180390999280415,0.0,34.84499766083162,1.1106238939960318
43,0.3511191734215131,0.08777979335537828,0.25,8,4,-0.05542331019237139,0.0,34.84499766083162,1.1106238939960318
43,0.3511191734215131,0.08777979335537828,0.25,8,5,-0.0542992779204065,0.0,34.84499766083162,1.1106238939960318
43,0.3511191734215131,0.08777979335537828,0.25,8,6,-3.778835537409238,0.0,34.84499766083162,1.1106238939960318
43,0.3511191734215131,0.08777979335537828,0.25,8,7,-3.786730467370186,0.0,34.84499766083162,1.1106238939960318
43,0.3511191734215131,0.08777979335537828,0.25,8,8,-3.0357795771071276,0.0,34.84499766083162,1.1106238939960318
43,0.3511191734215131,0.08777979335537828,0.25,8,9,-3.069237471786995,0.0,34.84499766083162,1.1106238939960318
43,0.3511191734215131,0.08777979335537828,0.25,8,10,-3.1911684697976606,0.018424108076141938,34.84499766083162,1.1106238939960318
43,0.3511191734215131,0.08777979335537828,0.25,8,11,-3.1911684697976606,-0.018424108076141938,34.84499766083162,1.1106238939960318
43,0.3511191734215131,0.08777979335537828,0.25,8,12,-1.672581735898599,0.0,34.84499766083162,1.1106238939960318
43,0.3511191734215131,0.08777979335537828,0.25,8,13,-1.77679760689029,0.0,34.84499766083162,1.1106238939960318
43,0.3511191734215131,0.08777979335537828,0.25,8,14,-1.7647587383353665,0.0,34.84499766083162,1.1106238939960318
43,0.3511191734215131,0.08777979335537828,0.25,8,15,-1.7209040203375146,0.0,34.84499766083162,1.1106238939960318
44,0.40370172585965536,0.10092543146491384,0.25,8,0,-6.417053715509632,0.0,34.90511799624551,1.1179216710626318
44,0.40370172585965536,0.10092543146491384,0.25,8,1,-6.817711007647673,0.0,34.90511799624551,1.1179216710626318
44,0.40370172585965536,0.10092543146491384,0.25,8,2,1.1179216710626318,0.0,34.90511799624551,1.1179216710626318
44,0.40370172585965536,0.10092543146491384,0.25,8,3,0.7148642271563085,0.0,34.90511799624551,1.1179216710626318
44,0.40370172585965536,0.10092543146491384,0.25,8,4,-0.06244285786117117,0.0,34.90511799624551,1.1179216710626318
44,0.40370172585965536,0.10092543146491384,0.25,8,5,-0.06325512019841079,0.0,34.90511799624551,1.1179216710626318
44,0.40370172585965536,0.10092543146491384,0.25,8,6,-3.7756092275986055,0.0,34.90511799624551,1.1179216710626318
44,0.40370172585965536,0.10092543146491384,0.25,8,7,-3.788589795668519,0.0,34.90511799624551,1.1179216710626318
44,0.40370172585965536,0.10092543146491384,0.25,8,8,-3.1262846157870507,0.0,34.90511799624551,1.1179216710626318
44,0.40370172585965536,0.10092543146491384,0.25,8,9,-3.160540931079302,0.0,34.90511799624551,1.1179216710626318
44,0.40370172585965536,0.10092543146491384,0.25,8,10,-3.297680264488741,0.02797673884650475,34.90511799624551,1.1179216710626318
44,0.40370172585965536,0.10092543146491384,0.25,8,11,-3.297680264488741,-0.02797673884650475,34.90511799624551,1.1179216710626318
44,0.40370172585965536,0.10092543146491384,0.25,8,12,-1.7526859327646083,0.0,34.90511799624551,1.1179216710626318
44,0.40370172585965536,0.10092543146491384,0.25,8,13,-1.7384358243265434,0.0,34.90511799624551,1.1179216710626318
44,0.40370172585965536,0.10092543146491384,0.25,8,14,-1.6690621305886968,0.0,34.90511799624551,1.1179216710626318
44,0.40370172585965536,0.10092543146491384,0.25,8,15,-1.6319251590973585,0.0,34.90511799624551,1.1179216710626318
45,0.4641588833612782,0.11603972084031955,0.25,8,0,-6.459774926431559,0.0,34.88893933383218,1.119746198424722
45,0.4641588833612782,0.11603972084031955,0.25,8,1,-6.868950082461841,0.0,34.88893933383218,1.119746198424722
45,0.4641588833612782,0.11603972084031955,0.25,8,2,1.119746198424722,0.0,34.88893933383218,1.119746198424722
45,0.4641588833612782,0.11603972084031955,0.25,8,3,0.7074531272185253,0.0,34.88893933383218,1.119746198424722
45,0.4641588833612782,0.11603972084031955,0.25,8,4,-0.07282497453754683,0.0,34.88893933383218,1.119746198424722
45,0.4641588833612782,0.11603972084031955,0.25,8,5,-0.07180278509051169,0.0,34.88893933383218,1.119746198424722
45,0.4641588833612782,0.11603972084031955,0.25,8,6,-3.7737722359503514,0.0,34.88893933383218,1.119746198424722
45,0.4641588833612782,0.11603972084031955,0.25,8,7,-3.788232147343825,0.0,34.88893933383218,1.119746198424722
45,0.4641588833612782,0.11603972084031955,0.25,8,8,-3.34491066956671,0.03258558240865103,34.88893933383218,1.119746198424722
45,0.4641588833612782,0.11603972084031955,0.25,8,9,-3.34491066956671,-0.03258558240865103,34.88893933383218,1.119746198424722
45,0.4641588833612782,0.11603972084031955,0.25,8,10,-3.1727941753195816,0.0,34.88893933383218,1.119746198424722
45,0.4641588833612782,0.11603972084031955,0.25,8,11,-3.1878953473087988,0.0,34.88893933383218,1.119746198424722
45,0.4641588833612782,0.11603972084031955,0.25,8,12,-1.758658174770653,0.0,34.88893933383218,1.119746198424722
45,0.4641588833612782,0.11603972084031955,0.25,8,13,-1.7484294022818638,0.0,34.88893933383218,1.119746198424722
45,0.4641588833612782,0.11603972084031955,0.25,8,14,-1.6620068218765538,0.0,34.88893933383218,1.119746198424722
45,0.4641588833612782,0.11603972084031955,0.25,8,15,-1.6389991004388877,0.0,34.88893933383218,1.119746198424722
46,0.5336699231206312,0.1334174807801578,0.25,8,0,-234.67334435965046,0.0,34.90591696545806,1.125277215363717
46,0.5336699231206312,0.1334174807801578,0.25,8,1,-6.996502297541453,0.0,34.90591696545806,1.125277215363717
46,0.5336699231206312,0.1334174807801578,0.25,8,2,-6.43855450118897,0.0,34.90591696545806,1.125277215363717
46,0.5336699231206312,0.1334174807801578,0.25,8,3,1.125277215363717,0.0,34.90591696545806,1.125277215363717
46,0.5336699231206312,0.1334174807801578,0.25,8,4,0.5648348366824942,0.0,34.90591696545806,1.125277215363717
46,0.5336699231206312,0.1334174807801578,0.25,8,5,-0.08266065040566473,0.0,34.90591696545806,1.125277215363717
46,0.5336699231206312,0.1334174807801578,0.25,8,6,-0.08187102859969289,0.0,34.90591696545806,1.125277215363717
46,0.5336699231206312,0.1334174807801578,0.25,8,7,-1.5655653755723922,0.0,34.90591696545806,1.125277215363717
46,0.5336699231206312,0.1334174807801578,0.25,8,8,-1.728670665740269,0.0,34.90591696545806,1.125277215363717
46,0.5336699231206312,0.1334174807801578,0.25,8,9,-1.7155378566427413,0.0,34.90591696545806,1.125277215363717
46,0.5336699231206312,0.1334174807801578,0.25,8,10,-2.3746697881587866,0.0,34.90591696545806,1.125277215363717
46,0.5336699231206312,0.1334174807801578,0.25,8,11,-3.7702079919578866,0.0,34.90591696545806,1.125277215363717
46,0.5336699231206312,0.1334174807801578,0.25,8,12,-3.7845423370792624,0.0,34.90591696545806,1.125277215363717
46,0.5336699231206312,0.1334174807801578,0.25,8,13,-3.2688490409832895,0.0,34.90591696545806,1.125277215363717
46,0.5336699231206312,0.1334174807801578,0.25,8,14,-3.358435649589971,0.0,34.90591696545806,1.125277215363717
46,0.5336699231206312,0.1334174807801578,0.25,8,15,-3.498096132266918,0.0,34.90591696545806,1.125277215363717
47,0.6135907273413176,0.1533976818353294,0.25,8,0,-7.078314943504993,0.0,34.9296134056858,1.1277123521489583
47,0.6135907273413176,0.1533976818353294,0.25,8,1,-6.4760318178136,0.0,34.9296134056858,1.1277123521489583
47,0.6135907273413176,0.1533976818353294,0.25,8,2,1.1277123521489583,0.0,34.9296134056858,1.1277123521489583
47,0.6135907273413176,0.1533976818353294,0.25,8,3,0.5203520459050098,0.0,34.9296134056858,1.1277123521489583
47,0.6135907273413176,0.1533976818353294,0.25,8,4,-0.09362556747658524,0.0,34.9296134056858,1.1277123521489583
47,0.6135907273413176,0.1533976818353294,0.25,8,5,-0.09440221500189425,0.0,34.9296134056858,1.1277123521489583
47,0.6135907273413176,0.1533976818353294,0.25,8,6,-1.4869426628598736,0.0,34.9296134056858,1.1277123521489583
47,0.6135907273413176,0.1533976818353294,0.25,8,7,-1.6376651598231238,0.0,34.9296134056858,1.1277123521489583
47,0.6135907273413176,0.1533976818353294,0.25,8,8,-1.727688202352114,0.0,34.9296134056858,1.1277123521489583
47,0.6135907273413176,0.1533976818353294,0.25,8,9,-1.7149124063219097,0.0,34.9296134056858,1.1277123521489583
47,0.6135907273413176,0.1533976818353294,0.25,8,10,-3.303009011709937,0.0,34.9296134056858,1.1277123521489583
47,0.6135907273413176,0.1533976818353294,0.25,8,11,-3.8059449670632404,0.0,34.9296134056858,1.1277123521489583
47,0.6135907273413176,0.1533976818353294,0.25,8,12,-3.7703340311734275,0.0,34.9296134056858,1.1277123521489583
47,0.6135907273413176,0.1533976818353294,0.25,8,13,-3.4442768933054637,0.0,34.9296134056858,1.1277123521489583
47,0.6135907273413176,0.1533976818353294,0.25,8,14,-3.567373815139865,0.0540310860672723,34.9296134056858,1.1277123521489583
47,0.6135907273413176,0.1533976818353294,0.25,8,15,-3.567373815139865,-0.0540310860672723,34.9296134056858,1.1277123521489583
48,0.7054802310718645,0.17637005776796613,0.25,8,0,-234.67014495759935,0.0,34.981515972138716,1.1347581797000144
48,0.7054802310718645,0.17637005776796613,0.25,8,1,-7.211587818155923,0.0,34.981515972138716,1.1347581797000144
48,0.7054802310718645,0.17637005776796613,0.25,8,2,-6.468003864143381,0.0,34.981515972138716,1.1347581797000144
48,0.7054802310718645,0.17637005776796613,0.25,8,3,1.1347581797000144,0.0,34.981515972138716,1.1347581797000144
48,0.7054802310718645,0.17637005776796613,0.25,8,4,0.3866737354448221,0.0,34.981515972138716,1.1347581797000144
48,0.7054802310718645,0.17637005776796613,0.25,8,5,-0.10698684240955075,0.0,34.981515972138716,1.1347581797000144
48,0.7054802310718645,0.17637005776796613,0.25,8,6,-0.10497423521296438,0.0,34.981515972138716,1.1347581797000144
48,0.7054802310718645,0.17637005776796613,0.25,8,7,-2.3868388181408497,0.0,34.981515972138716,1.1347581797000144
48,0.7054802310718645,0.17637005776796613,0.25,8,8,-1.4932626477512614,0.0,34.981515972138716,1.1347581797000144
48,0.7054802310718645,0.17637005776796613,0.25,8,9,-1.7028752263590452,0.0,34.981515972138716,1.1347581797000144
48,0.7054802310718645,0.17637005776796613,0.25,8,10,-1.6925675275786423,0.0,34.981515972138716,1.1347581797000144
48,0.7054802310718645,0.17637005776796613,0.25,8,11,-3.491291958711464,0.0,34.981515972138716,1.1347581797000144
48,0.7054802310718645,0.17637005776796613,0.25,8,12,-3.508625195634926,0.0,34.981515972138716,1.1347581797000144
48,0.7054802310718645,0.17637005776796613,0.25,8,13,-3.8058112173659957,0.0,34.981515972138716,1.1347581797000144
48,0.7054802310718645,0.17637005776796613,0.25,8,14,-3.769418515670134,0.0,34.981515972138716,1.1347581797000144
48,0.7054802310718645,0.17637005776796613,0.25,8,15,-3.7345619755784285,0.0,34.981515972138716,1.1347581797000144
49,0.8111308307896873,0.20278270769742182,0.25,8,0,-7.348286924188224,0.0,34.95923359764244,1.1410990802755072
49,0.8111308307896873,0.20278270769742182,0.25,8,1,-6.478497289973145,0.0,34.95923359764244,1.1410990802755072
49,0.8111308307896873,0.20278270769742182,0.25,8,2,1.1410990802755072,0.0,34.95923359764244,1.1410990802755072
49,0.8111308307896873,0.20278270769742182,0.25,8,3,0.2648989988021066,0.0,34.95923359764244,1.1410990802755072
49,0.8111308307896873,0.20278270769742182,0.25,8,4,-0.11925379159255083,0.0,34.95923359764244,1.1410990802755072
49,0.8111308307896873,0.20278270769742182,0.25,8,5,-0.11718557229576575,0.0,34.95923359764244,1.1410990802755072
49,0.8111308307896873,0.20278270769742182,0.25,8,6,-1.4076415275740424,0.0,34.95923359764244,1.1410990802755072
49,0.8111308307896873,0.20278270769742182,0.25,8,7,-1.4804502347029411,0.0,34.95923359764244,1.1410990802755072
49,0.8111308307896873,0.20278270769742182,0.25,8,8,-1.683150806294059,0.0,34.95923359764244,1.1410990802755072
49,0.8111308307896873,0.20278270769742182,0.25,8,9,-1.6700683620562349,0.0,34.95923359764244,1.1410990802755072
49,0.8111308307896873,0.20278270769742182,0.25,8,10,-3.91381602857359,0.08899999507429288,34.95923359764244,1.1410990802755072
49,0.8111308307896873,0.20278270769742182,0.25,8,11,-3.91381602857359,-0.08899999507429288,34.95923359764244,1.1410990802755072
49,0.8111308307896873,0.20278270769742182,0.25,8,12,-3.563976751357,0.0,34.95923359764244,1.1410990802755072
49,0.8111308307896873,0.20278270769742182,0.25,8,13,-3.628197262299599,0.0,34.95923359764244,1.1410990802755072
49,0.8111308307896873,0.20278270769742182,0.25,8,14,-3.7687138729844034,0.0,34.95923359764244,1.1410990802755072
49,0.8111308307896873,0.20278270769742182,0.25,8,15,-3.794578430657186,0.0,34.95923359764244,1.1410990802755072
50,0.9326033468832199,0.23315083672080497,0.25,8,0,-236.40502650868666,0.0,35.032525724566085,1.148367732479163
50,0.9326033468832199,0.23315083672080497,0.25,8,1,-7.50972377242852,0.0,35.032525724566085,1.148367732479163
50,0.9326033468832199,0.23315083672080497,0.25,8,2,-6.472606653094724,0.0,35.032525724566085,1.148367732479163
50,0.9326033468832199,0.23315083672080497,0.25,8,3,1.148367732479163,0.0,35.032525724566085,1.148367732479163
50,0.9326033468832199,0.23315083672080497,0.25,8,4,-4.050470586149207,0.0,35.032525724566085,1.148367732479163
50,0.9326033468832199,0.23315083672080497,0.25,8,5,-3.9953777605077723,0.0,35.032525724566085,1.148367732479163
50,0.9326033468832199,0.23315083672080497,0.25,8,6,-3.854631352081339,0.0,35.032525724566085,1.148367732479163
50,0.9326033468832199,0.23315083672080497,0.25,8,7,-3.706677739343891,0.0,35.032525724566085,1.148367732479163
50,0.9326033468832199,0.23315083672080497,0.25,8,8,-3.6369899103381105,0.0,35.032525724566085,1.148367732479163
50,0.9326033468832199,0.23315083672080497,0.25,8,9,-2.388401537542111,0.0,35.032525724566085,1.148367732479163
50,0.9326033468832199,0.23315083672080497,0.25,8,10,-1.656492229397057,0.0,35.032525724566085,1.148367732479163
50,0.9326033468832199,0.23315083672080497,0.25,8,11,-1.6409086651434601,0.0,35.032525724566085,1.148367732479163
50,0.9326033468832199,0.23315083672080497,0.25,8,12,-1.3740974693667654,0.0,35.032525724566085,1.148367732479163
50,0.9326033468832199,0.23315083672080497,0.25,8,13,0.10412729002277092,0.0,35.032525724566085,1.148367732479163
50,0.9326033468832199,0.23315083672080497,0.25,8,14,-0.13028400415142988,0.0,35.032525724566085,1.148367732479163
50,0.9326033468832199,0.23315083672080497,0.25,8,15,-0.13154510743786374,0.0,35.032525724566085,1.148367732479163
51,1.072267222010323,0.2680668055025808,0.25,8,0,-7.667096811476819,0.0,35.02051931005768,1.1522155122974995
51,1.072267222010323,0.2680668055025808,0.25,8,1,-6.497909922810866,0.0,35.02051931005768,1.1522155122974995
51,1.072267222010323,0.2680668055025808,0.25,8,2,1.1522155122974995,0.0,35.02051931005768,1.1522155122974995
51,1.072267222010323,0.2680668055025808,0.25,8,3,-4.278083840740559,0.1658012979382966,35.02051931005768,1.1522155122974995
51,1.072267222010323,0.2680668055025808,0.25,8,4,-4.278083840740559,-0.1658012979382966,35.02051931005768,1.1522155122974995
51,1.072267222010323,0.2680668055025808,0.25,8,5,-4.101475965424534,0.0,35.02051931005768,1.1522155122974995
51,1.072267222010323,0.2680668055025808,0.25,8,6,-3.8925027905969682,0.0,35.02051931005768,1.1522155122974995
51,1.072267222010323,0.2680668055025808,0.25,8,7,-3.7229927367761304,0.0,35.02051931005768,1.1522155122974995
51,1.072267222010323,0.2680668055025808,0.25,8,8,-3.659784533093078,0.0,35.02051931005768,1.1522155122974995
51,1.072267222010323,0.2680668055025808,0.25,8,9,-1.2053654323963539,0.0,35.02051931005768,1.1522155122974995
51,1.072267222010323,0.2680668055025808,0.25,8,10,-1.4562602309107044,0.0,35.02051931005768,1.1522155122974995
51,1.072267222010323,0.2680668055025808,0.25,8,11,-1.6346110665394868,0.0,35.02051931005768,1.1522155122974995
51,1.072267222010323,0.2680668055025808,0.25,8,12,-1.6199871732110942,0.0,35.02051931005768,1.1522155122974995
51,1.072267222010323,0.2680668055025808,0.25,8,13,-0.025538330013277974,0.0,35.02051931005768,1.1522155122974995
51,1.072267222010323,0.2680668055025808,0.25,8,14,-0.14654744516803794,0.0,35.02051931005768,1.1522155122974995
51,1.072267222010323,0.2680668055025808,0.25,8,15,-0.14196364978864903,0.0,35.02051931005768,1.1522155122974995
52,1.232846739442066,0.3082116848605165,0.25,8,0,-237.8860023031821,0.0,35.09452975572462,1.1626442299692736
52,1.232846739442066,0.3082116848605165,0.25,8,1,-7.809852926326306,0.0,35.09452975572462,1.1626442299692736
52,1.232846739442066,0.3082116848605165,0.25,8,2,-6.5895898477739205,0.0,35.09452975572462,1.1626442299692736
52,1.232846739442066,0.3082116848605165,0.25,8,3,1.1626442299692736,0.0,35.09452975572462,1.1626442299692736
52,1.232846739442066,0.3082116848605165,0.25,8,4,-4.3445360094135665,0.0,35.09452975572462,1.1626442299692736
52,1.232846739442066,0.3082116848605165,0.25,8,5,-4.151153796239542,0.0,35.09452975572462,1.1626442299692736
52,1.232846739442066,0.3082116848605165,0.25,8,6,-4.081115480358045,0.0,35.09452975572462,1.1626442299692736
52,1.232846739442066,0.3082116848605165,0.25,8,7,-3.7456050468435733,0.0,35.09452975572462,1.1626442299692736
52,1.232846739442066,0.3082116848605165,0.25,8,8,-3.7171859423535603,0.0,35.09452975572462,1.1626442299692736
52,1.232846739442066,0.3082116848605165,0.25,8,9,-2.522452942970555,0.0,35.09452975572462,1.1626442299692736
52,1.232846739442066,0.3082116848605165,0.25,8,10,-1.343227403455153,0.0,35.09452975572462,1.1626442299692736
52,1.232846739442066,0.3082116848605165,0.25,8,11,-1.644964747132645,0.0,35.09452975572462,1.1626442299692736
52,1.232846739442066,0.3082116848605165,0.25,8,12,-1.6313272352316426,0.0,35.09452975572462,1.1626442299692736
52,1.232846739442066,0.3082116848605165,0.25,8,13,-0.06343775142125062,0.0,35.09452975572462,1.1626442299692736
52,1.232846739442066,0.3082116848605165,0.25,8,14,-0.1679860259083821,0.0,35.09452975572462,1.1626442299692736
52,1.232846739442066,0.3082116848605165,0.25,8,15,-0.16295343400847767,0.0,35.09452975572462,1.1626442299692736
53,1.4174741629268048,0.3543685407317012,0.25,8,0,-8.039810699195522,0.0,35.09160047821269,1.1734005359476598
53,1.4174741629268048,0.3543685407317012,0.25,8,1,-6.608435400947827,0.0,35.09160047821269,1.1734005359476598
53,1.4174741629268048,0.3543685407317012,0.25,8,2,1.1734005359476598,0.0,35.09160047821269,1.1734005359476598
53,1.4174741629268048,0.3543685407317012,0.25,8,3,-4.683087056357143,0.2528036592844757,35.09160047821269,1.1734005359476598
53,1.4174741629268048,0.3543685407317012,0.25,8,4,-4.683087056357143,-0.2528036592844757,35.09160047821269,1.1734005359476598
53,1.4174741629268048,0.3543685407317012,0.25,8,5,-4.32176671613912,0.0,35.09160047821269,1.1734005359476598
53,1.4174741629268048,0.3543685407317012,0.25,8,6,-4.3105937446732465,0.0,35.09160047821269,1.1734005359476598
53,1.4174741629268048,0.3543685407317012,0.25,8,7,-3.747762244501172,0.0,35.09160047821269,1.1734005359476598
53,1.4174741629268048,0.3543685407317012,0.25,8,8,-3.705608012456316,0.0,35.09160047821269,1.1734005359476598
53,1.4174741629268048,0.3543685407317012,0.25,8,9,-0.17380285690933273,0.0,35.09160047821269,1.1734005359476598
53,1.4174741629268048,0.3543685407317012,0.25,8,10,-0.16822832064692916,0.0,35.09160047821269,1.1734005359476598
53,1.4174741629268048,0.3543685407317012,0.25,8,11,-0.26528262278191844,0.0,35.09160047821269,1.1734005359476598
53,1.4174741629268048,0.3543685407317012,0.25,8,12,-1.6007437766872386,0.0,35.09160047821269,1.1734005359476598
53,1.4174741629268048,0.3543685407317012,0.25,8,13,-1.5839129010909254,0.0,35.09160047821269,1.1734005359476598
53,1.4174741629268048,0.3543685407317012,0.25,8,14,-1.2667635443180147,0.0,35.09160047821269,1.1734005359476598
53,1.4174741629268048,0.3543685407317012,0.25,8,15,-1.2768286140782383,0.0,35.09160047821269,1.1734005359476598
54,1.629750834620645,0.40743770865516127,0.25,8,0,-244.6503314594143,0.0,35.106955458072505,1.1816406805349045
54,1.629750834620645,0.40743770865516127,0.25,8,1,-8.262547615943781,0.0,35.106955458072505,1.1816406805349045
54,1.629750834620645,0.40743770865516127,0.25,8,2,1.1816406805349045,0.0,35.106955458072505,1.1816406805349045
54,1.629750834620645,0.40743770865516127,0.25,8,3,-6.6746578454921695,0.0,35.106955458072505,1.1816406805349045
54,1.629750834620645,0.40743770865516127,0.25,8,4,-0.17796145200277735,0.0,35.106955458072505,1.1816406805349045
54,1.629750834620645,0.40743770865516127,0.25,8,5,-0.17687877177529404,0.0,35.106955458072505,1.1816406805349045
54,1.629750834620645,0.40743770865516127,0.25,8,6,-0.40396533112886895,0.0,35.106955458072505,1.1816406805349045
54,1.629750834620645,0.40743770865516127,0.25,8,7,-1.2409606523420325,0.0,35.106955458072505,1.1816406805349045
54,1.629750834620645,0.40743770865516127,0.25,8,8,-1.5800628452312129,0.0,35.106955458072505,1.1816406805349045
54,1.629750834620645,0.40743770865516127,0.25,8,9,-1.5602542412444482,0.0,35.106955458072505,1.1816406805349045
54,1.629750834620645,0.40743770865516127,0.25,8,10,-2.608537704323839,0.0,35.106955458072505,1.1816406805349045
54,1.629750834620645,0.40743770865516127,0.25,8,11,-4.811014023744941,0.0,35.106955458072505,1.1816406805349045
54,1.629750834620645,0.40743770865516127,0.25,8,12,-4.669572065188838,0.0,35.106955458072505,1.1816406805349045
54,1.629750834620645,0.40743770865516127,0.25,8,13,-4.524226367751681,0.0,35.106955458072505,1.1816406805349045
54,1.629750834620645,0.40743770865516127,0.25,8,14,-3.773219414951184,0.0,35.106955458072505,1.1816406805349045
54,1.629750834620645,0.40743770865516127,0.25,8,15,-3.7567763121123097,0.0,35.106955458072505,1.1816406805349045
55,1.873817422860385,0.46845435571509625,0.25,8,0,-8.514675012565213,0.0,35.099918487558995,1.2057072070433825
55,1.873817422860385,0.46845435571509625,0.25,8,1,-6.7651736988238556,0.0,35.099918487558995,1.2057072070433825
55,1.873817422860385,0.46845435571509625,0.25,8,2,1.2057072070433825,0.0,35.099918487558995,1.2057072070433825
55,1.873817422860385,0.46845435571509625,0.25,8,3,-5.195707176409881,0.37463661464390013,35.099918487558995,1.2057072070433825
55,1.873817422860385,0.46845435571509625,0.25,8,4,-5.195707176409881,-0.37463661464390013,35.099918487558995,1.2057072070433825
55,1.873817422860385,0.46845435571509625,0.25,8,5,-4.817380906248629,0.0,35.099918487558995,1.2057072070433825
55,1.873817422860385,0.46845435571509625,0.25,8,6,-4.71108782593085,0.0,35.099918487558995,1.2057072070433825
55,1.873817422860385,0.46845435571509625,0.25,8,7,-3.7901295606580967,0.0,35.099918487558995,1.2057072070433825
55,1.873817422860385,0.46845435571509625,0.25,8,8,-3.760257975925295,0.0,35.099918487558995,1.2057072070433825
55,1.873817422860385,0.46845435571509625,0.25,8,9,-1.5585360155755243,0.0,35.099918487558995,1.2057072070433825
55,1.873817422860385,0.46845435571509625,0.25,8,10,-1.5364290328671997,0.0,35.099918487558995,1.2057072070433825
55,1.873817422860385,0.46845435571509625,0.25,8,11,-1.2609146586166915,0.0,35.099918487558995,1.2057072070433825
55,1.873817422860385,0.46845435571509625,0.25,8,12,-1.1507460995315129,0.0,35.099918487558995,1.2057072070433825
55,1.873817422860385,0.46845435571509625,0.25,8,13,-0.5532448177626814,0.0,35.099918487558995,1.2057072070433825
55,1.873817422860385,0.46845435571509625,0.25,8,14,-0.19316927607312512,0.0,35.099918487558995,1.2057072070433825
55,1.873817422860385,0.46845435571509625,0.25,8,15,-0.17634891878328487,0.0,35.099918487558995,1.2057072070433825
56,2.1544346900318843,0.5386086725079711,0.25,8,0,-8.806451250564493,0.0,35.07670672991342,1.2226620572004534
56,2.1544346900318843,0.5386086725079711,0.25,8,1,-6.896171294813159,0.0,35.07670672991342,1.2226620572004534
56,2.1544346900318843,0.5386086725079711,0.25,8,2,1.2226620572004534,0.0,35.07670672991342,1.2226620572004534
56,2.1544346900318843,0.5386086725079711,0.25,8,3,-5.508804698271852,0.44585889867601525,35.07670672991342,1.2226620572004534
56,2.1544346900318843,0.5386086725079711,0.25,8,4,-5.508804698271852,-0.44585889867601525,35.07670672991342,1.2226620572004534
56,2.1544346900318843,0.5386086725079711,0.25,8,5,-5.006565527646361,0.0,35.07670672991342,1.2226620572004534
56,2.1544346900318843,0.5386086725079711,0.25,8,6,-5.035596031632901,0.0,35.07670672991342,1.2226620572004534
56,2.1544346900318843,0.5386086725079711,0.25,8,7,-3.8125116689826064,0.0,35.07670672991342,1.2226620572004534
56,2.1544346900318843,0.5386086725079711,0.25,8,8,-3.7795754389649567,0.0,35.07670672991342,1.2226620572004534
56,2.1544346900318843,0.5386086725079711,0.25,8,9,-0.20956582440185922,0.0,35.07670672991342,1.2226620572004534
56,2.1544346900318843,0.5386086725079711,0.25,8,10,-0.190301781829853,0.0,35.07670672991342,1.2226620572004534
56,2.1544346900318843,0.5386086725079711,0.25,8,11,-0.6871119273357139,0.0,35.07670672991342,1.2226620572004534
56,2.1544346900318843,0.5386086725079711,0.25,8,12,-1.5387380191645692,0.0,35.07670672991342,1.2226620572004534
56,2.1544346900318843,0.5386086725079711,0.25,8,13,-1.5163590964510607,0.0,35.07670672991342,1.2226620572004534
56,2.1544346900318843,0.5386086725079711,0.25,8,14,-1.1940661804310209,0.0,35.07670672991342,1.2226620572004534
56,2.1544346900318843,0.5386086725079711,0.25,8,15,-1.206946772355656,0.0,35.07670672991342,1.2226620572004534
57,2.4770763559917115,0.6192690889979279,0.25,8,0,-243.38468878882554,0.0,35.09599413169947,1.2501964497903704
57,2.4770763559917115,0.6192690889979279,0.25,8,1,-8.869571418281883,0.0,35.09599413169947,1.2501964497903704
57,2.4770763559917115,0.6192690889979279,0.25,8,2,-7.0149085259663435,0.0,35.09599413169947,1.2501964497903704
57,2.4770763559917115,0.6192690889979279,0.25,8,3,1.2501964497903704,0.0,35.09599413169947,1.2501964497903704
57,2.4770763559917115,0.6192690889979279,0.25,8,4,-5.549013540963342,0.14482750637969258,35.09599413169947,1.2501964497903704
57,2.4770763559917115,0.6192690889979279,0.25,8,5,-5.549013540963342,-0.14482750637969258,35.09599413169947,1.2501964497903704
57,2.4770763559917115,0.6192690889979279,0.25,8,6,-5.352664186804286,0.0,35.09599413169947,1.2501964497903704
57,2.4770763559917115,0.6192690889979279,0.25,8,7,-3.8970234366653176,0.0,35.09599413169947,1.2501964497903704
57,2.4770763559917115,0.6192690889979279,0.25,8,8,-3.826309788012292,0.0,35.09599413169947,1.2501964497903704
57,2.4770763559917115,0.6192690889979279,0.25,8,9,-2.6985149322322233,0.0,35.09599413169947,1.2501964497903704
57,2.4770763559917115,0.6192690889979279,0.25,8,10,-1.5109313905654738,0.0,35.09599413169947,1.2501964497903704
57,2.4770763559917115,0.6192690889979279,0.25,8,11,-1.478829949555469,0.0,35.09599413169947,1.2501964497903704
57,2.4770763559917115,0.6192690889979279,0.25,8,12,-1.1965369656401914,0.0,35.09599413169947,1.2501964497903704
57,2.4770763559917115,0.6192690889979279,0.25,8,13,-0.7938296844683371,0.0,35.09599413169947,1.2501964497903704
57,2.4770763559917115,0.6192690889979279,0.25,8,14,-0.17453822250488407,0.0,35.09599413169947,1.2501964497903704
57,2.4770763559917115,0.6192690889979279,0.25,8,15,-0.1915773378015602,0.0,35.09599413169947,1.2501964497903704
58,2.848035868435802,0.7120089671089505,0.25,8,0,-8.854956537701408,0.0,35.04796112282254,1.2779849635302116
58,2.848035868435802,0.7120089671089505,0.25,8,1,-7.187077173138522,0.0,35.04796112282254,1.2779849635302116
58,2.848035868435802,0.7120089671089505,0.25,8,2,1.2779849635302116,0.0,35.04796112282254,1.2779849635302116
58,2.848035868435802,0.7120089671089505,0.25,8,3,-5.652494233869332,0.24039115749724696,35.04796112282254,1.2779849635302116
58,2.848035868435802,0.7120089671089505,0.25,8,4,-5.652494233869332,-0.24039115749724696,35.04796112282254,1.2779849635302116
58,2.848035868435802,0.7120089671089505,0.25,8,5,-5.707727188663209,0.0,35.04796112282254,1.2779849635302116
58,2.848035868435802,0.7120089671089505,0.25,8,6,-5.744039586181945,0.0,35.04796112282254,1.2779849635302116
58,2.848035868435802,0.7120089671089505,0.25,8,7,-3.9438242987459096,0.0,35.04796112282254,1.2779849635302116
58,2.848035868435802,0.7120089671089505,0.25,8,8,-3.8954329696599963,0.0,35.04796112282254,1.2779849635302116
58,2.848035868435802,0.7120089671089505,0.25,8,9,-0.1940377195178513,0.0,35.04796112282254,1.2779849635302116
58,2.848035868435802,0.7120089671089505,0.25,8,10,-0.1837749677678595,0.0,35.04796112282254,1.2779849635302116
58,2.848035868435802,0.7120089671089505,0.25,8,11,-0.8198592711551522,0.0,35.04796112282254,1.2779849635302116
58,2.848035868435802,0.7120089671089505,0.25,8,12,-1.490902632168745,0.0,35.04796112282254,1.2779849635302116
58,2.848035868435802,0.7120089671089505,0.25,8,13,-1.4504401989606643,0.0,35.04796112282254,1.2779849635302116
58,2.848035868435802,0.7120089671089505,0.25,8,14,-1.1168707112668668,0.0,35.04796112282254,1.2779849635302116
58,2.848035868435802,0.7120089671089505,0.25,8,15,-1.219967355120298,0.0,35.04796112282254,1.2779849635302116
59,3.2745491628777286,0.8186372907194321,0.25,8,0,-8.910643869884652,0.0,34.92236928216846,1.2985555958321853
59,3.2745491628777286,0.8186372907194321,0.25,8,1,1.2985555958321853,0.0,34.92236928216846,1.2985555958321853
59,3.2745491628777286,0.8186372907194321,0.25,8,2,-7.415759048630065,0.0,34.92236928216846,1.2985555958321853
59,3.2745491628777286,0.8186372907194321,0.25,8,3,-6.172996627582308,0.0,34.92236928216846,1.2985555958321853
59,3.2745491628777286,0.8186372907194321,0.25,8,4,-6.1222790886497584,0.0,34.92236928216846,1.2985555958321853
59,3.2745491628777286,0.8186372907194321,0.25,8,5,-5.746566619967236,0.14256009418319748,34.92236928216846,1.2985555958321853
59,3.2745491628777286,0.8186372907194321,0.25,8,6,-5.746566619967236,-0.14256009418319748,34.92236928216846,1.2985555958321853
59,3.2745491628777286,0.8186372907194321,0.25,8,7,-4.009200714482422,0.0,34.92236928216846,1.2985555958321853
59,3.2745491628777286,0.8186372907194321,0.25,8,8,-3.9437589337251713,0.0,34.92236928216846,1.2985555958321853
59,3.2745491628777286,0.8186372907194321,0.25,8,9,-0.21937599662958576,0.0,34.92236928216846,1.2985555958321853
59,3.2745491628777286,0.8186372907194321,0.25,8,10,-0.20545838179080805,0.0,34.92236928216846,1.2985555958321853
59,3.2745491628777286,0.8186372907194321,0.25,8,11,-0.8545653177882118,0.0,34.92236928216846,1.2985555958321853
59,3.2745491628777286,0.8186372907194321,0.25,8,12,-1.1118620420777063,0.0,34.92236928216846,1.2985555958321853
59,3.2745491628777286,0.8186372907194321,0.25,8,13,-1.471571401613157,0.0,34.92236928216846,1.2985555958321853
59,3.2745491628777286,0.8186372907194321,0.25,8,14,-1.4169544686754754,0.0,34.92236928216846,1.2985555958321853
59,3.2745491628777286,0.8186372907194321,0.25,8,15,-1.3062776614564537,0.0,34.92236928216846,1.2985555958321853
60,3.7649358067924674,0.9412339516981169,0.25,8,0,-233.86327148296576,0.0,34.698375355137856,1.3048542223801456
60,3.7649358067924674,0.9412339516981169,0.25,8,1,-8.976313119187253,0.0,34.698375355137856,1.3048542223801456
60,3.7649358067924674,0.9412339516981169,0.25,8,2,-7.669822267869952,0.0,34.698375355137856,1.3048542223801456
60,3.7649358067924674,0.9412339516981169,0.25,8,3,-6.755166579687037,0.0,34.698375355137856,1.3048542223801456
60,3.7649358067924674,0.9412339516981169,0.25,8,4,-6.572231981744826,0.0,34.698375355137856,1.3048542223801456
60,3.7649358067924674,0.9412339516981169,0.25,8,5,-5.833108699505727,0.0,34.698375355137856,1.3048542223801456
60,3.7649358067924674,0.9412339516981169,0.25,8,6,1.3048542223801456,0.0,34.698375355137856,1.3048542223801456
60,3.7649358067924674,0.9412339516981169,0.25,8,7,-4.133089899053999,0.0,34.698375355137856,1.3048542223801456
60,3.7649358067924674,0.9412339516981169,0.25,8,8,-4.023860961293978,0.0,34.698375355137856,1.3048542223801456
60,3.7649358067924674,0.9412339516981169,0.25,8,9,-2.6971432264153767,0.0,34.698375355137856,1.3048542223801456
60,3.7649358067924674,0.9412339516981169,0.25,8,10,-1.4566721936259655,0.0,34.698375355137856,1.3048542223801456
60,3.7649358067924674,0.9412339516981169,0.25,8,11,-1.4087372429385048,0.012696881917330713,34.698375355137856,1.3048542223801456
60,3.7649358067924674,0.9412339516981169,0.25,8,12,-1.4087372429385048,-0.012696881917330713,34.698375355137856,1.3048542223801456
60,3.7649358067924674,0.9412339516981169,0.25,8,13,-0.8347368241355007,0.0,34.698375355137856,1.3048542223801456
60,3.7649358067924674,0.9412339516981169,0.25,8,14,-0.21429021989680772,0.0,34.698375355137856,1.3048542223801456
60,3.7649358067924674,0.9412339516981169,0.25,8,15,-0.20278966048779862,0.0,34.698375355137856,1.3048542223801456
61,4.328761281083062,1.0821903202707654,0.25,8,0,-9.290072595002036,0.0,34.07319439872427,1.2906933394735944
61,4.328761281083062,1.0821903202707654,0.25,8,1,-8.276930662825475,0.0,34.07319439872427,1.2906933394735944
61,4.328761281083062,1.0821903202707654,0.25,8,2,-7.60314968340918,0.0,34.07319439872427,1.2906933394735944
61,4.328761281083062,1.0821903202707654,0.25,8,3,-7.215450833675298,0.0,34.07319439872427,1.2906933394735944
61,4.328761281083062,1.0821903202707654,0.25,8,4,1.2906933394735944,0.0,34.07319439872427,1.2906933394735944
61,4.328761281083062,1.0821903202707654,0.25,8,5,-5.952621654803613,0.0,34.07319439872427,1.2906933394735944
61,4.328761281083062,1.0821903202707654,0.25,8,6,-6.00365849103814,0.0,34.07319439872427,1.2906933394735944
61,4.328761281083062,1.0821903202707654,0.25,8,7,-4.315184747469182,0.0,34.07319439872427,1.2906933394735944
61,4.328761281083062,1.0821903202707654,0.25,8,8,-4.107136471388388,0.0,34.07319439872427,1.2906933394735944
61,4.328761281083062,1.0821903202707654,0.25,8,9,-0.25067393695176965,0.0,34.07319439872427,1.2906933394735944
61,4.328761281083062,1.0821903202707654,0.25,8,10,-0.19971287204910568,0.0,34.07319439872427,1.2906933394735944
61,4.328761281083062,1.0821903202707654,0.25,8,11,-0.7754472774915497,0.0,34.07319439872427,1.2906933394735944
61,4.328761281083062,1.0821903202707654,0.25,8,12,-1.0707886592719018,0.0,34.07319439872427,1.2906933394735944
61,4.328761281083062,1.0821903202707654,0.25,8,13,-1.6811337538723026,0.0,34.07319439872427,1.2906933394735944
61,4.328761281083062,1.0821903202707654,0.25,8,14,-1.355692258699343,0.0,34.07319439872427,1.2906933394735944
61,4.328761281083062,1.0821903202707654,0.25,8,15,-1.4316679063009712,0.0,34.07319439872427,1.2906933394735944
62,4.9770235643321135,1.2442558910830284,0.25,8,0,-220.33357906848462,0.0,32.30321732831234,0.9857174224153877
62,4.9770235643321135,1.2442558910830284,0.25,8,1,-10.2253606082904,0.0,32.30321732831234,0.9857174224153877
62,4.9770235643321135,1.2442558910830284,0.25,8,2,-8.71890671639248,0.0,32.30321732831234,0.9857174224153877
62,4.9770235643321135,1.2442558910830284,0.25,8,3,-8.37441805980589,0.0,32.30321732831234,0.9857174224153877
62,4.9770235643321135,1.2442558910830284,0.25,8,4,-7.819760711504444,0.0,32.30321732831234,0.9857174224153877
62,4.9770235643321135,1.2442558910830284,0.25,8,5,-5.882170315849044,0.0,32.30321732831234,0.9857174224153877
62,4.9770235643321135,1.2442558910830284,0.25,8,6,-4.774450184179028,0.0,32.30321732831234,0.9857174224153877
62,4.9770235643321135,1.2442558910830284,0.25,8,7,-4.143375158632041,0.0,32.30321732831234,0.9857174224153877
62,4.9770235643321135,1.2442558910830284,0.25,8,8,0.9857174224153877,0.0,32.30321732831234,0.9857174224153877
62,4.9770235643321135,1.2442558910830284,0.25,8,9,-2.4294498238209288,0.0,32.30321732831234,0.9857174224153877
62,4.9770235643321135,1.2442558910830284,0.25,8,10,-2.247383621065847,0.0,32.30321732831234,0.9857174224153877
62,4.9770235643321135,1.2442558910830284,0.25,8,11,-1.4715003057873044,0.0,32.30321732831234,0.9857174224153877
62,4.9770235643321135,1.2442558910830284,0.25,8,12,-1.19093758132923,0.0,32.30321732831234,0.9857174224153877
62,4.9770235643321135,1.2442558910830284,0.25,8,13,-0.056698583966727806,0.0,32.30321732831234,0.9857174224153877
62,4.9770235643321135,1.2442558910830284,0.25,8,14,-0.3502967331900848,0.0,32.30321732831234,0.9857174224153877
62,4.9770235643321135,1.2442558910830284,0.25,8,15,-0.3042342880933438,0.0,32.30321732831234,0.9857174224153877
63,5.72236765935022,1.430591914837555,0.25,8,0,-11.032875585382232,0.0,31.334988021340973,0.8115452125164142
63,5.72236765935022,1.430591914837555,0.25,8,1,-9.16576256818949,0.0,31.334988021340973,0.8115452125164142
63,5.72236765935022,1.430591914837555,0.25,8,2,-8.661163469181052,0.0,31.334988021340973,0.8115452125164142
63,5.72236765935022,1.430591914837555,0.25,8,3,-8.109209011493835,0.0,31.334988021340973,0.8115452125164142
63,5.72236765935022,1.430591914837555,0.25,8,4,-6.7022839504276845,0.0,31.334988021340973,0.8115452125164142
63,5.72236765935022,1.430591914837555,0.25,8,5,-6.017546371703186,0.0,31.334988021340973,0.8115452125164142
63,5.72236765935022,1.430591914837555,0.25,8,6,-5.358535772845858,0.0,31.334988021340973,0.8115452125164142
63,5.72236765935022,1.430591914837555,0.25,8,7,-3.371059562281118,0.0,31.334988021340973,0.8115452125164142
63,5.72236765935022,1.430591914837555,0.25,8,8,-2.753968809620928,0.0,31.334988021340973,0.8115452125164142
63,5.72236765935022,1.430591914837555,0.25,8,9,0.8115452125164142,0.0,31.334988021340973,0.8115452125164142
63,5.72236765935022,1.430591914837555,0.25,8,10,0.4273037722091534,0.0,31.334988021340973,0.8115452125164142
63,5.72236765935022,1.430591914837555,0.25,8,11,-0.46094070912792795,0.0,31.334988021340973,0.8115452125164142
63,5.72236765935022,1.430591914837555,0.25,8,12,-0.3938238927598434,0.0,31.334988021340973,0.8115452125164142
63,5.72236765935022,1.430591914837555,0.25,8,13,-1.424244187933663,0.0,31.334988021340973,0.8115452125164142
63,5.72236765935022,1.430591914837555,0.25,8,14,-1.0148026787522548,0.0,31.334988021340973,0.8115452125164142
63,5.72236765935022,1.430591914837555,0.25,8,15,-1.1291744835895385,0.0,31.334988021340973,0.8115452125164142
64,6.5793322465756825,1.6448330616439206,0.25,8,0,-10.130464078131514,0.0,34.75685022145811,1.453016916876762
64,6.5793322465756825,1.6448330616439206,0.25,8,1,-9.634222843271782,0.0,34.75685022145811,1.453016916876762
64,6.5793322465756825,1.6448330616439206,0.25,8,2,-9.11754604203975,0.0,34.75685022145811,1.453016916876762
64,6.5793322465756825,1.6448330616439206,0.25,8,3,-8.556213481535767,0.0,34.75685022145811,1.453016916876762
64,6.5793322465756825,1.6448330616439206,0.25,8,4,-6.538131521007157,0.2508257189784903,34.75685022145811,1.453016916876762
64,6.5793322465756825,1.6448330616439206,0.25,8,5,-6.538131521007157,-0.2508257189784903,34.75685022145811,1.453016916876762
64,6.5793322465756825,1.6448330616439206,0.25,8,6,1.453016916876762,0.0,34.75685022145811,1.453016916876762
64,6.5793322465756825,1.6448330616439206,0.25,8,7,-4.717916278051728,0.0,34.75685022145811,1.453016916876762
64,6.5793322465756825,1.6448330616439206,0.25,8,8,-4.5308127958831745,0.0,34.75685022145811,1.453016916876762
64,6.5793322465756825,1.6448330616439206,0.25,8,9,-2.100299824928652,0.0,34.75685022145811,1.453016916876762
64,6.5793322465756825,1.6448330616439206,0.25,8,10,-0.21997049375830446,0.0,34.75685022145811,1.453016916876762
64,6.5793322465756825,1.6448330616439206,0.25,8,11,-0.2396281686534143,0.0,34.75685022145811,1.453016916876762
64,6.5793322465756825,1.6448330616439206,0.25,8,12,-0.9151113526425319,0.0,34.75685022145811,1.453016916876762
64,6.5793322465756825,1.6448330616439206,0.25,8,13,-1.021015692757986,0.0,34.75685022145811,1.453016916876762
64,6.5793322465756825,1.6448330616439206,0.25,8,14,-1.3789099669823837,0.0,34.75685022145811,1.453016916876762
64,6.5793322465756825,1.6448330616439206,0.25,8,15,-1.3396189737442503,0.0,34.75685022145811,1.453016916876762
65,7.56463327554629,1.8911583188865726,0.25,8,0,-10.072016927088962,0.0,35.83941995315503,1.5662988500741868
65,7.56463327554629,1.8911583188865726,0.25,8,1,-10.02715135371373,0.0,35.83941995315503,1.5662988500741868
65,7.56463327554629,1.8911583188865726,0.25,8,2,-9.30727534861471,0.0,35.83941995315503,1.5662988500741868
65,7.56463327554629,1.8911583188865726,0.25,8,3,-9.606695629713425,0.0,35.83941995315503,1.5662988500741868
65,7.56463327554629,1.8911583188865726,0.25,8,4,-6.734288658566862,0.3644859538235184,35.83941995315503,1.5662988500741868
65,7.56463327554629,1.8911583188865726,0.25,8,5,-6.734288658566862,-0.3644859538235184,35.83941995315503,1.5662988500741868
65,7.56463327554629,1.8911583188865726,0.25,8,6,1.5662988500741868,0.0,35.83941995315503,1.5662988500741868
65,7.56463327554629,1.8911583188865726,0.25,8,7,-4.792303078536103,0.0,35.83941995315503,1.5662988500741868
65,7.56463327554629,1.8911583188865726,0.25,8,8,-4.695664934071526,0.0,35.83941995315503,1.5662988500741868
65,7.56463327554629,1.8911583188865726,0.25,8,9,-2.033835281336346,0.0,35.83941995315503,1.5662988500741868
65,7.56463327554629,1.8911583188865726,0.25,8,10,-0.1932746415450386,0.0,35.83941995315503,1.5662988500741868
65,7.56463327554629,1.8911583188865726,0.25,8,11,-0.2579651251500385,0.0,35.83941995315503,1.5662988500741868
65,7.56463327554629,1.8911583188865726,0.25,8,12,-0.9530947324252649,0.0,35.83941995315503,1.5662988500741868
65,7.56463327554629,1.8911583188865726,0.25,8,13,-1.1390024404008137,0.0,35.83941995315503,1.5662988500741868
65,7.56463327554629,1.8911583188865726,0.25,8,14,-1.3907219310227856,0.015991454930277097,35.83941995315503,1.5662988500741868
65,7.56463327554629,1.8911583188865726,0.25,8,15,-1.3907219310227856,-0.015991454930277097,35.83941995315503,1.5662988500741868
66,8.697490026177835,2.174372506544459,0.25,8,0,-11.130602038367043,0.0,35.367208622000774,1.6307611147784558
66,8.697490026177835,2.174372506544459,0.25,8,1,-10.981868492457401,0.0,35.367208622000774,1.6307611147784558
66,8.697490026177835,2.174372506544459,0.25,8,2,-10.279895581682236,0.0,35.367208622000774,1.6307611147784558
66,8.697490026177835,2.174372506544459,0.25,8,3,-9.776548467274315,0.0,35.367208622000774,1.6307611147784558
66,8.697490026177835,2.174372506544459,0.25,8,4,-7.116380318585323,0.43205714127483,35.367208622000774,1.6307611147784558
66,8.697490026177835,2.174372506544459,0.25,8,5,-7.116380318585323,-0.43205714127483,35.367208622000774,1.6307611147784558
66,8.697490026177835,2.174372506544459,0.25,8,6,1.6307611147784558,0.0,35.367208622000774,1.6307611147784558
66,8.697490026177835,2.174372506544459,0.25,8,7,-4.999802054375839,0.0,35.367208622000774,1.6307611147784558
66,8.697490026177835,2.174372506544459,0.25,8,8,-4.980759645746201,0.0,35.367208622000774,1.6307611147784558
66,8.697490026177835,2.174372506544459,0.25,8,9,-2.2135478783389018,0.0,35.367208622000774,1.6307611147784558
66,8.697490026177835,2.174372506544459,0.25,8,10,-0.23093417723003581,0.0,35.367208622000774,1.6307611147784558
66,8.697490026177835,2.174372506544459,0.25,8,11,-0.23201844793204465,0.0,35.367208622000774,1.6307611147784558
66,8.697490026177835,2.174372506544459,0.25,8,12,-0.984122474162353,0.0,35.367208622000774,1.6307611147784558
66,8.697490026177835,2.174372506544459,0.25,8,13,-1.172427167900719,0.0,35.367208622000774,1.6307611147784558
66,8.697490026177835,2.174372506544459,0.25,8,14,-1.3988542137695479,0.015004650590823895,35.367208622000774,1.6307611147784558
66,8.697490026177835,2.174372506544459,0.25,8,15,-1.3988542137695479,-0.015004650590823895,35.367208622000774,1.6307611147784558
67,10.0,2.5,0.25,8,0,-12.202536413491408,0.0,34.84277047000188,1.7042404601581895
67,10.0,2.5,0.25,8,1,-12.039768820194551,0.0,34.84277047000188,1.7042404601581895
67,10.0,2.5,0.25,8,2,-11.00710798365044,0.0,34.84277047000188,1.7042404601581895
67,10.0,2.5,0.25,8,3,-9.614978535930906,0.0,34.84277047000188,1.7042404601581895
67,10.0,2.5,0.25,8,4,-7.088635008836762,0.6819321396736516,34.84277047000188,1.7042404601581895
67,10.0,2.5,0.25,8,5,-7.088635008836762,-0.6819321396736516,34.84277047000188,1.7042404601581895
67,10.0,2.5,0.25,8,6,1.7042404601581895,0.0,34.84277047000188,1.7042404601581895
67,10.0,2.5,0.25,8,7,-5.188518964689352,0.0,34.84277047000188,1.7042404601581895
67,10.0,2.5,0.25,8,8,-5.193715892503332,0.0,34.84277047000188,1.7042404601581895
67,10.0,2.5,0.25,8,9,-2.4430747402915935,0.0,34.84277047000188,1.7042404601581895
67,10.0,2.5,0.25,8,10,-0.267484951949929,0.0,34.84277047000188,1.7042404601581895
67,10.0,2.5,0.25,8,11,-0.2640595227575576,0.0,34.84277047000188,1.7042404601581895
67,10.0,2.5,0.25,8,12,-1.0304222860643806,0.0,34.84277047000188,1.7042404601581895
67,10.0,2.5,0.25,8,13,-1.2488443675288763,0.0,34.84277047000188,1.7042404601581895
67,10.0,2.5,0.25,8,14,-1.4158927240209185,0.017714885171455277,34.84277047000188,1.7042404601581895
67,10.0,2.5,0.25,8,15,-1.4158927240209185,-0.017714885171455277,34.84277047000188,1.7042404601581895
68,11.497569953977356,2.874392488494339,0.25,8,0,-13.765969927729158,0.0,34.185182651275234,1.7795735678546938
68,11.497569953977356,2.874392488494339,0.25,8,1,-13.422914472692687,0.0,34.185182651275234,1.7795735678546938
68,11.497569953977356,2.874392488494339,0.25,8,2,-11.855803294805433,0.0,34.185182651275234,1.7795735678546938
68,11.497569953977356,2.874392488494339,0.25,8,3,-9.930447000728476,0.0,34.185182651275234,1.7795735678546938
68,11.497569953977356,2.874392488494339,0.25,8,4,-7.491252169666703,0.7612780336784665,34.185182651275234,1.7795735678546938
68,11.497569953977356,2.874392488494339,0.25,8,5,-7.491252169666703,-0.7612780336784665,34.185182651275234,1.7795735678546938
68,11.497569953977356,2.874392488494339,0.25,8,6,-5.564438253295761,0.0,34.185182651275234,1.7795735678546938
68,11.497569953977356,2.874392488494339,0.25,8,7,-5.478346090255773,0.0,34.185182651275234,1.7795735678546938
68,11.497569953977356,2.874392488494339,0.25,8,8,1.7795735678546938,0.0,34.185182651275234,1.7795735678546938
68,11.497569953977356,2.874392488494339,0.25,8,9,-2.6948018542265086,0.0,34.185182651275234,1.7795735678546938
68,11.497569953977356,2.874392488494339,0.25,8,10,-0.24635928265331342,0.0,34.185182651275234,1.7795735678546938
68,11.497569953977356,2.874392488494339,0.25,8,11,-0.32510038805034563,0.0,34.185182651275234,1.7795735678546938
68,11.497569953977356,2.874392488494339,0.25,8,12,-0.9983264926476061,0.0,34.185182651275234,1.7795735678546938
68,11.497569953977356,2.874392488494339,0.25,8,13,-1.3771735384574295,0.0,34.185182651275234,1.7795735678546938
68,11.497569953977356,2.874392488494339,0.25,8,14,-1.440228488193222,0.015622521299760727,34.185182651275234,1.7795735678546938
68,11.497569953977356,2.874392488494339,0.25,8,15,-1.440228488193222,-0.015622521299760727,34.185182651275234,1.7795735678546938
69,13.219411484660288,3.304852871165072,0.25,8,0,-15.615844252029666,0.0,33.394720198203046,1.8802607344009192
69,13.219411484660288,3.304852871165072,0.25,8,1,-15.359753232950824,0.0,33.394720198203046,1.8802607344009192
69,13.219411484660288,3.304852871165072,0.25,8,2,-12.888119728743149,0.0,33.394720198203046,1.8802607344009192
69,13.219411484660288,3.304852871165072,0.25,8,3,-10.031844809962715,0.0,33.394720198203046,1.8802607344009192
69,13.219411484660288,3.304852871165072,0.25,8,4,1.8802607344009192,0.0,33.394720198203046,1.8802607344009192
69,13.219411484660288,3.304852871165072,0.25,8,5,-7.699135391434313,0.9723937932991799,33.394720198203046,1.8802607344009192
69,13.219411484660288,3.304852871165072,0.25,8,6,-7.699135391434313,-0.9723937932991799,33.394720198203046,1.8802607344009192
69,13.219411484660288,3.304852871165072,0.25,8,7,-6.0154637702296085,0.0,33.394720198203046,1.8802607344009192
69,13.219411484660288,3.304852871165072,0.25,8,8,-6.036543491228078,0.0,33.394720198203046,1.8802607344009192
69,13.219411484660288,3.304852871165072,0.25,8,9,-2.9387513154647382,0.0,33.394720198203046,1.8802607344009192
69,13.219411484660288,3.304852871165072,0.25,8,10,-0.23298189170862518,0.0,33.394720198203046,1.8802607344009192
69,13.219411484660288,3.304852871165072,0.25,8,11,-0.2312950112615296,0.0,33.394720198203046,1.8802607344009192
69,13.219411484660288,3.304852871165072,0.25,8,12,-1.0853532274292672,0.0,33.394720198203046,1.8802607344009192
69,13.219411484660288,3.304852871165072,0.25,8,13,-1.3097234902403885,0.0,33.394720198203046,1.8802607344009192
69,13.219411484660288,3.304852871165072,0.25,8,14,-1.463824214630105,0.021760835252904613,33.394720198203046,1.8802607344009192
69,13.219411484660288,3.304852871165072,0.25,8,15,-1.463824214630105,-0.021760835252904613,33.394720198203046,1.8802607344009192
70,15.199110829529332,3.799777707382333,0.25,8,0,-17.335731781581824,0.0,32.81571333922434,1.9776876183041294
70,15.199110829529332,3.799777707382333,0.25,8,1,-17.25615626560616,0.0,32.81571333922434,1.9776876183041294
70,15.199110829529332,3.799777707382333,0.25,8,2,-14.03884401482313,0.0,32.81571333922434,1.9776876183041294
70,15.199110829529332,3.799777707382333,0.25,8,3,-9.989913246255828,0.0,32.81571333922434,1.9776876183041294
70,15.199110829529332,3.799777707382333,0.25,8,4,-7.858727223267195,1.2803914578527233,32.81571333922434,1.9776876183041294
70,15.199110829529332,3.799777707382333,0.25,8,5,-7.858727223267195,-1.2803914578527233,32.81571333922434,1.9776876183041294
70,15.199110829529332,3.799777707382333,0.25,8,6,1.9776876183041294,0.0,32.81571333922434,1.9776876183041294
70,15.199110829529332,3.799777707382333,0.25,8,7,-6.435541628819575,0.0,32.81571333922434,1.9776876183041294
70,15.199110829529332,3.799777707382333,0.25,8,8,-6.39251025512379,0.0,32.81571333922434,1.9776876183041294
70,15.199110829529332,3.799777707382333,0.25,8,9,-3.263479751061243,0.0,32.81571333922434,1.9776876183041294
70,15.199110829529332,3.799777707382333,0.25,8,10,-0.27668553484273245,0.0019227462411429053,32.81571333922434,1.9776876183041294
70,15.199110829529332,3.799777707382333,0.25,8,11,-0.27668553484273245,-0.0019227462411429053,32.81571333922434,1.9776876183041294
70,15.199110829529332,3.799777707382333,0.25,8,12,-1.286615404387858,0.0,32.81571333922434,1.9776876183041294
70,15.199110829529332,3.799777707382333,0.25,8,13,-1.3564611538722628,0.0,32.81571333922434,1.9776876183041294
70,15.199110829529332,3.799777707382333,0.25,8,14,-1.515527490886809,0.023083271556030703,32.81571333922434,1.9776876183041294
70,15.199110829529332,3.799777707382333,0.25,8,15,-1.515527490886809,-0.023083271556030703,32.81571333922434,1.9776876183041294
71,17.47528400007683,4.368821000019207,0.25,8,0,-19.962431994854317,0.0,32.05691071594348,2.0801372570193033
71,17.47528400007683,4.368821000019207,0.25,8,1,-19.617093618974856,0.0,32.05691071594348,2.0801372570193033
71,17.47528400007683,4.368821000019207,0.25,8,2,-15.40483427734545,0.0,32.05691071594348,2.0801372570193033
71,17.47528400007683,4.368821000019207,0.25,8,3,-10.292930777522223,0.0,32.05691071594348,2.0801372570193033
71,17.47528400007683,4.368821000019207,0.25,8,4,-8.24810631501117,1.4878348470579328,32.05691071594348,2.0801372570193033
71,17.47528400007683,4.368821000019207,0.25,8,5,-8.24810631501117,-1.4878348470579328,32.05691071594348,2.0801372570193033
71,17.47528400007683,4.368821000019207,0.25,8,6,-7.028764875035106,0.0,32.05691071594348,2.0801372570193033
71,17.47528400007683,4.368821000019207,0.25,8,7,-7.099728338049932,0.0,32.05691071594348,2.0801372570193033
71,17.47528400007683,4.368821000019207,0.25,8,8,2.0801372570193033,0.0,32.05691071594348,2.0801372570193033
71,17.47528400007683,4.368821000019207,0.25,8,9,-3.5518267635989034,0.0,32.05691071594348,2.0801372570193033
71,17.47528400007683,4.368821000019207,0.25,8,10,-0.2742727566339216,0.0,32.05691071594348,2.0801372570193033
71,17.47528400007683,4.368821000019207,0.25,8,11,-0.26503682917018945,0.0,32.05691071594348,2.0801372570193033
71,17.47528400007683,4.368821000019207,0.25,8,12,-1.1961170160359715,0.0,32.05691071594348,2.0801372570193033
71,17.47528400007683,4.368821000019207,0.25,8,13,-1.6342170409501386,0.0,32.05691071594348,2.0801372570193033
71,17.47528400007683,4.368821000019207,0.25,8,14,-1.5853764035856583,0.013943618462096855,32.05691071594348,2.0801372570193033
71,17.47528400007683,4.368821000019207,0.25,8,15,-1.5853764035856583,-0.013943618462096855,32.05691071594348,2.0801372570193033
72,20.09233002565046,5.023082506412615,0.25,8,0,-22.738923903683606,0.0,31.26412584820938,2.2000526019052375
72,20.09233002565046,5.023082506412615,0.25,8,1,-22.57059657942252,0.0,31.26412584820938,2.2000526019052375
72,20.09233002565046,5.023082506412615,0.25,8,2,-16.984976705828835,0.0,31.26412584820938,2.2000526019052375
72,20.09233002565046,5.023082506412615,0.25,8,3,2.2000526019052375,0.0,31.26412584820938,2.2000526019052375
72,20.09233002565046,5.023082506412615,0.25,8,4,-10.395110222470972,0.0,31.26412584820938,2.2000526019052375
72,20.09233002565046,5.023082506412615,0.25,8,5,-8.512235238483665,1.797819141137518,31.26412584820938,2.2000526019052375
72,20.09233002565046,5.023082506412615,0.25,8,6,-8.512235238483665,-1.797819141137518,31.26412584820938,2.2000526019052375
72,20.09233002565046,5.023082506412615,0.25,8,7,-7.836747027799071,0.0,31.26412584820938,2.2000526019052375
72,20.09233002565046,5.023082506412615,0.25,8,8,-7.798085091699159,0.0,31.26412584820938,2.2000526019052375
72,20.09233002565046,5.023082506412615,0.25,8,9,-3.890343290467043,0.0,31.26412584820938,2.2000526019052375
72,20.09233002565046,5.023082506412615,0.25,8,10,-0.25756618249236746,0.0,31.26412584820938,2.2000526019052375
72,20.09233002565046,5.023082506412615,0.25,8,11,-0.25376267478124476,0.0,31.26412584820938,2.2000526019052375
72,20.09233002565046,5.023082506412615,0.25,8,12,-1.3996971807269922,0.0,31.26412584820938,2.2000526019052375
72,20.09233002565046,5.023082506412615,0.25,8,13,-1.657080306062342,0.0,31.26412584820938,2.2000526019052375
72,20.09233002565046,5.023082506412615,0.25,8,14,-1.6934355909321148,0.015018955182850178,31.26412584820938,2.2000526019052375
72,20.09233002565046,5.023082506412615,0.25,8,15,-1.6934355909321148,-0.015018955182850178,31.26412584820938,2.2000526019052375
73,23.10129700083158,5.775324250207895,0.25,8,0,-25.955008145406676,0.0,30.547883622429268,2.317006547341761
73,23.10129700083158,5.775324250207895,0.25,8,1,-26.346980278773405,0.0,30.547883622429268,2.317006547341761
73,23.10129700083158,5.775324250207895,0.25,8,2,-18.829998063166606,0.0,30.547883622429268,2.317006547341761
73,23.10129700083158,5.775324250207895,0.25,8,3,-10.855537587558421,0.0,30.547883622429268,2.317006547341761
73,23.10129700083158,5.775324250207895,0.25,8,4,-9.162936307363463,2.2392260707101066,30.547883622429268,2.317006547341761
73,23.10129700083158,5.775324250207895,0.25,8,5,-9.162936307363463,-2.2392260707101066,30.547883622429268,2.317006547341761
73,23.10129700083158,5.775324250207895,0.25,8,6,-8.67400045059842,0.0,30.547883622429268,2.317006547341761
73,23.10129700083158,5.775324250207895,0.25,8,7,-8.835856948070052,0.0,30.547883622429268,2.317006547341761
73,23.10129700083158,5.775324250207895,0.25,8,8,2.317006547341761,0.0,30.547883622429268,2.317006547341761
73,23.10129700083158,5.775324250207895,0.25,8,9,-4.303067214409811,0.0,30.547883622429268,2.317006547341761
73,23.10129700083158,5.775324250207895,0.25,8,10,-0.3461365322571942,0.0,30.547883622429268,2.317006547341761
73,23.10129700083158,5.775324250207895,0.25,8,11,-0.2939428224788354,0.0,30.547883622429268,2.317006547341761
73,23.10129700083158,5.775324250207895,0.25,8,12,-1.6400626104610092,0.0,30.547883622429268,2.317006547341761
73,23.10129700083158,5.775324250207895,0.25,8,13,-1.8630513992091446,0.0,30.547883622429268,2.317006547341761
73,23.10129700083158,5.775324250207895,0.25,8,14,-1.8366857642096406,0.021065783344407618,30.547883622429268,2.317006547341761
73,23.10129700083158,5.775324250207895,0.25,8,15,-1.8366857642096406,-0.021065783344407618,30.547883622429268,2.317006547341761
74,26.560877829466893,6.640219457366723,0.25,8,0,-30.829809579652963,0.0,29.805138326387002,2.440502430377805
74,26.560877829466893,6.640219457366723,0.25,8,1,-30.565305013050743,0.0,29.805138326387002,2.440502430377805
74,26.560877829466893,6.640219457366723,0.25,8,2,-21.029305485543418,0.0,29.805138326387002,2.440502430377805
74,26.560877829466893,6.640219457366723,0.25,8,3,-9.897642140437448,2.8597841714178465,29.805138326387002,2.440502430377805
74,26.560877829466893,6.640219457366723,0.25,8,4,-9.897642140437448,-2.8597841714178465,29.805138326387002,2.440502430377805
74,26.560877829466893,6.640219457366723,0.25,8,5,-11.297884728216948,0.0,29.805138326387002,2.440502430377805
74,26.560877829466893,6.640219457366723,0.25,8,6,-10.189726696160061,0.0,29.805138326387002,2.440502430377805
74,26.560877829466893,6.640219457366723,0.25,8,7,-10.080791028266235,0.0,29.805138326387002,2.440502430377805
74,26.560877829466893,6.640219457366723,0.25,8,8,2.440502430377805,0.0,29.805138326387002,2.440502430377805
74,26.560877829466893,6.640219457366723,0.25,8,9,-4.72134220452462,0.0,29.805138326387002,2.440502430377805
74,26.560877829466893,6.640219457366723,0.25,8,10,-0.3586853751615862,0.0,29.805138326387002,2.440502430377805
74,26.560877829466893,6.640219457366723,0.25,8,11,-0.3612953542472973,0.0,29.805138326387002,2.440502430377805
74,26.560877829466893,6.640219457366723,0.25,8,12,-1.8913163677737732,0.0,29.805138326387002,2.440502430377805
74,26.560877829466893,6.640219457366723,0.25,8,13,-2.1288566236475863,0.0,29.805138326387002,2.440502430377805
74,26.560877829466893,6.640219457366723,0.25,8,14,-2.041864281953334,0.02196404882621455,29.805138326387002,2.440502430377805
74,26.560877829466893,6.640219457366723,0.25,8,15,-2.041864281953334,-0.02196404882621455,29.805138326387002,2.440502430377805
75,30.538555088334185,7.634638772083546,0.25,8,0,-36.304792186218044,0.0,28.976547844790716,2.5586323361032566
75,30.538555088334185,7.634638772083546,0.25,8,1,-36.13648834950444,0.0,28.976547844790716,2.5586323361032566
75,30.538555088334185,7.634638772083546,0.25,8,2,-23.566850743363805,0.0,28.976547844790716,2.5586323361032566
75,30.538555088334185,7.634638772083546,0.25,8,3,-10.604467160811675,3.685866623123462,28.976547844790716,2.5586323361032566
75,30.538555088334185,7.634638772083546,0.25,8,4,-10.604467160811675,-3.685866623123462,28.976547844790716,2.5586323361032566
75,30.538555088334185,7.634638772083546,0.25,8,5,-11.577022366866897,0.0,28.976547844790716,2.5586323361032566
75,30.538555088334185,7.634638772083546,0.25,8,6,-11.931955835392158,0.0,28.976547844790716,2.5586323361032566
75,30.538555088334185,7.634638772083546,0.25,8,7,-12.017431644810955,0.0,28.976547844790716,2.5586323361032566
75,30.538555088334185,7.634638772083546,0.25,8,8,2.5586323361032566,0.0,28.976547844790716,2.5586323361032566
75,30.538555088334185,7.634638772083546,0.25,8,9,-5.193606848971577,0.0,28.976547844790716,2.5586323361032566
75,30.538555088334185,7.634638772083546,0.25,8,10,-0.363441889812094,0.002322455349207378,28.976547844790716,2.5586323361032566
75,30.538555088334185,7.634638772083546,0.25,8,11,-0.363441889812094,-0.002322455349207378,28.976547844790716,2.5586323361032566
75,30.538555088334185,7.634638772083546,0.25,8,12,-2.2626635164474878,0.0,28.976547844790716,2.5586323361032566
75,30.538555088334185,7.634638772083546,0.25,8,13,-2.3338328347908326,0.0,28.976547844790716,2.5586323361032566
75,30.538555088334185,7.634638772083546,0.25,8,14,-2.3094894394691745,0.017703640598777312,28.976547844790716,2.5586323361032566
75,30.538555088334185,7.634638772083546,0.25,8,15,-2.3094894394691745,-0.017703640598777312,28.976547844790716,2.5586323361032566
76,35.111917342151344,8.777979335537836,0.25,8,0,-51.36221301372133,2.4800134556315316,30.958373668254197,-1.1543873227323251
76,35.111917342151344,8.777979335537836,0.25,8,1,-51.36221301372133,-2.4800134556315316,30.958373668254197,-1.1543873227323251
76,35.111917342151344,8.777979335537836,0.25,8,2,-41.6404063154004,0.0,30.958373668254197,-1.1543873227323251
76,35.111917342151344,8.777979335537836,0.25,8,3,-27.046477439555225,0.0,30.958373668254197,-1.1543873227323251
76,35.111917342151344,8.777979335537836,0.25,8,4,-19.292617124269405,7.510571586733497,30.958373668254197,-1.1543873227323251
76,35.111917342151344,8.777979335537836,0.25,8,5,-19.292617124269405,-7.510571586733497,30.958373668254197,-1.1543873227323251
76,35.111917342151344,8.777979335537836,0.25,8,6,-10.057946771456939,0.0,30.958373668254197,-1.1543873227323251
76,35.111917342151344,8.777979335537836,0.25,8,7,-6.9710302846838506,0.0,30.958373668254197,-1.1543873227323251
76,35.111917342151344,8.777979335537836,0.25,8,8,-5.300423244469224,0.2777509364092724,30.958373668254197,-1.1543873227323251
76,35.111917342151344,8.777979335537836,0.25,8,9,-5.300423244469224,-0.2777509364092724,30.958373668254197,-1.1543873227323251
76,35.111917342151344,8.777979335537836,0.25,8,10,-1.1543873227323251,0.0,30.958373668254197,-1.1543873227323251
76,35.111917342151344,8.777979335537836,0.25,8,11,-2.085142472781611,0.0,30.958373668254197,-1.1543873227323251
76,35.111917342151344,8.777979335537836,0.25,8,12,-2.9596447441464218,0.5800884798314755,30.958373668254197,-1.1543873227323251
76,35.111917342151344,8.777979335537836,0.25,8,13,-2.9596447441464218,-0.5800884798314755,30.958373668254197,-1.1543873227323251
76,35.111917342151344,8.777979335537836,0.25,8,14,-3.298586082978522,0.2232623130741998,30.958373668254197,-1.1543873227323251
76,35.111917342151344,8.777979335537836,0.25,8,15,-3.298586082978522,-0.2232623130741998,30.958373668254197,-1.1543873227323251
77,40.37017258596558,10.092543146491394,0.25,8,0,-68.39580524340299,0.0,35.37234034501367,-1.0163335686455208
77,40.37017258596558,10.092543146491394,0.25,8,1,-58.12039020545106,0.5677871661985707,35.37234034501367,-1.0163335686455208
77,40.37017258596558,10.092543146491394,0.25,8,2,-58.12039020545106,-0.5677871661985707,35.37234034501367,-1.0163335686455208
77,40.37017258596558,10.092543146491394,0.25,8,3,-40.57378595224723,7.243589527312397,35.37234034501367,-1.0163335686455208
77,40.37017258596558,10.092543146491394,0.25,8,4,-40.57378595224723,-7.243589527312397,35.37234034501367,-1.0163335686455208
77,40.37017258596558,10.092543146491394,0.25,8,5,-23.122471314070065,0.0,35.37234034501367,-1.0163335686455208
77,40.37017258596558,10.092543146491394,0.25,8,6,-16.748551617287077,0.0,35.37234034501367,-1.0163335686455208
77,40.37017258596558,10.092543146491394,0.25,8,7,-6.285647591628673,0.0,35.37234034501367,-1.0163335686455208
77,40.37017258596558,10.092543146491394,0.25,8,8,-4.2189225479204415,0.0,35.37234034501367,-1.0163335686455208
77,40.37017258596558,10.092543146491394,0.25,8,9,-1.0163335686455208,0.0,35.37234034501367,-1.0163335686455208
77,40.37017258596558,10.092543146491394,0.25,8,10,-1.1837666346160467,0.0,35.37234034501367,-1.0163335686455208
77,40.37017258596558,10.092543146491394,0.25,8,11,-2.6736329274437205,0.7744429766117342,35.37234034501367,-1.0163335686455208
77,40.37017258596558,10.092543146491394,0.25,8,12,-2.6736329274437205,-0.7744429766117342,35.37234034501367,-1.0163335686455208
77,40.37017258596558,10.092543146491394,0.25,8,13,-2.2181712125143505,0.0,35.37234034501367,-1.0163335686455208
77,40.37017258596558,10.092543146491394,0.25,8,14,-3.0178969939264593,0.3911109024080038,35.37234034501367,-1.0163335686455208
77,40.37017258596558,10.092543146491394,0.25,8,15,-3.0178969939264593,-0.3911109024080038,35.37234034501367,-1.0163335686455208
78,46.41588833612782,11.603972084031955,0.25,8,0,-66.55706848191814,2.873599128185135,29.157631654061955,-1.2166061474426604
78,46.41588833612782,11.603972084031955,0.25,8,1,-66.55706848191814,-2.873599128185135,29.157631654061955,-1.2166061474426604
78,46.41588833612782,11.603972084031955,0.25,8,2,-47.95714130136871,0.0,29.157631654061955,-1.2166061474426604
78,46.41588833612782,11.603972084031955,0.25,8,3,-37.17598704546536,0.0,29.157631654061955,-1.2166061474426604
78,46.41588833612782,11.603972084031955,0.25,8,4,-20.204991626472367,9.528074524589444,29.157631654061955,-1.2166061474426604
78,46.41588833612782,11.603972084031955,0.25,8,5,-20.204991626472367,-9.528074524589444,29.157631654061955,-1.2166061474426604
78,46.41588833612782,11.603972084031955,0.25,8,6,-9.93936376352767,0.0,29.157631654061955,-1.2166061474426604
78,46.41588833612782,11.603972084031955,0.25,8,7,-1.2166061474426604,0.0,29.157631654061955,-1.2166061474426604
78,46.41588833612782,11.603972084031955,0.25,8,8,-8.239202016729774,0.0,29.157631654061955,-1.2166061474426604
78,46.41588833612782,11.603972084031955,0.25,8,9,-2.4606446739123227,0.0,29.157631654061955,-1.2166061474426604
78,46.41588833612782,11.603972084031955,0.25,8,10,-6.612019978759074,0.15584038168920752,29.157631654061955,-1.2166061474426604
78,46.41588833612782,11.603972084031955,0.25,8,11,-6.612019978759074,-0.15584038168920752,29.157631654061955,-1.2166061474426604
78,46.41588833612782,11.603972084031955,0.25,8,12,-4.126212514771938,0.30699402141177196,29.157631654061955,-1.2166061474426604
78,46.41588833612782,11.603972084031955,0.25,8,13,-4.126212514771938,-0.30699402141177196,29.157631654061955,-1.2166061474426604
78,46.41588833612782,11.603972084031955,0.25,8,14,-4.986375247791363,0.3100580708134459,29.157631654061955,-1.2166061474426604
78,46.41588833612782,11.603972084031955,0.25,8,15,-4.986375247791363,-0.3100580708134459,29.157631654061955,-1.2166061474426604
79,53.366992312063125,13.341748078015781,0.25,8,0,-76.98237584599438,3.5074108926389282,28.293495978624527,-1.6068643586113698
79,53.366992312063125,13.341748078015781,0.25,8,1,-76.98237584599438,-3.5074108926389282,28.293495978624527,-1.6068643586113698
79,53.366992312063125,13.341748078015781,0.25,8,2,-52.06232098060709,0.0,28.293495978624527,-1.6068643586113698
79,53.366992312063125,13.341748078015781,0.25,8,3,-42.31905585921056,0.0,28.293495978624527,-1.6068643586113698
79,53.366992312063125,13.341748078015781,0.25,8,4,-21.89791559205147,11.320720810164595,28.293495978624527,-1.6068643586113698
79,53.366992312063125,13.341748078015781,0.25,8,5,-21.89791559205147,-11.320720810164595,28.293495978624527,-1.6068643586113698
79,53.366992312063125,13.341748078015781,0.25,8,6,-10.893845686283619,0.0,28.293495978624527,-1.6068643586113698
79,53.366992312063125,13.341748078015781,0.25,8,7,-10.40249371688223,0.0,28.293495978624527,-1.6068643586113698
79,53.366992312063125,13.341748078015781,0.25,8,8,-1.6068643586113698,0.0,28.293495978624527,-1.6068643586113698
79,53.366992312063125,13.341748078015781,0.25,8,9,-2.6031126381199874,0.0,28.293495978624527,-1.6068643586113698
79,53.366992312063125,13.341748078015781,0.25,8,10,-3.6421415656182643,0.0,28.293495978624527,-1.6068643586113698
79,53.366992312063125,13.341748078015781,0.25,8,11,-5.542227010093049,0.0,28.293495978624527,-1.6068643586113698
79,53.366992312063125,13.341748078015781,0.25,8,12,-5.731687373566007,0.3916930454395241,28.293495978624527,-1.6068643586113698
79,53.366992312063125,13.341748078015781,0.25,8,13,-5.731687373566007,-0.3916930454395241,28.293495978624527,-1.6068643586113698
79,53.366992312063125,13.341748078015781,0.25,8,14,-7.160355903084439,0.018929620206453147,28.293495978624527,-1.6068643586113698
79,53.366992312063125,13.341748078015781,0.25,8,15,-7.160355903084439,-0.018929620206453147,28.293495978624527,-1.6068643586113698
80,61.35907273413176,15.33976818353294,0.25,8,0,-89.5359502175734,4.332092531403045,26.90395862116851,-1.6749873622167544
80,61.35907273413176,15.33976818353294,0.25,8,1,-89.5359502175734,-4.332092531403045,26.90395862116851,-1.6749873622167544
80,61.35907273413176,15.33976818353294,0.25,8,2,-54.6403003059082,0.0,26.90395862116851,-1.6749873622167544
80,61.35907273413176,15.33976818353294,0.25,8,3,-49.30286872461321,0.0,26.90395862116851,-1.6749873622167544
80,61.35907273413176,15.33976818353294,0.25,8,4,-22.714812084921142,12.870981985140014,26.90395862116851,-1.6749873622167544
80,61.35907273413176,15.33976818353294,0.25,8,5,-22.714812084921142,-12.870981985140014,26.90395862116851,-1.6749873622167544
80,61.35907273413176,15.33976818353294,0.25,8,6,-13.328802410308722,0.0,26.90395862116851,-1.6749873622167544
80,61.35907273413176,15.33976818353294,0.25,8,7,-12.275060911020413,0.0,26.90395862116851,-1.6749873622167544
80,61.35907273413176,15.33976818353294,0.25,8,8,-1.6749873622167544,0.0,26.90395862116851,-1.6749873622167544
80,61.35907273413176,15.33976818353294,0.25,8,9,-2.43425126932805,0.0,26.90395862116851,-1.6749873622167544
80,61.35907273413176,15.33976818353294,0.25,8,10,-3.3819162936999603,0.0,26.90395862116851,-1.6749873622167544
80,61.35907273413176,15.33976818353294,0.25,8,11,-6.700638513085491,0.0,26.90395862116851,-1.6749873622167544
80,61.35907273413176,15.33976818353294,0.25,8,12,-6.939515113129314,0.5063826818145142,26.90395862116851,-1.6749873622167544
80,61.35907273413176,15.33976818353294,0.25,8,13,-6.939515113129314,-0.5063826818145142,26.90395862116851,-1.6749873622167544
80,61.35907273413176,15.33976818353294,0.25,8,14,-7.351978673849784,0.09572066707695492,26.90395862116851,-1.6749873622167544
80,61.35907273413176,15.33976818353294,0.25,8,15,-7.351978673849784,-0.09572066707695492,26.90395862116851,-1.6749873622167544
81,70.54802310718645,17.637005776796613,0.25,8,0,-104.52275320706231,1.489788651682823,25.785265565733198,-1.9483431599661774
81,70.54802310718645,17.637005776796613,0.25,8,1,-104.52275320706231,-1.489788651682823,25.785265565733198,-1.9483431599661774
81,70.54802310718645,17.637005776796613,0.25,8,2,-59.83106693775078,0.0,25.785265565733198,-1.9483431599661774
81,70.54802310718645,17.637005776796613,0.25,8,3,-59.045685685715036,0.0,25.785265565733198,-1.9483431599661774
81,70.54802310718645,17.637005776796613,0.25,8,4,-24.61769141776785,13.377768649573817,25.785265565733198,-1.9483431599661774
81,70.54802310718645,17.637005776796613,0.25,8,5,-24.61769141776785,-13.377768649573817,25.785265565733198,-1.9483431599661774
81,70.54802310718645,17.637005776796613,0.25,8,6,-17.92775738277083,0.0,25.785265565733198,-1.9483431599661774
81,70.54802310718645,17.637005776796613,0.25,8,7,-12.691655405434243,0.0,25.785265565733198,-1.9483431599661774
81,70.54802310718645,17.637005776796613,0.25,8,8,-1.9483431599661774,0.0,25.785265565733198,-1.9483431599661774
81,70.54802310718645,17.637005776796613,0.25,8,9,-2.8071750944729907,0.0,25.785265565733198,-1.9483431599661774
81,70.54802310718645,17.637005776796613,0.25,8,10,-3.6766829798624276,0.0,25.785265565733198,-1.9483431599661774
81,70.54802310718645,17.637005776796613,0.25,8,11,-9.670116152319826,0.0,25.785265565733198,-1.9483431599661774
81,70.54802310718645,17.637005776796613,0.25,8,12,-8.585219864389778,0.0,25.785265565733198,-1.9483431599661774
81,70.54802310718645,17.637005776796613,0.25,8,13,-7.310152932313601,0.6092507804801187,25.785265565733198,-1.9483431599661774
81,70.54802310718645,17.637005776796613,0.25,8,14,-7.310152932313601,-0.6092507804801187,25.785265565733198,-1.9483431599661774
81,70.54802310718645,17.637005776796613,0.25,8,15,-6.398521692106177,0.0,25.785265565733198,-1.9483431599661774
82,81.11308307896873,20.278270769742182,0.25,8,0,-112.69981226176156,0.0,32.93769336884995,-2.611507509278523
82,81.11308307896873,20.278270769742182,0.25,8,1,-94.88374367610233,0.0,32.93769336884995,-2.611507509278523
82,81.11308307896873,20.278270769742182,0.25,8,2,-82.93888784140906,0.0,32.93769336884995,-2.611507509278523
82,81.11308307896873,20.278270769742182,0.25,8,3,-58.01946951026475,0.0,32.93769336884995,-2.611507509278523
82,81.11308307896873,20.278270769742182,0.25,8,4,-36.020800798148066,0.0,32.93769336884995,-2.611507509278523
82,81.11308307896873,20.278270769742182,0.25,8,5,-34.37785813528134,0.0,32.93769336884995,-2.611507509278523
82,81.11308307896873,20.278270769742182,0.25,8,6,-22.682088925589962,0.0,32.93769336884995,-2.611507509278523
82,81.11308307896873,20.278270769742182,0.25,8,7,-2.611507509278523,0.0,32.93769336884995,-2.611507509278523
82,81.11308307896873,20.278270769742182,0.25,8,8,-2.94023222432784,0.0,32.93769336884995,-2.611507509278523
82,81.11308307896873,20.278270769742182,0.25,8,9,-3.7617018579483266,0.0,32.93769336884995,-2.611507509278523
82,81.11308307896873,20.278270769742182,0.25,8,10,-3.9833860246182193,0.0,32.93769336884995,-2.611507509278523
82,81.11308307896873,20.278270769742182,0.25,8,11,-6.8687116975830556,0.0,32.93769336884995,-2.611507509278523
82,81.11308307896873,20.278270769742182,0.25,8,12,-8.686006246590539,0.0,32.93769336884995,-2.611507509278523
82,81.11308307896873,20.278270769742182,0.25,8,13,-8.34107684482712,0.0,32.93769336884995,-2.611507509278523
82,81.11308307896873,20.278270769742182,0.25,8,14,-7.760130026137629,0.2671780112936868,32.93769336884995,-2.611507509278523
82,81.11308307896873,20.278270769742182,0.25,8,15,-7.760130026137629,-0.2671780112936868,32.93769336884995,-2.611507509278523
83,93.26033468832199,23.315083672080497,0.25,8,0,-117.32664451282106,0.0,34.84699604978666,-3.8200717478294917
83,93.26033468832199,23.315083672080497,0.25,8,1,-115.28402350003522,0.0,34.84699604978666,-3.8200717478294917
83,93.26033468832199,23.315083672080497,0.25,8,2,-107.83639522321012,0.0,34.84699604978666,-3.8200717478294917
83,93.26033468832199,23.315083672080497,0.25,8,3,-50.59548090807724,0.0,34.84699604978666,-3.8200717478294917
83,93.26033468832199,23.315083672080497,0.25,8,4,-36.43938384681038,0.0,34.84699604978666,-3.8200717478294917
83,93.26033468832199,23.315083672080497,0.25,8,5,-33.0344717892051,0.0,34.84699604978666,-3.8200717478294917
83,93.26033468832199,23.315083672080497,0.25,8,6,-27.497792122160682,0.0,34.84699604978666,-3.8200717478294917
83,93.26033468832199,23.315083672080497,0.25,8,7,-12.528251853396489,0.0,34.84699604978666,-3.8200717478294917
83,93.26033468832199,23.315083672080497,0.25,8,8,-9.144869691727425,0.0,34.84699604978666,-3.8200717478294917
83,93.26033468832199,23.315083672080497,0.25,8,9,-8.984356783157473,0.0,34.84699604978666,-3.8200717478294917
83,93.26033468832199,23.315083672080497,0.25,8,10,-6.118933856402867,0.0,34.84699604978666,-3.8200717478294917
83,93.26033468832199,23.315083672080497,0.25,8,11,-3.962898285137399,0.4497968485341596,34.84699604978666,-3.8200717478294917
83,93.26033468832199,23.315083672080497,0.25,8,12,-3.962898285137399,-0.4497968485341596,34.84699604978666,-3.8200717478294917
83,93.26033468832199,23.315083672080497,0.25,8,13,-3.8200717478294917,0.0,34.84699604978666,-3.8200717478294917
83,93.26033468832199,23.315083672080497,0.25,8,14,-4.92198522001281,0.0,34.84699604978666,-3.8200717478294917
83,93.26033468832199,23.315083672080497,0.25,8,15,-4.314759811596626,0.0,34.84699604978666,-3.8200717478294917
84,107.22672220103232,26.80668055025808,0.25,8,0,-155.445682853891,0.0,25.82798610468103,4.39965558472936
84,107.22672220103232,26.80668055025808,0.25,8,1,-104.3964627152892,0.0,25.82798610468103,4.39965558472936
84,107.22672220103232,26.80668055025808,0.25,8,2,-83.97553658044174,0.0,25.82798610468103,4.39965558472936
84,107.22672220103232,26.80668055025808,0.25,8,3,-53.88969749939299,2.1180437289970855,25.82798610468103,4.39965558472936
84,107.22672220103232,26.80668055025808,0.25,8,4,-53.88969749939299,-2.1180437289970855,25.82798610468103,4.39965558472936
84,107.22672220103232,26.80668055025808,0.25,8,5,-38.24149118832301,0.0,25.82798610468103,4.39965558472936
84,107.22672220103232,26.80668055025808,0.25,8,6,-28.396017933433185,0.0,25.82798610468103,4.39965558472936
84,107.22672220103232,26.80668055025808,0.25,8,7,4.39965558472936,0.0,25.82798610468103,4.39965558472936
84,107.22672220103232,26.80668055025808,0.25,8,8,-20.100641672618867,0.0,25.82798610468103,4.39965558472936
84,107.22672220103232,26.80668055025808,0.25,8,9,-16.752830678843146,0.0,25.82798610468103,4.39965558472936
84,107.22672220103232,26.80668055025808,0.25,8,10,-4.103582129830457,6.366571408578627,25.82798610468103,4.39965558472936
84,107.22672220103232,26.80668055025808,0.25,8,11,-4.103582129830457,-6.366571408578627,25.82798610468103,4.39965558472936
84,107.22672220103232,26.80668055025808,0.25,8,12,-3.651002428631073,0.0,25.82798610468103,4.39965558472936
84,107.22672220103232,26.80668055025808,0.25,8,13,-4.152131271046078,0.0,25.82798610468103,4.39965558472936
84,107.22672220103232,26.80668055025808,0.25,8,14,-8.435451365912915,0.0,25.82798610468103,4.39965558472936
84,107.22672220103232,26.80668055025808,0.25,8,15,-6.86378391563997,0.0,25.82798610468103,4.39965558472936
85,123.28467394420659,30.821168486051647,0.25,8,0,-212.43569978371647,0.0,16.352346895939043,7.10308397337574
85,123.28467394420659,30.821168486051647,0.25,8,1,-143.79078176402382,0.0,16.352346895939043,7.10308397337574
85,123.28467394420659,30.821168486051647,0.25,8,2,-100.870608582803,0.0,16.352346895939043,7.10308397337574
85,123.28467394420659,30.821168486051647,0.25,8,3,-83.43935603660269,0.0,16.352346895939043,7.10308397337574
85,123.28467394420659,30.821168486051647,0.25,8,4,-42.11128161461647,5.134996015691303,16.352346895939043,7.10308397337574
85,123.28467394420659,30.821168486051647,0.25,8,5,-42.11128161461647,-5.134996015691303,16.352346895939043,7.10308397337574
85,123.28467394420659,30.821168486051647,0.25,8,6,7.10308397337574,0.0,16.352346895939043,7.10308397337574
85,123.28467394420659,30.821168486051647,0.25,8,7,-31.776232112317434,0.0,16.352346895939043,7.10308397337574
85,123.28467394420659,30.821168486051647,0.25,8,8,-24.322465960708087,5.095373290105669,16.352346895939043,7.10308397337574
85,123.28467394420659,30.821168486051647,0.25,8,9,-24.322465960708087,-5.095373290105669,16.352346895939043,7.10308397337574
85,123.28467394420659,30.821168486051647,0.25,8,10,-0.49117342910738665,1.177037921676614,16.352346895939043,7.10308397337574
85,123.28467394420659,30.821168486051647,0.25,8,11,-0.49117342910738665,-1.177037921676614,16.352346895939043,7.10308397337574
85,123.28467394420659,30.821168486051647,0.25,8,12,-4.52580362169377,0.0,16.352346895939043,7.10308397337574
85,123.28467394420659,30.821168486051647,0.25,8,13,-8.443160654350072,0.0,16.352346895939043,7.10308397337574
85,123.28467394420659,30.821168486051647,0.25,8,14,-19.64871918212469,0.0,16.352346895939043,7.10308397337574
85,123.28467394420659,30.821168486051647,0.25,8,15,-16.607215294648405,0.0,16.352346895939043,7.10308397337574
86,141.74741629268047,35.43685407317012,0.25,8,0,-174.55401011722887,0.0,9.014233194047346,26.914771375945847
86,141.74741629268047,35.43685407317012,0.25,8,1,-145.45374316415635,0.0,9.014233194047346,26.914771375945847
86,141.74741629268047,35.43685407317012,0.25,8,2,-91.00027503708282,10.16390726090531,9.014233194047346,26.914771375945847
86,141.74741629268047,35.43685407317012,0.25,8,3,-91.00027503708282,-10.16390726090531,9.014233194047346,26.914771375945847
86,141.74741629268047,35.43685407317012,0.25,8,4,26.914771375945847,0.0,9.014233194047346,26.914771375945847
86,141.74741629268047,35.43685407317012,0.25,8,5,22.53685058953267,0.0,9.014233194047346,26.914771375945847
86,141.74741629268047,35.43685407317012,0.25,8,6,15.662892436815982,0.0,9.014233194047346,26.914771375945847
86,141.74741629268047,35.43685407317012,0.25,8,7,11.611191417180137,0.0,9.014233194047346,26.914771375945847
86,141.74741629268047,35.43685407317012,0.25,8,8,-55.25614864124178,0.0,9.014233194047346,26.914771375945847
86,141.74741629268047,35.43685407317012,0.25,8,9,-47.70135212745447,0.0,9.014233194047346,26.914771375945847
86,141.74741629268047,35.43685407317012,0.25,8,10,-45.327553463994164,0.0,9.014233194047346,26.914771375945847
86,141.74741629268047,35.43685407317012,0.25,8,11,-31.670672845961384,0.0,9.014233194047346,26.914771375945847
86,141.74741629268047,35.43685407317012,0.25,8,12,-13.486506908607083,0.0,9.014233194047346,26.914771375945847
86,141.74741629268047,35.43685407317012,0.25,8,13,-18.553099659753247,0.0,9.014233194047346,26.914771375945847
86,141.74741629268047,35.43685407317012,0.25,8,14,-25.15291001306052,0.0,9.014233194047346,26.914771375945847
86,141.74741629268047,35.43685407317012,0.25,8,15,-22.368355658432584,0.0,9.014233194047346,26.914771375945847
87,162.97508346206433,40.74377086551608,0.25,8,0,13976.105787855066,0.0,6.090229313495134,13976.105787855066
87,162.97508346206433,40.74377086551608,0.25,8,1,-230.71038885892239,0.0,6.090229313495134,13976.105787855066
87,162.97508346206433,40.74377086551608,0.25,8,2,-190.66893145395701,0.0,6.090229313495134,13976.105787855066
87,162.97508346206433,40.74377086551608,0.25,8,3,-204.6446974993066,0.0,6.090229313495134,13976.105787855066
87,162.97508346206433,40.74377086551608,0.25,8,4,-122.53349753471551,0.0,6.090229313495134,13976.105787855066
87,162.97508346206433,40.74377086551608,0.25,8,5,-81.29312501568712,0.0,6.090229313495134,13976.105787855066
87,162.97508346206433,40.74377086551608,0.25,8,6,30.495438197328976,0.0,6.090229313495134,13976.105787855066
87,162.97508346206433,40.74377086551608,0.25,8,7,16.450161363333446,0.0,6.090229313495134,13976.105787855066
87,162.97508346206433,40.74377086551608,0.25,8,8,-2.2093616101052675,0.0,6.090229313495134,13976.105787855066
87,162.97508346206433,40.74377086551608,0.25,8,9,-4.849247627407567,0.0,6.090229313495134,13976.105787855066
87,162.97508346206433,40.74377086551608,0.25,8,10,-13.502444328208762,0.0,6.090229313495134,13976.105787855066
87,162.97508346206433,40.74377086551608,0.25,8,11,-43.56682031328492,2.9102552297750495,6.090229313495134,13976.105787855066
87,162.97508346206433,40.74377086551608,0.25,8,12,-43.56682031328492,-2.9102552297750495,6.090229313495134,13976.105787855066
87,162.97508346206433,40.74377086551608,0.25,8,13,-25.882618418171592,0.0,6.090229313495134,13976.105787855066
87,162.97508346206433,40.74377086551608,0.25,8,14,-34.39954075367144,1.322606797000061,6.090229313495134,13976.105787855066
87,162.97508346206433,40.74377086551608,0.25,8,15,-34.39954075367144,-1.322606797000061,6.090229313495134,13976.105787855066
88,187.3817422860383,46.845435571509576,0.25,8,0,-300.7892133046555,0.0,5.1491784924128865,43.50657592304492
88,187.3817422860383,46.845435571509576,0.25,8,1,-315.4410007572258,0.0,5.1491784924128865,43.50657592304492
88,187.3817422860383,46.845435571509576,0.25,8,2,-149.23394295015774,0.0,5.1491784924128865,43.50657592304492
88,187.3817422860383,46.845435571509576,0.25,8,3,-126.99394038241039,0.0,5.1491784924128865,43.50657592304492
88,187.3817422860383,46.845435571509576,0.25,8,4,43.50657592304492,0.0,5.1491784924128865,43.50657592304492
88,187.3817422860383,46.845435571509576,0.25,8,5,39.88808823062258,0.0,5.1491784924128865,43.50657592304492
88,187.3817422860383,46.845435571509576,0.25,8,6,-65.09311628477244,2.0378353852882616,5.1491784924128865,43.50657592304492
88,187.3817422860383,46.845435571509576,0.25,8,7,-65.09311628477244,-2.0378353852882616,5.1491784924128865,43.50657592304492
88,187.3817422860383,46.845435571509576,0.25,8,8,10.575745414395298,0.0,5.1491784924128865,43.50657592304492
88,187.3817422860383,46.845435571509576,0.25,8,9,-48.30683521842435,0.0,5.1491784924128865,43.50657592304492
88,187.3817422860383,46.845435571509576,0.25,8,10,-10.173094195736725,0.0,5.1491784924128865,43.50657592304492
88,187.3817422860383,46.845435571509576,0.25,8,11,-13.085198248644064,0.0,5.1491784924128865,43.50657592304492
88,187.3817422860383,46.845435571509576,0.25,8,12,-16.04359894453631,0.0,5.1491784924128865,43.50657592304492
88,187.3817422860383,46.845435571509576,0.25,8,13,-25.197913683164387,0.0,5.1491784924128865,43.50657592304492
88,187.3817422860383,46.845435571509576,0.25,8,14,-36.628010993093596,2.481728251685059,5.1491784924128865,43.50657592304492
88,187.3817422860383,46.845435571509576,0.25,8,15,-36.628010993093596,-2.481728251685059,5.1491784924128865,43.50657592304492
89,215.44346900318865,53.86086725079716,0.25,8,0,-310.6153066251842,0.0,6.21338074019089,23.790961334399324
89,215.44346900318865,53.86086725079716,0.25,8,1,-210.31697924042413,0.0,6.21338074019089,23.790961334399324
89,215.44346900318865,53.86086725079716,0.25,8,2,-129.77943845070868,0.0,6.21338074019089,23.790961334399324
89,215.44346900318865,53.86086725079716,0.25,8,3,-110.17721947213386,0.0,6.21338074019089,23.790961334399324
89,215.44346900318865,53.86086725079716,0.25,8,4,-83.7253388501033,0.0,6.21338074019089,23.790961334399324
89,215.44346900318865,53.86086725079716,0.25,8,5,-57.367898291466894,0.2967600976676716,6.21338074019089,23.790961334399324
89,215.44346900318865,53.86086725079716,0.25,8,6,-57.367898291466894,-0.2967600976676716,6.21338074019089,23.790961334399324
89,215.44346900318865,53.86086725079716,0.25,8,7,-35.90900871656231,0.9632954312348665,6.21338074019089,23.790961334399324
89,215.44346900318865,53.86086725079716,0.25,8,8,-35.90900871656231,-0.9632954312348665,6.21338074019089,23.790961334399324
89,215.44346900318865,53.86086725079716,0.25,8,9,-25.316599835747567,2.6427538616125803,6.21338074019089,23.790961334399324
89,215.44346900318865,53.86086725079716,0.25,8,10,-25.316599835747567,-2.6427538616125803,6.21338074019089,23.790961334399324
89,215.44346900318865,53.86086725079716,0.25,8,11,1.2415269545678898,0.0,6.21338074019089,23.790961334399324
89,215.44346900318865,53.86086725079716,0.25,8,12,23.790961334399324,0.0,6.21338074019089,23.790961334399324
89,215.44346900318865,53.86086725079716,0.25,8,13,20.736335471003336,0.0,6.21338074019089,23.790961334399324
89,215.44346900318865,53.86086725079716,0.25,8,14,14.438694022623647,0.8609530468282321,6.21338074019089,23.790961334399324
89,215.44346900318865,53.86086725079716,0.25,8,15,14.438694022623647,-0.8609530468282321,6.21338074019089,23.790961334399324
90,247.7076355991714,61.92690889979285,0.25,8,0,-282.86162139487607,0.0,18.7440252292015,57.99083661133708
90,247.7076355991714,61.92690889979285,0.25,8,1,-253.38252034715327,0.0,18.7440252292015,57.99083661133708
90,247.7076355991714,61.92690889979285,0.25,8,2,57.99083661133708,0.0,18.7440252292015,57.99083661133708
90,247.7076355991714,61.92690889979285,0.25,8,3,47.08720627687978,0.0,18.7440252292015,57.99083661133708
90,247.7076355991714,61.92690889979285,0.25,8,4,34.92313788093042,0.0,18.7440252292015,57.99083661133708
90,247.7076355991714,61.92690889979285,0.25,8,5,14.19851187682112,0.0,18.7440252292015,57.99083661133708
90,247.7076355991714,61.92690889979285,0.25,8,6,-128.74216268840397,0.0,18.7440252292015,57.99083661133708
90,247.7076355991714,61.92690889979285,0.25,8,7,-114.49827902088711,0.0,18.7440252292015,57.99083661133708
90,247.7076355991714,61.92690889979285,0.25,8,8,-82.32154085242107,0.0,18.7440252292015,57.99083661133708
90,247.7076355991714,61.92690889979285,0.25,8,9,-80.52052094189382,0.0,18.7440252292015,57.99083661133708
90,247.7076355991714,61.92690889979285,0.25,8,10,-72.79527233306126,0.0,18.7440252292015,57.99083661133708
90,247.7076355991714,61.92690889979285,0.25,8,11,-59.70555381388808,0.0,18.7440252292015,57.99083661133708
90,247.7076355991714,61.92690889979285,0.25,8,12,-56.15074731164507,0.0,18.7440252292015,57.99083661133708
90,247.7076355991714,61.92690889979285,0.25,8,13,-48.98171426488219,0.0,18.7440252292015,57.99083661133708
90,247.7076355991714,61.92690889979285,0.25,8,14,-30.639774916877396,0.0,18.7440252292015,57.99083661133708
90,247.7076355991714,61.92690889979285,0.25,8,15,-36.19590160356318,0.0,18.7440252292015,57.99083661133708
91,284.8035868435805,71.20089671089512,0.25,8,0,-361.7772248802322,0.0,7.996421896662213,42.95677321156905
91,284.8035868435805,71.20089671089512,0.25,8,1,-273.1214173322948,0.0,7.996421896662213,42.95677321156905
91,284.8035868435805,71.20089671089512,0.25,8,2,-234.4191201067826,0.0,7.996421896662213,42.95677321156905
91,284.8035868435805,71.20089671089512,0.25,8,3,-156.30293612457953,0.0,7.996421896662213,42.95677321156905
91,284.8035868435805,71.20089671089512,0.25,8,4,-106.93262978764915,0.0,7.996421896662213,42.95677321156905
91,284.8035868435805,71.20089671089512,0.25,8,5,-92.88814410082111,0.0,7.996421896662213,42.95677321156905
91,284.8035868435805,71.20089671089512,0.25,8,6,42.95677321156905,0.0,7.996421896662213,42.95677321156905
91,284.8035868435805,71.20089671089512,0.25,8,7,30.22589181375219,0.0,7.996421896662213,42.95677321156905
91,284.8035868435805,71.20089671089512,0.25,8,8,25.801419577258724,0.0,7.996421896662213,42.95677321156905
91,284.8035868435805,71.20089671089512,0.25,8,9,8.647539029793055,0.0,7.996421896662213,42.95677321156905
91,284.8035868435805,71.20089671089512,0.25,8,10,-66.4411521849104,0.0,7.996421896662213,42.95677321156905
91,284.8035868435805,71.20089671089512,0.25,8,11,-8.455158314352554,0.0,7.996421896662213,42.95677321156905
91,284.8035868435805,71.20089671089512,0.25,8,12,-52.185000819498896,0.0,7.996421896662213,42.95677321156905
91,284.8035868435805,71.20089671089512,0.25,8,13,-40.81361268055613,0.0,7.996421896662213,42.95677321156905
91,284.8035868435805,71.20089671089512,0.25,8,14,-27.078414953250373,2.5899223526286996,7.996421896662213,42.95677321156905
91,284.8035868435805,71.20089671089512,0.25,8,15,-27.078414953250373,-2.5899223526286996,7.996421896662213,42.95677321156905
92,327.4549162877732,81.8637290719433,0.25,8,0,-493.177528518851,0.0,4.497003375941626,75.83331145296468
92,327.4549162877732,81.8637290719433,0.25,8,1,-432.3880023498628,0.0,4.497003375941626,75.83331145296468
92,327.4549162877732,81.8637290719433,0.25,8,2,-367.53602351380385,0.0,4.497003375941626,75.83331145296468
92,327.4549162877732,81.8637290719433,0.25,8,3,-189.85529131885392,0.0,4.497003375941626,75.83331145296468
92,327.4549162877732,81.8637290719433,0.25,8,4,-154.362863467873,0.0,4.497003375941626,75.83331145296468
92,327.4549162877732,81.8637290719433,0.25,8,5,75.83331145296468,0.0,4.497003375941626,75.83331145296468
92,327.4549162877732,81.8637290719433,0.25,8,6,52.09115770716119,0.0,4.497003375941626,75.83331145296468
92,327.4549162877732,81.8637290719433,0.25,8,7,14.999820670108258,0.0,4.497003375941626,75.83331145296468
92,327.4549162877732,81.8637290719433,0.25,8,8,-91.63052369205775,0.0,4.497003375941626,75.83331145296468
92,327.4549162877732,81.8637290719433,0.25,8,9,-6.2368234474859445,0.0,4.497003375941626,75.83331145296468
92,327.4549162877732,81.8637290719433,0.25,8,10,-55.41779376699672,16.623251448284826,4.497003375941626,75.83331145296468
92,327.4549162877732,81.8637290719433,0.25,8,11,-55.41779376699672,-16.623251448284826,4.497003375941626,75.83331145296468
92,327.4549162877732,81.8637290719433,0.25,8,12,-32.407971898236624,0.0,4.497003375941626,75.83331145296468
92,327.4549162877732,81.8637290719433,0.25,8,13,-42.06535057604752,0.0,4.497003375941626,75.83331145296468
92,327.4549162877732,81.8637290719433,0.25,8,14,-53.8381529247425,1.2085215183270428,4.497003375941626,75.83331145296468
92,327.4549162877732,81.8637290719433,0.25,8,15,-53.8381529247425,-1.2085215183270428,4.497003375941626,75.83331145296468
93,376.49358067924715,94.12339516981179,0.25,8,0,-396.3518121621421,0.0,6.48482446166217,120.78652843194921
93,376.49358067924715,94.12339516981179,0.25,8,1,-369.7313266856623,0.0,6.48482446166217,120.78652843194921
93,376.49358067924715,94.12339516981179,0.25,8,2,120.78652843194921,0.0,6.48482446166217,120.78652843194921
93,376.49358067924715,94.12339516981179,0.25,8,3,-239.58438814823793,0.0,6.48482446166217,120.78652843194921
93,376.49358067924715,94.12339516981179,0.25,8,4,86.1422277825068,0.0,6.48482446166217,120.78652843194921
93,376.49358067924715,94.12339516981179,0.25,8,5,79.22950566946652,0.0,6.48482446166217,120.78652843194921
93,376.49358067924715,94.12339516981179,0.25,8,6,36.29621715243954,0.0,6.48482446166217,120.78652843194921
93,376.49358067924715,94.12339516981179,0.25,8,7,14.546479033862521,0.0,6.48482446166217,120.78652843194921
93,376.49358067924715,94.12339516981179,0.25,8,8,-196.6436161318196,0.0,6.48482446166217,120.78652843194921
93,376.49358067924715,94.12339516981179,0.25,8,9,-161.3321477457946,11.019259233286276,6.48482446166217,120.78652843194921
93,376.49358067924715,94.12339516981179,0.25,8,10,-161.3321477457946,-11.019259233286276,6.48482446166217,120.78652843194921
93,376.49358067924715,94.12339516981179,0.25,8,11,-53.63938262674358,0.0,6.48482446166217,120.78652843194921
93,376.49358067924715,94.12339516981179,0.25,8,12,-120.97420616783333,0.0,6.48482446166217,120.78652843194921
93,376.49358067924715,94.12339516981179,0.25,8,13,-72.43593050374572,0.0,6.48482446166217,120.78652843194921
93,376.49358067924715,94.12339516981179,0.25,8,14,-94.6445864726297,0.0,6.48482446166217,120.78652843194921
93,376.49358067924715,94.12339516981179,0.25,8,15,-93.68956015328446,0.0,6.48482446166217,120.78652843194921
94,432.87612810830615,108.21903202707654,0.25,8,0,-459.141293005587,0.0,8.544269580097058,94.26872471930619
94,432.87612810830615,108.21903202707654,0.25,8,1,-385.18478691765847,0.0,8.544269580097058,94.26872471930619
94,432.87612810830615,108.21903202707654,0.25,8,2,-251.71746256894005,0.0,8.544269580097058,94.26872471930619
94,432.87612810830615,108.21903202707654,0.25,8,3,-185.74295144420307,9.015191310632314,8.544269580097058,94.26872471930619
94,432.87612810830615,108.21903202707654,0.25,8,4,-185.74295144420307,-9.015191310632314,8.544269580097058,94.26872471930619
94,432.87612810830615,108.21903202707654,0.25,8,5,-124.44761383498776,0.0,8.544269580097058,94.26872471930619
94,432.87612810830615,108.21903202707654,0.25,8,6,-101.20062239856992,5.833153802791592,8.544269580097058,94.26872471930619
94,432.87612810830615,108.21903202707654,0.25,8,7,-101.20062239856992,-5.833153802791592,8.544269580097058,94.26872471930619
94,432.87612810830615,108.21903202707654,0.25,8,8,-94.25308072283418,0.0,8.544269580097058,94.26872471930619
94,432.87612810830615,108.21903202707654,0.25,8,9,-69.19193262637354,0.0,8.544269580097058,94.26872471930619
94,432.87612810830615,108.21903202707654,0.25,8,10,-58.10824150600404,0.0,8.544269580097058,94.26872471930619
94,432.87612810830615,108.21903202707654,0.25,8,11,21.163525162925254,0.0,8.544269580097058,94.26872471930619
94,432.87612810830615,108.21903202707654,0.25,8,12,94.26872471930619,0.0,8.544269580097058,94.26872471930619
94,432.87612810830615,108.21903202707654,0.25,8,13,46.07283907182443,0.0,8.544269580097058,94.26872471930619
94,432.87612810830615,108.21903202707654,0.25,8,14,77.34116901583286,0.0,8.544269580097058,94.26872471930619
94,432.87612810830615,108.21903202707654,0.25,8,15,64.90901020045558,0.0,8.544269580097058,94.26872471930619
95,497.7023564332114,124.42558910830284,0.25,8,0,-757.2313628723548,0.0,11.29317376659468,49.31678576973385
95,497.7023564332114,124.42558910830284,0.25,8,1,-591.1776255312773,0.0,11.29317376659468,49.31678576973385
95,497.7023564332114,124.42558910830284,0.25,8,2,-336.10382848539007,0.0,11.29317376659468,49.31678576973385
95,497.7023564332114,124.42558910830284,0.25,8,3,-254.5350401565524,0.0,11.29317376659468,49.31678576973385
95,497.7023564332114,124.42558910830284,0.25,8,4,-196.59978583981822,0.0,11.29317376659468,49.31678576973385
95,497.7023564332114,124.42558910830284,0.25,8,5,49.31678576973385,0.0,11.29317376659468,49.31678576973385
95,497.7023564332114,124.42558910830284,0.25,8,6,17.945911447443315,0.0,11.29317376659468,49.31678576973385
95,497.7023564332114,124.42558910830284,0.25,8,7,-125.82168775502404,25.850096071274645,11.29317376659468,49.31678576973385
95,497.7023564332114,124.42558910830284,0.25,8,8,-125.82168775502404,-25.850096071274645,11.29317376659468,49.31678576973385
95,497.7023564332114,124.42558910830284,0.25,8,9,-11.402423797631151,10.581047281563157,11.29317376659468,49.31678576973385
95,497.7023564332114,124.42558910830284,0.25,8,10,-11.402423797631151,-10.581047281563157,11.29317376659468,49.31678576973385
95,497.7023564332114,124.42558910830284,0.25,8,11,-26.008090377549742,0.0,11.29317376659468,49.31678576973385
95,497.7023564332114,124.42558910830284,0.25,8,12,-62.186245220146894,11.023690900897067,11.29317376659468,49.31678576973385
95,497.7023564332114,124.42558910830284,0.25,8,13,-62.186245220146894,-11.023690900897067,11.29317376659468,49.31678576973385
95,497.7023564332114,124.42558910830284,0.25,8,14,-89.42814913325016,0.0,11.29317376659468,49.31678576973385
95,497.7023564332114,124.42558910830284,0.25,8,15,-105.04832705012306,0.0,11.29317376659468,49.31678576973385
96,572.236765935022,143.0591914837555,0.25,8,0,-589.5434199094074,0.0,19.449119102699704,134.12894161507853
96,572.236765935022,143.0591914837555,0.25,8,1,-382.77976134620695,0.0,19.449119102699704,134.12894161507853
96,572.236765935022,143.0591914837555,0.25,8,2,134.12894161507853,0.0,19.449119102699704,134.12894161507853
96,572.236765935022,143.0591914837555,0.25,8,3,-253.82470821750317,34.64406670735082,19.449119102699704,134.12894161507853
96,572.236765935022,143.0591914837555,0.25,8,4,-253.82470821750317,-34.64406670735082,19.449119102699704,134.12894161507853
96,572.236765935022,143.0591914837555,0.25,8,5,95.00254432690781,0.0,19.449119102699704,134.12894161507853
96,572.236765935022,143.0591914837555,0.25,8,6,74.57606140011114,0.0,19.449119102699704,134.12894161507853
96,572.236765935022,143.0591914837555,0.25,8,7,-175.35646663712134,23.01659869923029,19.449119102699704,134.12894161507853
96,572.236765935022,143.0591914837555,0.25,8,8,-175.35646663712134,-23.01659869923029,19.449119102699704,134.12894161507853
96,572.236765935022,143.0591914837555,0.25,8,9,-95.0743061898646,0.0,19.449119102699704,134.12894161507853
96,572.236765935022,143.0591914837555,0.25,8,10,-148.12283715085613,11.940657127722261,19.449119102699704,134.12894161507853
96,572.236765935022,143.0591914837555,0.25,8,11,-148.12283715085613,-11.940657127722261,19.449119102699704,134.12894161507853
96,572.236765935022,143.0591914837555,0.25,8,12,-137.61779074873502,0.0,19.449119102699704,134.12894161507853
96,572.236765935022,143.0591914837555,0.25,8,13,-20.142468113069636,0.0,19.449119102699704,134.12894161507853
96,572.236765935022,143.0591914837555,0.25,8,14,2.863277848594708,0.0,19.449119102699704,134.12894161507853
96,572.236765935022,143.0591914837555,0.25,8,15,-6.817626395575786,0.0,19.449119102699704,134.12894161507853
97,657.9332246575682,164.48330616439205,0.25,8,0,-725.4711948009751,0.0,8.007042547788958,100.2981058812108
97,657.9332246575682,164.48330616439205,0.25,8,1,-439.0579499283948,0.0,8.007042547788958,100.2981058812108
97,657.9332246575682,164.48330616439205,0.25,8,2,-321.5312853281092,37.93687524663396,8.007042547788958,100.2981058812108
97,657.9332246575682,164.48330616439205,0.25,8,3,-321.5312853281092,-37.93687524663396,8.007042547788958,100.2981058812108
97,657.9332246575682,164.48330616439205,0.25,8,4,-214.4314738485242,0.0,8.007042547788958,100.2981058812108
97,657.9332246575682,164.48330616439205,0.25,8,5,-191.82496085937552,0.0,8.007042547788958,100.2981058812108
97,657.9332246575682,164.48330616439205,0.25,8,6,100.2981058812108,0.0,8.007042547788958,100.2981058812108
97,657.9332246575682,164.48330616439205,0.25,8,7,84.02273741512923,0.0,8.007042547788958,100.2981058812108
97,657.9332246575682,164.48330616439205,0.25,8,8,64.73094450625695,0.0,8.007042547788958,100.2981058812108
97,657.9332246575682,164.48330616439205,0.25,8,9,27.534272651487353,0.0,8.007042547788958,100.2981058812108
97,657.9332246575682,164.48330616439205,0.25,8,10,-149.18106367108078,0.0,8.007042547788958,100.2981058812108
97,657.9332246575682,164.48330616439205,0.25,8,11,-28.864611585979553,0.0,8.007042547788958,100.2981058812108
97,657.9332246575682,164.48330616439205,0.25,8,12,-39.44824242948544,0.0,8.007042547788958,100.2981058812108
97,657.9332246575682,164.48330616439205,0.25,8,13,-100.61141060952585,0.0,8.007042547788958,100.2981058812108
97,657.9332246575682,164.48330616439205,0.25,8,14,-67.29488591739133,0.0,8.007042547788958,100.2981058812108
97,657.9332246575682,164.48330616439205,0.25,8,15,-73.45701430133822,0.0,8.007042547788958,100.2981058812108
98,756.463327554629,189.11583188865725,0.25,8,0,-969.671693409324,0.0,13.685210086930468,81.04388023171602
98,756.463327554629,189.11583188865725,0.25,8,1,-883.1476085979283,0.0,13.685210086930468,81.04388023171602
98,756.463327554629,189.11583188865725,0.25,8,2,-702.1045578269798,0.0,13.685210086930468,81.04388023171602
98,756.463327554629,189.11583188865725,0.25,8,3,-620.2650988225962,0.0,13.685210086930468,81.04388023171602
98,756.463327554629,189.11583188865725,0.25,8,4,-316.63948524913707,0.0,13.685210086930468,81.04388023171602
98,756.463327554629,189.11583188865725,0.25,8,5,-235.04010645581639,0.0,13.685210086930468,81.04388023171602
98,756.463327554629,189.11583188865725,0.25,8,6,-168.95215202228098,4.071220046756552,13.685210086930468,81.04388023171602
98,756.463327554629,189.11583188865725,0.25,8,7,-168.95215202228098,-4.071220046756552,13.685210086930468,81.04388023171602
98,756.463327554629,189.11583188865725,0.25,8,8,-131.1330350863459,18.472727776081328,13.685210086930468,81.04388023171602
98,756.463327554629,189.11583188865725,0.25,8,9,-131.1330350863459,-18.472727776081328,13.685210086930468,81.04388023171602
98,756.463327554629,189.11583188865725,0.25,8,10,-29.421600031055643,0.0,13.685210086930468,81.04388023171602
98,756.463327554629,189.11583188865725,0.25,8,11,-20.26921128176752,0.0,13.685210086930468,81.04388023171602
98,756.463327554629,189.11583188865725,0.25,8,12,81.04388023171602,0.0,13.685210086930468,81.04388023171602
98,756.463327554629,189.11583188865725,0.25,8,13,68.66094184630693,0.0,13.685210086930468,81.04388023171602
98,756.463327554629,189.11583188865725,0.25,8,14,38.46249417673937,0.0,13.685210086930468,81.04388023171602
98,756.463327554629,189.11583188865725,0.25,8,15,49.93659857167174,0.0,13.685210086930468,81.04388023171602
99,869.7490026177834,217.43725065444585,0.25,8,0,-1083.0852125461558,0.0,6.206975581043986,219.19007878576062
99,869.7490026177834,217.43725065444585,0.25,8,1,-971.4633079898557,0.0,6.206975581043986,219.19007878576062
99,869.7490026177834,217.43725065444585,0.25,8,2,219.19007878576062,0.0,6.206975581043986,219.19007878576062
99,869.7490026177834,217.43725065444585,0.25,8,3,181.42854822116058,0.0,6.206975581043986,219.19007878576062
99,869.7490026177834,217.43725065444585,0.25,8,4,-472.15478932990254,0.0,6.206975581043986,219.19007878576062
99,869.7490026177834,217.43725065444585,0.25,8,5,77.43046387262932,0.21185095263525558,6.206975581043986,219.19007878576062
99,869.7490026177834,217.43725065444585,0.25,8,6,77.43046387262932,-0.21185095263525558,6.206975581043986,219.19007878576062
99,869.7490026177834,217.43725065444585,0.25,8,7,-382.8348982122288,0.0,6.206975581043986,219.19007878576062
99,869.7490026177834,217.43725065444585,0.25,8,8,-3.498079730185448,0.0,6.206975581043986,219.19007878576062
99,869.7490026177834,217.43725065444585,0.25,8,9,-312.05652290108577,0.0,6.206975581043986,219.19007878576062
99,869.7490026177834,217.43725065444585,0.25,8,10,-255.4819531910294,2.5404169644994408,6.206975581043986,219.19007878576062
99,869.7490026177834,217.43725065444585,0.25,8,11,-255.4819531910294,-2.5404169644994408,6.206975581043986,219.19007878576062
99,869.7490026177834,217.43725065444585,0.25,8,12,-210.0224221778493,0.0,6.206975581043986,219.19007878576062
99,869.7490026177834,217.43725065444585,0.25,8,13,-131.9713985482191,0.0,6.206975581043986,219.19007878576062
99,869.7490026177834,217.43725065444585,0.25,8,14,-163.68878538099693,8.673674967567452,6.206975581043986,219.19007878576062
99,869.7490026177834,217.43725065444585,0.25,8,15,-163.68878538099693,-8.673674967567452,6.206975581043986,219.19007878576062
100,1000.0,250.0,0.25,8,0,-1172.7997403142494,0.0,9.575159674729882,353.4587947609368
100,1000.0,250.0,0.25,8,1,353.4587947609368,0.0,9.575159674729882,353.4587947609368
100,1000.0,250.0,0.25,8,2,219.605036937606,0.0,9.575159674729882,353.4587947609368
100,1000.0,250.0,0.25,8,3,141.89557004219492,0.0,9.575159674729882,353.4587947609368
100,1000.0,250.0,0.25,8,4,137.047059188893,0.0,9.575159674729882,353.4587947609368
100,1000.0,250.0,0.25,8,5,65.7662005177533,0.0,9.575159674729882,353.4587947609368
100,1000.0,250.0,0.25,8,6,-625.8823871608978,0.0,9.575159674729882,353.4587947609368
100,1000.0,250.0,0.25,8,7,-473.611146733072,0.0,9.575159674729882,353.4587947609368
100,1000.0,250.0,0.25,8,8,-187.9916170490147,0.0,9.575159674729882,353.4587947609368
100,1000.0,250.0,0.25,8,9,-254.4625045036949,0.0,9.575159674729882,353.4587947609368
100,1000.0,250.0,0.25,8,10,-261.0997674270734,0.0,9.575159674729882,353.4587947609368
100,1000.0,250.0,0.25,8,11,-341.4535518321351,49.082174282270344,9.575159674729882,353.4587947609368
100,1000.0,250.0,0.25,8,12,-341.4535518321351,-49.082174282270344,9.575159674729882,353.4587947609368
100,1000.0,250.0,0.25,8,13,-309.6865213452282,0.0,9.575159674729882,353.4587947609368
100,1000.0,250.0,0.25,8,14,-369.73809371380275,4.685885553121141,9.575159674729882,353.4587947609368
100,1000.0,250.0,0.25,8,15,-369.73809371380275,-4.685885553121141,9.575159674729882,353.4587947609368
