step,N,grid_size,k_attr,k_rep,sigma_rep,amp_rep,eta,min_spacing,mean_spacing,max_spacing,mean_force_norm,max_force_norm,mean_potential,var_potential,mean_need,max_need,lambda_max_real,lambda_min_real,spectral_radius_I_plus_etaJ,continuous_stable,discrete_stable,num_eig_pos_real
0,6,100.0,10.0,0.25,20.0,300.0,0.02,22.182308330665524,41.280759763224204,58.294122538920554,339.19990707131086,496.0317483949652,10.260249447680673,109.61812821706363,0.45962987029137187,1.0,6.404622004187464,-55.13925785695084,1.1280924400837493,False,False,2
1,6,100.0,10.0,0.25,20.0,300.0,0.02,28.62676247851205,43.43586786428876,66.1652432265505,268.67437566567645,388.69353586298917,7.914027329280119,94.96215788238112,0.35860191485629966,1.0,1.552980372836277,-70.9255530675178,1.0310596074567255,False,False,1
2,6,100.0,10.0,0.25,20.0,300.0,0.02,35.426888449101845,44.666854948102625,70.08573116726467,181.1853279146695,340.0257158119314,6.465507864561513,77.17149543694072,0.2973199510924887,0.9999996423721313,-2.2785520330399476,-73.95948378541968,0.954428959339201,True,True,0
3,6,100.0,10.0,0.25,20.0,300.0,0.02,35.83086300785608,45.138625523029795,69.78525952179783,64.78855707995275,128.19049909839563,5.6423696508127135,67.28432867772877,0.2619194833228556,0.9999522566795349,-2.8983492049836754,-81.65232460186625,0.9420330159003265,True,True,0
4,6,100.0,10.0,0.25,20.0,300.0,0.02,34.804119131166466,45.376364500015704,70.03526434946473,32.398358130320254,55.30538740514675,5.566953536634668,66.69402301791717,0.2587876207493972,0.9998531937599182,-3.131039625907267,-81.78821684418716,0.9373808089839326,True,True,0
5,6,100.0,10.0,0.25,20.0,300.0,0.02,33.793201458669785,45.55434232967068,70.15004572682737,23.72030869623183,40.38710765536755,5.641015662947124,67.16115694175083,0.2623564745104456,0.999853253364563,-2.5575586799443633,-82.22968980490214,0.9488488264011128,True,True,0
6,6,100.0,10.0,0.25,20.0,300.0,0.02,32.7001384462849,45.6647463953177,70.19716288481173,20.985877234669378,33.81492439591286,5.721040114004957,67.87221757657845,0.2661646452239098,0.9998591542243958,-2.1614065613293847,-82.34938762947027,0.9567718687734124,True,True,0
7,6,100.0,10.0,0.25,20.0,300.0,0.02,31.971612240080805,45.758437691814066,70.24912117102019,17.148039224877063,28.679428654279633,5.802821713246328,68.65446084329683,0.27004362287006145,0.9998764991760254,-1.6333807720156204,-82.52415563010358,0.9673323845596876,True,True,0
8,6,100.0,10.0,0.25,20.0,300.0,0.02,31.209421256457908,45.86456922827542,70.21682658036262,15.26320760338051,25.62562953420098,5.876754272116048,69.38296834318801,0.27354300574865503,0.9998873472213745,-1.4023570770101395,-3064.0567336674612,60.28113467334923,True,False,0
9,6,100.0,10.0,0.25,20.0,300.0,0.02,30.65127287353091,45.95205123928978,70.28830491269295,13.672860251425428,20.823358976774166,5.944555588517259,70.06577361249244,0.27674855765219974,0.9998919367790222,-1.1561128474743205,-82.63938073092962,0.9768777430505136,True,True,0
10,6,100.0,10.0,0.25,20.0,300.0,0.02,30.247201830162975,46.02737959130255,70.3118956784969,11.993047063273371,19.410065551159267,6.0022227402736394,70.67902527776717,0.27947357996349564,0.9998933672904968,-0.9422527096084912,-82.64210103553037,0.9811549458078301,True,True,0
11,6,100.0,10.0,0.25,20.0,300.0,0.02,29.955782579681827,46.09301450077205,70.29137805123736,11.434833536424513,20.006635565871555,6.0513299692758356,71.22626374633352,0.28179412997311976,0.9998918175697327,-0.8762761959427432,-82.5186276325214,0.9824744760811451,True,True,0
12,6,100.0,10.0,0.25,20.0,300.0,0.02,29.754832784880445,46.15705195713614,70.2918099796238,10.96792730809788,18.848901978773647,6.0930683205779,71.71812160411093,0.2837673429315271,0.9998942017555237,-0.7541860552435665,-82.46465346216795,0.9849162788951287,True,True,0
13,6,100.0,10.0,0.25,20.0,300.0,0.02,29.621323594200874,46.216352963119206,70.2877429536913,10.54460656995185,18.826871726656524,6.12716748884094,72.14168449064474,0.28538013539643037,0.9998875260353088,-0.580155366667452,-82.45905721540001,0.988396892666651,True,True,0
14,6,100.0,10.0,0.25,20.0,300.0,0.02,29.519450364550497,46.27780194973907,70.29360732535183,10.486829684849974,18.14934665126234,6.156459253284841,72.51810611179869,0.2867664719987185,0.9998840093612671,-0.4741192371896198,-82.43076493841932,0.9905176152562076,True,True,0
15,6,100.0,10.0,0.25,20.0,300.0,0.02,29.445940801726803,46.332109450288115,70.29305979302558,9.995929107529353,18.199343418189798,6.182816611087459,72.86436270456629,0.28801445621411925,0.9998763203620911,-0.4184792207688764,-82.27219731631791,0.9916304155846225,True,True,0
16,6,100.0,10.0,0.25,20.0,300.0,0.02,29.39573393190982,46.3892987068691,70.28201637179664,9.776023918098998,17.611791055319685,6.205931315578575,73.17882558869074,0.28910932481683466,0.9998685717582703,-0.32397038639037407,-82.25360181637757,0.9935205922721925,True,True,0
17,6,100.0,10.0,0.25,20.0,300.0,0.02,29.365059620625896,46.44074262626618,70.29045055826118,9.35629780603612,17.32891503062854,6.226309066878379,73.45985563109652,0.2900747498170545,0.9998520612716675,-0.19844160161573435,-82.35983447352132,0.9960311679676853,True,True,0
18,6,100.0,10.0,0.25,20.0,300.0,0.02,29.51479304363713,46.50424600774371,70.27693970220915,10.509443815802376,16.617674818750153,6.244711384003095,73.71644408864518,0.2909467617862931,0.9998452663421631,-0.10059099648253586,-82.31940825335764,0.9979881800703493,True,True,0
19,6,100.0,10.0,0.25,20.0,300.0,0.02,29.597122142545597,46.5594114335241,70.32757493653706,9.245099496772943,18.437682377027638,6.257894336029579,73.93475837637878,0.2915748974383202,0.9998370409011841,-0.05816800954973644,-82.31917833890509,0.9988366398090053,True,True,0
20,6,100.0,10.0,0.25,20.0,300.0,0.02,29.65185408162942,46.60310117889563,70.32527198296846,10.030017409398763,20.713263074627985,6.270930773808445,74.14233001912734,0.29219478063185633,0.9998296499252319,-0.019011706428352457,-82.24482825936073,0.999619765871433,True,True,0
21,6,100.0,10.0,0.25,20.0,300.0,0.02,29.695246864313486,46.64712962851733,70.32901034357987,9.47059307043753,17.21935014559912,6.279923858774133,74.31616240774572,0.2926254052334013,0.999812662601471,0.001702819214447571,-82.16232022436874,1.0000340563842889,False,False,1
22,6,100.0,10.0,0.25,20.0,300.0,0.02,29.73917386718709,46.69650005059918,70.29618271767774,8.760683035180268,16.830879339000763,6.2898849684599325,74.48637978433621,0.29309993173935284,0.9998073577880859,-0.0010306501933721748,-82.06121546152593,0.9999793869961325,True,True,0
23,6,100.0,10.0,0.25,20.0,300.0,0.02,30.079297337317865,46.73643846729281,70.30497848950924,10.860948189080858,20.604076733909395,6.300191221838383,74.65000298077322,0.2935899015253493,0.9997842907905579,-0.00471254027030551,-81.92226589805168,0.9999057491945939,True,True,0
24,6,100.0,10.0,0.25,20.0,300.0,0.02,30.159096867982814,46.78531419753476,70.26848194163365,9.5857965237107,17.777910668509108,6.30357409208812,74.76624279376018,0.2937574199266679,0.9997709393501282,-0.006414801260657718,-81.75229204665476,0.9998717039747869,True,True,0
25,6,100.0,10.0,0.25,20.0,300.0,0.02,30.23436537541686,46.828221821177905,70.28769303231505,8.849242620127015,16.626458666521177,6.309815624768441,74.89187683257032,0.2940568766353492,0.9997469186782837,-0.0018065176942871565,-81.71473115075128,0.9999638696461143,True,True,0
26,6,100.0,10.0,0.25,20.0,300.0,0.02,30.488464942257842,46.88791118267958,70.2472608244591,9.964117245318521,15.674677554716007,6.317312606421366,75.01844640502819,0.2944144126302514,0.9997262358665466,-0.0057023578516971546,-81.63802323072181,0.9998859528429661,True,True,0
27,6,100.0,10.0,0.25,20.0,300.0,0.02,30.636233292659387,46.938613316896436,70.3104376304958,8.275084452993456,17.088220517806487,6.322393173916497,75.12678033193022,0.2946592599711709,0.9996999502182007,-0.000604105607557946,-81.47178960688096,0.9999879178878488,True,True,0
28,6,100.0,10.0,0.25,20.0,300.0,0.02,30.72236154835706,46.992475498610325,70.2854045443585,8.435719949689855,15.025152733865927,6.329000338310588,75.23678732956434,0.29497430136581604,0.999688446521759,-0.007519638987235497,-81.46229155435236,0.9998496072202553,True,True,0
29,6,100.0,10.0,0.25,20.0,300.0,0.02,30.77770891059179,47.02975214763806,70.34379550820411,9.183390023795257,15.152205762326696,6.33627607320345,75.34596509029534,0.2953202231701779,0.9996775388717651,-0.004016307300671499,-81.43721918504666,0.9999196738539866,True,True,0
30,6,100.0,10.0,0.25,20.0,300.0,0.02,30.83099035636605,47.07388403852691,70.28699925668363,7.869221365774721,16.28507572826973,6.341142016912603,75.43514625014863,0.2955536556031868,0.9996694922447205,-0.005162294298320837,-81.44926466680454,0.9998967541140336,True,True,0
31,6,100.0,10.0,0.25,20.0,300.0,0.02,30.87417484851696,47.11355213209971,70.30554270955284,7.890160727980686,14.668158447739053,6.346980526666853,75.53044084592145,0.295831590230113,0.9996365904808044,-0.0019430743724582662,-81.35099317810182,0.9999611385125509,True,True,0
32,6,100.0,10.0,0.25,20.0,300.0,0.02,31.235534157628713,47.158455452195,70.250604499702,9.873957022529899,19.442989820109183,6.353248230401867,75.62269935791971,0.2961293838345208,0.999645471572876,0.0018117008063150408,-81.2192921172776,1.0000362340161264,False,False,1
33,6,100.0,10.0,0.25,20.0,300.0,0.02,31.316258051629795,47.1981348830577,70.27745954537916,8.872366276988606,16.284493928859476,6.355101579575885,75.68157670899073,0.2962223316664673,0.9996044635772705,-0.0015026308641732157,-81.23571640025874,0.9999699473827165,True,True,0
34,6,100.0,10.0,0.25,20.0,300.0,0.02,31.38700206079811,47.24609032493326,70.21990572315599,7.967219123148822,15.128170608950784,6.358842298736125,75.75307952712626,0.2964018470249594,0.9995915293693542,0.0023964771588561155,-81.11888834200161,1.0000479295431772,False,False,1
35,6,100.0,10.0,0.25,20.0,300.0,0.02,31.44080328882217,47.286489472744925,70.25991278089444,7.682109472518319,14.620379772768478,6.363759957877816,75.82530140922692,0.29663577827179505,0.9995577335357666,9.541907313828211e-05,-81.14325192260168,1.0000019083814629,False,False,1
36,6,100.0,10.0,0.25,20.0,300.0,0.02,31.690252668422772,47.34455398345271,70.20172638765669,9.085649749982762,14.15688763408259,6.368867438494668,75.89657243066034,0.2968783133689017,0.9995430111885071,-0.0006393006775789362,-81.13097488451095,0.9999872139864484,True,True,0
37,6,100.0,10.0,0.25,20.0,300.0,0.02,31.82440907203813,47.39233303311955,70.28018723868949,7.477063883403343,15.722879792358208,6.3722292736786414,75.95406123005932,0.29703996505651387,0.99949711561203,0.0020153382155824267,-81.01497909735124,1.0000403067643115,False,False,1
38,6,100.0,10.0,0.25,20.0,300.0,0.02,31.896681839150336,47.443353448565794,70.23976371190489,7.877161360847488,13.993514201428209,6.376140897337199,76.01549395546853,0.2972263258729218,0.9994767308235168,0.00032323141000862763,-81.02628778973175,1.0000064646282,False,False,1
39,6,100.0,10.0,0.25,20.0,300.0,0.02,31.937930832460154,47.48824451124359,70.31537205865928,7.2034979607843574,14.032031794166905,6.380526167950967,76.07371399727975,0.29743444495871135,0.9994532465934753,0.0002155364789774995,-81.02237966342385,1.0000043107295795,False,False,1
40,6,100.0,10.0,0.25,20.0,300.0,0.02,31.95952075758016,47.53506346997098,70.26648452681741,7.40150328705452,13.681759301843417,6.384852011406124,76.12982726186108,0.29763943636793394,0.999447226524353,0.000830084416387579,-80.98242942228084,1.0000166016883278,False,False,1
41,6,100.0,10.0,0.25,20.0,300.0,0.02,31.971370451575577,47.57710554125554,70.33066600113287,7.190055331087302,13.474865285125272,6.388988418939485,76.18401770472629,0.2978353646263871,0.9994374513626099,0.0003966082243578443,-80.94599641589315,1.0000079321644872,False,False,1
42,6,100.0,10.0,0.25,20.0,300.0,0.02,31.975695116409725,47.620761116127134,70.28031022361083,7.275195194917377,13.344620297991867,6.39292939951641,76.23442740855715,0.29802191213698,0.9994236826896667,0.0008243423459155993,-80.88953891645112,1.0000164868469184,False,False,1
43,6,100.0,10.0,0.25,20.0,300.0,0.02,31.976634935364707,47.660426304514445,70.33681413074942,7.2075381544324655,13.129216583733129,6.396624256913524,76.28194097761939,0.2981967808315374,0.9994110465049744,0.003050482269878039,-80.76696503114904,1.0000610096453975,False,False,1
44,6,100.0,10.0,0.25,20.0,300.0,0.02,31.975316159301286,47.70155256060404,70.28866084638132,7.230221671434085,12.986405788992498,6.400098232720853,76.32546098788463,0.2983611311126441,0.9993919134140015,0.0008733508555723371,-80.7693866368074,1.0000174670171114,False,False,1
45,6,100.0,10.0,0.25,20.0,300.0,0.02,31.972831984844056,47.739114259876494,70.33939288827418,7.198742256477792,12.788476566554015,6.403316710177947,76.366171724705,0.2985133908378752,0.9993738532066345,0.003969381703665792,-80.69319877181228,1.0000793876340732,False,False,1
46,6,100.0,10.0,0.25,20.0,300.0,0.02,31.96940197114502,47.77802245572171,70.29417294821168,7.206780631126474,12.657909830273825,6.406298035429124,76.40349261714717,0.29865440499321944,0.9993540644645691,0.000901459720796494,-80.74453379490399,1.0000180291944158,False,False,1
47,6,100.0,10.0,0.25,20.0,300.0,0.02,31.966006799717785,47.813711827525616,70.33996756772933,7.196330728188857,12.500892368116896,6.409008992793723,76.43873309472923,0.29878266199516285,0.999329686164856,0.001088903348455139,-80.73185845964422,1.0000217780669691,False,False,1
48,6,100.0,10.0,0.25,20.0,300.0,0.02,31.96196033980365,47.85065908943561,70.2976987998155,7.205300256875205,12.39244545303225,6.411479083880437,76.47130705034637,0.298899525751132,0.9993131756782532,0.0010075892904016193,-80.68646328082514,1.000020151785808,False,False,1
49,6,100.0,10.0,0.25,20.0,300.0,0.02,31.958564684134178,47.88468921350728,70.33928557878744,7.205712554425129,12.246125383144827,6.413730377220541,76.50180488165284,0.2990060571189441,0.9992828965187073,0.002200759053583301,-80.62999531391733,1.0000440151810717,False,False,1
50,6,100.0,10.0,0.25,20.0,300.0,0.02,31.954717582488485,47.9199211460346,70.29989633016972,7.210244739216081,12.146413802672631,6.41580672157418,76.52945805958717,0.29910429022035623,0.9992600679397583,0.0006309791560043924,-80.6738081441345,1.00001261958312,False,False,1
51,6,100.0,10.0,0.25,20.0,300.0,0.02,31.95183282781118,47.952523778088306,70.33774222158,7.200921208061064,11.991914716668042,6.417721543376214,76.55488851802865,0.2991948831339969,0.9992234706878662,0.0030558603704264886,-80.57582606664494,1.0000611172074085,False,False,1
52,6,100.0,10.0,0.25,20.0,300.0,0.02,31.94837911508259,47.98621220226344,70.30105216071475,7.190544472508726,11.89402721238711,6.419464893137868,76.57804842039148,0.29927736180730247,0.9992034435272217,-0.00034263672222993824,-80.70444688777047,0.9999931472655554,True,True,0
53,6,100.0,10.0,0.25,20.0,300.0,0.02,31.94604391512345,48.006299110195286,70.33515120965058,8.525806608160533,11.977146139096314,6.42114177270999,76.59828798813867,0.29935666613962175,0.9992004036903381,0.001957161698491472,-80.69359187882951,1.00003914323397,False,False,1
54,6,100.0,10.0,0.25,20.0,300.0,0.02,32.19779851204087,48.0202721091026,70.27798489318523,8.862563979031775,13.419397467284297,6.421299215552944,76.60667691953212,0.299365754156139,0.9991976618766785,-0.0017106847758053708,-80.67957439939576,0.9999657863044839,True,True,0
55,6,100.0,10.0,0.25,20.0,300.0,0.02,32.338000969402145,48.037008483434924,70.25972114568722,7.916574061157889,13.560831129488665,6.420660273544935,76.60805565284613,0.29933794104470507,0.9991598129272461,-0.003247359287915197,-80.71663791222718,0.9999350528142417,True,True,0
56,6,100.0,10.0,0.25,20.0,300.0,0.02,32.417247542765324,48.05916837026521,70.18301657265825,7.727963723651187,12.101872909247572,6.420812213729412,76.61589942814398,0.29934614962204176,0.9991489052772522,-0.0059171418421069275,-80.7698239780082,0.9998816571631579,True,True,0
57,6,100.0,10.0,0.25,20.0,300.0,0.02,32.466250290582636,48.08178559922317,70.18000132229942,7.523609775401535,12.023176955359794,6.42149228936301,76.62377884354872,0.29937871449083037,0.9991245865821838,0.0003136225261952663,-80.58643240446492,1.0000062724505239,False,False,1
58,6,100.0,10.0,0.25,20.0,300.0,0.02,32.49338004852363,48.107253408661876,70.12450791541069,7.488647971032623,11.731522387971955,6.422260751797136,76.63254499075977,0.2994152348646885,0.999116063117981,7.436808930494365e-05,-80.61068231494306,1.0000014873617862,False,False,1
59,6,100.0,10.0,0.25,20.0,300.0,0.02,32.511109213891224,48.13198832455632,70.13559129848204,7.452819107813248,11.652604961127192,6.423079223723893,76.64093529050294,0.29945400399525357,0.9991042613983154,-0.001008469557792232,-80.67006898761764,0.9999798306088441,True,True,0
60,6,100.0,10.0,0.25,20.0,300.0,0.02,32.52076029732521,48.158390021144655,70.09399945500391,7.457569317512648,11.551491190628163,6.423843430337192,76.64894532538094,0.2994901589402525,0.9990963935852051,-0.002833319386985762,-80.71788509673787,0.9999433336122603,True,True,0
61,6,100.0,10.0,0.25,20.0,300.0,0.02,32.527080944610454,48.18355140621791,70.11166572913983,7.460576673428331,11.473000378459728,6.424572364367181,76.65613063295095,0.2995246157636379,0.9990834593772888,-0.0024064408746285676,-80.7058995418443,0.9999518711825074,True,True,0
62,6,100.0,10.0,0.25,20.0,300.0,0.02,32.53051521626654,48.20980714843487,70.0782441482825,7.469908389317457,11.40681759839248,6.425212149751677,76.66265515249626,0.29955485333797016,0.9990719556808472,-0.003743515014478005,-80.72007931467297,0.9999251296997105,True,True,0
63,6,100.0,10.0,0.25,20.0,300.0,0.02,32.532684292921665,48.234595026470956,70.09853605826144,7.47713921873691,11.323223986181883,6.425781492937768,76.66850138424414,0.2995817623894402,0.9990559816360474,-0.006251405284516958,-80.7744820729087,0.9998749718943096,True,True,0
64,6,100.0,10.0,0.25,20.0,300.0,0.02,32.533697918696845,48.26015657371855,70.07027670834891,7.4862820365154805,11.264639953470292,6.426258853048309,76.67366545775711,0.2996043270311436,0.999040961265564,-0.007567567533227812,-80.8377352808873,0.9998486486493354,True,True,0
65,6,100.0,10.0,0.25,20.0,300.0,0.02,32.534457687986055,48.28417186097116,70.09117839416747,7.49624052167488,11.183817661089611,6.426683439660633,76.67798324201878,0.2996243913042762,0.9990215301513672,-0.00933052547900326,-80.88959315721429,0.99981338949042,True,True,0
66,6,100.0,10.0,0.25,20.0,300.0,0.02,32.534679419732534,48.30875331310635,70.0664110524287,7.511069868764668,11.13563307525301,6.42703686896092,76.6814976226744,0.2996410864163621,0.9990034103393555,-0.010359050498591635,-80.90554056628038,0.9997928189900281,True,True,0
67,6,100.0,10.0,0.25,20.0,300.0,0.02,32.53500904629537,48.331787956807425,70.08690937382326,7.530657727600944,11.068132472545456,6.427346413915964,76.68422853714449,0.2996556986151601,0.998980700969696,-0.011246009306710535,-80.92115900113524,0.9997750798138658,True,True,0
68,6,100.0,10.0,0.25,20.0,300.0,0.02,32.5349507246101,48.35357032525396,70.06465953488394,7.553141364641199,11.030202989240292,6.427561767676966,76.68664644906127,0.29966587377216847,0.9989598989486694,-0.011342836142152687,-80.91712300631505,0.9997731432771569,True,True,0
69,6,100.0,10.0,0.25,20.0,300.0,0.02,32.535159267166,48.33619221159247,70.13774277510193,9.129868046813362,10.968548780201813,6.427738138945482,76.68840778997033,0.29967420148337115,0.9989340901374817,-0.011233195547829089,-80.92182426427016,0.9997753360890435,True,True,0
70,6,100.0,10.0,0.25,20.0,300.0,0.02,32.53564902207296,48.28957746861435,70.12873122915053,13.119424732409309,14.081027670290558,6.427786560221658,76.69057370589157,0.29967517467569404,0.9989578723907471,-0.009873458058444123,-80.89945683661544,0.9998025308388311,True,True,0
71,6,100.0,10.0,0.25,20.0,300.0,0.02,32.53640395017798,48.256690612631004,70.0673727485028,17.114099856932437,17.645361876295876,6.427803715024289,76.69364571260418,0.2996731690702925,0.9989860653877258,-0.006044335991706409,-80.7765942128822,0.9998791132801659,True,True,0
72,6,100.0,10.0,0.25,20.0,300.0,0.02,32.53672170856714,48.23648860847728,70.04486121780366,19.655361602981795,20.070492066048313,6.427754028545072,76.69692953587682,0.29966845901168815,0.9990126490592957,-0.004117049332368643,-80.73950241662523,0.9999176590133526,True,True,0
73,6,100.0,10.0,0.25,20.0,300.0,0.02,32.5369961721306,48.22394344863733,70.01264086783844,21.222540553631898,21.51159794834042,6.427766759082556,76.69862058559221,0.29966735733467187,0.9990288615226746,0.0014920032817742229,-80.62071394229989,1.0000298400656356,False,False,1
74,6,100.0,10.0,0.25,20.0,300.0,0.02,32.53709951062288,48.21632490821085,70.00739658371245,22.187181398629736,22.410681569657584,6.4277434352456675,76.7001867198823,0.29966513985218574,0.9990344047546387,0.0023943208261867906,-80.60666731363463,1.0000478864165236,False,False,1
75,6,100.0,10.0,0.25,20.0,300.0,0.02,32.5374105063949,48.21154131263214,69.98683669197162,22.780079071943618,22.978369947079162,6.427764228601681,76.70076449869201,0.29966538708097656,0.9990427494049072,0.0025204419706010596,-80.60717851157008,1.000050408839412,False,False,1
76,6,100.0,10.0,0.25,20.0,300.0,0.02,32.537433878643355,48.20871749476632,69.98797752140668,23.143416574931752,23.29988906012754,6.427761426449263,76.70136907073159,0.29966479994664,0.9990447163581848,0.0025180374142390067,-80.60874598911101,1.0000503607482847,False,False,1
77,6,100.0,10.0,0.25,20.0,300.0,0.02,32.53762940358985,48.20687670072418,69.97232701483595,23.36582137737361,23.53049155417496,6.427777830780029,76.70156054843704,0.29966528500564366,0.999046266078949,0.002573286385102298,-80.60854245134904,1.000051465727702,False,False,1
78,6,100.0,10.0,0.25,20.0,300.0,0.02,32.537586363002625,48.20584920878959,69.97559376174948,23.50229795034755,23.6384290805369,6.4277742998148115,76.70188687051893,0.29966494532903737,0.999047040939331,0.0025559304991897847,-80.6097186090717,1.0000511186099839,False,False,1
79,6,100.0,10.0,0.25,20.0,300.0,0.02,32.53772769294897,48.20511552234517,69.96230804437705,23.585776770431703,23.73750835405365,6.427788818105668,76.70192250110242,0.29966551832632893,0.9990459680557251,0.002599221428679384,-80.60958744262759,1.0000519844285736,False,False,1
80,6,100.0,10.0,0.25,20.0,300.0,0.02,32.53765254106094,48.204759759354324,69.96613459980402,23.637185095041247,23.766219642516802,6.427785377206662,76.70213130913537,0.2996652921105512,0.9990463852882385,0.0025687211480923096,-80.60942684375932,1.0000513744229618,False,False,1
81,6,100.0,10.0,0.25,20.0,300.0,0.02,32.537764742512145,48.20444454252205,69.95422270092789,23.668574274461026,23.815688711113662,6.427798579459152,76.70210880953479,0.299665870878737,0.9990447163581848,0.002629010281833103,-80.60959379424898,1.0000525802056366,False,False,1
82,6,100.0,10.0,0.25,20.0,300.0,0.02,32.53767798150366,48.20433884288179,69.95804063689563,23.688075031403724,23.81584166912459,6.4277952709539585,76.70226616698079,0.2996656922491829,0.9990447163581848,0.002589563087534108,-80.60906093742695,1.0000517912617506,False,False,1
83,6,100.0,10.0,0.25,20.0,300.0,0.02,32.537773327608086,48.204183543394144,69.94709836815859,23.699932034114884,23.84807719239353,6.427807344488298,76.70222390617339,0.2996662435339447,0.9990448951721191,0.0026199887264088707,-80.6098437768278,1.000052399774528,False,False,1
84,6,100.0,10.0,0.25,20.0,300.0,0.02,32.53768492615183,48.20416978687639,69.95071129187892,23.70746070026352,23.83686199547851,6.427804130197445,76.7023556130627,0.29966608481292617,0.99904465675354,0.0025937105098074384,-80.60983783416421,1.0000518742101963,False,False,1
85,6,100.0,10.0,0.25,20.0,300.0,0.02,32.537769531696114,48.2040772019258,69.94055689705348,23.711994423450523,23.859982999407602,6.427815171879834,76.70230782412402,0.29966659722903777,0.9990448355674744,0.0026507351471072305,-80.60940138767971,1.000053014702942,False,False,1
86,6,100.0,10.0,0.25,20.0,300.0,0.02,32.5376838761079,48.20409622186002,69.9439070089755,23.715023203140646,23.845300985437373,6.427812040621055,76.70242432806025,0.2996664481328791,0.9990445375442505,0.002632997906963778,-80.60964308908834,1.0000526599581392,False,False,1
87,6,100.0,10.0,0.25,20.0,300.0,0.02,32.53776080929462,48.20402966726992,69.93444412783806,23.716809343245572,23.864231852368505,6.427822137950152,76.70237623302573,0.2996669197970154,0.9990447163581848,0.002630586736076918,-80.60975952814951,1.0000526117347215,False,False,1
88,6,100.0,10.0,0.25,20.0,300.0,0.02,32.53767965612862,48.20405936216733,69.93752449408059,23.718141011155097,23.848991389128436,6.427819083631472,76.70248186979997,0.2996667763815848,0.9990444183349609,0.002605782256128091,-80.6099981531106,1.0000521156451225,False,False,1
89,6,100.0,10.0,0.25,20.0,300.0,0.02,32.53775048576122,48.20400487936039,69.92869067711088,23.718895464067597,23.86563238942906,6.427828321652074,76.70243551632085,0.2996672090368363,0.9990445971488953,0.002593473854110462,-80.6103554970912,1.0000518694770821,False,False,1
90,6,100.0,10.0,0.25,20.0,300.0,0.02,32.53767438615835,48.2040370399368,69.93151236888954,23.719582276637663,23.850873110291687,6.427825349145935,76.70253239648527,0.29966707016305677,0.9990442991256714,0.002674138631851334,-80.60974106835509,1.000053482772637,False,False,1
91,6,100.0,10.0,0.25,20.0,300.0,0.02,32.537739972164935,48.20398922945427,69.92325966294138,23.71994845825751,23.865986908839783,6.427833799698187,76.70248821159595,0.2996674663432804,0.9990444183349609,0.002088334055075305,-80.61954888657843,1.0000417666811015,False,False,1
92,6,100.0,10.0,0.25,20.0,300.0,0.02,32.53766877346756,48.20402112915308,69.9258393612436,23.720373036074907,23.852041474079194,6.427831033016654,76.702575744777,0.2996673373099507,0.9990441799163818,0.002994637625946872,-80.60168032780265,1.0000598927525188,False,False,1
93,6,100.0,10.0,0.25,20.0,300.0,0.02,32.53773021192791,48.20397772621553,69.91812743499634,23.720583876983053,23.865946507008463,6.427838645974439,76.70253552962976,0.2996676943936448,0.9990442991256714,0.0024470133433606286,-80.61145147999866,1.0000489402668673,False,False,1
94,6,100.0,10.0,0.25,20.0,300.0,0.02,32.53766336712102,48.2040083659707,69.92048282400661,23.720896768831707,23.852901832874128,6.427836135229255,76.70261400620709,0.299667577353081,0.9990440011024475,0.0028056651870775884,-80.60218445993844,1.0000561133037416,False,False,1
95,6,100.0,10.0,0.25,20.0,300.0,0.02,32.537720742692585,48.20396923293794,69.91327644715045,23.721004158305135,23.865734106994616,6.427843385755441,76.70257234501136,0.299667917461072,0.9990441203117371,0.002815522617236289,-80.60268887489434,1.0000563104523448,False,False,1
96,6,100.0,10.0,0.25,20.0,300.0,0.02,32.537658614693676,48.203998641486926,69.91542618047052,23.721209537912344,23.853521847659906,6.427841028317115,76.70264347495042,0.299667807632659,0.999043881893158,0.002820852180071507,-80.60240137353338,1.0000564170436015,False,False,1
97,6,100.0,10.0,0.25,20.0,300.0,0.02,32.537712279533054,48.20396287797919,69.90869039741737,23.72125098721395,23.865386197220733,6.427847677248502,76.70260430362856,0.29966811957700673,0.9990440011024475,0.0024580565208151923,-80.60905446355287,1.0000491611304163,False,False,1
98,6,100.0,10.0,0.25,20.0,300.0,0.02,32.53765456505087,48.20399065505133,69.91065043783236,23.721404994555755,23.85399582644442,6.4278454284548365,76.70266964698222,0.29966801481560745,0.9990437626838684,0.002395534337146847,-80.61021367649894,1.000047910686743,False,False,1
99,6,100.0,10.0,0.25,20.0,300.0,0.02,32.537704626687855,48.20395772669631,69.904353570929,23.72141930910836,23.864996473242165,6.427851524935443,76.70263250608409,0.29966830085670326,0.9990438222885132,0.0023380989592345224,-80.61188944634078,1.0000467619791846,False,False,1
100,6,100.0,10.0,0.25,20.0,300.0,0.02,32.53765085961026,48.203984035565604,69.90613908927222,23.72153394178184,23.854382323953736,6.427849511300586,76.70269092610592,0.2996682070640743,0.9990435838699341,0.0023082462649079557,-80.61179834956245,1.000046164925298,False,False,1
101,6,100.0,10.0,0.25,20.0,300.0,0.02,32.53769763948759,48.20395374898518,69.90025216160663,23.721516939350362,23.864574406285364,6.427855101656738,76.70265599446488,0.29966846938324054,0.9990437030792236,0.002379723356274751,-80.61140066818021,1.0000475944671254,False,False,1
102,6,100.0,10.0,0.25,20.0,300.0,0.02,32.53764769899329,48.203978399163105,69.90187755676538,23.7216070217243,23.85469148893506,6.427853158979061,76.70270980614855,0.2996683788802755,0.9990434646606445,0.0024085897882570872,-80.61137980193358,1.0000481717957652,False,False,1
103,6,100.0,10.0,0.25,20.0,300.0,0.02,32.53769129909123,48.20395038598879,69.89637334268853,23.721583247466516,23.86415498431603,6.427858289863294,76.70267679395509,0.2996686196392007,0.9990435242652893,0.0024161158592456585,-80.61165966655321,1.000048322317185,False,False,1
104,6,100.0,10.0,0.25,20.0,300.0,0.02,32.537644894605215,48.20397338041047,69.89785169716744,23.721664249752006,23.85496535513187,6.42785642841599,76.70272640138249,0.2996685328933957,0.999043345451355,0.002387543898707866,-80.61118318684868,1.0000477508779742,False,False,1
105,6,100.0,10.0,0.25,20.0,300.0,0.02,32.53768550463924,48.203947408500454,69.892704887154,23.72164248856689,23.86376058250856,6.4278611409212,76.70269548760743,0.2996687540077057,0.9990434050559998,0.0024094749402121785,-80.61096532619558,1.0000481894988043,False,False,1
106,6,100.0,10.0,0.25,20.0,300.0,0.02,32.53764238423294,48.2039688235154,69.89404830882017,23.721719646691312,23.8552208669028,6.427859353913814,76.70274129164444,0.2996686706997441,0.9990432262420654,0.0024028033174781902,-80.61149468032085,1.0000480560663496,False,False,1
107,6,100.0,10.0,0.25,20.0,300.0,0.02,32.537680158273325,48.20394472552049,69.88923529707176,23.721702046377697,23.863397132987373,6.427863675929453,76.70271224529334,0.2996688734792099,0.9990432858467102,0.0024068443936286713,-80.61142873565001,1.0000481368878726,False,False,1
108,6,100.0,10.0,0.25,20.0,300.0,0.02,32.53764007204462,48.20396465857383,69.89045497617523,23.72177669240025,23.855462279463264,6.427861966036752,76.70275455376307,0.29966879373790933,0.9990431070327759,0.002414099583469831,-80.61127663364846,1.0000482819916694,False,False,1
109,6,100.0,10.0,0.25,20.0,300.0,0.02,32.537675229610485,48.2039422829733,69.88595380862056,23.721763850238784,23.86306417302668,6.427865936333139,76.70272733506849,0.2996689800016887,0.9990431070327759,0.00240055228724596,-80.61153854939431,1.0000480110457448,False,False,1
110,6,100.0,10.0,0.25,20.0,300.0,0.02,32.537637975611865,48.20396083446302,69.88706008334303,23.721836656064642,23.855692129437585,6.4278643011109216,76.70276640988413,0.29966890371675897,0.9990429878234863,0.0024208849946311803,-80.61129981104921,1.0000484176998927,False,False,1
111,6,100.0,10.0,0.25,20.0,300.0,0.02,32.537670673451075,48.20394007028616,69.88285026984884,23.721827330195953,23.862759650726012,6.427867944381578,76.70274079679845,0.29966907462731435,0.9990429878234863,0.0024078686215538514,-80.6113475464721,1.0000481573724311,False,False,1
112,6,100.0,10.0,0.25,20.0,300.0,0.02,32.53763605157116,48.20395731526098,69.88385260869455,23.721898378484877,23.855910531681445,6.427866385473561,76.70277698350107,0.29966900188007456,0.9990428686141968,0.002377968827573905,-80.61147018759112,1.0000475593765514,False,False,1
113,6,100.0,10.0,0.25,20.0,300.0,0.02,32.53766645001375,48.20393801994659,69.87991497310625,23.72189419812867,23.86248290704133,6.427869735197103,76.70275301263752,0.29966915900656793,0.9990428686141968,0.002397228217262098,-80.61146563611122,1.0000479445643453,False,False,1
114,6,100.0,10.0,0.25,20.0,300.0,0.02,32.537634258413554,48.203954071370525,69.88082216313245,23.72196346851868,23.85612004385965,6.427868248133005,76.70278643818763,0.2996690895912445,0.9990427494049072,0.0021703691718456984,-80.61345458684272,1.000043407383437,False,False,1
115,6,100.0,10.0,0.25,20.0,300.0,0.02,32.53766252742353,48.203936138779525,69.87713886425398,23.721962640258862,23.862230549783998,6.427871336725156,76.7027639091931,0.2996692344574288,0.9990427494049072,0.0023811483260795943,-80.61144999618122,1.0000476229665216,False,False,1
116,6,100.0,10.0,0.25,20.0,300.0,0.02,32.53763262957678,48.20395106096229,69.87795894450964,23.72203084667908,23.85632037293637,6.4278699164661015,76.70279496066198,0.29966916814069017,0.9990426301956177,0.0021294715643258577,-80.61390400077099,1.0000425894312865,False,False,1
117,6,100.0,10.0,0.25,20.0,300.0,0.02,32.53765888591472,48.20393435197341,69.87451324721665,23.72203567688888,23.862004325706895,6.427872772708715,76.70277357508806,0.29966930209627307,0.9990426301956177,0.002212427205524092,-80.61300286202294,1.0000442485441106,False,False,1
118,6,100.0,10.0,0.25,20.0,300.0,0.02,32.5376311546601,48.20394824264717,69.87525366320588,23.722103580257382,23.856515984139914,6.427871404891314,76.70280239094443,0.29966923820720615,0.9990425109863281,0.0021164160589960735,-80.61362071654136,1.00004232832118,False,False,1
119,6,100.0,10.0,0.25,20.0,300.0,0.02,32.53765552191116,48.20393268663004,69.8720300392946,23.722111651305653,23.861800627762186,6.427874047658936,76.7027822289357,0.2996693621407812,0.9990425705909729,0.002156020002680107,-80.614038596272,1.0000431204000535,False,False,1
120,6,100.0,10.0,0.25,20.0,300.0,0.02,32.53762977382805,48.20394557663108,69.87269753345083,23.72218009383265,23.85670541865602,6.427872752367589,76.70280898038675,0.29966930162190064,0.9990424513816833,0.002129881836880793,-80.61399533323728,1.0000425976367375,False,False,1
121,6,100.0,10.0,0.25,20.0,300.0,0.02,32.53765243464671,48.2039311105395,69.8696815212898,23.722191921976346,23.861621040660992,6.427875187942461,76.70279016431785,0.2996694158278205,0.9990424513816833,0.002130748371753916,-80.6136248508372,1.000042614967435,False,False,1
122,6,100.0,10.0,0.25,20.0,300.0,0.02,32.53762851907214,48.203943075636495,69.87028238195523,23.72225947862421,23.856889018472767,6.427873955526062,76.70281477891632,0.29966935823382546,0.9990423321723938,0.002142792766907574,-80.61389179228581,1.0000428558553383,False,False,1
123,6,100.0,10.0,0.25,20.0,300.0,0.02,32.53764956436337,48.20392962059359,69.86746037668698,23.722274370326392,23.861461021674288,6.427876200680535,76.702797339742,0.2996694635000531,0.9990423321723938,0.0021515279858423937,-80.61384656179749,1.0000430305597168,False,False,1
124,6,100.0,10.0,0.25,20.0,300.0,0.02,32.53762735097173,48.20394072869109,69.86800037430191,23.72234082770501,23.85706586718863,6.427875032963382,76.70282009572144,0.29966940891772076,0.9990422129631042,0.0021178177655252007,-80.61396825422275,1.0000423563553105,False,False,1
125,6,100.0,10.0,0.25,20.0,300.0,0.02,32.53764692948278,48.20392821588767,69.86535975617257,23.722358106367793,23.86131843639912,6.427877092901258,76.70280362720989,0.29966950549291066,0.999042272567749,0.0021191388588415036,-80.61382689884871,1.0000423827771767,False,False,1
126,6,100.0,10.0,0.25,20.0,300.0,0.02,32.53762625157178,48.20393853462094,69.86584418382171,23.722422816438698,23.85723626032077,6.427875989402813,76.7028246969804,0.2996694539021521,0.9990421533584595,0.0021180933839479313,-80.61469220788413,1.000042361867679,False,False,1
127,6,100.0,10.0,0.25,20.0,300.0,0.02,32.53764448043854,48.20392689732027,69.86337312424683,23.7224417044897,23.86119097331911,6.427877892940184,76.7028094944907,0.2996695431359617,0.9990421533584595,0.002134269480845476,-80.61399742411677,1.000042685389617,False,False,1
128,6,100.0,10.0,0.25,20.0,300.0,0.02,32.53762525720075,48.20393646171853,69.8638068573125,23.722505566653762,23.85740006221096,6.42787685128187,76.70282903247092,0.2996694944263045,0.9990420341491699,0.0021300980070873,-80.61385173359206,1.0000426019601418,False,False,1
129,6,100.0,10.0,0.25,20.0,300.0,0.02,32.537642171784604,48.20392563025999,69.86149426365118,23.722527093063615,23.861079366260068,6.427878595882837,76.70281460135693,0.2996695762036998,0.9990420937538147,0.0021220882533576936,-80.61365449207479,1.000042441765067,False,False,1
130,6,100.0,10.0,0.25,20.0,300.0,0.02,32.53762433411748,48.2039345049082,69.86188181880351,23.722589798464423,23.8575832187765,6.427877612362981,76.7028327890489,0.29966953020301773,0.9990419745445251,0.0021126645045764177,-80.61374966124723,1.0000422532900914,False,False,1
131,6,100.0,10.0,0.25,20.0,300.0,0.02,32.53764003730886,48.20392441718537,69.85971737350589,23.722613327847597,23.86098170885595,6.427879219175194,76.70281926717651,0.29966960551478006,0.9990419745445251,0.0021196446441538934,-80.61409215328375,1.000042392892883,False,False,1
132,6,100.0,10.0,0.25,20.0,300.0,0.02,32.537623454336135,48.20393264561438,69.86006283867961,23.72267524876762,23.85782808282526,6.427878293762538,76.70283613582023,0.2996695622231133,0.9990419149398804,0.00214549022472801,-80.61408390718103,1.0000429098044945,False,False,1
133,6,100.0,10.0,0.25,20.0,300.0,0.02,32.53763805532869,48.20392324905467,69.85803691093022,23.722700660458887,23.860897008718542,6.427879775550543,76.70282361093793,0.29966963166755006,0.9990419149398804,0.002127238260699992,-80.61409443745822,1.000042544765214,False,False,1
134,6,100.0,10.0,0.25,20.0,300.0,0.02,32.53762262558469,48.20393088321369,69.85834406277166,23.722761390641736,23.85806402499863,6.427878900900988,76.70283917841819,0.2996695907431913,0.9990417957305908,0.0021287166242209693,-80.61383830687069,1.0000425743324843,False,False,1
135,6,100.0,10.0,0.25,20.0,300.0,0.02,32.537636215945035,48.20392213310801,69.85644767926783,23.722787927570227,23.860827451369968,6.427880269261475,76.70282756527384,0.29966965486528335,0.9990417957305908,0.002134144245909021,-80.61423323959353,1.0000426828849183,False,False,1
136,6,100.0,10.0,0.25,20.0,300.0,0.02,32.537621858352175,48.20392920766331,69.85671998255259,23.72284755455223,23.858289712601795,6.42787944313626,76.7028419612356,0.29966961620492744,0.999041736125946,0.0021393364867919457,-80.61408113676691,1.000042786729736,False,False,1
137,6,100.0,10.0,0.25,20.0,300.0,0.02,32.537634495118645,48.20392105005404,69.85494471015916,23.722875714794366,23.86086209851883,6.427880698057819,76.70283098819381,0.2996696750061344,0.999041736125946,0.0021249083025172144,-80.61403112128235,1.0000424981660503,False,False,1
138,6,100.0,10.0,0.25,20.0,300.0,0.02,32.53762113111467,48.20392760549506,69.855185331469,23.72293452116585,23.85850748487789,6.427879925867844,76.70284445486212,0.29966963886212045,0.9990416765213013,0.002117244130160988,-80.61419031431097,1.0000423448826032,False,False,1
139,6,100.0,10.0,0.25,20.0,300.0,0.02,32.5376328712592,48.20392001135345,69.85352332867414,23.72296342545656,23.860901142197513,6.42788108652018,76.70283434986544,0.29966969323987563,0.9990416765213013,0.00213767030857064,-80.61390622148056,1.0000427534061713,False,False,1
140,6,100.0,10.0,0.25,20.0,300.0,0.02,32.53762047850462,48.20392608436469,69.85373522416893,23.723020734401917,23.858715635474287,6.427880355986592,76.70284672339457,0.2996696590412389,0.9990416169166565,0.002147429685431796,-80.61379697671332,1.0000429485937086,False,False,1
141,6,100.0,10.0,0.25,20.0,300.0,0.02,32.53763137019127,48.203919000754496,69.85217912633698,23.723050819174603,23.860944285577915,6.427881425782814,76.70283734644468,0.29966970915672375,0.9990416169166565,0.002141144759972402,-80.61418023078508,1.0000428228951994,False,False,1
142,6,100.0,10.0,0.25,20.0,300.0,0.02,32.53761983377574,48.20392461869956,69.85236492957083,23.72310757750655,23.85891668559877,6.427880730045192,76.70284860916145,0.2996696765823943,0.9990415573120117,0.002124746259014834,-80.61440523792912,1.0000424949251803,False,False,1
143,6,100.0,10.0,0.25,20.0,300.0,0.02,32.53762997190459,48.20391800372058,69.85090788718662,23.723139228515635,23.860992107018163,6.427881720210504,76.7028399432573,0.29966972296096506,0.9990415573120117,0.0021172160541877982,-80.61411741671563,1.0000423443210837,False,False,1
144,6,100.0,10.0,0.25,20.0,300.0,0.02,32.53761923891542,48.203923202463706,69.85107005722315,23.72319544744509,23.859111289220156,6.427881075021843,76.70285065067122,0.299669692745627,0.9990414977073669,0.002128626355414395,-80.61422677333142,1.0000425725271083,False,False,1
145,6,100.0,10.0,0.25,20.0,300.0,0.02,32.53762864322634,48.203917031016935,69.84970566487397,23.723227947777787,23.861043853509596,6.4278819834058325,76.70284247752856,0.29966973528956226,0.9990414977073669,0.0021215759127113376,-80.6142823729393,1.0000424315182541,False,False,1
146,6,100.0,10.0,0.25,20.0,300.0,0.02,32.53761868079875,48.203921836192755,69.84984645303308,23.723283423972003,23.85929933742448,6.427881374210044,76.7028522879108,0.2996697067552392,0.9990414381027222,0.002157118209798272,-80.61381591728852,1.000043142364196,False,False,1
147,6,100.0,10.0,0.25,20.0,300.0,0.02,32.53762741701176,48.20391607668423,69.84856873386188,23.72331682045365,23.861098585970023,6.42788221377234,76.70284474425017,0.2996697460702672,0.9990414381027222,0.002120136469726752,-80.61388610170158,1.0000424027293946,False,False,1
148,6,100.0,10.0,0.25,20.0,300.0,0.02,32.53761813826552,48.20392051391534,69.84869017014799,23.723371627025198,23.859480991235923,6.427881639852334,76.70285386369424,0.2996697191840077,0.9990413784980774,0.0021256527614863896,-80.61439087032275,1.0000425130552297,False,False,1
149,6,100.0,10.0,0.25,20.0,300.0,0.02,32.537626256150574,48.20391513153323,69.84749352409578,23.723406134287416,23.861156970919314,6.427882409630518,76.70284669514189,0.2996697552271411,0.9990413784980774,0.0021125316512781793,-80.61375460075084,1.0000422506330255,False,False,1
150,6,100.0,10.0,0.25,20.0,300.0,0.02,32.53761765342902,48.2039192208763,69.84759750828543,23.723460815042653,23.859657978920872,6.427881876446716,76.70285531763875,0.2996697302422628,0.9990413188934326,0.0021166053825765717,-80.61372836873971,1.0000423321076515,False,False,1
151,6,100.0,10.0,0.25,20.0,300.0,0.02,32.53762519769578,48.20391419669763,69.84647671866766,23.723496220491814,23.86121901396459,6.427882580682535,76.70284856896203,0.2996697632121686,0.9990413188934326,0.002151709347793646,-80.6140535810386,1.000043034186956,False,False,1
152,6,100.0,10.0,0.25,20.0,300.0,0.02,32.53761716121208,48.20391798177877,69.84656494439109,23.723549413550064,23.859828122859437,6.427882084046182,76.70285666464292,0.29966973993529766,0.9990412592887878,0.0021164248802199026,-80.61394558833253,1.0000423284976043,False,False,1
153,6,100.0,10.0,0.25,20.0,300.0,0.02,32.53762418083659,48.20391327445226,69.84551510832743,23.723585446382668,23.861282606835182,6.42788273853773,76.70285043937768,0.2996697705718773,0.9990412592887878,0.0021346624529157885,-80.6142307183816,1.0000426932490583,False,False,1
154,6,100.0,10.0,0.25,20.0,300.0,0.02,32.53761671340071,48.20391676768986,69.84558917522088,23.72363840629862,23.859993652782872,6.4278822614895725,76.70285774274328,0.29966974821068065,0.9990411996841431,0.0021183931983346127,-80.61377735792189,1.0000423678639667,False,False,1
155,6,100.0,10.0,0.25,20.0,300.0,0.02,32.53762322591765,48.20391237114151,69.84460574131876,23.723674600877672,23.861348506953156,6.427882866133229,76.70285197888299,0.29966977650934057,0.9990411996841431,0.0021140590152848304,-80.61414313824365,1.0000422811803058,False,False,1
156,6,100.0,10.0,0.25,20.0,300.0,0.02,32.53761628226182,48.20391557546545,69.84466704488933,23.723727363380423,23.86015440745877,6.42788242192405,76.70285887884349,0.29966975568242304,0.9990411400794983,0.0021076052943160345,-80.61425691853822,1.0000421521058864,False,False,1
157,6,100.0,10.0,0.25,20.0,300.0,0.02,32.53762233581616,48.20391145527517,69.84374573120947,23.723765120998923,23.861417779815515,6.4278829822133146,76.70285358394662,0.29966978189938437,0.9990411400794983,0.0021293673675995863,-80.61423803125575,1.000042587347352,False,False,1
158,6,100.0,10.0,0.25,20.0,300.0,0.02,32.53761587701574,48.20391440666728,69.84379560634189,23.723817501652785,23.86031138931029,6.427882565539023,76.70285996934287,0.29966976235866444,0.9990411400794983,0.002122539096224744,-80.61366628850033,1.0000424507819246,False,False,1
159,6,100.0,10.0,0.25,20.0,300.0,0.02,32.5376214948977,48.20391055232588,69.84293243735917,23.723855496913142,23.861488997275256,6.427883082442667,76.70285508554394,0.29966978654111887,0.9990411400794983,0.002127884018312669,-80.61395056296504,1.0000425576803662,False,False,1
160,6,100.0,10.0,0.25,20.0,300.0,0.02,32.53761549937413,48.203913271035084,69.84297208952741,23.723906972344185,23.86046386855844,6.427882686669624,76.70286092277344,0.29966976797850303,0.9990410804748535,0.0021154986086535654,-80.61435661332982,1.0000423099721731,False,False,1
161,6,100.0,10.0,0.25,20.0,300.0,0.02,32.53762070429997,48.203909655392955,69.84216332013166,23.72394545448437,23.861561535599037,6.4278831588574885,76.70285626342547,0.29966979006590355,0.9990410804748535,0.002136005974576305,-80.61361121357324,1.0000427201194915,False,False,1
162,6,100.0,10.0,0.25,20.0,300.0,0.02,32.53761512142078,48.203912154312235,69.84219381749952,23.723996563257103,23.860612025989962,6.427882790858383,76.70286178506049,0.2996697728010742,0.9990410208702087,0.0021110384702361525,-80.61385092946773,1.0000422207694046,False,False,1
163,6,100.0,10.0,0.25,20.0,300.0,0.02,32.53761996039327,48.20390876589978,69.84143596863821,23.724035320264985,23.86163579813997,6.427883233459791,76.70285766300042,0.29966979349916667,0.9990410208702087,0.002139023128380646,-80.61374490525984,1.0000427804625676,False,False,1
164,6,100.0,10.0,0.25,20.0,300.0,0.02,32.537614783897354,48.20391105886447,69.84145831612992,23.72408591718688,23.860756496332755,6.427882883585235,76.7028626594606,0.29966977708269943,0.9990410208702087,0.0021092161155475695,-80.6141278909719,1.0000421843223108,False,False,1
165,6,100.0,10.0,0.25,20.0,300.0,0.02,32.53761926098525,48.203907881418814,69.84074812740076,23.724125002650947,23.861711027620157,6.427883288912681,76.70285876293148,0.29966979603411803,0.9990410208702087,0.002134463994863488,-80.61378405850914,1.0000426892798973,False,False,1
166,6,100.0,10.0,0.25,20.0,300.0,0.02,32.537614425266774,48.203909980269344,69.84076319541396,23.724175188976144,23.860897189506105,6.427882965634818,76.7028635791028,0.2996697808603474,0.999040961265564,0.0021327021557981693,-80.61418309363253,1.000042654043116,False,False,1
167,6,100.0,10.0,0.25,20.0,300.0,0.02,32.53761861109991,48.20390699380713,69.84009764118849,23.724214955971963,23.861788289566793,6.427883333201236,76.70285979266764,0.2996697980425552,0.999040961265564,0.0021236102623040545,-80.61438838746118,1.0000424722052461,False,False,1
168,6,100.0,10.0,0.25,20.0,300.0,0.02,32.53761411177317,48.20390891724697,69.84010628376596,23.72426479719017,23.8610353629495,6.4278830330739485,76.70286434858187,0.2996697839504736,0.9990409016609192,0.0021152463748488337,-80.61399570173106,1.000042304927497,False,False,1
169,6,100.0,10.0,0.25,20.0,300.0,0.02,32.5376179850087,48.203906111471774,69.83948248760652,23.724304765078855,23.861866254761704,6.427883374385337,76.70286088914101,0.29966979990151044,0.9990409016609192,0.002107372544032513,-80.61451586665808,1.0000421474508807,False,False,1
170,6,100.0,10.0,0.25,20.0,300.0,0.02,32.53761380887275,48.20390785806111,69.8394854275319,23.72435474480294,23.86117039922233,6.427883085885898,76.70286494166939,0.2996697863542742,0.9990409016609192,0.002123390708014632,-80.61402500684093,1.0000424678141604,False,False,1
171,6,100.0,10.0,0.25,20.0,300.0,0.02,32.537617405345706,48.203905218760646,69.83890072229894,23.72439558267642,23.861946566921976,6.4278834059288315,76.70286192688498,0.2996698013054905,0.9990409016609192,0.0021241422993336107,-80.61379358633903,1.0000424828459866,False,False,1
172,6,100.0,10.0,0.25,20.0,300.0,0.02,32.53761352409224,48.20390681598027,69.83889866221213,23.72444499557813,23.861302857933765,6.42788313300548,76.70286565182295,0.2996697884871798,0.9990408420562744,0.002105756047805561,-80.61409596752179,1.0000421151209562,False,False,1
173,6,100.0,10.0,0.25,20.0,300.0,0.02,32.53761685271667,48.203904333027694,69.83835056190178,23.724485845058908,23.86202738320558,6.427883425691218,76.70286275325009,0.29966980215714323,0.9990408420562744,0.002151734732169329,-80.61393118302217,1.0000430346946434,False,False,1
174,6,100.0,10.0,0.25,20.0,300.0,0.02,32.53761323055356,48.20390579027097,69.83834409449587,23.72453470332404,23.861432517839965,6.42788317088846,76.70286632684997,0.29966979018576806,0.9990408420562744,0.0021387507001929293,-80.61434232672883,1.000042775014004,False,False,1
175,6,100.0,10.0,0.25,20.0,300.0,0.02,32.53761633068449,48.2039034460284,69.83783027374527,23.72457592184141,23.862109245994745,6.427883439479594,76.70286361378164,0.29966980272698795,0.9990408420562744,0.002132941242780078,-80.61410173015297,1.0000426588248557,False,False,1
176,6,100.0,10.0,0.25,20.0,300.0,0.02,32.53761296383128,48.20390476471247,69.83781996668237,23.7246249946445,23.861559804892178,6.427883207184125,76.70286707295583,0.29966979180678893,0.9990407824516296,0.002100222396415631,-80.61415945927727,1.0000420044479283,False,False,1
177,6,100.0,10.0,0.25,20.0,300.0,0.02,32.53761583912013,48.20390255634152,69.83733824096808,23.724666600753224,23.862192235989,6.427883458306986,76.70286469308783,0.2996698035274879,0.9990407824516296,0.0021283985112033384,-80.6141840826994,1.000042567970224,False,False,1
178,6,100.0,10.0,0.25,20.0,300.0,0.02,32.53761271471267,48.20390374759203,69.83732459732857,23.72471542560113,23.861685319751434,6.427883228378623,76.70286759972208,0.29966979272019245,0.9990407824516296,0.0021333633810060805,-80.61393828017256,1.0000426672676201,False,False,1
179,6,100.0,10.0,0.25,20.0,300.0,0.02,32.537615382910616,48.203901665282885,69.83687293600852,23.724757329085644,23.862276434869205,6.427883456601894,76.7028653295608,0.2996698033683518,0.9990407824516296,0.002137248369652125,-80.61403798174283,1.000042744967393,False,False,1
180,6,100.0,10.0,0.25,20.0,300.0,0.02,32.53761246568189,48.20390274098061,69.83685640147623,23.72480579243582,23.861808211963385,6.427883250667477,76.70286830573852,0.2996697936818714,0.9990407228469849,0.002112564121111271,-80.61410830903229,1.0000422512824223,False,False,1
181,6,100.0,10.0,0.25,20.0,300.0,0.02,32.53761493942861,48.20390077655825,69.83643288278783,23.72484777439227,23.862360871615113,6.427883458631573,76.70286617214205,0.29966980338072574,0.9990407228469849,0.002122745637045199,-80.61422057657039,1.000042454912741,False,False,1
182,6,100.0,10.0,0.25,20.0,300.0,0.02,32.537612223655536,48.20390173854221,69.83641387238254,23.724896146129833,23.861929426326125,6.427883261957686,76.70286887670278,0.2996697941281758,0.9990407228469849,0.0021398063178594746,-80.6139987277831,1.0000427961263572,False,False,1
183,6,100.0,10.0,0.25,20.0,300.0,0.02,32.53761452496861,48.20389988012493,69.83601672107984,23.72493865287886,23.862446501396796,6.427883458249819,76.70286700013021,0.29966980327834586,0.9990407228469849,0.0021288626930865205,-80.61437712758038,1.0000425772538617,False,False,1
184,6,100.0,10.0,0.25,20.0,300.0,0.02,32.53761198914427,48.20390074585925,69.83599561448187,23.724986661720553,23.862048722707186,6.427883268169574,76.70286939026117,0.2996697943355398,0.9990406632423401,0.0021434456699627267,-80.61415776464479,1.0000428689133993,False,False,1
185,6,100.0,10.0,0.25,20.0,300.0,0.02,32.537614122061235,48.20389898674692,69.83562315595101,23.72502922127499,23.86253246150899,6.427883445875111,76.7028676505604,0.29966980261495557,0.9990406632423401,0.0021104140099336534,-80.61401396254229,1.0000422082801987,False,False,1
186,6,100.0,10.0,0.25,20.0,300.0,0.02,32.53761176634257,48.20389975573197,69.83560027663901,23.725077215865706,23.86216621671546,6.4278832736341736,76.70287003961333,0.29966979450529946,0.9990406632423401,0.0021172906846374405,-80.61415143892914,1.0000423458136927,False,False,1
187,6,100.0,10.0,0.25,20.0,300.0,0.02,32.537613737001024,48.20389809080599,69.83525094655177,23.725119989205073,23.862619042488912,6.427883436799903,76.70286842799864,0.2996698021033807,0.9990406632423401,0.0021111650440251767,-80.61407311132962,1.0000422233008806,False,False,1
188,6,100.0,10.0,0.25,20.0,300.0,0.02,32.5376115563968,48.20389877697071,69.83522661824111,23.725167476913185,23.862281574114007,6.427883270530706,76.70287057452087,0.2996697942740017,0.9990406036376953,0.0021168984604937294,-80.61370110816742,1.0000423379692098,False,False,1
189,6,100.0,10.0,0.25,20.0,300.0,0.02,32.53761337877175,48.20389718633006,69.834898928083,23.72521077756372,23.86270630014683,6.42788342437748,76.7028691440508,0.2996698014345165,0.9990406036376953,0.002100481181395508,-80.61428970126715,1.000042009623628,False,False,1
190,6,100.0,10.0,0.25,20.0,300.0,0.02,32.53761134660376,48.203897802755094,69.83487342522503,23.72525811533828,23.862396042202523,6.4278832698485555,76.70287118562635,0.2996697941537297,0.9990406036376953,0.002117832410850505,-80.61392767586214,1.000042356648217,False,False,1
191,6,100.0,10.0,0.25,20.0,300.0,0.02,32.53761306018891,48.20389629491965,69.8345660640445,23.72530089937727,23.862793607246847,6.427883405531035,76.70286974781453,0.29966980046551267,0.9990406036376953,0.002128590270498377,-80.61405265112452,1.00004257180541,False,False,1
192,6,100.0,10.0,0.25,20.0,300.0,0.02,32.53761115092162,48.203896821708284,69.8345395799793,23.725348627434723,23.86250884482834,6.427883265442134,76.70287181025584,0.2996697938591311,0.9990406036376953,0.002139434216384032,-80.61404824930435,1.0000427886843277,False,False,1
193,6,100.0,10.0,0.25,20.0,300.0,0.02,32.537612728555175,48.20389539393711,69.83425122762225,23.72539191877999,23.86288164448789,6.427883394301159,76.70287059548316,0.299669799848745,0.9990406036376953,0.0021355575637038104,-80.61427297914558,1.000042711151274,False,False,1
194,6,100.0,10.0,0.25,20.0,300.0,0.02,32.53761095843301,48.20389584527039,69.83422400017542,23.725439410183043,23.862620666621137,6.427883253798989,76.70287229701135,0.2996697932250441,0.9990405440330505,0.00211305232471104,-80.61368626455798,1.0000422610464943,False,False,1
195,6,100.0,10.0,0.25,20.0,300.0,0.02,32.53761242681614,48.20389448244145,69.83395346420573,23.725483291598152,23.862971156070003,6.427883371379586,76.70287122113068,0.299669798685812,0.9990405440330505,0.0021169525152952176,-80.61416282325081,1.000042339050306,False,False,1
196,6,100.0,10.0,0.25,20.0,300.0,0.02,32.53761077889412,48.203894883414144,69.8339257155799,23.725530104622337,23.86273076243971,6.427883242169419,76.70287288259834,0.29966979258995385,0.9990405440330505,0.002123519616635372,-80.61351464062056,1.0000424703923327,False,False,1
197,6,100.0,10.0,0.25,20.0,300.0,0.02,32.53761212925183,48.203893583059056,69.83367187800191,23.72557344443291,23.863059403627584,6.427883343015039,76.70287168441153,0.2996697972696009,0.9990405440330505,0.0021214146245288343,-80.61358015801869,1.0000424282924907,False,False,1
198,6,100.0,10.0,0.25,20.0,300.0,0.02,32.53761059518812,48.203893915624526,69.8336437336788,23.725620579782998,23.862839860394285,6.427883225581079,76.70287337226647,0.2996697917236469,0.9990405440330505,0.002120094365367989,-80.61396304414313,1.0000424018873073,False,False,1
199,6,100.0,10.0,0.25,20.0,300.0,0.02,32.537611849451885,48.2038926778853,69.83340555611635,23.72566425863091,23.863148458004126,6.427883320740335,76.70287237004364,0.2996697961352083,0.9990405440330505,0.0021354138639748665,-80.6142204521845,1.0000427082772796,False,False,1
0,6,100.0,10.0,0.25,20.0,300.0,0.02,20.86324246094917,41.04901629112119,58.57786632686257,299.7482690818733,454.42080576233167,10.260249447680673,109.61812821706363,0.45962987029137187,1.0,6.490169705913194,-53.800703967813746,1.129803394118264,False,False,1
1,6,100.0,10.0,0.25,20.0,300.0,0.02,25.7825476842147,43.275916712961916,65.39395943865996,251.11373275651474,361.73736135287527,8.241319428383932,97.23738584994598,0.3730787806584469,1.0,2.1512601689293662,-68.50137816534756,1.0430252033785874,False,False,2
2,6,100.0,10.0,0.25,20.0,300.0,0.02,33.04856391495073,44.352550056488035,69.85727029639477,186.3097762733039,314.7650891162045,6.79462761433218,81.68046814388286,0.31149638541144825,0.9999999403953552,-1.6986340208258806,-68.84553264596633,0.9660273195834824,True,True,0
3,6,100.0,10.0,0.25,20.0,300.0,0.02,35.28050838647005,44.965053382046705,69.01799881918824,99.83816314090116,188.4791253718905,5.88809061354724,69.25487619171176,0.2728048074355078,0.9999884366989136,-3.4450592703285645,-73.53684600841225,0.9310988145934287,True,True,0
4,6,100.0,10.0,0.25,20.0,300.0,0.02,34.393301769943726,45.217985057454136,69.3113087561172,39.10109914043624,74.61258701710881,5.555317135413614,66.89052554519013,0.2581570432143114,0.9998932480812073,-3.2837798951499155,-79.25467017162623,0.9343244020970016,True,True,0
5,6,100.0,10.0,0.25,20.0,300.0,0.02,33.101392157976576,45.41897407743999,69.61286004119924,31.616945990897406,53.03949900327453,5.600563247915824,66.9926463757651,0.2604273992257111,0.9998703598976135,-2.9636371986588705,-79.62296240145372,0.9407272560268226,True,True,0
6,6,100.0,10.0,0.25,20.0,300.0,0.02,31.979811017589824,45.59404124281232,69.77876697969302,25.57925549815957,41.73053858354018,5.697176799818071,67.5854225594362,0.2650343022287174,0.9998805522918701,-2.3085893606189343,-80.08484232362613,0.9538282127876213,True,True,0
7,6,100.0,10.0,0.25,20.0,300.0,0.02,30.72229221251626,45.74065427648114,69.84417055412466,23.45080802056657,35.5906965260433,5.802628585869545,68.44672757040209,0.270027773989704,0.9998871684074402,-1.9858861975220043,-80.20539605727058,0.96028227604956,True,True,0
8,6,100.0,10.0,0.25,20.0,300.0,0.02,29.706266912235066,45.85572964324512,69.95239033190265,20.412443081320912,30.47249001658882,5.913082840487348,69.40450237555712,0.2752448577539497,0.9998998045921326,-1.5521543116233616,-80.43635200303598,0.9689569137675328,True,True,0
9,6,100.0,10.0,0.25,20.0,300.0,0.02,28.84643781159467,45.98928385061313,69.93387122495464,18.483088982546715,29.625899957454447,6.015264191290605,70.30732651686877,0.28006221134260967,0.9999139308929443,-1.4087506469002742,-80.39186314637038,0.9718249870619945,True,True,0
10,6,100.0,10.0,0.25,20.0,300.0,0.02,27.886982155546995,46.10513706530118,70.03193043121085,17.54144878150571,27.16593856485017,6.113278079514856,71.18732451571086,0.2846774613948492,0.9999110102653503,-1.133658662188955,-80.43742066894484,0.9773268267562208,True,True,0
11,6,100.0,10.0,0.25,20.0,300.0,0.02,27.11734703612174,46.22086884741688,70.048081592509,15.251399226438508,24.358185694694594,6.207195138856729,72.0017573359467,0.28909496471357843,0.9999182224273682,-1.0859376330072004,-80.2058260842112,0.978281247339856,True,True,0
12,6,100.0,10.0,0.25,20.0,300.0,0.02,26.525614981812307,46.31865647222311,70.1134548658027,13.262258383368023,19.868737671223506,6.29018293298263,72.74690902487073,0.29299585676703954,0.9999185800552368,-0.8697485297396508,-80.36633745614503,0.982605029405207,True,True,0
13,6,100.0,10.0,0.25,20.0,300.0,0.02,26.05426731772336,46.40722591346182,70.13868772068206,12.490111984389799,21.048604200932857,6.358295401303656,73.37826118546434,0.2961966489381281,0.9999191164970398,-0.7751339199772819,-80.16936564168631,0.9844973216004543,True,True,0
14,6,100.0,10.0,0.25,20.0,300.0,0.02,25.612166643149,46.50425112368872,70.12779916553423,11.678931727369502,18.895024077710065,6.423116216565932,73.97609452492344,0.29924203645423675,0.9999138116836548,-0.7611562770863565,-80.18924735192572,0.9847768744582729,True,True,0
15,6,100.0,10.0,0.25,20.0,300.0,0.02,25.167902489244927,46.58693149014286,70.1799173533648,10.322036268484998,15.636607651937336,6.483516414239336,74.51814887088234,0.3020779889200923,0.9999086856842041,-0.631646320996326,-80.05591396365034,0.9873670735800735,True,True,0
16,6,100.0,10.0,0.25,20.0,300.0,0.02,24.825040942388686,46.665822663201084,70.20238752685093,9.415727610661532,14.488259217466428,6.532377770299891,74.97800500098772,0.30437228314817816,0.9999085068702698,-0.5194585032135447,-80.11841031395943,0.9896108299357291,True,True,0
17,6,100.0,10.0,0.25,20.0,300.0,0.02,24.559088827255263,46.73955721821161,70.22998080384859,8.987282179073189,13.524401883732324,6.573296085370827,75.38500447959417,0.3062945491701565,0.9999055862426758,-0.5013796598917757,-80.0786918659871,0.9899724068021645,True,True,0
18,6,100.0,10.0,0.25,20.0,300.0,0.02,24.361109988793565,46.8078375734373,70.24877462820864,8.246742142760652,12.546210274101233,6.6072141312356445,75.74808082323757,0.30788891233386234,0.9999001026153564,-0.47712774056995183,-80.00960135386813,0.990457445188601,True,True,0
19,6,100.0,10.0,0.25,20.0,300.0,0.02,24.214970791032723,46.87111020134178,70.26698774850175,7.706717877278294,11.626628249225222,6.634299447045488,76.05956468748337,0.30916302446652816,0.9998916983604431,-0.36750791711869096,-79.91788784308187,0.9926498416576262,True,True,0
20,6,100.0,10.0,0.25,20.0,300.0,0.02,24.103421532515437,46.932457301212786,70.28096277548102,7.451206142818272,11.332942271663617,6.656046729660566,76.32703737704833,0.31018701363319234,0.9998831152915955,-0.26219382651914197,-79.9509691490324,0.9947561234696172,True,True,0
21,6,100.0,10.0,0.25,20.0,300.0,0.02,24.019884824063222,46.991940066676484,70.29302859775147,7.229567338688312,10.998570893204452,6.674313225644061,76.56630009563663,0.31104805279515657,0.9998805522918701,-0.24117427677908498,-79.95605596785944,0.9951765144644183,True,True,0
22,6,100.0,10.0,0.25,20.0,300.0,0.02,23.961853995041217,47.048383889906944,70.30317008342601,6.8318863775982805,10.358512723735291,6.689523936275988,76.7819068100109,0.3117658774677544,0.9998758435249329,-0.22396020113394022,-79.93477013284972,0.9955207959773212,True,True,0
23,6,100.0,10.0,0.25,20.0,300.0,0.02,23.923128182318298,47.10215931553439,70.31170753468403,6.469280496568594,9.81310857374469,6.701828632086073,76.96944491533165,0.31234727100879756,0.9998690485954285,-0.2021878172785532,-368.0964772133524,6.361929544267048,True,False,0
24,6,100.0,10.0,0.25,20.0,300.0,0.02,23.89672394259225,47.152912538095826,70.31908281515096,6.1410588998139835,9.188549489269906,6.711903355944909,77.13291602963,0.3128238774077186,0.9998638033866882,-0.11778781785016441,-79.91404432953397,0.9976442436429968,True,True,0
25,6,100.0,10.0,0.25,20.0,300.0,0.02,23.88226672885783,47.202467636775516,70.32046160793168,5.885660881920174,9.02752292031078,6.720178228608733,77.27701379979051,0.31321590028706653,0.9998577833175659,-0.040239045349698466,-79.9693123401451,0.999195219093006,True,True,0
26,6,100.0,10.0,0.25,20.0,300.0,0.02,23.875334731870065,47.25066579803349,70.32818031935201,5.680396006415047,8.597876212390716,6.727183346443169,77.40816370794691,0.31354822932586135,0.9998499155044556,-0.023362845437959096,-374.6534880152678,6.493069760305356,True,False,0
27,6,100.0,10.0,0.25,20.0,300.0,0.02,23.874798575751253,47.295609965163166,70.32246714054408,5.356205725844077,8.517839023750227,6.733168542756583,77.5261361769041,0.31383245212180955,0.999838650226593,-0.004710515472972253,-79.87616010214437,0.9999057896905406,True,True,0
28,6,100.0,10.0,0.25,20.0,300.0,0.02,23.878563456368802,47.340378848038505,70.32423816140901,5.14378453036429,7.892071640811241,6.7382966588983075,77.62963851758929,0.3140761430913364,0.9998274445533752,-0.011192573406590302,-79.9325320366153,0.9997761485318682,True,True,0
29,6,100.0,10.0,0.25,20.0,300.0,0.02,24.052390398102233,47.38852913256821,70.32342317072728,5.789053240788339,13.183136953964103,6.7426616755932,77.72192607570524,0.3142838950301213,0.9998181462287903,0.002198321186856911,-79.82312122583065,1.000043966423737,False,False,1
30,6,100.0,10.0,0.25,20.0,300.0,0.02,24.180449345049475,47.43324828008762,70.35567182796838,5.5987355746374625,9.402929302361509,6.7388142492112095,77.7716221686051,0.31410894798088396,0.9998078346252441,-0.00042348954323422365,-79.72932536725156,0.9999915302091353,True,True,0
31,6,100.0,10.0,0.25,20.0,300.0,0.02,24.275802261672833,47.475687033502645,70.37757957492177,5.013702309924198,8.863467175581397,6.7362074745449965,77.82009344115882,0.3139911341548721,0.9997995495796204,-0.01057624780878745,-79.67086459844636,0.9997884750438243,True,True,0
32,6,100.0,10.0,0.25,20.0,300.0,0.02,24.40221801452696,47.50491118141827,70.39125913494887,5.748756132210281,12.670355012924016,6.734693481505452,77.86595660843267,0.3139238050622361,0.9997938871383667,-0.022154426961938273,-79.75849001461555,0.9995569114607612,True,True,0
33,6,100.0,10.0,0.25,20.0,300.0,0.02,24.451933048295956,47.53595217127711,70.37204190429483,5.131697992728266,8.73314691883998,6.726835325147951,77.87262731534516,0.31356075974061975,0.9997855424880981,-0.02017873033727327,-79.94855581816013,0.9995964253932546,True,True,0
34,6,100.0,10.0,0.25,20.0,300.0,0.02,24.505413395498433,47.56906406762763,70.35797302228951,4.610759176032861,8.1930559857769,6.721102984652718,77.88851092805831,0.3132962361920976,0.999778687953949,-0.01581784705511366,-79.84588579870902,0.9996836430588977,True,True,0
35,6,100.0,10.0,0.25,20.0,300.0,0.02,24.73393676100615,47.58833372870889,70.34881759920164,5.359624257302792,12.915732589175112,6.7169740637971005,77.91011830510776,0.3131061818936001,0.9997694492340088,-0.02326909826667952,-79.82697496718771,0.9995346180346664,True,True,0
36,6,100.0,10.0,0.25,20.0,300.0,0.02,24.90356716824964,47.61358196153412,70.30179093105068,5.1177812602418395,8.838183202179412,6.707157605259118,77.89638731077149,0.31265128287688604,0.9997607469558716,-0.008405776671282653,-79.69337420417311,0.9998318844665743,True,True,0
37,6,100.0,10.0,0.25,20.0,300.0,0.02,25.098931359300146,47.64548050786719,70.27813089920666,5.726695277103977,12.368169395720999,6.700242457002899,77.89108567134572,0.3123311620608765,0.9997496008872986,0.01742212285855305,-79.69015358016091,1.0003484424571711,False,False,1
38,6,100.0,10.0,0.25,20.0,300.0,0.02,25.183592396931154,47.677164940321674,70.27852915201375,4.7181195896703025,9.33469071467053,6.688368541780996,77.8612822484778,0.311780133343368,0.9997313618659973,0.025949192585420458,-79.61150666246496,1.0005189838517083,False,False,1
39,6,100.0,10.0,0.25,20.0,300.0,0.02,25.449193679815444,47.713092183564314,70.2886781690773,5.430951510766623,12.888444228663488,6.67958269133789,77.84677021291981,0.3113725358735663,0.9997125864028931,0.01538581857553934,-79.48532512012326,1.0003077163715108,False,False,1
40,6,100.0,10.0,0.25,20.0,300.0,0.02,25.648521330263073,47.74841288294051,70.31318233330758,4.999321119472499,8.811039047702215,6.666448918476361,77.80824997181173,0.3107626548263704,0.9996902942657471,0.012852039927728385,-79.41074043236812,1.0002570407985545,False,False,1
41,6,100.0,10.0,0.25,20.0,300.0,0.02,25.79979334424706,47.78112322799702,70.3469108281651,4.2686839124580285,7.882055702751912,6.656972468530213,77.78223931552064,0.31032272019448154,0.9996687173843384,0.004650015094104774,-79.27616266480105,1.0000930003018822,False,False,1
42,6,100.0,10.0,0.25,20.0,300.0,0.02,25.915215749946416,47.81348362730598,70.35637789971435,3.869831838314194,5.848153643160567,6.650156494679568,77.76656724644127,0.31000647102351236,0.9996486902236938,-0.004085767288630999,-79.31196877391683,0.9999182846542274,True,True,0
43,6,100.0,10.0,0.25,20.0,300.0,0.02,26.02151001329809,47.83232244586282,70.37970270722384,4.790991204500953,11.924199184363928,6.645327866977426,77.75815419252103,0.3097826675436593,0.9996302723884583,0.01606998491635735,-79.35290967016068,1.0003213996983271,False,False,1
44,6,100.0,10.0,0.25,20.0,300.0,0.02,26.100271978210678,47.85492262156826,70.35564661379209,4.035002129004475,8.805301416418978,6.635700178554605,77.72144131492597,0.30933561574763446,0.9996213912963867,0.010987038151252746,-79.56277669263278,1.0002197407630251,False,False,1
45,6,100.0,10.0,0.25,20.0,300.0,0.02,26.365754890962176,47.86528627517631,70.34589807431597,4.914465253502017,12.459882267937083,6.628551233765988,77.70117163133314,0.3090036443632858,0.9996110796928406,-0.0006064014445272177,-79.9011333120583,0.9999878719711095,True,True,0
46,6,100.0,10.0,0.25,20.0,300.0,0.02,26.561524006775585,47.88176934643031,70.29698886481816,4.468180202950511,8.371495997372818,6.617141456990876,77.65687957272495,0.3084735309444224,0.9996065497398376,-0.029247751776887095,-79.82296836124377,0.9994150449644622,True,True,0
47,6,100.0,10.0,0.25,20.0,300.0,0.02,26.70595103084978,47.899374592475546,70.27136909616037,3.780194660619831,7.175795969160678,6.608929253342154,77.62720316072092,0.3080919744546675,0.9995956420898438,-0.042778003266681006,-79.80107844324104,0.9991444399346664,True,True,0
48,6,100.0,10.0,0.25,20.0,300.0,0.02,26.8447198022249,47.926431404831256,70.23554766475006,4.686861287346836,12.461787696916327,6.603276656929032,77.60492577179869,0.30782951371887435,0.9995877742767334,-0.03367287574283065,-79.86377926733627,0.9993265424851434,True,True,0
49,6,100.0,10.0,0.25,20.0,300.0,0.02,26.930894936512015,47.95105463165848,70.25006898661019,3.8898767387568967,8.029000845780761,6.593868538289645,77.55609354323747,0.30739261889302294,0.9995697736740112,-0.01986925524321522,-79.79844436722135,0.9996026148951357,True,True,0
50,6,100.0,10.0,0.25,20.0,300.0,0.02,27.210467207245493,47.98369193766601,70.25138309907572,4.7748640396754025,11.975858387303,6.586936354830544,77.52525349823001,0.30707065770653447,0.999565064907074,-0.0013846731860875454,-79.7816424785874,0.9999723065362782,True,True,0
51,6,100.0,10.0,0.25,20.0,300.0,0.02,27.413079097639287,48.01176419939822,70.29354173324556,4.0978884198058525,8.719538493169765,6.576331153520444,77.47459252564717,0.30657803191116983,0.9995290637016296,0.01955479568498339,-79.70496304306903,1.0003910959136997,False,False,1
52,6,100.0,10.0,0.25,20.0,300.0,0.02,27.56129790093773,48.03914214768069,70.31370135315125,3.536710589516895,6.081459577108929,6.568432984259108,77.44258567112897,0.30621103086799983,0.9995137453079224,0.021861590803128512,-79.54679430288064,1.0004372318160626,False,False,1
53,6,100.0,10.0,0.25,20.0,300.0,0.02,27.67099437796378,48.06401321686323,70.34392759613876,2.9575909184213782,5.552471825769096,6.562649865579689,77.42228475531476,0.3059423231986563,0.9994964003562927,0.018584137745849785,-79.33129435242358,1.000371682754917,False,False,1
54,6,100.0,10.0,0.25,20.0,300.0,0.02,27.75285953609664,48.088248024691644,70.35087065790964,2.6513219300439306,4.063024104856423,6.5585502223135554,77.40839206643994,0.30575189988571033,0.9994832873344421,0.022833331342358758,-79.21625619958229,1.000456666626847,False,False,1
55,6,100.0,10.0,0.25,20.0,300.0,0.02,27.814446153980317,48.11069409316432,70.36975154359304,2.321763986746751,4.184632661798411,6.55566170664707,77.39926970466736,0.3056178202711677,0.9994714856147766,0.02700632495389684,-79.24116933949685,1.0005401264990779,False,False,1
56,6,100.0,10.0,0.25,20.0,300.0,0.02,27.865812452484597,48.12096852559942,70.37025107917361,3.5227464488568665,11.600225350742948,6.553582753693257,77.39450410346089,0.3055214323371823,0.9994602799415588,0.021940652852193574,-79.04604367948095,1.0004388130570439,False,False,1
57,6,100.0,10.0,0.25,20.0,300.0,0.02,27.919824864444518,48.13315035210774,70.35619109196129,3.16501266021327,7.343261034167045,6.547074866562629,77.36475031699901,0.3052192254708984,0.9994492530822754,0.02296606878247471,-79.1524030485633,1.0004593213756494,False,False,1
58,6,100.0,10.0,0.25,20.0,300.0,0.02,28.179601819132117,48.13654124845336,70.3316514089257,4.1706022058919965,11.45731808340998,6.542558011865449,77.3426278195416,0.3050093233791599,0.9994378089904785,0.02047785876365491,-79.01424261269102,1.0004095571752731,False,False,1
59,6,100.0,10.0,0.25,20.0,300.0,0.02,28.36508026274702,48.14302380983541,70.29784314731876,3.5546094203780942,8.153325750018322,6.534340480846929,77.29885946444573,0.30462752480251754,0.9994232058525085,-0.0029821359875353425,-79.34436390287837,0.9999403572802493,True,True,0
60,6,100.0,10.0,0.25,20.0,300.0,0.02,28.499232870683684,48.15289729813334,70.25541763481388,3.0281780038076924,5.5655544649728785,6.528491667401314,77.26679340412352,0.30435560948779006,0.9994096755981445,-0.02346068393124436,-79.62476348039598,0.9995307863213752,True,True,0
61,6,100.0,10.0,0.25,20.0,300.0,0.02,28.59650278626133,48.16380837464772,70.23505219195945,2.4794316527184375,4.89696548117957,6.5242900090667435,77.24368748097154,0.3041602677971448,0.9993937015533447,-0.031430508511049275,-79.7742480151757,0.999371389829779,True,True,0
62,6,100.0,10.0,0.25,20.0,300.0,0.02,28.667910995517058,48.176179637402235,70.20764518658748,2.1877172717365743,3.39569990231371,6.521268433831864,77.22750469703544,0.30401981343465717,0.9993811845779419,-0.03396650842037426,-79.86030827257225,0.9993206698315925,True,True,0
63,6,100.0,10.0,0.25,20.0,300.0,0.02,28.720108830328257,48.18873046714758,70.19839527285589,1.8704896413699765,3.5330326746463485,6.519084198174189,77.2167084362535,0.3039183157522894,0.9993680715560913,-0.05075902969974695,-80.0655987458384,0.998984819406005,True,True,0
64,6,100.0,10.0,0.25,20.0,300.0,0.02,28.763162719868834,48.210172480849415,70.18098796551995,3.1923171260413263,11.517706894718183,6.5175172912469375,77.2097052531585,0.30384559678025075,0.9993566870689392,-0.043475804124104,-79.98549281436735,0.9991304839175179,True,True,0
65,6,100.0,10.0,0.25,20.0,300.0,0.02,28.81313015729356,48.22849122086371,70.20124445240363,2.808332941975646,7.1556686597862615,6.512307738390491,77.1784177106133,0.3036039524023279,0.999324381351471,-0.032517330534316165,-79.93057146051751,0.9993496533893137,True,True,0
66,6,100.0,10.0,0.25,20.0,300.0,0.02,29.077968881399816,48.25448832154773,70.2134767118753,3.8889962760681414,11.542834807136229,6.508651618487086,77.15626837869624,0.30343416939637374,0.9993168115615845,-0.015792561606648152,-79.7798238027554,0.999684148767867,True,True,0
67,6,100.0,10.0,0.25,20.0,300.0,0.02,29.260460030189574,48.275868123461215,70.25578745216418,3.2386208156915886,7.914829670566536,6.501941228444652,77.11439949198565,0.30312283401334134,0.999270498752594,-0.0018899257906025916,-79.71808192107414,0.9999622014841879,True,True,0
68,6,100.0,10.0,0.25,20.0,300.0,0.02,29.389193478484962,48.29505484342031,70.28238540807843,2.6981142731691894,5.303863569176048,6.497096731296481,77.08582300397771,0.30289781327623366,0.9992530941963196,0.006402170275727308,-79.7149074650563,1.0001280434055146,False,False,1
69,6,100.0,10.0,0.25,20.0,300.0,0.02,29.48117818510979,48.31187033938333,70.31228622764122,2.1405634727224268,4.4493943341453805,6.493496088077491,77.0672018135162,0.30273047273622444,0.9992358088493347,0.01222657930503476,-79.6744928309583,1.0002445315861006,False,False,1
70,6,100.0,10.0,0.25,20.0,300.0,0.02,29.547983344639515,48.327421671005,70.3253751592235,1.8741100797646233,2.8619964035335905,6.490828155347245,77.0550344222885,0.3026064418957866,0.999220073223114,0.013278578772414498,-79.46088097685856,1.0002655715754483,False,False,1
71,6,100.0,10.0,0.25,20.0,300.0,0.02,29.596798981016008,48.34137551638917,70.34375265590522,1.5432845134583186,3.0232784950309735,6.488947998999432,77.04590286612621,0.30251902948322423,0.9992055892944336,0.015728272303706166,-79.42191942382806,1.000314565446074,False,False,1
72,6,100.0,10.0,0.25,20.0,300.0,0.02,29.632925255410907,48.35451684467047,70.34938417416495,1.4311502014758262,2.4118642196237503,6.4876132477452675,77.03917890730484,0.30245698169378776,0.9991952776908875,0.01761622723506008,-79.40438234644412,1.0003523245447012,False,False,1
73,6,100.0,10.0,0.25,20.0,300.0,0.02,29.65968530322667,48.366500150328896,70.36103227754509,1.2382825498310015,2.414692787350358,6.486651778467364,77.03447419560635,0.3024122993685897,0.9991828799247742,0.018866700703800716,-79.38739995427922,1.000377334014076,False,False,1
74,6,100.0,10.0,0.25,20.0,300.0,0.02,29.679717595489713,48.37793131869925,70.36260024841798,1.1853468319387492,2.1696838983913755,6.485968598012088,77.03114851898323,0.3023805660059626,0.9991758465766907,0.02005140128521167,-79.38817987770993,1.0004010280257043,False,False,1
75,6,100.0,10.0,0.25,20.0,300.0,0.02,29.694663231270304,48.388470314881864,70.3702310958906,1.0692595904334632,2.133314894892645,6.485483303607932,77.02889034141567,0.3023580404381442,0.999165415763855,0.021207841572425248,-79.38150363552305,1.0004241568314485,False,False,1
76,6,100.0,10.0,0.25,20.0,300.0,0.02,29.705938849185166,48.39860437827395,70.36976033483543,1.037462805189404,2.0185740798894516,6.485142037282506,77.0274025267429,0.30234221551245216,0.9991584420204163,0.022002840959792398,-79.37429945688606,1.0004400568191958,False,False,1
77,6,100.0,10.0,0.25,20.0,300.0,0.02,29.714358294839425,48.40801538320148,70.37502777679926,0.9618792996047398,1.9730347524535117,6.48490816849713,77.02644139691799,0.30233138691559436,0.9991492629051208,0.022733131541832013,-79.37153983116531,1.0004546626308366,False,False,1
78,6,100.0,10.0,0.25,20.0,300.0,0.02,29.72066802705739,48.41710532074786,70.37365754536424,0.9382668078694166,1.9054126798973254,6.484751987717225,77.02585083642484,0.3023241709073236,0.9991424083709717,0.02329454983452878,-79.36929516002824,1.0004658909966906,False,False,1
79,6,100.0,10.0,0.25,20.0,300.0,0.02,29.725503326835316,48.4255858292872,70.37750888403914,0.8842436710027041,1.8592066032304033,6.484651618927134,77.02552827499554,0.3023195493130881,0.9991384148597717,0.023581132495049263,-79.3692393549628,1.000471622649901,False,False,1
80,6,100.0,10.0,0.25,20.0,300.0,0.02,29.729123831600994,48.43379543135837,70.37580905306167,0.867371269445992,1.8102693714686706,6.484590518364147,77.02539357319225,0.30231675145795217,0.9991369247436523,0.02380193237685719,-79.3696066183006,1.000476038647537,False,False,1
81,6,100.0,10.0,0.25,20.0,300.0,0.02,29.73192165307182,48.44147827390211,70.37876515676685,0.8297670474133114,1.7663267047358784,6.484557473698517,77.02538711674593,0.30231525582482865,0.9991365075111389,0.023976775033847285,-79.37033851687073,1.000479535500677,False,False,1
82,6,100.0,10.0,0.25,20.0,300.0,0.02,29.733999861731913,48.448922633984445,70.3770220931898,0.8256522736352873,1.7261001852043405,6.484543479442069,77.02546576638048,0.3023146428700384,0.9991352558135986,0.024067727851469344,-79.37048430269627,1.0004813545570295,False,False,1
83,6,100.0,10.0,0.25,20.0,300.0,0.02,29.73563019780516,48.45590399429077,70.37938253290227,0.8133610033961465,1.6853246876230106,6.484542749893082,77.02559739163779,0.30231464377806666,0.9991347193717957,0.02423733121035312,-79.36800303195939,1.000484746624207,False,False,1
84,6,100.0,10.0,0.25,20.0,300.0,0.02,29.73682559320589,48.46266993833927,70.37773351668886,0.8137507788046044,1.6501342954044969,6.484550631273169,77.02575592191718,0.30231504182102936,0.9991357922554016,0.024348263520174107,-79.36541637908287,1.0004869652704034,False,False,1
85,6,100.0,10.0,0.25,20.0,300.0,0.02,29.737786081445833,48.469024724229854,70.37974370197891,0.811078036632905,1.6126836941196512,6.484564012022231,77.02592713932074,0.3023156926431663,0.9991369247436523,0.02439809626210346,-79.36576403196919,1.000487961925242,False,False,1
86,6,100.0,10.0,0.25,20.0,300.0,0.02,29.738476009592254,48.47518156748163,70.3985017961848,0.811367778858258,1.5810513196551894,6.484580282692833,77.02609991164235,0.30231647471470124,0.9991382956504822,0.024432970635671663,-79.36527819014269,1.0004886594127134,False,False,1
87,6,100.0,10.0,0.25,20.0,300.0,0.02,29.73905268100148,48.48097080429422,70.41809418851643,0.8106440327895911,1.5468947929678734,6.484597878902388,77.0262688593237,0.3023173156746628,0.9991391897201538,0.024470190330238624,-79.36553558894454,1.0004894038066048,False,False,1
88,6,100.0,10.0,0.25,20.0,300.0,0.02,29.739451173115675,48.48657707782703,70.43517797465321,0.810835592982475,1.5182220442486831,6.484615366437123,77.02642985926077,0.3023181487339833,0.9991402626037598,0.024501612956077612,-79.36483625666408,1.0004900322591215,False,False,1
89,6,100.0,10.0,0.25,20.0,300.0,0.02,29.73979906858291,48.491853511397004,70.45294635584449,0.8105748021188273,1.487156526854031,6.484632270165048,77.02657912281784,0.30231895224967836,0.9991409182548523,0.024502832329671473,-79.36508280423526,1.0004900566465935,False,False,1
90,6,100.0,10.0,0.25,20.0,300.0,0.02,29.74003624287962,48.49696011327476,70.46851829855073,0.8107130612134846,1.4610498702517962,6.484647822787915,77.02671553487502,0.30231969049573443,0.9991417527198792,0.02452775506030536,-79.36539532660984,1.0004905551012062,False,False,1
91,6,100.0,10.0,0.25,20.0,300.0,0.02,29.74024982057176,48.501770023627024,70.4846465473351,0.8105874408153686,1.4331272449968964,6.484661973123344,77.02683767469465,0.3023203615083608,0.9991421699523926,0.02452179406037085,-79.36524949959696,1.0004904358812075,False,False,1
92,6,100.0,10.0,0.25,20.0,300.0,0.02,29.740394178621127,48.506422103933645,70.49884593757163,0.8106960592582796,1.409548630670809,6.484674341360409,77.02694636556124,0.30232094760718237,0.9991428256034851,0.024538798260716015,-79.36553346781693,1.0004907759652144,False,False,1
93,6,100.0,10.0,0.25,20.0,300.0,0.02,29.740528531040166,48.51080689916366,70.51349329962865,0.8106152080811286,1.3842940105499544,6.4846850941551,77.02704094003906,0.3023214569239152,0.999143123626709,0.02459890189013599,-79.36470051976762,1.0004919780378028,False,False,1
94,6,100.0,10.0,0.25,20.0,300.0,0.02,29.740618655614778,48.515045041701086,70.52644323453042,0.8107010339465465,1.3627734282429422,6.484694059546569,77.02712235610308,0.30232188145381134,0.9991436004638672,0.024574496374257754,-79.36427001511683,1.000491489927485,False,False,1
95,6,100.0,10.0,0.25,20.0,300.0,0.02,29.740706102988213,48.51904213953106,70.5397502251426,0.8106346459432512,1.3398360553622681,6.484701574006949,77.02718987160125,0.30232223720395485,0.9991437792778015,0.02457184466920895,-79.36441401609775,1.0004914368933842,False,False,1
96,6,100.0,10.0,0.25,20.0,300.0,0.02,29.740764290477976,48.522903033311515,70.55156097112,0.8107035013972714,1.3201924467390114,6.484707432963981,77.02724607356808,0.3023225146210339,0.9991441369056702,0.024571026921295196,-79.3648393007378,1.0004914205384259,False,False,1
97,6,100.0,10.0,0.25,20.0,300.0,0.02,29.740823110800854,48.52654641580485,70.56365285177668,0.8106459330635447,1.2993637471306039,6.484711936010436,77.02729109877289,0.3023227279261976,0.9991441965103149,0.02541911561898899,-79.35840076965638,1.0005083823123797,False,False,1
98,6,100.0,10.0,0.25,20.0,300.0,0.02,29.74086222337029,48.53006352326529,70.5744241528367,0.8106887125392722,1.281420225139298,6.484715164323579,77.02732526481996,0.3023228809396864,0.999144434928894,0.025464634929328038,-79.3576490170977,1.0005092926985866,False,False,1
99,6,100.0,10.0,0.25,20.0,300.0,0.02,29.740903224092495,48.53277755395913,70.58541315992599,0.8106108031218947,1.2624790426999752,6.484717327362738,77.02734972861981,0.3023229835968788,0.999144434928894,0.02858778667457255,-656.5794400526529,12.131588801053057,False,False,1
100,6,100.0,10.0,0.25,20.0,300.0,0.02,29.740938187255974,48.52484810333695,70.58693682592825,1.2271786628997803,1.2951640332462453,6.484718344904299,77.02736617683452,0.3023230321505485,0.9991446137428284,0.02544880202963171,-79.35809928852125,1.0005089760405925,False,False,1
101,6,100.0,10.0,0.25,20.0,300.0,0.02,29.740972923442584,48.519315532990056,70.57554867424123,1.9095157643228127,1.9849273371997282,6.484715403215723,77.02742707362209,0.302322849222818,0.9991499781608582,0.025511644319160098,-79.35751000435063,1.0005102328863833,False,False,1
102,6,100.0,10.0,0.25,20.0,300.0,0.02,29.740976718357317,48.51624027934603,70.57362590617093,2.322617652494404,2.385256204569951,6.4847121348089045,77.02749044907894,0.3023226524652864,0.9991545677185059,0.025507998766913714,-79.35801542690935,1.0005101599753383,False,False,1
103,6,100.0,10.0,0.25,20.0,300.0,0.02,29.7410149652405,48.51427351876602,70.56756490173554,2.5644909380561156,2.6431128834365736,6.484710231145394,77.02753301703802,0.30232253252304925,0.9991560578346252,0.025666041102464544,-79.3577445725606,1.0005133208220494,False,False,1
104,6,100.0,10.0,0.25,20.0,300.0,0.02,29.741008556351414,48.513268550658715,70.56810780394963,2.7071384616985976,2.7733755047063817,6.484708245794729,77.02756504909074,0.3023224192061296,0.9991580247879028,0.025636146491769124,-79.35692214666133,1.0005127229298354,False,False,1
105,6,100.0,10.0,0.25,20.0,300.0,0.02,29.741041138331457,48.512539014732745,70.56414965390559,2.790303705819806,2.8695586251576364,6.484707507258739,77.02758072144971,0.30232237246006627,0.9991581439971924,0.024909008483720286,-79.36185772881177,1.0004981801696744,False,False,1
106,6,100.0,10.0,0.25,20.0,300.0,0.02,29.741030509802684,48.51224033750434,70.56536311526773,2.8396791161577855,2.907717364261494,6.484706387334026,77.02759411544758,0.3023223122935134,0.9991591572761536,0.02568484842507533,-79.35680384973844,1.0005136969685016,False,False,1
107,6,100.0,10.0,0.25,20.0,300.0,0.02,29.741056766245055,48.51194426048965,70.56236364213206,2.86815815506645,2.947165675814206,6.484706165536541,77.02759880352029,0.3023222976930621,0.9991589188575745,0.024664512091423757,-79.36363738413189,1.0004932902418284,False,False,1
108,6,100.0,10.0,0.25,20.0,300.0,0.02,29.741044432809005,48.511882584022125,70.56365438864134,2.885354396303731,2.9544657642592087,6.484705510363191,77.0276047323369,0.3023222641895253,0.999159574508667,0.025632582465206503,-79.35746337103004,1.0005126516493041,False,False,1
109,6,100.0,10.0,0.25,20.0,300.0,0.02,29.74106576436976,48.511741946954245,70.56118967227478,2.8950090695502677,2.9735105896865126,6.484705477407906,77.02760628127905,0.30232226131897344,0.9991592168807983,0.024675422561388764,-79.36349056900389,1.0004935084512279,False,False,1
110,6,100.0,10.0,0.25,20.0,300.0,0.02,29.741053132645558,48.511756454929916,70.56237534926801,2.9010861959401133,2.970951549697277,6.484705053391854,77.02760956747932,0.30232224040027694,0.9991596937179565,0.025356148983366873,-79.35932234471649,1.0005071229796674,False,False,1
111,6,100.0,10.0,0.25,20.0,300.0,0.02,29.741070728104425,48.511674611283595,70.56027319402541,2.904270889512709,2.982226872615163,6.484705088809212,77.02761021782813,0.30232224172374106,0.9991593360900879,0.024678530555405913,-79.36418170102688,1.0004935706111082,False,False,1
112,6,100.0,10.0,0.25,20.0,300.0,0.02,29.741058628255793,48.511710569199714,70.56130994404214,2.9064941572887055,2.976946921519923,6.484704789984817,77.02761251360823,0.3023222272911617,0.9991596937179565,0.02518255199827765,-79.36040431455552,1.0005036510399656,False,False,1
113,6,100.0,10.0,0.25,20.0,300.0,0.02,29.741073316153784,48.51165347574608,70.55948824413035,2.907468246368925,2.9849125490276016,6.48470484313234,77.02761297754051,0.3023222297700022,0.9991593956947327,0.024659779788052064,-79.36449505599393,1.000493195595761,False,False,1
114,6,100.0,10.0,0.25,20.0,300.0,0.02,29.74106215684178,48.511692678084316,70.56037731070639,2.9083454654284324,2.9792833951757016,6.484704615743019,77.02761484658737,0.30232221890715766,0.9991596937179565,0.025036475176393597,-79.3613831483112,1.000500729503528,False,False,1
115,6,100.0,10.0,0.25,20.0,300.0,0.02,29.741074527144544,48.51164798811365,70.55878801701469,2.9085743187633217,2.9855603307756002,6.4847046714374095,77.0276152219469,0.30232222160330446,0.9991594552993774,0.02467570434462014,-79.36398611422058,1.0004935140868925,False,False,1
116,6,100.0,10.0,0.25,20.0,300.0,0.02,29.74106450825935,48.51168472633332,70.55954391423842,2.908972284606394,2.98032162241253,6.484704485274684,77.02761699813048,0.3023222127547864,0.9991596937179565,0.024933923734266197,-79.36197282933666,1.0004986784746854,False,False,1
117,6,100.0,10.0,0.25,20.0,300.0,0.02,29.74107501312683,48.51164765981334,70.55815326753593,2.908958344807257,2.985541763800714,6.484704543941556,77.02761762776407,0.3023222156102207,0.9991594552993774,0.0246561956783044,-79.3639852236827,1.0004931239135662,False,False,1
118,6,100.0,10.0,0.25,20.0,300.0,0.02,29.74106614367528,48.51168043737865,70.55879300568066,2.9091784925346746,2.98088031339034,6.484704371770574,77.02761907771698,0.3023222074558894,0.9991596937179565,0.02485448034934345,-79.36256911704302,1.000497089606987,False,False,1
119,6,100.0,10.0,0.25,20.0,300.0,0.02,29.741075124629294,48.5116489232184,70.55757444308931,2.9090922827754504,2.985325291395797,6.484704414296733,77.02761956825871,0.30232220955353856,0.9991595149040222,0.02464619899738613,-79.36467382254529,1.0004929239799478,False,False,1
120,6,100.0,10.0,0.25,20.0,300.0,0.02,29.74106732730692,48.51167763749163,70.55811420495228,2.909239177060545,2.9812450749228203,6.484704268754078,77.02762111111255,0.302322202664206,0.9991596937179565,0.024774778050545586,-79.36352866821673,1.0004954955610108,False,False,1
121,6,100.0,10.0,0.25,20.0,300.0,0.02,29.741075049717317,48.51165054182875,70.55704550018308,2.909139471470262,2.9850678479757877,6.4847043021902815,77.02762172638671,0.3023222043259707,0.9991595149040222,0.02463241215753659,-79.3641009278555,1.0004926482431507,False,False,1
122,6,100.0,10.0,0.25,20.0,300.0,0.02,29.741068252882286,48.511675520766445,70.55749973475534,2.9092519725111976,2.9815200592301654,6.484704165660297,77.02762308465623,0.3023221978722753,0.9991596937179565,0.024712002915068334,-79.36376801411159,1.0004942400583015,False,False,1
123,6,100.0,10.0,0.25,20.0,300.0,0.02,29.741074903926137,48.511652138407506,70.55656187331708,2.9091563292425513,2.9848204493152095,6.484704188917309,77.02762371096222,0.3023221990467574,0.9991595149040222,0.024641372421058447,-79.36449948997725,1.0004928274484213,False,False,1
124,6,100.0,10.0,0.25,20.0,300.0,0.02,29.74106898973818,48.51167380708738,70.55694313835275,2.909248041404899,2.9817424374057993,6.48470406649163,77.02762503030212,0.30232219326288073,0.9991596937179565,0.02467934726056269,-79.36436171458874,1.0004935869452112,False,False,1
125,6,100.0,10.0,0.25,20.0,300.0,0.02,29.741074741250863,48.51165359160203,70.55611965101866,2.9091618497633647,2.984596882813304,6.484704076850981,77.02762567762598,0.30232219382341485,0.999159574508667,0.024602673237760143,-79.36508554910557,1.0004920534647552,False,False,1
126,6,100.0,10.0,0.25,20.0,300.0,0.02,29.741069614823644,48.511672379721,70.55643882792856,2.9092385968665266,2.981929015013104,6.484703960264237,77.02762690539045,0.30232218832166724,0.9991596937179565,0.02464824944432699,-79.36457107107202,1.0004929649888865,False,False,1
127,6,100.0,10.0,0.25,20.0,300.0,0.02,29.74107459156583,48.51165488519012,70.55571537000345,2.9091622979278196,2.9843986074626594,6.484703959459275,77.02762751724424,0.30232218835103997,0.999159574508667,0.02456519172192072,-79.36519989695593,1.0004913038344385,False,False,1
128,6,100.0,10.0,0.25,20.0,300.0,0.02,29.741070153929282,48.51167115503855,70.55598174653828,2.9092282140475727,2.982087894054182,6.48470385421764,77.02762881726339,0.3023221833860322,0.9991596937179565,0.024655753007460708,-79.36437932177732,1.0004931150601493,False,False,1
129,6,100.0,10.0,0.25,20.0,300.0,0.02,29.741074468788405,48.51165600936734,70.55534583852031,2.909161940135404,2.9842257778598453,6.4847038472414305,77.02762948195425,0.30232218311841674,0.999159574508667,0.024444339843520003,-79.36623073249271,1.0004888867968704,False,False,1
130,6,100.0,10.0,0.25,20.0,300.0,0.02,29.74107063551335,48.511670108075315,70.55556741562282,2.909218363539406,2.9822243886832185,6.484703736551472,77.02763040195089,0.30232217790725224,0.9991596937179565,0.024630368847518787,-79.36429074241983,1.0004926073769504,False,False,1
131,6,100.0,10.0,0.25,20.0,300.0,0.02,29.741074376321567,48.51165700666679,70.55500817734739,2.909159829435693,2.984074529229159,6.484703729084971,77.02763133181803,0.3023221776078599,0.9991596341133118,0.024336823806850243,-79.36711698943901,1.000486736476137,False,False,1
132,6,100.0,10.0,0.25,20.0,300.0,0.02,29.741071070533383,48.51166921671722,70.55519178033339,2.9092079231306527,2.9823408444268096,6.484703626492859,77.02763234430633,0.30232217278041634,0.9991596937179565,0.02460795334141703,-79.36446733369814,1.0004921590668283,False,False,1
133,6,100.0,10.0,0.25,20.0,300.0,0.02,29.741074315897027,48.51165786324565,70.55469968107948,2.9091575634436864,2.9839425730061095,6.484703603074793,77.02763296326597,0.30232217173043807,0.9991596341133118,0.024192345563486622,-79.36791985817916,1.0004838469112698,False,False,1
134,6,100.0,10.0,0.25,20.0,300.0,0.02,29.74107146031287,48.51166843097577,70.5548511343132,2.909199884003092,2.9824423037547017,6.48470350637475,77.02763395029547,0.30232216718311206,0.9991596937179565,0.024490535755355612,-79.36551954972938,1.000489810715107,False,False,1
135,6,100.0,10.0,0.25,20.0,300.0,0.02,29.741074297857136,48.51165861574574,70.55441793838604,2.9091557526986325,2.9838284461400595,6.4847034819172205,77.02763478074351,0.3023221660782185,0.9991596341133118,0.02404724461927083,-79.36941270438112,1.0004809448923855,False,False,1
136,6,100.0,10.0,0.25,20.0,300.0,0.02,29.74107182972515,48.511667769123946,70.55454224487055,2.9091914984835676,2.982528674235373,6.484703389303157,77.02763572355931,0.3023221617263377,0.9991596937179565,0.024344239486351275,-79.36702438279245,1.000486884789727,False,False,1
137,6,100.0,10.0,0.25,20.0,300.0,0.02,29.741074291797055,48.51165928273001,70.55416066398806,2.9091525279181654,2.983728007827995,6.484703355129616,77.02763639921187,0.30232216016343716,0.9991596341133118,0.023961805035882668,-79.37012086747879,1.0004792361007178,False,False,1
138,6,100.0,10.0,0.25,20.0,300.0,0.02,29.74107217618407,48.51166720971474,70.55426209143106,2.909182811668194,2.982601702578776,6.48470326815497,77.02763742702844,0.3023221560781583,0.9991596937179565,0.02418250833756757,-79.36809177685915,1.0004836501667513,False,False,1
139,6,100.0,10.0,0.25,20.0,300.0,0.02,29.741074318376548,48.5116598462668,70.55392577350308,2.909149713572198,2.983641129310112,6.484703230473671,77.02763814883212,0.3023221543474161,0.9991596937179565,0.023798503720525603,-79.37127842248188,1.0004759700744106,False,False,1
140,6,100.0,10.0,0.25,20.0,300.0,0.02,29.741072501537023,48.511666720254695,70.55400796815982,2.9091761432180836,2.9826661740725484,6.484703149068724,77.02763911368788,0.30232215052538725,0.9991596937179565,0.02402689673578691,-79.36964646283359,1.0004805379347157,False,False,1
141,6,100.0,10.0,0.25,20.0,300.0,0.02,29.741074377620887,48.51166035036076,70.55371139234069,2.909146688564526,2.9835650942265652,6.484703100597072,77.02763970141446,0.30232214828718496,0.9991596937179565,0.023696698797939612,-79.3722623650101,1.0004739339759587,False,False,1
142,6,100.0,10.0,0.25,20.0,300.0,0.02,29.74107282834098,48.511666280472056,70.55377742729961,2.9091702854861423,2.9827218467893486,6.4847030275640964,77.0276404828312,0.30232214486214887,0.9991596937179565,0.023909378076314197,-79.37025400551401,1.0004781875615263,False,False,1
143,6,100.0,10.0,0.25,20.0,300.0,0.02,29.741074405654686,48.51166077918265,70.55351573722879,2.909145096894214,2.983500073256723,6.484702978607203,77.02764149590165,0.30232214259468104,0.9991596937179565,0.02363032571348591,-79.37288693529212,1.0004726065142697,False,False,1
144,6,100.0,10.0,0.25,20.0,300.0,0.02,29.741073143443508,48.51166589270811,70.55356827395556,2.909165795940126,2.9827704663144887,6.484702919274637,77.02764213185836,0.302322139813496,0.9991597533226013,0.02375966872952795,-79.37138351556915,1.0004751933745906,False,False,1
145,6,100.0,10.0,0.25,20.0,300.0,0.02,29.741074479147937,48.51166112298515,70.55333723162207,2.909145213236916,2.983445101501469,6.484702861894281,77.02764296916753,0.30232213715098577,0.9991596937179565,0.023507601930319443,-79.37385325280982,1.0004701520386063,False,False,1
146,6,100.0,10.0,0.25,20.0,300.0,0.02,29.74107339452136,48.51166554596201,70.55337848257105,2.9091636245406405,2.9828143126843925,6.48470279610811,77.02764349107895,0.3023221340703799,0.9991597533226013,0.023675648086236758,-79.37257465872752,1.0004735129617248,False,False,1
147,6,100.0,10.0,0.25,20.0,300.0,0.02,29.741074548055465,48.51166141366511,70.553174406702,2.9091461085536223,2.9833988454662808,6.484702745476983,77.02764443646647,0.3023221317202036,0.9991596937179565,0.02344424094941064,-79.37451272050984,1.0004688848189882,False,False,1
148,6,100.0,10.0,0.25,20.0,300.0,0.02,29.74107363527724,48.51166524616872,70.55320628269945,2.9091619352705576,2.9828520361043687,6.484702683323437,77.02764505315213,0.30232212881076176,0.9991597533226013,0.023534747623474232,-79.37348556101277,1.0004706949524695,False,False,1
149,6,100.0,10.0,0.25,20.0,300.0,0.02,29.741074627385316,48.51166165733216,70.55302590445494,2.9091470531675374,2.9833582081904617,6.484702629412929,77.02764591613203,0.3023221263064742,0.9991596937179565,0.023351636882822064,-79.375297858332,1.0004670327376564,False,False,1
150,6,100.0,10.0,0.25,20.0,300.0,0.02,29.74107384759687,48.51166496594508,70.55305000253459,2.90916172577711,2.9828864259435126,6.484702569656196,77.0276466617815,0.3023221235091675,0.9991597533226013,0.023484701912817624,-79.3740608289412,1.0004696940382563,False,False,1
151,6,100.0,10.0,0.25,20.0,300.0,0.02,29.741074714446626,48.51166186784404,70.55289051671117,2.9091488718475724,2.983324614920781,6.4847025146664174,77.02764747521556,0.30232212095286976,0.9991597533226013,0.02327906058819113,-79.37543138367747,1.0004655812117638,False,False,1
152,6,100.0,10.0,0.25,20.0,300.0,0.02,29.741074056795174,48.5116647395391,70.552908220968,2.9091607662167767,2.9829147421770372,6.484702451073592,77.02764805542779,0.3023221179786301,0.9991597533226013,0.023409181245122087,-79.37477758253338,1.0004681836249025,False,False,1
153,6,100.0,10.0,0.25,20.0,300.0,0.02,29.74107481284061,48.51166205214584,70.55276710724782,2.9091494843761656,2.983294474088665,6.48470239385795,77.02764886691875,0.3023221153170157,0.9991597533226013,0.023302058873473423,-79.37546449571789,1.0004660411774695,False,False,1
154,6,100.0,10.0,0.25,20.0,300.0,0.02,29.741074246150514,48.511664536331246,70.55277953717088,2.9091600937393625,2.982939966489038,6.484702332306271,77.02764952926235,0.30232211243890017,0.9991597533226013,0.023374579491440076,-79.37520454880936,1.0004674915898288,False,False,1
155,6,100.0,10.0,0.25,20.0,300.0,0.02,29.741074922754528,48.51166221189488,70.5526546320805,2.9091502993705878,2.9832682294936492,6.484702276308469,77.02765035323621,0.3023221098328899,0.9991597533226013,0.023291644794178543,-79.37544590827684,1.0004658328958835,False,False,1
156,6,100.0,10.0,0.25,20.0,300.0,0.02,29.74107444101638,48.5116643574399,70.55266277322208,2.909159593250861,2.982961929309863,6.484702212141515,77.02765097139067,0.3023221068337517,0.9991597533226013,0.023359856361053033,-79.3750117267457,1.000467197127221,False,False,1
157,6,100.0,10.0,0.25,20.0,300.0,0.02,29.741075028460333,48.51166235110385,70.55255214185382,2.909151012700462,2.9832462500025994,6.484702153243012,77.02765170546425,0.3023221040914655,0.9991597533226013,0.023346510397785444,-79.37527698154163,1.0004669302079556,False,False,1
158,6,100.0,10.0,0.25,20.0,300.0,0.02,29.741074618137553,48.51166420467102,70.55255680457779,2.909158912327302,2.9829806395227147,6.484702093914115,77.0276524364575,0.30232210131871445,0.9991597533226013,0.023379330997021233,-79.3747203694594,1.0004675866199404,False,False,1
159,6,100.0,10.0,0.25,20.0,300.0,0.02,29.741075155549257,48.51166246871823,70.5524587798361,2.909151620673423,2.9832269454173983,6.484702038875442,77.0276533178931,0.3023220987556047,0.9991597533226013,0.023382897706722975,-79.37428500960682,1.0004676579541345,False,False,1
160,6,100.0,10.0,0.25,20.0,300.0,0.02,29.741074803653046,48.51166407741459,70.55246065929924,2.9091582222252694,2.982996902493767,6.484701976761376,77.02765396335244,0.3023220958532668,0.9991598129272461,0.023473491666419734,-79.37407038812381,1.0004694698333283,False,False,1
161,6,100.0,10.0,0.25,20.0,300.0,0.02,29.741075285116427,48.511662561999486,70.55237372306962,2.909152281186188,2.983210592569444,6.484701915564681,77.02765466771912,0.3023220930023485,0.9991597533226013,0.02345450695268003,-79.37480117726388,1.0004690901390536,False,False,1
162,6,100.0,10.0,0.25,20.0,300.0,0.02,29.74107499320227,48.511663951817006,70.5523733999247,2.9091586924687576,2.9830122078671915,6.484701854818082,77.02765537712976,0.30232209016468176,0.9991598129272461,0.02350986934726389,-79.37352979061686,1.0004701973869452,False,False,1
163,6,100.0,10.0,0.25,20.0,300.0,0.02,29.74107541894587,48.51166264354343,70.55229627451284,2.9091534720219374,2.9831969618502896,6.4847017953964565,77.02765616377746,0.3023220873959065,0.9991598129272461,0.023514294571776055,-79.37400187070435,1.0004702858914356,False,False,1
164,6,100.0,10.0,0.25,20.0,300.0,0.02,29.741075171693883,48.511663841500045,70.55229421061046,2.909159051242007,2.9830252730172866,6.484701736879461,77.02765690615047,0.30232208466257204,0.9991598129272461,0.023542292912779726,-79.37384496044609,1.0004708458582556,False,False,1
165,6,100.0,10.0,0.25,20.0,300.0,0.02,29.741075561729723,48.5116627176608,70.55222577757628,2.909154352197144,2.9831850720558264,6.484701679985598,77.02765768772056,0.3023220820113531,0.9991598129272461,0.023545966984558023,-79.37396986259711,1.0004709193396912,False,False,1
166,6,100.0,10.0,0.25,20.0,300.0,0.02,29.741075351395335,48.51166376540916,70.55222239353611,2.909158257958546,2.9830355410658242,6.484701612935423,77.02765823902698,0.302322078880556,0.9991598129272461,0.02360382045802836,-79.37372239233859,1.0004720764091606,False,False,1
167,6,100.0,10.0,0.25,20.0,300.0,0.02,29.741075673999813,48.511662779912946,70.55216159097034,2.909154293325384,2.983174214352805,6.484701560101746,77.02765903183271,0.30232207641900155,0.9991598129272461,0.023604905053935407,-79.37342737159993,1.0004720981010786,False,False,1
168,6,100.0,10.0,0.25,20.0,300.0,0.02,29.74107551036368,48.5116636744304,70.55215720976058,2.909158894421598,2.983045990529256,6.484701497116897,77.02765968905899,0.3023220734782677,0.9991598129272461,0.023634209911708354,-79.3731172253668,1.000472684198234,False,False,1
169,6,100.0,10.0,0.25,20.0,300.0,0.02,29.741075792893273,48.511662813656436,70.5521031762619,2.9091564158221987,2.9831670106614516,6.48470144106979,77.02766041473477,0.30232207086633045,0.9991598129272461,0.02368906007334145,-79.37284974371198,1.0004737812014668,False,False,1
170,6,100.0,10.0,0.25,20.0,300.0,0.02,29.74107566017556,48.51166358571405,70.5520980685311,2.9091608803944777,2.983056536443493,6.484701380666138,77.02766111550034,0.30232206804609824,0.9991598129272461,0.02371294503973362,-79.37267511304216,1.0004742589007947,False,False,1
171,6,100.0,10.0,0.25,20.0,300.0,0.02,29.74107590280845,48.51166284112613,70.55205002695806,2.9091588473193135,2.9831613810644764,6.4847013251891665,77.02766184262596,0.30232206546057583,0.9991598129272461,0.023697424008168436,-79.37298021881665,1.0004739484801635,False,False,1
172,6,100.0,10.0,0.25,20.0,300.0,0.02,29.74107581105759,48.51166351265407,70.55204443536185,2.909162534799053,2.9830657988415066,6.484701259924501,77.02766247967455,0.3023220624137071,0.9991598129272461,0.023783249692974174,-79.37205500136751,1.0004756649938595,False,False,1
173,6,100.0,10.0,0.25,20.0,300.0,0.02,29.74107602150755,48.511662860922996,70.55200169167617,2.9091609429551464,2.9831568844594365,6.484701206729839,77.02766328747201,0.3023220599342416,0.9991598129272461,0.023786027123916278,-79.37229170954096,1.0004757205424784,False,False,1
174,6,100.0,10.0,0.25,20.0,300.0,0.02,29.741075942047203,48.51166344720162,70.55199578287166,2.9091642282508516,2.983074340464308,6.484701143710123,77.02766389629991,0.30232205699255804,0.9991598129272461,0.02382660418730895,-79.37174379261926,1.000476532083746,False,False,1
175,6,100.0,10.0,0.25,20.0,300.0,0.02,29.741076144247014,48.5116628894965,70.5519577782045,2.9091623272404004,2.9831526106360005,6.484701088435866,77.02766468943206,0.30232205441542304,0.9991598129272461,0.023843424667844268,-79.37181911137063,1.000476868493357,False,False,1
176,6,100.0,10.0,0.25,20.0,300.0,0.02,29.74107607828578,48.51166338501806,70.55195166737907,2.9091654442823422,2.983081167300472,6.484701026130079,77.027665313073,0.3023220515078329,0.9991598725318909,0.02386247082823593,-79.37119799299302,1.0004772494165648,False,False,1
177,6,100.0,10.0,0.25,20.0,300.0,0.02,29.741076265902546,48.51166289153049,70.5519178329782,2.9091648629802727,2.9831503973652196,6.484700966225329,77.02766601037493,0.3023220487144317,0.9991598725318909,0.02389964332638164,-79.37099997668005,1.0004779928665277,False,False,1
178,6,100.0,10.0,0.25,20.0,300.0,0.02,29.74107621955985,48.51166331786572,70.5519116676852,2.909168203339363,2.9830892499982022,6.484700905007205,77.02766666273507,0.30232204585720995,0.9991598725318909,0.023950481181688354,-79.37100129244035,1.0004790096236338,False,False,1
179,6,100.0,10.0,0.25,20.0,300.0,0.02,29.74107638070258,48.511662897432046,70.55188154359917,2.9091675200362634,2.9831489353140714,6.484700852441885,77.02766750103109,0.3023220434062977,0.9991598725318909,0.02393977614635349,-79.37112841214147,1.000478795522927,False,False,1
180,6,100.0,10.0,0.25,20.0,300.0,0.02,29.74107636199197,48.511663272945796,70.55187543436784,2.9091697844966347,2.9830955581214074,6.484700794356327,77.02766826055677,0.30232204069525187,0.9991598725318909,0.02397660603123818,-79.37057952033811,1.0004795321206248,False,False,1
181,6,100.0,10.0,0.25,20.0,300.0,0.02,29.741076510165392,48.51166290854406,70.551848598903,2.9091688656051655,2.9831470306700023,6.484700732623843,77.02766889613235,0.30232203781682854,0.9991598725318909,0.02400203389919044,-79.37040298629762,1.000480040677984,False,False,1
182,6,100.0,10.0,0.25,20.0,300.0,0.02,29.741076487343488,48.51166322044374,70.55184257553354,2.9091714481929913,2.983101480521705,6.484700670207222,77.02766956019535,0.30232203490405807,0.9991598725318909,0.0240027425393108,-79.37074643655073,1.0004800548507862,False,False,1
183,6,100.0,10.0,0.25,20.0,300.0,0.02,29.74107662848835,48.51166289911293,70.55181866591441,2.909171591138671,2.9831472645735246,6.484700612198344,77.02767029336204,0.302322032198584,0.9991598725318909,0.024025518451730378,-79.37040784342189,1.0004805103690346,False,False,1
184,6,100.0,10.0,0.25,20.0,300.0,0.02,29.741076618503083,48.511663175487044,70.55181281583172,2.9091738101710543,2.9831078038301873,6.4847005471282335,77.02767088240878,0.30232202916213985,0.9991598725318909,0.024039303064756642,-79.37040370079539,1.0004807860612952,False,False,1
185,6,100.0,10.0,0.25,20.0,300.0,0.02,29.741076762615403,48.511662897989005,70.55179152201326,2.9091735786486517,2.9831470568919554,6.48470049338192,77.02767166641266,0.3023220266558613,0.9991598725318909,0.024052872764262153,-79.36992437892964,1.0004810574552851,False,False,1
186,6,100.0,10.0,0.25,20.0,300.0,0.02,29.741076754673664,48.51166313600881,70.55178587703844,2.909175521929063,2.9831126007792146,6.484700431342114,77.0276723573525,0.30232202376085865,0.9991598725318909,0.024057766757522667,-79.3699665101449,1.0004811553351505,False,False,1
187,6,100.0,10.0,0.25,20.0,300.0,0.02,29.741076877610276,48.511662890169056,70.55176688001434,2.909175660176159,2.9831473175814023,6.484700373481796,77.02767311954838,0.3023220210624066,0.9991598725318909,0.024073629141668385,-79.37007947521894,1.0004814725828333,False,False,1
188,6,100.0,10.0,0.25,20.0,300.0,0.02,29.741076889343507,48.51166309305281,70.55176147786355,2.909177773457166,2.9831183803480337,6.484700313713795,77.02767379957707,0.302322018273467,0.9991598725318909,0.024069153032342885,-79.36998955821699,1.000481383060647,False,False,1
189,6,100.0,10.0,0.25,20.0,300.0,0.02,29.741077016137897,48.511662871262025,70.5517445393128,2.9091784588145226,2.983148644073681,6.484700249354964,77.0276744060815,0.30232201527173874,0.9991598725318909,0.024051590404757364,-79.37022926989529,1.0004810318080952,False,False,1
190,6,100.0,10.0,0.25,20.0,300.0,0.02,29.741077037887205,48.51166304251054,70.55173939397004,2.9091809052483772,2.9831243628747344,6.484700190587255,77.02767513294108,0.30232201252950547,0.9991599321365356,0.02407051145498503,-79.36999277922514,1.0004814102290998,False,False,1
191,6,100.0,10.0,0.25,20.0,300.0,0.02,29.741077140856557,48.51166285928239,70.5517243011498,2.9091812951219698,2.9831503300138564,6.484700132162486,77.02767590228933,0.3023220098043042,0.9991599321365356,0.024042656078873126,-79.37063331703212,1.0004808531215774,False,False,1
192,6,100.0,10.0,0.25,20.0,300.0,0.02,29.74107717487756,48.51166300318658,70.55171943195346,2.909183207253436,2.983129526865012,6.484700073759949,77.02767664777855,0.30232200707924467,0.9991599321365356,0.024063027950935477,-79.37062056341088,1.0004812605590188,False,False,1
193,6,100.0,10.0,0.25,20.0,300.0,0.02,29.741077279159168,48.511662842079986,70.55170596601118,2.90918386220446,2.9831522170324014,6.484700014080003,77.02767739586636,0.3023220042950517,0.9991599321365356,0.024062281931353416,-79.37045597723848,1.0004812456386272,False,False,1
194,6,100.0,10.0,0.25,20.0,300.0,0.02,29.741077304906934,48.51166296603971,70.55170137594305,2.9091856724451652,2.9831344303331484,6.484699949772847,77.02767802441757,0.30232200129483966,0.9991599321365356,0.024047998310905195,-79.37034380110235,1.000480959966218,False,False,1
195,6,100.0,10.0,0.25,20.0,300.0,0.02,29.741077403021887,48.51166283329447,70.55168938113492,2.909185965636722,2.983154014260573,6.484699892515542,77.02767876822963,0.30232199862409126,0.9991599321365356,0.02404143208591684,-79.37037208910432,1.0004808286417184,False,False,1
196,6,100.0,10.0,0.25,20.0,300.0,0.02,29.741077452554702,48.51166294898653,70.55168510821686,2.909186826443945,2.983137860526169,6.484699831715541,77.02767945817249,0.3023219957876766,0.9991599321365356,0.024062846775266922,-79.37017325163174,1.0004812569355053,False,False,1
197,6,100.0,10.0,0.25,20.0,300.0,0.02,29.741077541128508,48.511662832322095,70.55167440523819,2.9091867651972425,2.983154570400671,6.484699772771592,77.02768020267945,0.3023219930382404,0.9991599321365356,0.024063605468687754,-79.37027161285354,1.0004812721093737,False,False,1
198,6,100.0,10.0,0.25,20.0,300.0,0.02,29.741077588225384,48.51166293316752,70.5516704031749,2.9091875243629066,2.983140581032255,6.484699711790327,77.02768091248065,0.3023219901929491,0.9991599321365356,0.024070052858648917,-79.3700616339169,1.000481401057173,False,False,1
199,6,100.0,10.0,0.25,20.0,300.0,0.02,29.741077671082223,48.51166282343386,70.55166085579366,2.9091878458503238,2.983155815403186,6.484699647351126,77.02768156500572,0.3023219871872877,0.9991599321365356,0.024053010810474167,-79.37011181178678,1.0004810602162095,False,False,1
0,6,100.0,10.0,0.25,20.0,300.0,0.02,21.023814635961756,41.04031153059403,58.7512830487295,299.90312061120824,458.148960371688,9.859404146952789,97.81800734344438,0.44111647265324366,0.9999952912330627,7.063519497185499,-54.78413564779346,1.14127038994371,False,False,1
1,6,100.0,10.0,0.25,20.0,300.0,0.02,25.934054168232542,43.27866569257932,65.71875888932846,252.64534095679588,360.0973584744364,7.855281033588993,81.98604318381152,0.3552965963347946,0.9999579191207886,2.240942974485629,-69.02015982348472,1.0448188594897125,False,False,2
2,6,100.0,10.0,0.25,20.0,300.0,0.02,33.12895900563016,44.36315535954627,69.71426745098569,188.5598517140627,314.2336925388678,6.381519119216704,62.856300235389256,0.2924664611956825,0.9994568228721619,-1.4961429816016951,-69.56974106231738,0.9700771403679661,True,True,0
3,6,100.0,10.0,0.25,20.0,300.0,0.02,35.5700417977536,44.9435346278562,68.81410671811894,96.9440394304175,186.58026997900726,5.454890553096079,49.44167254297898,0.25281830689487894,0.9936955571174622,-3.266439648540649,-74.09043337597458,0.934671207029187,True,True,0
4,6,100.0,10.0,0.25,20.0,300.0,0.02,34.71216257726726,45.18700314547512,69.21882638882583,38.005024046732686,68.87590403502637,5.13819055218902,48.216537616470774,0.23884044906925914,0.9817301630973816,-3.138520235876837,-79.99794295077291,0.9372295952824633,True,True,0
5,6,100.0,10.0,0.25,20.0,300.0,0.02,33.526410931573196,45.37049363681248,69.50327275936459,29.684658760395507,50.26537289027728,5.1720478102113425,48.33181924547175,0.24056389597831762,0.9797744750976562,-2.839774072526512,-80.32305591133539,0.9432045185494697,True,True,0
6,6,100.0,10.0,0.25,20.0,300.0,0.02,32.57423750917381,45.530725900530314,69.70456460926184,22.819082096453684,38.2580163794942,5.253516108141208,48.67472896028754,0.24445168191078984,0.9799262285232544,-2.615246284333203,-80.3911513257642,0.9476950743133359,True,True,0
7,6,100.0,10.0,0.25,20.0,300.0,0.02,31.463809448787405,45.639391837674154,69.79801018513047,19.578852252496546,30.1878023801098,5.339114680784125,49.17175943334381,0.24850423081182726,0.9799469709396362,-2.1978618880996814,-80.75762430707987,0.9560427622380063,True,True,0
8,6,100.0,10.0,0.25,20.0,300.0,0.02,30.562630625402317,45.74280651540578,69.86612348865518,17.92226319803611,28.85768801999032,5.424052423404295,49.7051462185031,0.2525145732760249,0.9809551239013672,-2.0195976784140446,-80.73817341451762,0.9596080464317192,True,True,0
9,6,100.0,10.0,0.25,20.0,300.0,0.02,29.79523004218285,45.833818005861275,69.89902836908949,15.268343469292068,22.727226234781096,5.5104435689486735,50.26538330724301,0.25658595790548683,0.9814845323562622,-1.6470359745626888,-80.94110320214662,0.9670592805087462,True,True,0
10,6,100.0,10.0,0.25,20.0,300.0,0.02,29.110476447422343,45.9397324695278,69.90223577912884,14.680055578958921,24.03406461753372,5.586913463320667,50.780379091750575,0.26018649662805343,0.9818798303604126,-1.5906396258745727,-80.80584338423499,0.9681872074825085,True,True,0
11,6,100.0,10.0,0.25,20.0,300.0,0.02,28.48774074681649,46.022254189217804,69.98737643288297,13.516528434530509,20.502987205103445,5.662175475429296,51.31034675299928,0.26372765003992554,0.9818690419197083,-1.3047919447142482,-80.93125723739769,0.973904161105715,True,True,0
12,6,100.0,10.0,0.25,20.0,300.0,0.02,27.828862299022386,46.11588513172364,69.99121979695529,12.862266793451772,19.633665684776364,5.7292569064014085,51.793293915426766,0.26688189745174623,0.9825525879859924,-1.1749410776204956,-80.9083786967336,0.9765011784475901,True,True,0
13,6,100.0,10.0,0.25,20.0,300.0,0.02,27.294300417781997,46.20111472073242,70.03546370715931,11.475672835859228,18.357582528265105,5.79549343926305,52.27755008935802,0.2699948335984268,0.9824858903884888,-1.1309581848017052,-80.74380208287357,0.9773808363039659,True,True,0
14,6,100.0,10.0,0.25,20.0,300.0,0.02,26.88320252304079,46.27602451703807,70.08400350784159,10.057012304798972,15.233474751783291,5.851661230746399,52.71613941066223,0.2726340413533215,0.9826325178146362,-1.0337322455919649,-80.76318301029393,0.9793253550881607,True,True,0
15,6,100.0,10.0,0.25,20.0,300.0,0.02,26.548751369581773,46.34422709025785,70.11683264064821,9.186185672754524,13.853188894597526,5.898137036049415,53.099675289468685,0.27481779351623226,0.9827798008918762,-0.8030972014453543,-80.90905265878578,0.983938055971093,True,True,0
16,6,100.0,10.0,0.25,20.0,300.0,0.02,26.276516760825906,46.41378939878459,70.14077560989004,9.125380563546754,14.128759937076662,5.937483376854743,53.44893720147149,0.2766675181742012,0.9827277660369873,-0.7641858953329521,-80.88750212504226,0.9847162820933409,True,True,0
17,6,100.0,10.0,0.25,20.0,300.0,0.02,26.068544554818907,46.476523366433995,70.1745559870604,8.4956480032521,12.529667410286521,5.97289644203387,53.789413225294275,0.2783331978657933,0.9823908805847168,-0.7178449843613913,-80.7283453909225,0.9856431003127721,True,True,0
18,6,100.0,10.0,0.25,20.0,300.0,0.02,25.91079849956892,46.53536156777577,70.19576624653071,7.852363910769086,11.935896785604323,6.002029787869413,54.09123331414553,0.2797042940586477,0.982058048248291,-0.6353160290315761,-80.69057372897433,0.9872936794193685,True,True,0
19,6,100.0,10.0,0.25,20.0,300.0,0.02,25.783112556641132,46.5901174902094,70.21919303136866,7.601186554834466,11.339823183335334,6.026182127968587,54.359924882386075,0.2808418172111924,0.9816281199455261,-0.4635738234035081,-80.85499736382779,0.9907285235319299,True,True,0
20,6,100.0,10.0,0.25,20.0,300.0,0.02,25.680782885368846,46.647573236078905,70.22901852583965,7.584174657866928,11.75862861097856,6.0469134556621045,54.60782905940402,0.2818192145721343,0.9814013242721558,-0.4323179500407542,-80.7808985468089,0.9913536409991849,True,True,0
21,6,100.0,10.0,0.25,20.0,300.0,0.02,25.606571145632866,46.700860010136694,70.25019447418859,7.2789151851192875,10.706576157346987,6.066006968862825,54.848555620601665,0.2827199746309072,0.9810125231742859,-0.39284244348985936,-80.69552999298406,0.9921431511302028,True,True,0
22,6,100.0,10.0,0.25,20.0,300.0,0.02,25.554026794916528,46.75238166800484,70.26074860901451,6.839199700003536,10.429804225384595,6.082011240674067,55.065328302672015,0.2834757040432925,0.98060142993927,-0.3664864013747872,-80.66007242862521,0.9926702719725042,True,True,0
23,6,100.0,10.0,0.25,20.0,300.0,0.02,25.518072998914477,46.801328314712116,70.27458841821182,6.5522107504012,9.762116116132272,6.0955801888050125,55.26143135902979,0.28411703236521246,0.9801658987998962,-0.2740624670543277,-80.78555880769852,0.9945187506589135,True,True,0
24,6,100.0,10.0,0.25,20.0,300.0,0.02,25.49137089556221,46.85022262421381,70.28354061139501,6.3680069995510316,9.887500189912656,6.107231780217496,55.43957903729484,0.28466822675679115,0.979722261428833,-0.1841319013886489,-80.88218488788476,0.996317361972227,True,True,0
25,6,100.0,10.0,0.25,20.0,300.0,0.02,25.47256062860549,46.89814077149001,70.29352427142834,6.209999548339707,9.265860219453451,6.117876676867735,55.60726676969889,0.28517210357137296,0.9791671633720398,-0.15844280312945114,-80.8470641868785,0.996831143937411,True,True,0
26,6,100.0,10.0,0.25,20.0,300.0,0.02,25.462554972210157,46.94386085960296,70.30052222059783,5.886576080071568,8.866225941037916,6.127529432555975,55.76464617544003,0.28562924762833475,0.9785683751106262,-0.14147340969025482,-80.86769847838922,0.9971705318061949,True,True,0
27,6,100.0,10.0,0.25,20.0,300.0,0.02,25.456571270744483,46.98837601558151,70.30771977494022,5.607589579927556,8.391034237426997,6.135935529663716,55.908546508341956,0.28602764456156526,0.977898120880127,-0.1220822389990921,-80.83755590519823,0.9975583552200181,True,True,0
28,6,100.0,10.0,0.25,20.0,300.0,0.02,25.45786524631875,47.03048509225016,70.30857682307543,5.303195789687475,8.227289106076837,6.1434091964839705,56.03985198482829,0.2863819973974445,0.9774258732795715,-0.09617064237736406,-80.79797513423945,0.9980765871524527,True,True,0
29,6,100.0,10.0,0.25,20.0,300.0,0.02,25.62538527894953,47.061008203866145,70.31716416748704,6.082730372993921,13.307901848288584,6.150101930231476,56.16010952853658,0.2866995686896025,0.9770673513412476,-0.062473988707927884,-80.71353129469948,0.9987505202258414,True,True,0
30,6,100.0,10.0,0.25,20.0,300.0,0.02,25.874836016602995,47.09942788347494,70.2835067643895,6.851047832117217,13.710152265545991,6.15010775223343,56.24310941557277,0.28670580583093097,0.9767773151397705,0.0013947927896773196,-393.6193206952262,6.872386413904524,False,False,1
31,6,100.0,10.0,0.25,20.0,300.0,0.02,25.92554667986226,47.13563285787901,70.29002989798718,5.89732944387706,10.135324545424542,6.145212838406106,56.29731946582916,0.28648349277327884,0.9759792685508728,0.007647517517617272,-421.3881730563858,7.427763461127716,False,False,1
32,6,100.0,10.0,0.25,20.0,300.0,0.02,25.990246951911455,47.17196804289536,70.29374768242094,5.322683892585297,8.981783740756565,6.142180614255788,56.356683667837466,0.2863470993057934,0.9754769802093506,0.00523449915985316,-403.03800423721026,7.060760084744205,False,False,1
33,6,100.0,10.0,0.25,20.0,300.0,0.02,26.225720143003844,47.214192068793885,70.29557267647773,6.061379537380934,13.633258903478024,6.140574222254516,56.417876394013796,0.28627675673458,0.9748550057411194,0.013055987477902467,-80.52473603526494,1.0002611197495581,False,False,1
34,6,100.0,10.0,0.25,20.0,300.0,0.02,26.400254703587482,47.254733326572435,70.33065312774399,5.735053342650267,10.572849870469009,6.134489520132911,56.451544576144194,0.2859979826281354,0.9737845063209534,0.004661548475358584,-100.20620238321467,1.0041240476642934,False,False,1
35,6,100.0,10.0,0.25,20.0,300.0,0.02,26.586572343775686,47.2814982396228,70.35454152122037,6.361222743224815,13.634800121645434,6.130582993486109,56.49061104036122,0.28582018108087226,0.9730347990989685,0.008246117874281832,-80.57305328324159,1.0001649223574856,False,False,1
36,6,100.0,10.0,0.25,20.0,300.0,0.02,26.686373787299274,47.31031562519403,70.34098142439993,5.47259874689079,9.674077135224795,6.122756196131027,56.509107583416885,0.2854599449068971,0.9723513126373291,0.0033072530731854707,-80.49473485331244,1.0000661450614636,False,False,1
37,6,100.0,10.0,0.25,20.0,300.0,0.02,26.961575313045554,47.33092830563825,70.3319226344482,6.204423137502512,13.597587956572669,6.117625384691469,56.53702345692523,0.2852245935748582,0.9715400338172913,-0.021649785858317852,-80.45398732155132,0.9995670042828336,True,True,0
38,6,100.0,10.0,0.25,20.0,300.0,0.02,27.167215425017876,47.3536398779953,70.29575952634491,5.6603553834734015,10.669854221964535,6.1093263334050905,56.541949570397506,0.28484211613685473,0.9707946181297302,-0.027646860814308893,-80.46139829043382,0.9994470627837139,True,True,0
39,6,100.0,10.0,0.25,20.0,300.0,0.02,27.363879954244407,47.38665474077034,70.257024897839,6.326124167125717,13.947584454237454,6.1041452671018455,56.554136572501434,0.28460444904102616,0.9699260592460632,-0.024778006814157694,-80.54476611284029,0.9995044398637168,True,True,0
40,6,100.0,10.0,0.25,20.0,300.0,0.02,27.48359702135682,47.41774936031134,70.26348842206893,5.3211635963809,9.523516547418073,6.096192908750931,56.54902794555258,0.284237985329637,0.9687919020652771,-0.005107070194026124,-80.47688383272819,0.9998978585961195,True,True,0
41,6,100.0,10.0,0.25,20.0,300.0,0.02,27.7788741670443,47.45853660293115,70.26503830391997,6.034090182692322,13.364325599911892,6.090787167386855,56.55909961058601,0.2839896638011731,0.968479573726654,0.00623390970856237,-80.4289303987354,1.0001246781941713,False,False,1
42,6,100.0,10.0,0.25,20.0,300.0,0.02,27.99566298548116,47.49456678666812,70.30463864200985,5.332646556983229,10.381856672787679,6.082639148535503,56.55446695705967,0.2836139128597916,0.9675633311271667,0.00635281502832208,-80.39695027304407,1.0001270563005664,False,False,1
43,6,100.0,10.0,0.25,20.0,300.0,0.02,28.198283461168977,47.51972420852376,70.3222039865005,6.037776379488026,13.895588967444048,6.0772250766146225,56.562040505963424,0.28336481119553714,0.966917872428894,0.015108086243281324,-80.30215004198934,1.0003021617248655,False,False,1
44,6,100.0,10.0,0.25,20.0,300.0,0.02,28.321450020757464,47.5457549513392,70.3248635930105,5.0595412683353755,9.323964968175805,6.069547914807274,56.55421227183723,0.2830107526364793,0.9660288095474243,0.011457540697682614,-80.32857448011083,1.0002291508139536,False,False,1
45,6,100.0,10.0,0.25,20.0,300.0,0.02,28.622646514198628,47.56422550625354,70.30819962689665,5.802443280338832,13.216877114598665,6.064565477053638,56.55943321003793,0.2827815232965402,0.9656825065612793,0.0024245265822715823,-80.43944210204619,1.0000484905316454,False,False,1
46,6,100.0,10.0,0.25,20.0,300.0,0.02,28.839944537076786,47.58417588573359,70.28515329979692,5.0676077805025725,10.166668249228167,6.057255654969036,56.55130832952176,0.28244443752411796,0.9644943475723267,-0.010474747002557575,-80.52509800256601,0.9997905050599488,True,True,0
47,6,100.0,10.0,0.25,20.0,300.0,0.02,29.03674990774057,47.6158617471041,70.24089480837479,5.801626269831373,13.62382184620133,6.052573547647842,56.55485237118897,0.28222915605947607,0.96393221616745,-0.023484899444522225,-80.56828676155011,0.9995303020111096,True,True,0
48,6,100.0,10.0,0.25,20.0,300.0,0.02,29.157559929907066,47.644927918119606,70.25176650124239,4.765610907167168,8.950596491634604,6.0463203588906875,56.54371758796446,0.2819413029153693,0.9629070162773132,-0.013478446812372629,-80.26063292562334,0.9997304310637526,True,True,0
49,6,100.0,10.0,0.25,20.0,300.0,0.02,29.45929309784514,47.68426081426776,70.24496800951107,5.5059892217237305,12.888303820667108,6.04254422453149,56.543216160147985,0.281768097197827,0.962510883808136,-0.007524205159843052,-80.1817482663551,0.9998495158968032,True,True,0
50,6,100.0,10.0,0.25,20.0,300.0,0.02,29.672473223239454,47.71833171683854,70.28716384445687,4.696239290603086,9.775231765784284,6.037144576447766,56.52884859182824,0.28151980667647547,0.9615496397018433,0.00602332604983616,-80.10438673608068,1.0001204665209966,False,False,1
51,6,100.0,10.0,0.25,20.0,300.0,0.02,29.825393156612865,47.75250588854668,70.29997575551144,4.157789662693344,6.843180579665285,6.033720253969579,56.52740232102554,0.28136271681612207,0.9609706401824951,0.012162732217892927,-80.08247895001747,1.0002432546443578,False,False,1
52,6,100.0,10.0,0.25,20.0,300.0,0.02,29.954706451616907,47.7730370438003,70.33765623335262,4.992037830167676,12.055206438527412,6.031613878794687,56.53478826794252,0.2812665967693016,0.9601808786392212,0.006510186184664166,-80.22459599443393,1.0001302037236932,False,False,1
53,6,100.0,10.0,0.25,20.0,300.0,0.02,30.051541192883064,47.79700436000562,70.31826897390573,3.9557618823235656,8.901723020191543,6.027487735659385,56.531069006250505,0.28107704973177394,0.9595545530319214,0.009882584478696433,-80.28291761347734,1.0001976516895739,False,False,1
54,6,100.0,10.0,0.25,20.0,300.0,0.02,30.334438513324024,47.80884282246133,70.31997382455698,4.880160080914216,12.753857544392819,6.024899906817992,56.53772360473033,0.28095840933928923,0.9586467742919922,0.002290705564984241,-80.48075529859761,1.0000458141112998,False,False,1
55,6,100.0,10.0,0.25,20.0,300.0,0.02,30.52867930710104,47.82659064192954,70.27255613526293,4.315967777155393,8.395570031121482,6.020507944593121,56.53438308360411,0.2807564683159503,0.9577344059944153,-0.01645156389905468,-80.45167585659664,0.9996709687220189,True,True,0
56,6,100.0,10.0,0.25,20.0,300.0,0.02,30.66381424676137,47.84450013687339,70.25586603754051,3.6095845272299614,7.106497128415914,6.0180983422624745,56.53617785559038,0.2806461101441822,0.9566369652748108,-0.021336227361722984,-80.41456278154791,0.9995732754527655,True,True,0
57,6,100.0,10.0,0.25,20.0,300.0,0.02,30.758994667501064,47.86488024117789,70.21366746721978,3.2262243895834946,4.8549964856166214,6.017065161598672,56.539607700354445,0.2805994828163559,0.9561250805854797,-0.011945521642013157,-80.33383121250223,0.9997610895671597,True,True,0
58,6,100.0,10.0,0.25,20.0,300.0,0.02,30.83375432032418,47.89337400787132,70.20848578539258,4.2432441626184465,11.043333550463863,6.0167374974791255,56.54618533952816,0.2805855544845337,0.9553724527359009,-0.00574130991001539,-80.32031428338854,0.9998851738017996,True,True,0
59,6,100.0,10.0,0.25,20.0,300.0,0.02,30.904685225144917,47.9212619809015,70.20005974603353,3.266595531121805,7.993790374849182,6.014764627068602,56.54227061289391,0.2804956626277046,0.9548614025115967,-0.0001328125984552719,-80.28600814181902,0.9999973437480308,True,True,0
60,6,100.0,10.0,0.25,20.0,300.0,0.02,31.16864405930591,47.95458035378577,70.22389320412118,4.330416944196618,11.926426791858715,6.0136669309033195,56.5454718274991,0.28044590419043514,0.954103410243988,0.006571344994884764,-80.30464407678383,1.0001314268998978,False,False,1
61,6,100.0,10.0,0.25,20.0,300.0,0.02,31.342835158561822,47.98644760249014,70.24065418994957,3.7578304436477925,7.6430720039960365,6.011114945734522,56.54050694194742,0.28032919433418685,0.9536811113357544,0.004500891706451398,-80.35952940285034,1.000090017834129,False,False,1
62,6,100.0,10.0,0.25,20.0,300.0,0.02,31.461083876647578,48.0142307438476,70.28627272568527,3.1033681587685713,6.349465629114693,6.009546560396438,56.5431768529534,0.2802575883210607,0.9527580142021179,0.0016573162253455994,-80.4100943027683,1.000033146324507,False,False,1
63,6,100.0,10.0,0.25,20.0,300.0,0.02,31.542979569641947,48.04109220674346,70.29663478606497,2.7781100230112,4.192373710889224,6.008666618637069,56.549295357345024,0.28021769594867124,0.9524326324462891,0.006181256888129678,-80.40217016591582,1.0001236251377625,False,False,1
64,6,100.0,10.0,0.25,20.0,300.0,0.02,31.600571281493416,48.06509175768445,70.33097318102863,2.3688080949264045,4.44600670118284,6.0082252178087305,56.55746537337586,0.28019801423472784,0.951941728591919,0.004966977566533358,-80.43253619483448,1.0000993395513307,False,False,1
65,6,100.0,10.0,0.25,20.0,300.0,0.02,31.64148823906889,48.08842311961192,70.33202086362269,2.2101728495682207,3.6537660208392944,6.0080808828418215,56.56646649019776,0.28019202343175637,0.951729416847229,0.004666668866867933,-80.41332117471988,1.0000933333773374,False,False,1
66,6,100.0,10.0,0.25,20.0,300.0,0.02,31.6708122536151,48.10957806557621,70.35705054138533,1.9845199097895945,3.6710556987870566,6.008151880078985,56.57547201401092,0.2801959639828248,0.9513943791389465,0.004413101675581344,-80.32514079740551,1.0000882620335116,False,False,1
67,6,100.0,10.0,0.25,20.0,300.0,0.02,31.69184884183272,48.130256934947816,70.352668175632,1.8918270731843012,3.3409616565038562,6.008389816587051,56.58382334408766,0.28020760270594747,0.9511741399765015,0.005623704518876869,-80.29624743586346,1.0001124740903775,False,False,1
68,6,100.0,10.0,0.25,20.0,300.0,0.02,31.706984024902916,48.14919037098551,70.3712693558951,1.7631190588942252,3.2892405934735027,6.0087191904779615,56.59167381920983,0.28022343847989833,0.9509204030036926,0.005337322027583513,-80.27608028457676,1.0001067464405518,False,False,1
69,6,100.0,10.0,0.25,20.0,300.0,0.02,31.717949645127106,48.16777685634093,70.36418214781779,1.6937433836075204,3.1213570646065376,6.009097228288824,56.59898980866866,0.280241489829461,0.9507033228874207,0.00455215045269777,-80.28461927200108,1.000091043009054,False,False,1
70,6,100.0,10.0,0.25,20.0,300.0,0.02,31.72587267074894,48.18489339396901,70.37866545828318,1.6109976149557994,3.048212805844551,6.009488915434487,56.6058913725846,0.28026013364268276,0.9504859447479248,0.004891695918606873,-80.25867995887329,1.0000978339183721,False,False,1
71,6,100.0,10.0,0.25,20.0,300.0,0.02,31.73152929054014,48.20175022051187,70.37058787782794,1.550953669031351,2.942606267574772,6.009879080342682,56.612330447130276,0.2802786677847258,0.950275719165802,0.005203393620838051,-80.25834057880188,1.0001040678724167,False,False,1
72,6,100.0,10.0,0.25,20.0,300.0,0.02,31.735723914972958,48.217339201279636,70.38233809694137,1.4897947782314345,2.8636671681056507,6.010261211544602,56.61829097675586,0.2802967942943301,0.9500735998153687,0.005414676730773374,-80.2573113278952,1.0001082935346155,False,False,1
73,6,100.0,10.0,0.25,20.0,300.0,0.02,31.738655900982376,48.23271994096082,70.3740872901213,1.435179446139527,2.7839065594525416,6.010625888165835,56.6238011339818,0.2803140774792308,0.9498709440231323,0.005048978732321206,-80.25961883374399,1.0001009795746465,False,False,1
74,6,100.0,10.0,0.25,20.0,300.0,0.02,31.740855410449587,48.24698243605298,70.38392228265887,1.3853699498325278,2.707586686213301,6.0109656098532405,56.62894740987838,0.28033017045137076,0.9496758580207825,0.005382745803573488,-80.24540752691388,1.0001076549160715,False,False,1
75,6,100.0,10.0,0.25,20.0,300.0,0.02,31.742347228163243,48.26107012203267,70.37595711509987,1.3350998293500203,2.6410782903392533,6.011281872857287,56.63369165352486,0.2803451455400569,0.9494808316230774,0.0031987099945312808,-80.25330312175291,1.0000639741998907,False,False,1
76,6,100.0,10.0,0.25,20.0,300.0,0.02,31.743464073067983,48.27416184463696,70.38437356378007,1.2920450145927205,2.568561440164743,6.011575892354959,56.63805473087159,0.28035906263689825,0.949320375919342,0.006657943790393007,-80.22105690529067,1.0001331588758078,False,False,1
77,6,100.0,10.0,0.25,20.0,300.0,0.02,31.74420686202698,48.28709822236944,70.3768915356813,1.2456817016161734,2.5098718738132915,6.011845427473238,56.642071570986204,0.28037181827819785,0.9492150545120239,0.009040083480592046,-80.16333191186388,1.0001808016696119,False,False,1
78,6,100.0,10.0,0.25,20.0,300.0,0.02,31.744756092286895,48.29914225206116,70.38427331791024,1.2071424842080904,2.441919484291388,6.012097572384883,56.64570675154473,0.28038374509642505,0.9490622282028198,0.009070449195764775,-80.08220116681437,1.0001814089839154,False,False,1
79,6,100.0,10.0,0.25,20.0,300.0,0.02,31.745115688048465,48.311043207838416,70.37744613527778,1.164026162490435,2.387801797111512,6.012333611632876,56.64896158479776,0.2803949047685353,0.9489530920982361,0.009810421987846416,-80.07416671255311,1.0001962084397569,False,False,1
80,6,100.0,10.0,0.25,20.0,300.0,0.02,31.745384451851802,48.32213552841167,70.38403836472582,1.1287851366171482,2.3238869162447378,6.012558119261208,56.6518328765272,0.2804055122840307,0.9488031268119812,0.010626514653378528,-80.02439187428854,1.0002125302930676,False,False,1
81,6,100.0,10.0,0.25,20.0,300.0,0.02,31.745554690880432,48.333089790077366,70.37786575162524,1.089095383632741,2.2740426620155554,6.012767538316069,56.654382101980794,0.280415403587702,0.9486919641494751,0.01144956464654716,-80.01511994914088,1.000228991292931,False,False,1
82,6,100.0,10.0,0.25,20.0,300.0,0.02,31.745672030277508,48.34330888987642,70.38374492545144,1.0570773283074573,2.214969330842892,6.012958390918914,56.656702359085365,0.28042441733275314,0.9485453963279724,0.014565936221437209,-79.98254584699346,1.0002913187244287,False,False,1
83,6,100.0,10.0,0.25,20.0,300.0,0.02,31.745756131622866,48.35339879360445,70.37814098251116,1.0209861985352444,2.169527425868317,6.013133802497385,56.658778214891974,0.2804327003718973,0.9484344124794006,0.017723949881383316,-79.92215462822276,1.0003544789976277,False,False,1
84,6,100.0,10.0,0.25,20.0,300.0,0.02,31.745815230727334,48.362822158104954,70.38340547732474,0.9917424640533251,2.1157491002262168,6.013294786601066,56.660645420695396,0.28044030085701654,0.9482922554016113,0.01919339320704191,-79.90300881830305,1.0003838678641408,False,False,1
85,6,100.0,10.0,0.25,20.0,300.0,0.02,31.745839790111898,48.37212134939425,70.37835975119629,0.9594418666801287,2.0739875771157923,6.01344175240717,56.66231767508291,0.2804472383284798,0.9481825828552246,0.01830805816379337,-79.9107257049174,1.000366161163276,False,False,1
86,6,100.0,10.0,0.25,20.0,300.0,0.02,31.74587898373719,48.38081078118186,70.38308799076837,0.934520298847272,2.0247934849385003,6.013575806341842,56.6638225116883,0.280453565734266,0.9480451345443726,0.019037429103269932,-79.9071677344628,1.0003807485820655,False,False,1
87,6,100.0,10.0,0.25,20.0,300.0,0.02,31.745885040850574,48.389380527090424,70.37853362964238,0.9265214812870673,1.9869613610835455,6.01369557935127,56.66519323917821,0.2804592193538761,0.9479379057884216,0.018983578832343345,-79.90723488477491,1.0003796715766469,False,False,1
88,6,100.0,10.0,0.25,20.0,300.0,0.02,31.7459078282578,48.397394576049436,70.38277504907875,0.9248570342265015,1.9423996310160772,6.013803100244872,56.666441223846455,0.28046429512276083,0.9478060007095337,0.018962608616677434,-79.8979293660696,1.0003792521723336,False,False,1
89,6,100.0,10.0,0.25,20.0,300.0,0.02,31.74590515765983,48.40529443678288,70.37866975158542,0.9247379361670424,1.908001828580738,6.0138989836214245,56.66757343465947,0.2804688216901507,0.9477018713951111,0.01778857961369786,-79.90886314462742,1.000355771592274,False,False,1
90,6,100.0,10.0,0.25,20.0,300.0,0.02,31.74591924741122,48.41268829487743,70.3824953558974,0.9241837193647412,1.867215703249337,6.0139860883256935,56.66858660380107,0.2804729334712857,0.9475756287574768,0.01712960908862412,-79.90014927025425,1.0003425921817726,False,False,1
91,6,100.0,10.0,0.25,20.0,300.0,0.02,31.745916474301648,48.41997150925731,70.37881247454649,0.9239711411983258,1.8354369365361023,6.01406434622493,56.66949221065425,0.28047662740564683,0.947475016117096,0.016677950005654096,-79.90551608748055,1.000333559000113,False,False,1
92,6,100.0,10.0,0.25,20.0,300.0,0.02,31.74592633561042,48.42679043345114,70.38226027490637,0.9237235417990987,1.7980208712328158,6.01413474463661,56.670305447633694,0.28047995033508005,0.9473546147346497,0.01605448160981757,-79.9021493750206,1.0003210896321963,False,False,1
93,6,100.0,10.0,0.25,20.0,300.0,0.02,31.74592296453626,48.433502768853536,70.37894729515,0.9239067780965976,1.7689861072430675,6.014198050242903,56.6710261787057,0.2804829384237467,0.9472579956054688,0.016310873654986166,-79.89451300953023,1.0003262174730998,False,False,1
94,6,100.0,10.0,0.25,20.0,300.0,0.02,31.745931764029415,48.43979259939275,70.38205740053883,0.9238419128742849,1.7349413742405375,6.014255306977958,56.67166479199258,0.2804856408212572,0.9471436738967896,0.016784502542413968,-79.8863519459766,1.0003356900508482,False,False,1
95,6,100.0,10.0,0.25,20.0,300.0,0.02,31.745930397109184,48.44598057506475,70.37908374277455,0.9238415456655374,1.7082844464215567,6.014306575265931,56.672227148704955,0.28048806053867936,0.9470511674880981,0.01599085621664768,-79.88852612350024,1.000319817124333,False,False,1
96,6,100.0,10.0,0.25,20.0,300.0,0.02,31.74594290457431,48.451781723097035,70.38569344891603,0.9236859655660639,1.6772780285154891,6.0143523020035525,56.672727815619204,0.28049021877479247,0.9469428658485413,0.014348895349916967,-79.89968579057762,1.0002869779069983,False,False,1
97,6,100.0,10.0,0.25,20.0,300.0,0.02,31.745947476648155,48.45748434727788,70.40247696626967,0.9237937126516692,1.6527619938329758,6.014393639529717,56.67315854175057,0.28049216947429795,0.9468547701835632,0.012500282259583047,-79.91785782201424,1.0002500056451917,False,False,1
98,6,100.0,10.0,0.25,20.0,300.0,0.02,31.745961732995692,48.46283310573884,70.42120557479498,0.9238795577098678,1.6244822775119874,6.014429696216214,56.67354700916649,0.2804938712572153,0.9467525482177734,0.012590149967517776,-79.91711093490174,1.0002518029993503,False,False,1
99,6,100.0,10.0,0.25,20.0,300.0,0.02,31.745964165559673,48.46808783368204,70.43669163933046,0.9241378253771931,1.602045787791899,6.014461985989169,56.673879313048126,0.280495395003058,0.9466689229011536,0.013038869689193983,-79.91167455047199,1.000260777393784,False,False,1
100,6,100.0,10.0,0.25,20.0,300.0,0.02,31.745975386421545,48.47301918368807,70.45391005058107,0.9242642651554204,1.5760760350577694,6.014489723985563,56.67417998302155,0.2804967042304528,0.9465726613998413,0.015229462731095836,-79.88114439154724,1.0003045892546218,False,False,1
101,6,100.0,10.0,0.25,20.0,300.0,0.02,31.745978512122285,48.47786163936943,70.46818726511997,0.924385344675589,1.5552569197737693,6.014514841981132,56.6744288439768,0.28049788931456315,0.9464935064315796,0.015173436108147238,-79.88227713591895,1.000303468722163,False,False,1
102,6,100.0,10.0,0.25,20.0,300.0,0.02,31.745986406656275,48.48240872196795,70.48400986655629,0.9242433067385472,1.5311013827349325,6.014535998789619,56.674654906006204,0.28049888780446236,0.9464030265808105,0.015323867052116767,-79.8782050811204,1.0003064773410424,False,False,1
103,6,100.0,10.0,0.25,20.0,300.0,0.02,31.745989282157772,48.48687100057989,70.49717172603708,0.9240843472871241,1.5116175188548404,6.014554350067777,56.67484621710443,0.28049975376665004,0.9463281631469727,0.015301931696852447,-79.87158064403344,1.000306038633937,False,False,1
104,6,100.0,10.0,0.25,20.0,300.0,0.02,31.74599683503351,48.49106223461661,70.51171447115493,0.9238519009767446,1.489391813355625,6.014570115627579,56.675011494115985,0.28050049775067976,0.946243166923523,0.015194494421832277,-79.87147645006733,1.0003038898884367,False,False,1
105,6,100.0,10.0,0.25,20.0,300.0,0.02,31.74600046675282,48.49517237947661,70.52385086844659,0.9238089476466264,1.4716111087276498,6.014583744643647,56.67514650523256,0.2805011407710208,0.9461727142333984,0.014931741806605862,-79.87299217924001,1.000298634836132,False,False,1
106,6,100.0,10.0,0.25,20.0,300.0,0.02,31.746006679720285,48.49903482634993,70.53722035165801,0.9237530776840032,1.451360576236876,6.014594441754803,56.67527006219368,0.28050164578073256,0.9460931420326233,0.014541811813599693,-79.87377079853853,1.000290836236272,False,False,1
107,6,100.0,10.0,0.25,20.0,300.0,0.02,31.746010032845174,48.50282067604835,70.54841093943723,0.9238027822934484,1.4350266477870637,6.014603507328329,56.675368019651856,0.2805020736547303,0.9460268616676331,0.014149364915279568,-79.87526224731026,1.0002829872983057,False,False,1
108,6,100.0,10.0,0.25,20.0,300.0,0.02,31.74601519105933,48.5063800463597,70.56070033835319,0.923782237449193,1.416425035591132,6.014610198499879,56.675457017828265,0.2805023897872748,0.9459525346755981,0.01375840651198587,-79.87824036610675,1.0002751681302398,False,False,1
109,6,100.0,10.0,0.25,20.0,300.0,0.02,31.746017693661855,48.50986700983811,70.57101810229956,0.9238316453300963,1.4013589718209267,6.0146155534397145,56.67552523270133,0.28050264271442893,0.9458903670310974,0.013314773808556862,-79.88269929935181,1.0002662954761712,False,False,1
110,6,100.0,10.0,0.25,20.0,300.0,0.02,31.74602291533879,48.51314661750023,70.58231550249744,0.9238411287739404,1.3842832122379283,6.014619210212679,56.67558432600653,0.2805028156754345,0.9458209872245789,0.01330834970617756,-79.88216043745507,1.0002661669941235,False,False,1
111,6,100.0,10.0,0.25,20.0,300.0,0.02,31.746025524368108,48.515082659244236,70.59182911371954,0.9239436537035027,1.370436112043611,6.014621743505571,56.67562716914909,0.28050293549996175,0.9457626938819885,0.013281548797696517,-79.88307158702122,1.000265630975954,False,False,1
112,6,100.0,10.0,0.25,20.0,300.0,0.02,31.746039619296283,48.50726920376425,70.58985294637385,1.324817688654293,1.367502411596279,6.014622758226148,56.67566484920667,0.2805029838612881,0.9456980228424072,0.012916376738510987,-79.89169236481416,1.0002583275347703,False,False,1
113,6,100.0,10.0,0.25,20.0,300.0,0.02,31.746043807554162,48.50195584092919,70.5797079535827,1.9813994492625,2.019921454972822,6.014624126106574,56.67571562814951,0.2805030004586384,0.9458656311035156,0.012913585821011242,-79.89112925055824,1.0002582717164201,False,False,1
114,6,100.0,10.0,0.25,20.0,300.0,0.02,31.74603908835889,48.49883262047986,70.57697581463128,2.3860917667448147,2.4165500583182085,6.014625411368175,56.67576196921433,0.28050301581324855,0.945997416973114,0.012952087505999113,-79.89115707262962,1.00025904175012,False,False,1
115,6,100.0,10.0,0.25,20.0,300.0,0.02,31.746038720841167,48.49691482663923,70.57171383464562,2.627872821283996,2.666059552926385,6.014625245648342,56.6758122410851,0.28050297598771284,0.9460504055023193,0.012936302421402066,-79.8915893369042,1.0002587260484281,False,False,1
116,6,100.0,10.0,0.25,20.0,300.0,0.02,31.746031751150426,48.49581610976373,70.57156222339108,2.772570457699679,2.803382779438808,6.014625715895102,56.67583718855422,0.28050297667437807,0.946103036403656,0.012898895888893161,-79.89143916289947,1.0002579779177778,False,False,1
117,6,100.0,10.0,0.25,20.0,300.0,0.02,31.74603142645507,48.49511366094665,70.56820174402979,2.858939387504115,2.896652899713263,6.014625405162613,56.67586337986939,0.28050294889124705,0.946112334728241,0.01295065901245635,-79.89132867651962,1.0002590131802491,False,False,1
118,6,100.0,10.0,0.25,20.0,300.0,0.02,31.74602535148455,48.494736693653735,70.56888239913805,2.910714224467036,2.9417866085749993,6.014625783084113,56.6758714543263,0.28050295822040716,0.9461361765861511,0.012925546932487788,-79.89120263883926,1.0002585109386497,False,False,1
119,6,100.0,10.0,0.25,20.0,300.0,0.02,31.746025815262563,48.49447029453986,70.56634264260597,2.9415467241032034,2.9788325264901188,6.0146255131340745,56.67588528320362,0.2805029406968213,0.9461307525634766,0.012888772190299611,-79.89094719917333,1.000257775443806,False,False,1
120,6,100.0,10.0,0.25,20.0,300.0,0.02,31.746020966824098,48.49434971859625,70.56724040474204,2.9601060384395663,2.9914273847813235,6.014625848570634,56.67588623318982,0.280502953262932,0.9461438059806824,0.01291196215803335,-79.8911486088225,1.0002582392431607,False,False,1
121,6,100.0,10.0,0.25,20.0,300.0,0.02,31.746022062946913,48.49424070433194,70.56512149856177,2.9710934118220518,3.008014584325077,6.014625601925356,56.67589462421711,0.2805029400169056,0.9461340308189392,0.012889424949863056,-79.89174527735442,1.0002577884989972,False,False,1
122,6,100.0,10.0,0.25,20.0,300.0,0.02,31.746018194347524,48.49421032718374,70.5660250579986,2.977777392584908,3.0093401595271723,6.014625901287448,56.67589315450487,0.28050295284249477,0.9461426734924316,0.012933624512268682,-79.89174148258677,1.0002586724902454,False,False,1
123,6,100.0,10.0,0.25,20.0,300.0,0.02,31.7460196126716,48.494158939331605,70.56417182862329,2.981677109770022,3.018285287406958,6.014625680203257,56.67589935671559,0.2805029419493003,0.9461320638656616,0.012931597454565328,-79.89116070133483,1.0002586319490914,False,False,1
124,6,100.0,10.0,0.25,20.0,300.0,0.02,31.746016482877977,48.49415953070124,70.56501332080899,2.9841122604600088,3.015903481081889,6.014625941875736,56.675897096075026,0.28050295372234757,0.9461387395858765,0.01290526527785983,-79.89139934896089,1.0002581053055573,False,False,1
125,6,100.0,10.0,0.25,20.0,300.0,0.02,31.746018001627654,48.49412998319157,70.5633592533882,2.9854817132534825,3.0218158323631887,6.014625727067634,56.67590194896975,0.28050294353517563,0.9461285471916199,0.012898582231666893,-79.89168859748061,1.0002579716446334,False,False,1
126,6,100.0,10.0,0.25,20.0,300.0,0.02,31.746015397350188,48.49414050760632,70.56412134406948,2.9863934961843595,3.018395331242712,6.01462595938511,56.675899663609464,0.2805029541940217,0.946134090423584,0.012913098188755941,-79.89086314994572,1.0002582619637752,False,False,1
127,6,100.0,10.0,0.25,20.0,300.0,0.02,31.746016920075594,48.49411987351824,70.56263263480612,2.986861421682164,3.022952734540334,6.014625765034863,56.67590390694493,0.28050294510403256,0.9461246728897095,0.012917201090056223,-79.89117015684192,1.0002583440218011,False,False,1
128,6,100.0,10.0,0.25,20.0,300.0,0.02,31.746014677223165,48.494132903078025,70.56331526391865,2.9872260141854667,3.019419658563149,6.0146259682896535,56.675901649842736,0.280502954500496,0.9461294412612915,0.012934767718980396,-79.89116253696088,1.0002586953543795,False,False,1
129,6,100.0,10.0,0.25,20.0,300.0,0.02,31.746016112864126,48.494116465998346,70.56197083531725,2.987374531098993,3.0232487705838262,6.014625790103463,56.67590546618976,0.2805029462112569,0.9461208581924438,0.01293141432453344,-79.891167369949,1.0002586282864907,False,False,1
130,6,100.0,10.0,0.25,20.0,300.0,0.02,31.746014171606078,48.49412947270299,70.56257948090419,2.9875392277032904,3.019906543204416,6.014625963969443,56.67590326319308,0.28050295427140626,0.9461250901222229,0.012904668260215631,-79.8917421155048,1.0002580933652043,False,False,1
131,6,100.0,10.0,0.25,20.0,300.0,0.02,31.746015498520393,48.494115453892555,70.56136365117959,2.9875746190375474,3.0232541734591103,6.014625801291028,56.675906688395095,0.28050294671865994,0.9461172223091125,0.012895418989625049,-79.89138659795637,1.0002579083797924,False,False,1
132,6,100.0,10.0,0.25,20.0,300.0,0.02,31.746013788528014,48.494127599607346,70.56190518016513,2.9876648914832344,3.0201886413562944,6.014625954746161,56.67590473513708,0.28050295384052515,0.9461209774017334,0.012937276209430332,-79.89099617323255,1.0002587455241887,False,False,1
133,6,100.0,10.0,0.25,20.0,300.0,0.02,31.746015013227478,48.49411524624237,70.56080493316809,2.9876632596796533,3.0231673592991726,6.014625804117076,56.67590777238053,0.28050294685100524,0.9461138844490051,0.012901431645576151,-79.89146852750332,1.0002580286329115,False,False,1
134,6,100.0,10.0,0.25,20.0,300.0,0.02,31.74601347378368,48.494126354380406,70.5612862630783,2.9877235334648145,3.0203877386586533,6.014625941137239,56.67590600948134,0.28050295321292396,0.9461172223091125,0.012939980718586385,-79.89136744403487,1.0002587996143717,False,False,1
135,6,100.0,10.0,0.25,20.0,300.0,0.02,31.7460145724674,48.49411533132539,70.56029032726899,2.987709143983912,3.0230555258844993,6.014625800952108,56.67590867962565,0.28050294670852016,0.9461107850074768,0.012924440060414565,-79.89108471814225,1.0002584888012083,False,False,1
136,6,100.0,10.0,0.25,20.0,300.0,0.02,31.746013213013857,48.494125369201875,70.56071777343195,2.9877570300769154,3.0205477032007275,6.014625925996688,56.67590718460603,0.280502952514977,0.9461137652397156,0.01293898430756729,-79.89112448595773,1.0002587796861513,False,False,1
137,6,100.0,10.0,0.25,20.0,300.0,0.02,31.746014202310963,48.49411549269806,70.5598161082897,2.987740163283817,3.0229441626120446,6.014625800408493,56.675909641891494,0.2805029466878917,0.9461079835891724,0.012959971805795816,-79.89097179312209,1.0002591994361159,False,False,1
138,6,100.0,10.0,0.25,20.0,300.0,0.02,31.746012978782346,48.49412454889484,70.56019551176509,2.987780194906007,3.020684107228363,6.014625903670686,56.675908157728635,0.2805029514806789,0.9461106061935425,0.012922752797835746,-79.89107604127568,1.0002584550559568,False,False,1
139,6,100.0,10.0,0.25,20.0,300.0,0.02,31.746013856714516,48.494115664947834,70.55937907260717,2.9877637991726904,3.0228399392523246,6.014625789825775,56.6759103990898,0.2805029461980597,0.9461053609848022,0.012919314410165732,-79.89127079734602,1.0002583862882033,False,False,1
140,6,100.0,10.0,0.25,20.0,300.0,0.02,31.746012780937445,48.494123820922006,70.5597156232299,2.9877994103936536,3.0208054048122133,6.01462588534847,56.675909170809945,0.2805029506314637,0.9461076855659485,0.01294111394588298,-79.89109055322675,1.0002588222789177,False,False,1
141,6,100.0,10.0,0.25,20.0,300.0,0.02,31.746013545725607,48.49411582589379,70.55897628314939,2.9877844621373835,3.0227448427048587,6.014625779732728,56.675911121192506,0.2805029457298457,0.9461029171943665,0.012898481001328163,-79.89091779449423,1.0002579696200267,False,False,1
142,6,100.0,10.0,0.25,20.0,300.0,0.02,31.746012566602,48.49412315750306,70.55927466610206,2.987816990933442,3.020914570092068,6.014625865360874,56.675910012498825,0.2805029497037245,0.9461050033569336,0.012938284605194186,-79.89084584290181,1.0002587656921038,False,False,1
143,6,100.0,10.0,0.25,20.0,300.0,0.02,31.746013280827707,48.49411596654842,70.5586050482985,2.9878037992261106,3.022659935060287,6.014625764904183,56.67591171278056,0.2805029450394457,0.9461007118225098,0.012921570136064348,-79.89124834817883,1.0002584314027212,False,False,1
144,6,100.0,10.0,0.25,20.0,300.0,0.02,31.74601238765541,48.49412256670507,70.55886945550311,2.9878328313824754,3.021012643352715,6.014625845581335,56.67591082795495,0.2805029487840191,0.9461025595664978,0.012936087832494272,-79.89111957368162,1.0002587217566499,False,False,1
145,6,100.0,10.0,0.25,20.0,300.0,0.02,31.746013027113413,48.49411609503383,70.55826293593516,2.987820921777518,3.022583193444372,6.014625757786633,56.67591242932991,0.2805029447079243,0.9460986852645874,0.01292933927769163,-79.89142317498741,1.0002585867855538,False,False,1
146,6,100.0,10.0,0.25,20.0,300.0,0.02,31.74601220696477,48.494122023381124,70.55849708174333,2.9878476205746067,3.021101456681262,6.0146258240978785,56.67591155090504,0.28050294778390306,0.9461003541946411,0.012934578593348883,-79.89119430607155,1.000258691571867,False,False,1
147,6,100.0,10.0,0.25,20.0,300.0,0.02,31.746012787358417,48.4941161939654,70.55794763745452,2.9878377217970407,3.0225151894835354,6.014625743241069,56.67591300165232,0.28050294402910586,0.9460967779159546,0.012904765218542965,-79.8914770470701,1.000258095304371,False,False,1
148,6,100.0,10.0,0.25,20.0,300.0,0.02,31.746012057454834,48.49412153941137,70.558154868091,2.987861540667362,3.0211816755856327,6.014625801440904,56.67591214999121,0.2805029467283173,0.946098268032074,0.012928226874107432,-79.89206454373765,1.0002585645374822,False,False,1
149,6,100.0,10.0,0.25,20.0,300.0,0.02,31.746012554006917,48.494116290965266,70.55765711187651,2.9878522760744013,3.0224532257449743,6.014625725332911,56.675913392871756,0.28050294319324676,0.9460950493812561,0.012907952490699174,-79.89155693748499,1.000258159049814,False,False,1
150,6,100.0,10.0,0.25,20.0,300.0,0.02,31.746011918971995,48.494121091379775,70.55784036428204,2.9878743670017056,3.0212541192568256,6.014625777552768,56.67591270906705,0.2805029456143937,0.9460963606834412,0.0129269537038801,-79.89096496960272,1.0002585390740777,False,False,1
151,6,100.0,10.0,0.25,20.0,300.0,0.02,31.74601236085566,48.4941163590028,70.55738936073526,2.9878670203547877,3.0223995131414503,6.014625712196924,56.67591390126976,0.28050294257899405,0.9460934996604919,0.012953516706816302,-79.8909220185206,1.0002590703341363,False,False,1
152,6,100.0,10.0,0.25,20.0,300.0,0.02,31.74601177439025,48.49412068658047,70.55755133812225,2.9878869946124014,3.021319923118197,6.014625759769418,56.67591329962702,0.2805029447845365,0.9460946321487427,0.012920678748501077,-79.89127422351933,1.00025841357497,False,False,1
153,6,100.0,10.0,0.25,20.0,300.0,0.02,31.746012162353797,48.49411642822369,70.55714266343126,2.9878799846624666,3.0223503432335974,6.014625693082244,56.67591426149359,0.2805029416857811,0.9460920095443726,0.012933998595404124,-79.89110182567366,1.000258679971908,False,False,1
154,6,100.0,10.0,0.25,20.0,300.0,0.02,31.74601163619489,48.494120309353534,70.55728569728852,2.987898585742149,3.021379684328135,6.014625733442194,56.67591368014964,0.28050294355620137,0.9460930824279785,0.012923160281649457,-79.89205466982915,1.000258463205633,False,False,1
155,6,100.0,10.0,0.25,20.0,300.0,0.02,31.74601199509369,48.494116480655265,70.55691532559504,2.9878927693488975,3.022307448615743,6.014625684412683,56.67591478953777,0.28050294127915293,0.9460906982421875,0.012928074192080792,-79.89081266120239,1.0002585614838415,False,False,1
156,6,100.0,10.0,0.25,20.0,300.0,0.02,31.746011505368152,48.49411997582796,70.5570415629758,2.987909240802439,3.021433332865367,6.014625714509873,56.67591418583357,0.28050294267214265,0.9460915923118591,0.01286998523478352,-79.89160575708974,1.0002573997046957,False,False,1
157,6,100.0,10.0,0.25,20.0,300.0,0.02,31.746011832370197,48.49411651464588,70.5567058636742,2.987904673278568,3.022268661342267,6.014625666033967,56.675915092773295,0.28050294041996965,0.9460894465446472,0.012929743591564322,-79.89126184773161,1.0002585948718312,False,False,1
158,6,100.0,10.0,0.25,20.0,300.0,0.02,31.746011382755157,48.49411965810962,70.55681716555036,2.9879203824976837,3.021482894570325,6.0146256976714625,56.67591463667632,0.28050294188525476,0.9460902810096741,0.012957229146600061,-79.89124903187313,1.000259144582932,False,False,1
159,6,100.0,10.0,0.25,20.0,300.0,0.02,31.74601167809808,48.49411655569144,70.55651288882972,2.9879157858845513,3.0222344403841714,6.014625651072087,56.67591539131142,0.2805029397197788,0.9460883736610413,0.012938521984990726,-79.89133438753166,1.0002587704397,False,False,1
160,6,100.0,10.0,0.25,20.0,300.0,0.02,31.74601127114665,48.49411937645938,70.55661092855358,2.98792970494668,3.0215270489574966,6.0146256785302015,56.67591500684949,0.2805029409916311,0.9460890889167786,0.0128911630828625,-79.89129415860188,1.0002578232616572,False,False,1
161,6,100.0,10.0,0.25,20.0,300.0,0.02,31.746011526410197,48.49411657758126,70.55633507842438,2.987926264100109,3.022203769598414,6.014625635846797,56.67591571384878,0.28050293900720497,0.9460873007774353,0.012941426416147737,-79.89121965938736,1.000258828528323,False,False,1
162,6,100.0,10.0,0.25,20.0,300.0,0.02,31.746011173254836,48.49411910531727,70.55642133724808,2.9879396308017614,3.021568077165516,6.014625661101629,56.67591536352567,0.2805029401767879,0.9460879564285278,0.012938017121680962,-79.8914948242675,1.0002587603424336,False,False,1
163,6,100.0,10.0,0.25,20.0,300.0,0.02,31.746011394533383,48.49411658357844,70.5561712476821,2.9879372181330335,3.022177778690507,6.0146256235151,56.675916021838866,0.2805029384296333,0.9460863471031189,0.012916130214388694,-79.89105873221948,1.0002583226042878,False,False,1
164,6,100.0,10.0,0.25,20.0,300.0,0.02,31.746011067583787,48.49411886708806,70.55624710335017,2.9879489790532907,3.02160578872761,6.014625646480854,56.67591575112543,0.28050293949274563,0.9460869431495667,0.012893197475033192,-79.89205187121118,1.0002578639495006,False,False,1
165,6,100.0,10.0,0.25,20.0,300.0,0.02,31.746011275710647,48.49411660288991,70.5560203317436,2.987946128122877,3.0221534112656925,6.014625610122119,56.675916299202925,0.28050293780270624,0.946085512638092,0.01293585634469827,-79.89093493346974,1.000258717126894,False,False,1
166,6,100.0,10.0,0.25,20.0,300.0,0.02,31.746010981187347,48.49411865399215,70.55608694186543,2.987956655705418,3.0216383721511537,6.014625624929913,56.67591593406277,0.2805029384863923,0.9460859894752502,0.01292410221630818,-79.89135478421136,1.000258482044326,False,False,1
167,6,100.0,10.0,0.25,20.0,300.0,0.02,31.746011143934243,48.49411660573555,70.55588130253298,2.9879547952022545,3.022131948230924,6.014625593200218,56.675916491610856,0.2805029370108743,0.94608473777771,0.012923508883241152,-79.89072628225429,1.000258470177665,False,False,1
168,6,100.0,10.0,0.25,20.0,300.0,0.02,31.746010892979825,48.49411845135467,70.55593972551506,2.987964806077978,3.0216689041401756,6.014625609933399,56.6759162406905,0.280502937785189,0.9460851550102234,0.012943289707907365,-79.89118112563715,1.0002588657941582,False,False,1
169,6,100.0,10.0,0.25,20.0,300.0,0.02,31.74601103661814,48.49411661165452,70.55575322594773,2.987962995760251,3.0221129749838465,6.014625583218768,56.67591676396904,0.2805029365431059,0.9460839629173279,0.012937325667317822,-79.89160031790004,1.0002587465133463,False,False,1
170,6,100.0,10.0,0.25,20.0,300.0,0.02,31.746010790870233,48.494118263052634,70.55580441271348,2.9879722998661222,3.021696687656758,6.0146255957128085,56.675916532262484,0.28050293711985613,0.9460843801498413,0.012979539664288055,-79.8912474970102,1.0002595907932859,False,False,1
171,6,100.0,10.0,0.25,20.0,300.0,0.02,31.74601093746813,48.49411661133777,70.5556352482791,2.9879709474409197,3.022096628199027,6.014625569075753,56.67591699384655,0.2805029358809232,0.9460833072662354,0.012907057288828025,-79.89140797817045,1.0002581411457765,False,False,1
172,6,100.0,10.0,0.25,20.0,300.0,0.02,31.74601071363003,48.49411808888168,70.55568001245167,2.9879795389432755,3.0217219367625905,6.014625577322405,56.675916696288716,0.280502936260563,0.946083664894104,0.012929670941821653,-79.89124775881076,1.0002585934188364,False,False,1
173,6,100.0,10.0,0.25,20.0,300.0,0.02,31.74601082955748,48.494116599505965,70.5555265574382,2.9879788313548747,3.0220824795685957,6.014625554091277,56.67591710312767,0.28050293518008984,0.9460827112197876,0.012913099521118498,-79.89127558982001,1.0002582619904223,False,False,1
174,6,100.0,10.0,0.25,20.0,300.0,0.02,31.746010637870754,48.49411792983893,70.5555656607242,2.98798665132386,3.021745516722018,6.014625564799838,56.675916956314865,0.2805029356745803,0.9460830092430115,0.012943092663161982,-79.89157356966038,1.0002588618532633,False,False,1
175,6,100.0,10.0,0.25,20.0,300.0,0.02,31.746010751321972,48.4941165864632,70.55542643314503,2.9879861610790885,3.022069883349569,6.014625540459935,56.67591729361166,0.2805029345418076,0.9460821747779846,0.012901472672094053,-79.89156136459968,1.0002580294534418,False,False,1
176,6,100.0,10.0,0.25,20.0,300.0,0.02,31.746010559505415,48.49411779016531,70.5554605613361,2.9879930483657913,3.0217662954925593,6.01462555474354,56.67591725058262,0.28050293520378944,0.9460824131965637,0.012939218691970412,-79.89058300484047,1.0002587843738393,False,False,1
177,6,100.0,10.0,0.25,20.0,300.0,0.02,31.746010664786343,48.49411656213287,70.55533420868299,2.987993222493087,3.022058890843372,6.014625532447375,56.67591752783733,0.2805029341662266,0.9460816383361816,0.01291928136699722,-79.89144082757555,1.00025838562734,False,False,1
178,6,100.0,10.0,0.25,20.0,300.0,0.02,31.746010488318426,48.49411763881912,70.5553639179453,2.9880006716554965,3.021787045081251,6.014625534183091,56.67591729622244,0.2805029342430214,0.9460818767547607,0.01294524627180504,-79.8915675679423,1.000258904925436,False,False,1
179,6,100.0,10.0,0.25,20.0,300.0,0.02,31.746010592320765,48.49411653769824,70.55524925693058,2.9880009367794806,3.0220506594703487,6.014625521470228,56.67591771937173,0.2805029336518273,0.9460812211036682,0.012932807583476437,-79.89093816378198,1.0002586561516695,False,False,1
180,6,100.0,10.0,0.25,20.0,300.0,0.02,31.74601042977285,48.494117513626655,70.55527509044077,2.9880070983527838,3.021805439882431,6.014625525344102,56.675917551536436,0.28050293382896707,0.9460813999176025,0.012951916239594545,-79.89151757082752,1.0002590383247918,False,False,1
181,6,100.0,10.0,0.25,20.0,300.0,0.02,31.746010505959692,48.494116521134025,70.55517103261114,2.988007078284085,3.0220418397482263,6.014625509131023,56.67591786153871,0.28050293307445245,0.94608074426651,0.012944561822343752,-79.89095726246586,1.000258891236447,False,False,1
182,6,100.0,10.0,0.25,20.0,300.0,0.02,31.746010371553293,48.494117388093265,70.555193410161,2.9880132433695716,3.0218222212803827,6.0146255133776405,56.675917742082895,0.2805029332690607,0.9460809826850891,0.012884432157533522,-79.89088654954682,1.0002576886431507,False,False,1
183,6,100.0,10.0,0.25,20.0,300.0,0.02,31.74601042936749,48.49411650092479,70.55509899001315,2.988013486526412,3.022035358249009,6.014625499185607,56.67591799894377,0.28050293260855796,0.9460803866386414,0.012930613432881974,-79.8914478726595,1.0002586122686576,False,False,1
184,6,100.0,10.0,0.25,20.0,300.0,0.02,31.7460103041383,48.49411727711725,70.55511834738284,2.988018951931323,3.0218371827591506,6.0146255041052035,56.67591792588166,0.28050293283492395,0.9460805654525757,0.012929222551871532,-79.8914252797046,1.0002585844510374,False,False,1
185,6,100.0,10.0,0.25,20.0,300.0,0.02,31.746010365791506,48.49411647538976,70.55503262441998,2.9880195286060176,3.0220294070525235,6.014625489526398,56.67591817610472,0.28050293215653727,0.9460800290107727,0.012924120253105386,-79.89153029749068,1.0002584824050622,False,False,1
186,6,100.0,10.0,0.25,20.0,300.0,0.02,31.746010250330237,48.49411717492414,70.55504933559739,2.9880245464781674,3.0218514665733296,6.014625492348252,56.67591809802956,0.28050293228500706,0.946080207824707,0.01291507938819471,-79.89148670812142,1.000258301587764,False,False,1
187,6,100.0,10.0,0.25,20.0,300.0,0.02,31.746010301861933,48.49411644547915,70.55497150433114,2.9880253906921244,3.022024707839249,6.0146254805589505,56.67591834502279,0.2805029317363278,0.9460797309875488,0.01292365306503187,-79.89179384427923,1.0002584730613007,False,False,1
188,6,100.0,10.0,0.25,20.0,300.0,0.02,31.74601018500256,48.4941170714969,70.55498588808702,2.988030437947161,3.0218649679123835,6.0146254821529626,56.675918231564786,0.2805029318080469,0.9460798501968384,0.012935761949674067,-79.89155124653847,1.0002587152389935,False,False,1
189,6,100.0,10.0,0.25,20.0,300.0,0.02,31.746010227707476,48.49411642627796,70.55491523721552,2.9880308239031232,3.0220206889886208,6.014625466645299,56.675918404006445,0.2805029310855793,0.946079432964325,0.012917759160759412,-79.89114371548119,1.0002583551832152,False,False,1
190,6,100.0,10.0,0.25,20.0,300.0,0.02,31.746010133807943,48.494116987847875,70.55492757306806,2.988034956162407,3.021876147762313,6.014625470304076,56.6759183817436,0.2805029312537532,0.9460795521736145,0.012938950646019768,-79.89057529076543,1.0002587790129205,False,False,1
191,6,100.0,10.0,0.25,20.0,300.0,0.02,31.746010163595923,48.4941163954462,70.55486340939234,2.9880359677101276,3.022016908603286,6.014625459273032,56.67591852682897,0.280502930740669,0.9460791945457458,0.012940026358932039,-79.89116569405638,1.0002588005271786,False,False,1
192,6,100.0,10.0,0.25,20.0,300.0,0.02,31.746010077928084,48.4941169003697,70.55487395574602,2.98804024145486,3.021887735948534,6.014625463417865,56.67591858249314,0.2805029309312813,0.9460793137550354,0.012924331321980868,-79.89144606499549,1.0002584866264397,False,False,1
193,6,100.0,10.0,0.25,20.0,300.0,0.02,31.74601010340432,48.49411636020213,70.55481567677494,2.9880415113591816,3.0220147080145465,6.014625449666878,56.67591868032383,0.2805029302905583,0.9460789561271667,0.012935400281039752,-79.8916111782594,1.000258708005621,False,False,1
194,6,100.0,10.0,0.25,20.0,300.0,0.02,31.746010025330843,48.49411680624281,70.55482464695612,2.9880461155133964,3.0218990181157324,6.01462544883721,56.67591860144561,0.28050293024979583,0.9460790753364563,0.012942008383554226,-79.8914241366141,1.000258840167671,False,False,1
195,6,100.0,10.0,0.25,20.0,300.0,0.02,31.74601004840015,48.49411632389395,70.55477171654967,2.9880474611282786,3.022013566016007,6.014625441942301,56.67591883308987,0.28050292992865034,0.9460787773132324,0.012896226065975111,-79.89139190603207,1.0002579245213195,False,False,1
196,6,100.0,10.0,0.25,20.0,300.0,0.02,31.746009977215014,48.49411673911171,70.55477933845842,2.9880507601455246,3.0219086904706303,6.0146254413103115,56.675918776154084,0.2805029298973124,0.9460788369178772,0.012952432467808903,-79.8911314508871,1.000259048649356,False,False,1
197,6,100.0,10.0,0.25,20.0,300.0,0.02,31.746009999968805,48.49411630282457,70.55473125693467,2.988051452141683,3.0220111131952847,6.01462542991027,56.67591886496794,0.28050292936624827,0.9460785388946533,0.012946791461982167,-79.89120037625237,1.0002589358292397,False,False,1
198,6,100.0,10.0,0.25,20.0,300.0,0.02,31.746009919245687,48.494116652162,70.55473767034265,2.9880557040621123,3.0219180798005514,6.014625435452111,56.67591891542858,0.2805029296231216,0.9460786581039429,0.012925709703566692,-79.8916149815251,1.0002585141940714,False,False,1
199,6,100.0,10.0,0.25,20.0,300.0,0.02,31.74600993977577,48.494116253911166,70.55469397953365,2.988057756381545,3.0220117282178016,6.014625424015835,56.67591899530986,0.28050292908991326,0.9460784196853638,0.012924995762638313,-79.89108461378463,1.0002584999152528,False,False,1
0,6,100.0,10.0,0.25,20.0,300.0,0.02,20.779410542943697,41.047248318553024,58.53160053318048,298.97856079962406,452.44167250303946,10.397107629553295,120.98404313703645,0.46597425960579214,1.0,6.5729984202786795,-52.62607117728439,1.1314599684055735,False,False,1
1,6,100.0,10.0,0.25,20.0,300.0,0.02,25.70393728396141,43.26724175880112,65.24254456069322,249.7034274170277,363.6018818543834,8.376955123726471,111.26043187601313,0.3793306015259839,1.0,2.061385175298429,-68.07172530267457,1.0412277035059685,False,False,2
2,6,100.0,10.0,0.25,20.0,300.0,0.02,33.022704185381734,44.354496910614394,69.93315130419701,186.70385660106834,316.47319954192596,6.933878725055013,98.80577300493601,0.3178783539798417,1.0,-1.7444779037825267,-67.9022939819133,0.9651104419243495,True,True,0
3,6,100.0,10.0,0.25,20.0,300.0,0.02,35.19001953906874,44.95413865996533,69.03965601832506,100.01067344424264,189.44310231736077,6.032285980698016,88.77072147940798,0.2794437318036486,1.0,-3.460434027214711,-73.9492886050875,0.9307913194557058,True,True,0
4,6,100.0,10.0,0.25,20.0,300.0,0.02,34.33999601507555,45.22018301846334,69.27173872903175,40.088776193712015,77.12707798797918,5.69181466557937,85.0520364731218,0.2644654927791276,1.0,-3.1379601409444318,-78.50405040163933,0.9372407971811114,True,True,0
5,6,100.0,10.0,0.25,20.0,300.0,0.02,33.01612230393536,45.4266555533532,69.59217247279202,32.16183122280821,53.08339652202405,5.736124176651411,85.38510635771767,0.2667019700768432,1.0,-2.4993750083518655,-78.42965422229173,0.9500124998329627,True,True,0
6,6,100.0,10.0,0.25,20.0,300.0,0.02,31.829003114776654,45.60875597119284,69.7585861122815,26.715816357260838,43.77886923483773,5.838433745123196,86.33878973554322,0.27157880042149146,1.0,-2.0830911736067725,-80.38049691788042,0.9583381765278646,True,True,0
7,6,100.0,10.0,0.25,20.0,300.0,0.02,30.51316336002381,45.763600548264236,69.83262308255074,24.65002062946347,37.118958194379736,5.951396324749885,87.39902736683126,0.2769301244060971,1.0,-1.8972218067167999,-81.12436172750336,0.962055563865664,True,True,0
8,6,100.0,10.0,0.25,20.0,300.0,0.02,29.460835368396214,45.88780497659622,69.93981703897514,21.25171808325665,32.00304116642044,6.069884407738275,88.47998283157526,0.28252804609836585,1.0,-1.4611948009547508,-79.87881928147934,0.970776103980905,True,True,0
9,6,100.0,10.0,0.25,20.0,300.0,0.02,28.586072757468305,46.026779094397035,69.93505601952812,18.8611997497764,30.58342363017251,6.175483856063269,89.51398135339775,0.28750872160013585,1.0,-1.3561866613773683,-81.86551347795312,0.9728762667724526,True,True,0
10,6,100.0,10.0,0.25,20.0,300.0,0.02,27.603955561189757,46.154132568989624,70.02879991835562,18.286323062198914,27.369220897879096,6.281030715789317,90.37235646925876,0.2924777478581249,1.0,-1.0657224419635758,-79.81849382751021,0.9786855511607285,True,True,0
11,6,100.0,10.0,0.25,20.0,300.0,0.02,26.82362504939343,46.2718570848259,70.07155830995765,15.575351586186862,24.232971773719076,6.376796516388348,91.28635621299308,0.2969836628217605,1.0,-1.1181903415699042,-82.08928177396501,0.977636193168602,True,True,0
12,6,100.0,10.0,0.25,20.0,300.0,0.02,26.209857241971537,46.370884492452475,70.11527253552448,14.182267211206169,22.203159028892703,6.4651117627771,91.92686876201155,0.301133950835217,1.0,-0.8070262694256486,-80.30458272705022,0.983859474611487,True,True,0
13,6,100.0,10.0,0.25,20.0,300.0,0.02,25.680224164178764,46.480540338282026,70.1109919491854,13.094375342823708,21.33092381199345,6.539190447856202,92.63051729001593,0.3046145592517024,1.0,-0.7786677777675205,-80.18054034885472,0.9844266444446496,True,True,0
14,6,100.0,10.0,0.25,20.0,300.0,0.02,25.151583255721683,46.57465507891608,70.16299476794886,11.638411819180869,18.040805595330422,6.612117334027848,93.2314945420859,0.3080390693486731,1.0,-0.8636548050068912,-82.37345388699781,0.9827269038998622,True,True,0
15,6,100.0,10.0,0.25,20.0,300.0,0.02,24.74161963563132,46.663031251597594,70.19162492555047,10.524035066244137,16.134810160627545,6.673887672645776,93.64110412109326,0.3109385320752279,1.0,-0.593922940764544,-80.5046393231562,0.9881215411847091,True,True,0
16,6,100.0,10.0,0.25,20.0,300.0,0.02,24.432447106428114,46.74398137300027,70.22837842276383,9.83282547831957,14.579892286539994,6.7192458506157475,94.09321822633866,0.3130693105084689,1.0,-0.455181880048982,-79.56714593645728,0.9908963623990203,True,True,0
17,6,100.0,10.0,0.25,20.0,300.0,0.02,24.199448285892515,46.81941985473966,70.24355648478853,8.933503714792732,13.467328846605957,6.75753755600527,94.45030288303352,0.3148693134501513,1.0,-0.5919102414284865,-81.19129909960702,0.9881617951714303,True,True,0
18,6,100.0,10.0,0.25,20.0,300.0,0.02,24.021558451807696,46.889177334495216,70.2619158375136,8.345532837699926,12.673460695164604,6.792712241236713,94.66510960154886,0.3165226787891695,1.0,-0.5794756204191669,-81.9822383285921,0.9884104875916166,True,True,0
19,6,100.0,10.0,0.25,20.0,300.0,0.02,23.88455863360963,46.95583751790045,70.2822541808835,8.09648058754126,12.019594224735341,6.819302527598201,94.86276020274704,0.3177735953743558,1.0,-0.37458567311655205,-80.47693724296067,0.992508286537669,True,True,0
20,6,100.0,10.0,0.25,20.0,300.0,0.02,23.79140400781437,47.020270112431234,70.29356883184792,7.6433222211918554,11.711246571789994,6.837136208152541,95.0894414712404,0.31861482486305165,1.0,-0.2417584002444104,-79.68712966159173,0.9951648319951117,True,True,0
21,6,100.0,10.0,0.25,20.0,300.0,0.02,23.726269686105457,47.08102010785826,70.30412643592084,7.2624751640303655,10.839541038819346,6.851845724827103,95.25460559659794,0.31930971996897994,1.0,-0.2959420906929641,-80.55889741790675,0.9940811581861407,True,True,0
22,6,100.0,10.0,0.25,20.0,300.0,0.02,23.68026280357369,47.139311274780376,70.3092097965442,6.8508421462822655,10.4938817938226,6.867009086376664,95.35623773616922,0.3200253189865818,1.0,-0.3203638820435207,-364.3831748002833,6.287663496005666,True,False,0
23,6,100.0,10.0,0.25,20.0,300.0,0.02,23.64757861460169,47.19444068068138,70.3201003580808,6.58894082535977,9.774818898310729,6.880562146453223,95.43958660868164,0.3206648452607885,1.0,-0.1840724629017591,-80.97908188342731,0.9963185507419648,True,True,0
24,6,100.0,10.0,0.25,20.0,300.0,0.02,23.631485340399827,47.247883414632646,70.3248812672928,6.235985217800564,9.704307291248535,6.889457916951807,95.54351467708095,0.3210860718621001,1.0,-0.011459051326327508,-79.62454168093579,0.9997708189734734,True,True,0
25,6,100.0,10.0,0.25,20.0,300.0,0.02,23.623107803751402,47.29919775007741,70.33395273591086,5.932393543907632,8.85649372485834,6.8943363123761285,95.6509313577222,0.3213191309328699,1.0,0.06661139477813088,-78.86118374987927,1.0013322278955625,False,False,1
26,6,100.0,10.0,0.25,20.0,300.0,0.02,23.621990408911426,47.347109461522884,70.32923087957664,5.578577586533821,8.696204636328876,6.898644652619731,95.72950481024598,0.32152522549028306,1.0,0.03913103697417789,-79.3074198329166,1.0007826207394837,False,False,1
27,6,100.0,10.0,0.25,20.0,300.0,0.02,23.624459405181234,47.39513545866678,70.32646670475417,5.343487418568206,8.147912790617863,6.904685512193791,95.7690656565109,0.32181181583937707,1.0,-0.08173368145374786,-80.63801405701017,0.998365326370925,True,True,0
28,6,100.0,10.0,0.25,20.0,300.0,0.02,23.628636124717808,47.44023043071722,70.32577024757754,5.0621444522066525,7.816143943083833,6.911546007938263,95.77932018035767,0.3221362252256856,1.0,-0.2238118833146991,-81.84621775394733,0.995523762333706,True,True,0
29,6,100.0,10.0,0.25,20.0,300.0,0.02,23.637476783956906,47.484765953876106,70.32547266189333,4.800539579157374,7.37306479277315,6.917263443571963,95.78042727777625,0.3224067068605584,1.0,-0.2660488704801047,-380.0535194878305,6.60107038975661,True,False,0
30,6,100.0,10.0,0.25,20.0,300.0,0.02,23.818578382015815,47.53067592196179,70.32748345706992,5.458091408251807,12.597829930886359,6.920607535598922,95.80312246345424,0.3225659463174501,1.0,-0.1932257087508972,-81.36515485098187,0.996135485824982,True,True,0
31,6,100.0,10.0,0.25,20.0,300.0,0.02,23.950293131126408,47.57447889201596,70.35378780783668,5.277211768707761,8.861134462337915,6.9142067266889935,95.81218312268004,0.3222708312378219,1.0,-0.09771933108148678,-80.22572778546647,0.9980456133783703,True,True,0
32,6,100.0,10.0,0.25,20.0,300.0,0.02,24.048369575746168,47.615442361549846,70.3799548813627,4.70408254826982,8.505739155697558,6.908439995222231,95.8311189711511,0.3220045905865934,1.0,-0.02736069538624382,-79.37297855262523,0.9994527860922752,True,True,0
33,6,100.0,10.0,0.25,20.0,300.0,0.02,24.12245447129443,47.6556567540044,70.39014425818353,4.457652886743635,6.611236042016687,6.904674988215025,95.84815387431532,0.3218313340973803,1.0,0.011520874053306708,-79.06176256187038,1.0002304174810661,False,False,1
34,6,100.0,10.0,0.25,20.0,300.0,0.02,24.2113110008432,47.68232027538455,70.40686882441992,5.187623609674989,11.374079702289293,6.902975597342661,95.86003413994415,0.32175440207915185,1.0,0.004044593701378483,-79.48288256563828,1.0000808918740276,False,False,1
35,6,100.0,10.0,0.25,20.0,300.0,0.02,24.253951928925954,47.712614025626195,70.37985437779972,4.589719948113564,8.757604763471937,6.895420031585166,95.80001585296147,0.32140465247801353,1.0,-0.10772073752148278,-80.15291113283209,0.9978455852495703,True,True,0
36,6,100.0,10.0,0.25,20.0,300.0,0.02,24.29885319138276,47.7414625085639,70.36441881287425,4.177440697581996,6.590889172326959,6.890710039722349,95.73947529075244,0.3211870301447353,1.0,-0.1967524640636671,-81.19774684440569,0.9960649507187267,True,True,0
37,6,100.0,10.0,0.25,20.0,300.0,0.02,24.51991583385546,47.76156785566213,70.34713260599023,5.00509602277837,11.685335458061964,6.888020157346101,95.68208693251954,0.3210632967690688,1.0,-0.2758267923315078,-81.7651100225285,0.9944834641533699,True,True,0
38,6,100.0,10.0,0.25,20.0,300.0,0.02,24.683088041576898,47.78294871250673,70.3143224274057,4.534172421370061,8.917469855906054,6.878897535914868,95.59751646141197,0.3206399591047154,1.0,-0.2838774836618726,-81.92423523676678,0.9943224503267626,True,True,0
39,6,100.0,10.0,0.25,20.0,300.0,0.02,24.80450418053476,47.806947973923535,70.27592525652157,4.063166065272392,6.690249043290193,6.872080978730673,95.55021965196391,0.3203235473826131,1.0,-0.2353922405358565,-81.61884438113886,0.9952921551892828,True,True,0
40,6,100.0,10.0,0.25,20.0,300.0,0.02,24.94386656672006,47.8370913055124,70.26143049086131,4.853904351919112,11.3761479005736,6.866359189163054,95.53022829953355,0.3200579966166334,1.0,-0.13764361305939377,-80.81149111354492,0.9972471277388121,True,True,0
41,6,100.0,10.0,0.25,20.0,300.0,0.02,25.011431926855103,47.86637072167498,70.26571450732988,4.011730380325292,8.425446844962352,6.854250734674779,95.48687036017645,0.31949490124667346,1.0,-0.030229880070456953,-80.09171319358572,0.9993954023985908,True,True,0
42,6,100.0,10.0,0.25,20.0,300.0,0.02,25.2623865952323,47.90005451424527,70.280329118464,4.794342757166807,11.987597685282045,6.844574596481513,95.4570700691764,0.31904470288865294,1.0,0.05815373044135463,-79.27514650146918,1.0011630746088271,False,False,1
43,6,100.0,10.0,0.25,20.0,300.0,0.02,25.449546657791586,47.93197540881115,70.30491916510302,4.36337686089285,8.06841964960288,6.829995356866226,95.39217779183565,0.3183662960512432,1.0,0.09987650089555265,-78.5361945409311,1.0019975300179111,False,False,1
44,6,100.0,10.0,0.25,20.0,300.0,0.02,25.590402929785007,47.96126444162188,70.3393924795834,3.7045186886051256,7.025897545063243,6.819201494089165,95.34360332537487,0.3178639552241776,1.0,0.1438118620127151,-78.17956214123001,1.0028762372402542,False,False,1
45,6,100.0,10.0,0.25,20.0,300.0,0.02,25.696652267443095,47.99022021140772,70.35041759147559,3.3118724849707406,5.1004815136528645,6.811642134685478,95.31024017129756,0.3175122817169346,1.0,0.16064757768221455,-78.15214707807627,1.0032129515536443,False,False,1
46,6,100.0,10.0,0.25,20.0,300.0,0.02,25.777474422369032,48.01719911781094,70.37081259367295,2.91481029298472,5.181511848009722,6.806505588962164,95.28426591208789,0.3172735369596723,1.0,0.14832685963402983,-78.45421771946893,1.0029665371926806,False,False,1
47,6,100.0,10.0,0.25,20.0,300.0,0.02,25.838541225646765,48.04383044586657,70.37303221530226,2.7067925923490503,4.229086940550877,6.803109407435102,95.25699453212526,0.31711591205095313,1.0,0.11063098098827114,-78.96449969867547,1.0022126196197654,False,False,1
48,6,100.0,10.0,0.25,20.0,300.0,0.02,25.891346943869614,48.057368805294395,70.38558856904797,3.8395529549784797,10.840184925489813,6.800908731101352,95.2261644516886,0.3170140057083033,1.0,-0.0007440116978205397,-79.88178779776494,0.9999851197660435,True,True,0
49,6,100.0,10.0,0.25,20.0,300.0,0.02,25.940354478700574,48.07469765149446,70.35920992199344,3.2458619198945406,7.729002975888731,6.792988457145581,95.1449672410311,0.3166458087016409,1.0,-0.09754030871954313,-80.16790839589984,0.9980491938256091,True,True,0
50,6,100.0,10.0,0.25,20.0,300.0,0.02,26.181451246216128,48.07997557299123,70.34205266241834,4.199558088036228,11.329550398919626,6.787741067159538,95.08040374849425,0.3164017688523455,1.0,-0.19939104594349857,-80.87135951974093,0.99601217908113,True,True,0
51,6,100.0,10.0,0.25,20.0,300.0,0.02,26.358520110125497,48.091004969525024,70.29442591574191,3.7757312800892397,7.429946492960803,6.777699451875686,94.98417531945954,0.3159346002477684,1.0,-0.2668314278036722,-81.38587379146716,0.9946633714439266,True,True,0
52,6,100.0,10.0,0.25,20.0,300.0,0.02,26.488304226502358,48.10369044522792,70.26800916713032,3.1195942314435334,6.258694522924062,6.770681268887983,94.9145194495305,0.31560796844203426,1.0,-0.3711050982581879,-82.33436891377033,0.9925778980348362,True,True,0
53,6,100.0,10.0,0.25,20.0,300.0,0.02,26.584906756713043,48.11794522120715,70.23746559087203,2.721367941204498,4.317725388070923,6.765534428036426,94.86312559214906,0.31536842537546034,1.0,-0.37066255550149074,-82.43442141192793,0.9925867488899702,True,True,0
54,6,100.0,10.0,0.25,20.0,300.0,0.02,26.656318511976664,48.13271600818041,70.22437749842702,2.335179807229454,4.40419877052814,6.761681899567942,94.82556104487708,0.31518915201859626,1.0,-0.3581944745354264,-82.40239055090859,0.9928361105092914,True,True,0
55,6,100.0,10.0,0.25,20.0,300.0,0.02,26.709703525450397,48.14815456540675,70.2054473930813,2.134270555499787,3.5188731402132882,6.758574439053927,94.8029050410606,0.3150445281803092,1.0,-0.3240759909301354,-82.16062451452291,0.9935184801813973,True,True,0
56,6,100.0,10.0,0.25,20.0,300.0,0.02,26.75714974489002,48.17062174745721,70.1994162866565,3.4446622858390725,10.695794605323004,6.756043375556509,94.79182033539627,0.3149267364870559,1.0,-0.2613476948701426,-81.73047946813563,0.9947730461025972,True,True,0
57,6,100.0,10.0,0.25,20.0,300.0,0.02,26.804087912978616,48.19094556286045,70.21349298496611,2.708833261937789,7.334130926866744,6.748380587545094,94.74983552774424,0.31457034177508447,1.0,-0.20864743318968915,-81.19353541860225,0.9958270513362062,True,True,0
58,6,100.0,10.0,0.25,20.0,300.0,0.02,27.052271365384478,48.216337935227905,70.23293795432932,3.865340309261249,11.213662864587915,6.742345509064133,94.7205283362053,0.3142893578567234,1.0,-0.1359591860887504,-80.76044547775606,0.997280816278225,True,True,0
59,6,100.0,10.0,0.25,20.0,300.0,0.02,27.228470464503353,48.23881336641463,70.26653671663517,3.3542483177388838,7.163732796056814,6.732076471663096,94.65960198661753,0.3138115876256112,1.0,-0.08412406146717451,-80.2646057205437,0.9983175187706566,True,True,0
60,6,100.0,10.0,0.25,20.0,300.0,0.02,27.355780884390462,48.258625909510066,70.30157982612711,2.700274371939917,5.719025757430279,6.724145102903101,94.61484733012561,0.3134422979592279,1.0,-0.03327560517046667,-79.93659322853078,0.9993344878965906,True,True,0
61,6,100.0,10.0,0.25,20.0,300.0,0.02,27.449003079756462,48.277085094873286,70.32037675725616,2.307245282465143,3.823424782496051,6.718110996065233,94.58647567343726,0.31316125321809785,1.0,0.010470480381338795,-79.61080099034896,1.0002094096076268,False,False,1
62,6,100.0,10.0,0.25,20.0,300.0,0.02,27.51784418524684,48.29376586954153,70.34021460069619,1.9027888625175775,3.725098936719152,6.713568551297583,94.5715780318987,0.31294965593427615,1.0,0.046867364706477045,-79.32641710498697,1.0009373472941296,False,False,1
63,6,100.0,10.0,0.25,20.0,300.0,0.02,27.56891635660818,48.309621213032536,70.34813980349278,1.7166560476645456,2.7964593967816094,6.710193513611789,94.56427869240257,0.31279244045404647,1.0,0.07657614563778205,-79.07932760170766,1.0015315229127557,False,False,1
64,6,100.0,10.0,0.25,20.0,300.0,0.02,27.60715169279894,48.32424366129105,70.35915259807621,1.4893790198768448,2.831782384772288,6.707740056552503,94.56176468743486,0.31267817281098104,1.0,0.07567649345579715,-78.54138886495491,1.001513529869116,False,False,1
65,6,100.0,10.0,0.25,20.0,300.0,0.02,27.635740386329594,48.33832111307004,70.3618774743297,1.3995637876928362,2.449421161824246,6.706095769247334,94.55925978193424,0.31260161108355694,1.0,0.08982568274879506,-78.42488906846825,1.0017965136549758,False,False,1
66,6,100.0,10.0,0.25,20.0,300.0,0.02,27.657553291789455,48.35148878615879,70.36868441173304,1.2726172522462962,2.4108751248014992,6.705006235804595,94.55665350053829,0.3125509101638464,1.0,0.09716834802449653,-78.38610937157179,1.00194336696049,False,False,1
67,6,100.0,10.0,0.25,20.0,300.0,0.02,27.673845302838227,48.36424527854519,70.36876653650326,1.2186345278464898,2.2406584061222286,6.704296440772271,94.5535625261527,0.31251791536371953,1.0,0.09807634080422374,-78.40850839385473,1.0019615268160844,False,False,1
68,6,100.0,10.0,0.25,20.0,300.0,0.02,27.686407417652365,48.37628440188876,70.3727524283071,1.1438577453730099,2.1913620208460207,6.703873852951212,94.54969228427206,0.31249831201603295,1.0,0.09283623875266346,-78.48725870920106,1.0018567247750532,False,False,1
69,6,100.0,10.0,0.25,20.0,300.0,0.02,27.69573406733889,48.387984913368655,70.37149730964083,1.1047344653192077,2.0997579046849557,6.703672388606772,94.54481375341481,0.3124890185890269,1.0,0.0824898957452605,-78.61261990765222,1.0016497979149053,False,False,1
70,6,100.0,10.0,0.25,20.0,300.0,0.02,27.70278140095508,48.39907383742981,70.3738813829696,1.0552390786338992,2.0502667659955764,6.703633101051836,94.53894671900746,0.3124872855626875,1.0,0.06761203910250445,-78.77792215741982,1.00135224078205,False,False,1
71,6,100.0,10.0,0.25,20.0,300.0,0.02,27.70825823878244,48.409853760458276,70.37213031646439,1.0220478055038218,1.989835815006188,6.7037185472130325,94.532180790209,0.3124913664958001,1.0,0.049337417185041296,-78.97228771405756,1.0009867483437007,False,False,1
72,6,100.0,10.0,0.25,20.0,300.0,0.02,27.71225758545581,48.420087088056334,70.37363135049081,0.9844837412550219,1.9451484608815932,6.703890338303996,94.52469811867198,0.3124994704020604,1.0,0.02833760278232343,-79.18887223672832,1.0005667520556465,False,False,1
73,6,100.0,10.0,0.25,20.0,300.0,0.02,27.715415515662023,48.430020481678326,70.37181766187372,0.9541465297064216,1.9058766951443338,6.704126181416635,94.51668385551748,0.31251055720031046,1.0,0.005608874419686264,-79.41840713311495,1.0001121774883936,False,False,1
74,6,100.0,10.0,0.25,20.0,300.0,0.02,27.71766242862381,48.439452324369356,70.37284235687832,0.9225129866363669,1.8665275856589703,6.704401098550043,94.50836297413262,0.3125234615347029,1.0,-0.01824303750542165,-79.65529006564263,0.9996351392498916,True,True,0
75,6,100.0,10.0,0.25,20.0,300.0,0.02,27.71943523866932,48.44858569996165,70.37117628410897,0.8940666078166307,1.831810557552977,6.704701439617757,94.49991490071139,0.3125375464149155,1.0,-0.04240861877379926,-79.89208425978416,0.999151827624524,True,True,0
76,6,100.0,10.0,0.25,20.0,300.0,0.02,27.720656462492986,48.4572534311652,70.37195206576949,0.865758383802513,1.7950605892575615,6.705011372646528,94.49153859662236,0.3125520733180453,1.0,-0.06643254393513809,-80.1251509212147,0.9986713491212973,True,True,0
77,6,100.0,10.0,0.25,20.0,300.0,0.02,27.72160410355053,48.46562381163867,70.37052207572498,0.8390129814906454,1.7630944938819493,6.705322653335377,94.48336823078701,0.3125666574729388,1.0,-0.08973759522281174,-80.34918325177546,0.9982052480955438,True,True,0
78,6,100.0,10.0,0.25,20.0,300.0,0.02,27.722235062576576,48.47356078606761,70.37117168343163,0.8129142421175342,1.7285923589815195,6.7056258255779335,94.4755460598151,0.3125808579752489,1.0,-0.11201043348079907,-80.56173586858353,0.9977597913303841,True,True,0
79,6,100.0,10.0,0.25,20.0,300.0,0.02,27.722694580159764,48.481204595127146,70.36999944876695,0.7883884862972331,1.6985224822180174,6.705916269133412,94.46815284434902,0.31259445920646844,1.0,-0.13294210354852107,-80.76019093590241,0.9973411579290296,True,True,0
80,6,100.0,10.0,0.25,20.0,300.0,0.02,27.722995661619937,48.4884460334048,70.37058467148931,0.7663951364791574,1.666033020815504,6.7061889535971595,94.46126946511617,0.3126072268666104,1.0,-0.15235690598286178,-80.94328625176027,0.9969528618803427,True,True,0
81,6,100.0,10.0,0.25,20.0,300.0,0.02,27.723171131041138,48.49540258170429,70.36965671617372,0.763989323556023,1.6374733559227828,6.706441752707846,94.45493051986854,0.3126190617762663,1.0,-0.17012591698098598,-81.11001855590152,0.9965974816603803,True,True,0
82,6,100.0,10.0,0.25,20.0,300.0,0.02,27.723297035392303,48.50198741611995,70.37408467878147,0.7703267488973545,1.6068439655013889,6.7066726194558335,94.44916536114263,0.312629868901823,1.0,-0.18621551297942962,-81.26042957191723,0.9962756897404114,True,True,0
83,6,100.0,10.0,0.25,20.0,300.0,0.02,27.72331257480427,48.50829943154188,70.3939999997103,0.7782458814010047,1.5796381495114835,6.706881074907299,94.4439745478624,0.31263962598618344,1.0,-0.2006094803686787,-81.39443736672473,0.9959878103926264,True,True,0
84,6,100.0,10.0,0.25,20.0,300.0,0.02,27.723340046025292,48.514270005982254,70.41362792722032,0.7852974044987492,1.5507693420083415,6.707066989873473,94.43935140409972,0.31264832750098215,1.0,-0.2133589287261346,-81.51281936405772,0.9957328214254773,True,True,0
85,6,100.0,10.0,0.25,20.0,300.0,0.02,27.723284762344523,48.51998273404245,70.43162103591499,0.7921607648321064,1.524869734276741,6.7072308952837485,94.4352749574936,0.3126559983439355,1.0,-0.22451680513817018,-81.61611446914348,0.9955096638972366,True,True,0
86,6,100.0,10.0,0.25,20.0,300.0,0.02,27.72326094524898,48.525383561138604,70.44928345183217,0.798220603389057,1.4976964217786046,6.707373763527907,94.43171651292423,0.3126626843721683,1.0,-0.23416859838011436,-81.70501813173905,0.9953166280323977,True,True,0
87,6,100.0,10.0,0.25,20.0,300.0,0.02,27.72318439412855,48.53054338213638,70.46550677334531,0.8038855822510772,1.4731048759834537,6.707496684379405,94.42864447220154,0.31266843657426857,1.0,-0.24242357984627527,-81.78094370729002,0.9951515284030745,True,True,0
88,6,100.0,10.0,0.25,20.0,300.0,0.02,27.72314203633726,48.535419682059384,70.48137741862313,0.8087990269159144,1.4475853212812042,6.707601174788545,94.42601966846632,0.3126733261764627,1.0,-0.24941903125174217,-81.84507903338074,0.9950116193749652,True,True,0
89,6,100.0,10.0,0.25,20.0,300.0,0.02,27.723065624699366,48.540072737888,70.4959825953465,0.8132701839192474,1.4243253893923238,6.707688544479579,94.4238068350987,0.31267741442756436,1.0,-0.25524421385568197,-81.89828683520761,0.9948951157228864,True,True,0
90,6,100.0,10.0,0.25,20.0,300.0,0.02,27.72302246601925,48.54446914077347,70.51022840389348,0.8170591916948338,1.4004303432115992,6.7077604879170565,94.4219641958344,0.31268078078605993,1.0,-0.2599966235783173,-81.94145710514876,0.9948000675284336,True,True,0
91,6,100.0,10.0,0.25,20.0,300.0,0.02,27.72295683445783,48.54866022028407,70.52336247184313,0.8204212854735657,1.3785279220182012,6.7078183396905136,94.42045784535044,0.3126834876464922,1.0,-0.26380905418752393,-81.97587052649831,0.9947238189162495,True,True,0
92,6,100.0,10.0,0.25,20.0,300.0,0.02,27.722921510950627,48.55261973753781,70.53614108218557,0.8231891025472476,1.3562336214067132,6.70786373229842,94.4192476001662,0.3126856115214189,1.0,-0.266794465683392,-82.00266411655276,0.9946641106863322,True,True,0
93,6,100.0,10.0,0.25,20.0,300.0,0.02,27.722870893017074,48.55639147410141,70.54794361036308,0.8255761959617901,1.3357088695251422,6.707897907685293,94.41830333314837,0.3126872104631998,1.0,-0.26905344492060385,-82.02281259536603,0.9946189311015879,True,True,0
94,6,100.0,10.0,0.25,20.0,300.0,0.02,27.722846776110604,48.55962983369486,70.55940165797661,0.8274618510668842,1.3149858437102395,6.707922343012906,94.41758959740093,0.31268835368096065,1.0,-0.2686129427921758,-681.5121871658168,12.630243743316337,True,False,0
95,6,100.0,10.0,0.25,20.0,300.0,0.02,27.72282149906921,48.551663063343334,70.56461054116807,1.2609427342578807,1.3528728309815001,6.707938104652978,94.41708038813792,0.3126890910157528,1.0,-0.2696041501584081,-82.02795380437075,0.9946079169968318,True,True,0
96,6,100.0,10.0,0.25,20.0,300.0,0.02,27.722837972672757,48.54537827615797,70.55212991288076,1.996523454000816,2.1105605073593234,6.707925149419315,94.41741902637628,0.3126884364616697,1.0,-0.2684304698761559,-82.01708336764761,0.9946313906024769,True,True,0
97,6,100.0,10.0,0.25,20.0,300.0,0.02,27.722727209762418,48.541588985045635,70.54873895979385,2.480630976716341,2.5862090704846734,6.707909698237914,94.41785651630344,0.3126876604990013,1.0,-0.2675432188433614,-82.00981068512554,0.9946491356231327,True,True,0
98,6,100.0,10.0,0.25,20.0,300.0,0.02,27.722818978561968,48.53894614736864,70.54185225026087,2.789590392811643,2.917533328922999,6.707899159680361,94.41814015472272,0.31268712688269823,1.0,-0.2670034636402591,-82.00450050598194,0.9946599307271948,True,True,0
99,6,100.0,10.0,0.25,20.0,300.0,0.02,27.722698092439593,48.53744940575166,70.54118203720776,2.988629098403972,3.105152611098217,6.707891348234302,94.41837211657436,0.3126867302535839,1.0,-0.26669157408439065,-82.00227436016255,0.9946661685183121,True,True,0
100,6,100.0,10.0,0.25,20.0,300.0,0.02,27.722816419638825,48.536310614365334,70.53684183941374,3.1152090749011587,3.2475691908242186,6.707888201694082,94.41845128509101,0.3126865633628138,1.0,-0.26659081095024534,-82.00099757561634,0.9946681837809951,True,True,0
101,6,100.0,10.0,0.25,20.0,300.0,0.02,27.7226917733548,48.535743617588516,70.5371376874996,3.1972913451965503,3.3185425203737413,6.707886093730432,94.41852513075007,0.31268644977001614,1.0,-0.2665939829206687,-82.00145176827724,0.9946681203415866,True,True,0
102,6,100.0,10.0,0.25,20.0,300.0,0.02,27.722798103430826,48.535229988729924,70.53406359072153,3.2491692242434542,3.382571303952636,6.707886875037794,94.41849729565529,0.3126864779820493,1.0,-0.266687517448266,-82.00202180276669,0.9946662496510347,True,True,0
103,6,100.0,10.0,0.25,20.0,300.0,0.02,27.72269301713757,48.53503566482464,70.53463304216831,3.283284437895856,3.4068245565558777,6.707887519481791,94.41849369331595,0.3126865010867512,1.0,-0.2668437589909578,-82.00387345203242,0.9946631248201808,True,True,0
104,6,100.0,10.0,0.25,20.0,300.0,0.02,27.72278351986709,48.534785597697876,70.53226746708593,3.3045969910615867,3.4378540678051515,6.707889947011729,94.41842186941288,0.31268661136170395,1.0,-0.2670353758648271,-82.0052839807258,0.9946592924827035,True,True,0
105,6,100.0,10.0,0.25,20.0,300.0,0.02,27.722696398301085,48.53473716537285,70.53284950487505,3.3190196650584975,3.4438202518136523,6.707891775965922,94.41838436878224,0.31268669341271665,1.0,-0.26721445218346324,-82.0072600629081,0.9946557109563308,True,True,0
106,6,100.0,10.0,0.25,20.0,300.0,0.02,27.72277188852488,48.53460133560521,70.53093542274195,3.32783832244064,3.4605668787806247,6.707894800267085,94.41829800233776,0.31268683368591116,1.0,-0.26743128922007803,-82.0089530964382,0.9946513742155985,True,True,0
107,6,100.0,10.0,0.25,20.0,300.0,0.02,27.72270001447797,48.534607074580585,70.53144209338976,3.3341546444279895,3.4597377774958162,6.707897104274202,94.41824618918884,0.3126869395108943,1.0,-0.26765778450969335,-82.01143684860187,0.9946468443098061,True,True,0
108,6,100.0,10.0,0.25,20.0,300.0,0.02,27.722762476263973,48.53452329314554,70.52984979275936,3.3378748574930452,3.469988333012734,6.707900272527053,94.41815706471486,0.3126870873300635,1.0,-0.26787363380458645,-82.01304603131646,0.9946425273239082,True,True,0
109,6,100.0,10.0,0.25,20.0,300.0,0.02,27.72270326426491,48.5345466031624,70.53026075949009,3.340834991482488,3.4669494236157066,6.7079027585913575,94.41809958916896,0.31268720236976266,1.0,-0.26808724027675507,-82.01535632226539,0.9946382551944649,True,True,0
110,6,100.0,10.0,0.25,20.0,300.0,0.02,27.72275477381442,48.53448853990691,70.52891643515137,3.3424804687369254,3.4739974143432497,6.707905905561245,94.41801246709775,0.3126873494827113,1.0,-0.26830332988496025,-82.01717972255241,0.9946339334023008,True,True,0
111,6,100.0,10.0,0.25,20.0,300.0,0.02,27.72270600156742,48.534515203936216,70.52923618401987,3.3440351745447434,3.470530225992434,6.7079084446982655,94.41795282338576,0.31268746734046327,1.0,-0.26851729256723933,-82.01922390047358,0.9946296541486552,True,True,0
112,6,100.0,10.0,0.25,20.0,300.0,0.02,27.72274839364883,48.53447133831721,70.52809208678957,3.344842205476001,3.47581471193082,6.70791151090504,94.41786921220675,0.3126876107568661,1.0,-0.2687342753280193,-82.02115862700039,0.9946253144934396,True,True,0
113,6,100.0,10.0,0.25,20.0,300.0,0.02,27.722708204388695,48.534496194404184,70.52833295000411,3.3457948604739083,3.472567976767092,6.707914050392682,94.41780895359308,0.31268772880985496,1.0,-0.2689463907271293,-82.02326090217258,0.9946210721854574,True,True,0
114,6,100.0,10.0,0.25,20.0,300.0,0.02,27.722743093937147,48.53446120099402,70.52735477129252,3.3462668141261322,3.4767528981390545,6.707917020556951,94.41772917260472,0.3126878677365081,1.0,-0.26913403944732267,-82.02483060372938,0.9946173192110536,True,True,0
115,6,100.0,10.0,0.25,20.0,300.0,0.02,27.722709951399104,48.534482674693926,70.52753034749828,3.346950278309613,3.4739256130622533,6.707919539124836,94.41766902844647,0.3126879849183975,1.0,-0.26935300340512536,-82.02709330613202,0.9946129399318975,True,True,0
116,6,100.0,10.0,0.25,20.0,300.0,0.02,27.722738633068712,48.53445386788423,70.52669152052866,3.347291231935408,3.4773453719557814,6.707922407014972,94.41759276462419,0.3126881190376448,1.0,-0.2695474054835652,-82.02877302694665,0.9946090518903287,True,True,0
117,6,100.0,10.0,0.25,20.0,300.0,0.02,27.722711318239373,48.534471754675245,70.52681436395864,3.347845346716193,3.474963612629586,6.707924897753759,94.41753313900855,0.31268823499139725,1.0,-0.26973648032375613,-82.03061163712715,0.9946052703935249,True,True,0
118,6,100.0,10.0,0.25,20.0,300.0,0.02,27.7227348779926,48.53444760425849,70.52609344065262,3.3481380775261815,3.4778079895958265,6.707927677432678,94.41746028794793,0.3126883649539629,1.0,-0.2699123236607357,-82.03209955143774,0.9946017535267853,True,True,0
119,6,100.0,10.0,0.25,20.0,300.0,0.02,27.72271234213035,48.53446219377656,70.5261743077933,3.34862320937566,3.4758369999176404,6.707930132796349,94.41740130193885,0.3126884793080411,1.0,-0.2701221987608932,-82.03420818227306,0.9945975560247822,True,True,0
120,6,100.0,10.0,0.25,20.0,300.0,0.02,27.72273169177668,48.53444173275236,70.52555358882046,3.348899725917098,3.4782265448918057,6.707932828253634,94.41733150223291,0.3126886053019293,1.0,-0.27031605624215693,-82.03595549479849,0.9945936788751568,True,True,0
121,6,100.0,10.0,0.25,20.0,300.0,0.02,27.722713111211725,48.534453465485036,70.52560151208174,3.349341796784064,3.4766120905343376,6.7079352487874635,94.4172732952275,0.31268871807036874,1.0,-0.2704803940870851,-82.0375003468418,0.9945903921182583,True,True,0
122,6,100.0,10.0,0.25,20.0,300.0,0.02,27.722728995434345,48.534435999742534,70.52506616404267,3.349613825564024,3.478632153954243,6.707937862526441,94.41720613592521,0.312688840217049,1.0,-0.2706769794822517,-82.03925547898643,0.9945864604103549,True,True,0
123,6,100.0,10.0,0.25,20.0,300.0,0.02,27.722713660881077,48.53444530864024,70.52508848953086,3.3500258153638156,3.477320627853577,6.707940248835255,94.41714887210482,0.3126889514202679,1.0,-0.27085335936775407,-82.04108171700446,0.9945829328126449,True,True,0
124,6,100.0,10.0,0.25,20.0,300.0,0.02,27.722726688203018,48.5344303073472,70.52462601986683,3.3502976349661098,3.4790367661347057,6.707942788977282,94.41708413480164,0.3126890701041583,1.0,-0.27103902682646763,-82.04272756781941,0.9945792194634706,True,True,0
125,6,100.0,10.0,0.25,20.0,300.0,0.02,27.722714030426328,48.53443759172871,70.52462875240421,3.350686285633298,3.477979150118719,6.707945136694694,94.41702775539643,0.3126891795327393,1.0,-0.2712042268325635,-82.04432705174618,0.9945759154633488,True,True,0
126,6,100.0,10.0,0.25,20.0,300.0,0.02,27.72272471062611,48.53442464352205,70.52422860398447,3.3509581432084503,3.4794424190815914,6.7079476109244265,94.41696528763853,0.31268929511654175,1.0,-0.2713911109027658,-82.04606610769949,0.9945721777819447,True,True,0
127,6,100.0,10.0,0.25,20.0,300.0,0.02,27.72271426255235,48.53443024470785,70.5242165804832,3.3513271435652086,3.4785964336076565,6.707949916600081,94.4169097722986,0.31268940260498423,1.0,-0.2715670658969831,-82.04779353437868,0.9945686586820603,True,True,0
128,6,100.0,10.0,0.25,20.0,300.0,0.02,27.7227230177842,48.534418995212484,70.52386978960317,3.3515993919038958,3.47984987651926,6.707952329733198,94.41684944617292,0.31268951531722616,1.0,-0.27173228562620766,-82.04925367925036,0.9945653542874758,True,True,0
129,6,100.0,10.0,0.25,20.0,300.0,0.02,27.72271438125768,48.53442319123289,70.52384684294229,3.3519526345326227,3.47918062307195,6.707954597049446,94.41679490427464,0.312689621033511,1.0,-0.271887694746633,-82.05075230735434,0.9945622461050674,True,True,0
130,6,100.0,10.0,0.25,20.0,300.0,0.02,27.7227215559343,48.53441337339191,70.52354583012783,3.3522245028492788,3.48025830843765,6.7079569493953155,94.41673642485279,0.3126897308920988,1.0,-0.2720598668230737,-82.05233401496493,0.9945588026635386,True,True,0
131,6,100.0,10.0,0.25,20.0,300.0,0.02,27.72271441266843,48.534416410020846,70.5235150547438,3.3525633132904225,3.479734794295183,6.707959180515451,94.41668294567052,0.3126898349341607,1.0,-0.27222072915997125,-82.0538384614855,0.9945555854168006,True,True,0
132,6,100.0,10.0,0.25,20.0,300.0,0.02,27.722720289960417,48.53440779516917,70.52325335620388,3.352833802027492,3.4806654285879777,6.70796147149392,94.41662608687017,0.31268994191484745,1.0,-0.272369929678107,-82.05522234012673,0.9945526014064379,True,True,0
133,6,100.0,10.0,0.25,20.0,300.0,0.02,27.72271438015828,48.53440987732755,70.52321720558903,3.3531594685377315,3.4802626601268787,6.707963664666319,94.41657369395652,0.3126900441989183,1.0,-0.2725390786996101,-82.05692828365497,0.9945492184260079,True,True,0
134,6,100.0,10.0,0.25,20.0,300.0,0.02,27.72271918584558,48.53440226920757,70.522989306598,3.3534279841839107,3.481070005005646,6.707965903025765,94.41651848023491,0.31269014871254047,1.0,-0.2727001666769083,-82.05834417436607,0.9945459966664618,True,True,0
135,6,100.0,10.0,0.25,20.0,300.0,0.02,27.72271428744495,48.5344035707667,70.52294969613439,3.3537417434461836,3.4807667565779603,6.707968054557309,94.4164670287335,0.3126902490633874,1.0,-0.2728498720971597,-82.05971520216903,0.9945430025580568,True,True,0
136,6,100.0,10.0,0.25,20.0,300.0,0.02,27.722718220193702,48.534396808486704,70.52275090752767,3.3540075429201166,3.4814705523358187,6.707970243687003,94.41641341023252,0.3126903512702438,1.0,-0.27301076114050543,-82.0613505180072,0.9945397847771899,True,True,0
137,6,100.0,10.0,0.25,20.0,300.0,0.02,27.722714161100104,48.534397468543,70.52270933432004,3.3543105880905997,3.481249054469117,6.707972353868019,94.41636295305933,0.31269044970061177,1.0,-0.2731526707578549,-82.06265239833868,0.9945369465848429,True,True,0
138,6,100.0,10.0,0.25,20.0,300.0,0.02,27.72271736471931,48.53439141680329,70.52253565264712,3.354573388113278,3.481865945551272,6.707974492799792,94.41631078003778,0.31269054955656955,1.0,-0.27330559328838816,-82.06412023213106,0.9945338881342323,True,True,0
139,6,100.0,10.0,0.25,20.0,300.0,0.02,27.7227140005693,48.534391540340835,70.52249325016382,3.354867299168305,3.481712952675875,6.707976564486886,94.41626132971304,0.31269064619771797,1.0,-0.2734350440020579,-82.06515786873015,0.9945312991199589,True,True,0
140,6,100.0,10.0,0.25,20.0,300.0,0.02,27.722716613569556,48.534386087433134,70.52234125417047,3.355127337515406,3.4822573009280466,6.707978652990138,94.4162104620249,0.3126907436935483,1.0,-0.27358731421878635,-82.06672837642797,0.9945282537156243,True,True,0
141,6,100.0,10.0,0.25,20.0,300.0,0.02,27.72271382435589,48.534385784723035,70.5222989222577,3.355412282457434,3.482159524174779,6.70798068502002,94.41616201809157,0.31269083849002755,1.0,-0.27375213903095524,-82.06831291761881,0.994524957219381,True,True,0
142,6,100.0,10.0,0.25,20.0,300.0,0.02,27.72271594789273,48.53438084637681,70.52216568364344,3.355668246542196,3.4826420532442506,6.707982730145339,94.4161125223207,0.31269093395614156,1.0,-0.2738837800269264,-82.06957332763827,0.9945223243994614,True,True,0
143,6,100.0,10.0,0.25,20.0,300.0,0.02,27.72271362752974,48.534380193347644,70.52212406590992,3.3559447061078376,3.4825897240233203,6.707984719971902,94.41606501399718,0.31269102678869676,1.0,-0.27401059145939144,-82.07069149716773,0.9945197881708122,True,True,0
144,6,100.0,10.0,0.25,20.0,300.0,0.02,27.722715362048316,48.53437569355716,70.52200709341024,3.356196545960872,3.4830197272290073,6.707986719207079,94.41601674179206,0.3126911201086189,1.0,-0.2741525527581929,-82.07199376951334,0.9945169489448361,True,True,0
145,6,100.0,10.0,0.25,20.0,300.0,0.02,27.722713424423013,48.53437475920395,70.52196666411965,3.356464942206499,3.4830043700054247,6.707988672858637,94.41597027165625,0.31269121125702876,1.0,-0.2742943303974457,-82.07334061071492,0.9945141133920511,True,True,0
146,6,100.0,10.0,0.25,20.0,300.0,0.02,27.722714829441685,48.534370621814254,70.52186377776408,3.356712950674136,3.483390418368398,6.7079906289140085,94.41592319784282,0.31269130255775185,1.0,-0.2744174660925806,-82.07440661400452,0.9945116506781484,True,True,0
147,6,100.0,10.0,0.25,20.0,300.0,0.02,27.722713223499312,48.53436945279581,70.52182487860063,3.356974753454194,3.4834057222739228,6.707992538909751,94.41587760215221,0.31269139167287663,1.0,-0.2745599334839488,-82.07579072817119,0.994508801330321,True,True,0
148,6,100.0,10.0,0.25,20.0,300.0,0.02,27.722714355081642,48.534365631467786,70.52173423777236,3.357218872170835,3.483754944381762,6.70799445513786,94.41583173120117,0.31269148111197814,1.0,-0.27471037409489535,-82.07722575398861,0.9945057925181021,True,True,0
149,6,100.0,10.0,0.25,20.0,300.0,0.02,27.722713014484075,48.53436429266757,70.52169710969179,3.357473221020198,3.483794056274902,6.7079963242552605,94.41578701560633,0.31269156832223594,1.0,-0.27483976107070995,-82.07850489115226,0.9945032047785858,True,True,0
150,6,100.0,10.0,0.25,20.0,300.0,0.02,27.7227139245857,48.5343607434882,70.52161712884121,3.3577124119356796,3.484110444904306,6.707998199806115,94.41574228168584,0.3126916558605303,1.0,-0.2749673089866917,-82.07977264211641,0.9945006538202662,True,True,0
151,6,100.0,10.0,0.25,20.0,300.0,0.02,27.722712799882107,48.53435925939231,70.52158189746078,3.357960316256493,3.4841693130844815,6.708000036010889,94.41569866924391,0.3126917415370546,1.0,-0.27509477113238756,-82.08089540148048,0.9944981045773522,True,True,0
152,6,100.0,10.0,0.25,20.0,300.0,0.02,27.722713541348202,48.53435594692815,70.52151120641696,3.358195104057383,3.4844584831359815,6.708001866437068,94.41565488034294,0.312691826967494,1.0,-0.27522134558327416,-82.08213777996772,0.9944955730883345,True,True,0
153,6,100.0,10.0,0.25,20.0,300.0,0.02,27.722712604321845,48.53435435478525,70.52147795789185,3.358436514089636,3.484532689903264,6.708003666196199,94.4156121951907,0.3126919109455185,1.0,-0.27533881182381315,-82.08319558987515,0.9944932237635238,True,True,0
154,6,100.0,10.0,0.25,20.0,300.0,0.02,27.722713189423292,48.53435123053144,70.5214153434272,3.3586674196230994,3.484799212947456,6.708005457143801,94.41556943513484,0.31269199453173624,1.0,-0.2754916540384847,-82.08465157427761,0.9944901669192303,True,True,0
155,6,100.0,10.0,0.25,20.0,300.0,0.02,27.72271240557235,48.53434954953649,70.5213840864528,3.3589037567924884,3.4848865748928644,6.708007218165244,94.41552764401129,0.3126920767035139,1.0,-0.27557839990488064,-82.08542683423394,0.9944884320019024,True,True,0
156,6,100.0,10.0,0.25,20.0,300.0,0.02,27.722712876770682,48.534346608056886,70.52132856402308,3.3591301023359605,3.4851327453709215,6.708008971031714,94.41548588428222,0.31269215851119603,1.0,-0.2757127629530941,-82.08668637705738,0.9944857447409381,True,True,0
157,6,100.0,10.0,0.25,20.0,300.0,0.02,27.722712212452972,48.53434486803966,70.52129928614875,3.3593602451076294,3.485229252802685,6.708010694066771,94.41544495804236,0.31269223891153675,1.0,-0.2758370000763569,-82.0878890893671,0.9944832599984729,True,True,0
158,6,100.0,10.0,0.25,20.0,300.0,0.02,27.722712587371237,48.53434207983687,70.52124996261448,3.3595819926299892,3.4854578952592483,6.708012410356678,94.41540419473297,0.31269231901102995,1.0,-0.27595423058730323,-82.08903943585452,0.9944809153882539,True,True,0
159,6,100.0,10.0,0.25,20.0,300.0,0.02,27.72271203947619,48.53434029345149,70.5212226311266,3.359806776019262,3.485561741531988,6.708014099743847,94.41536422525567,0.3126923978423445,1.0,-0.27606737105116774,-82.09015939855513,0.9944786525789766,True,True,0
160,6,100.0,10.0,0.25,20.0,300.0,0.02,27.722712328838902,48.53433763957969,70.5211787230689,3.360024228996029,3.4857752922224243,6.708015776859583,94.41532436457548,0.3126924761128039,1.0,-0.2761792453877874,-82.09115643245718,0.9944764150922443,True,True,0
161,6,100.0,10.0,0.25,20.0,300.0,0.02,27.72271185844539,48.534335823547146,70.52115325395592,3.360243758143053,3.485884731591714,6.708017428877953,94.41528518829821,0.3126925532017718,1.0,-0.27630771279587574,-82.09242913968498,0.9944738457440825,True,True,0
162,6,100.0,10.0,0.25,20.0,300.0,0.02,27.722712088234555,48.53433328844803,70.52111411331221,3.3604568505795633,3.4860851465084233,6.7080190687701355,94.41524618333926,0.3126926297342641,1.0,-0.27642919779838543,-82.09351526281975,0.9944714160440323,True,True,0
163,6,100.0,10.0,0.25,20.0,300.0,0.02,27.72271168981571,48.5343314595633,70.52109043775381,3.360671101937227,3.486198557425064,6.708020687729428,94.41520793858001,0.3126927052807894,1.0,-0.2765378125672779,-82.09457366266255,0.9944692437486544,True,True,0
164,6,100.0,10.0,0.25,20.0,300.0,0.02,27.722711870691597,48.534329039413585,70.52105549893766,3.3608792279948787,3.4863867535879396,6.708022293909809,94.41516986718214,0.3126927802393509,1.0,-0.27664495340298306,-82.09557549522175,0.9944671009319404,True,True,0
165,6,100.0,10.0,0.25,20.0,300.0,0.02,27.722711530617445,48.53432720058652,70.5210335161519,3.3610882704652423,3.486502218126785,6.708023881131679,94.41513251397582,0.31269285430582006,1.0,-0.276752278589821,-82.09660912926518,0.9944649544282036,True,True,0
166,6,100.0,10.0,0.25,20.0,300.0,0.02,27.722711673012284,48.53432486201047,70.52100224120484,3.361292861875294,3.4866811021239466,6.7080254488796465,94.41509524031417,0.3126929274699226,1.0,-0.2768670836559247,-82.09767537155,0.9944626583268815,True,True,0
167,6,100.0,10.0,0.25,20.0,300.0,0.02,27.722711381124864,48.53432302278437,70.5209818553077,3.3614978224452563,3.486799088166907,6.708026999472722,94.41505861932384,0.3126929998275726,1.0,-0.27696445437540673,-82.0985647094065,0.9944607109124919,True,True,0
168,6,100.0,10.0,0.25,20.0,300.0,0.02,27.72271149488175,48.53432077813056,70.52095384622577,3.3616978520534104,3.486968357817377,6.708028535287347,94.41502222962528,0.3126930715013581,1.0,-0.2770595371042709,-82.09947311983652,0.9944588092579146,True,True,0
169,6,100.0,10.0,0.25,20.0,300.0,0.02,27.722711241631803,48.53431894331639,70.52093496164248,3.361897967927766,3.487086870858383,6.708030053518471,94.41498644580268,0.3126931423493832,1.0,-0.2771860696441696,-82.10067842846857,0.9944562786071166,True,True,0
170,6,100.0,10.0,0.25,20.0,300.0,0.02,27.722711317273355,48.534316775959574,70.52090979676433,3.3620939700099073,3.487248273400655,6.708031553898685,94.41495083971199,0.31269321236855513,1.0,-0.2772859826838649,-82.10163515664996,0.9944542803463227,True,True,0
171,6,100.0,10.0,0.25,20.0,300.0,0.02,27.72271111122187,48.53431495284725,70.52089231893598,3.3622896376049582,3.487367067078014,6.708033039040996,94.4149158071069,0.3126932816728786,1.0,-0.2773856877185777,-82.10252862748015,0.9944522862456284,True,True,0
172,6,100.0,10.0,0.25,20.0,300.0,0.02,27.722711167299227,48.53431285713004,70.52086969374346,3.362481572395461,3.4875210768484632,6.708034508033017,94.4148810274896,0.31269335022754746,1.0,-0.2774818546217895,-82.10349129689612,0.9944503629075642,True,True,0
173,6,100.0,10.0,0.25,20.0,300.0,0.02,27.722710991437662,48.53431105397497,70.52085352783986,3.362672729642812,3.487639195797325,6.708035958874643,94.41484673003663,0.31269341793132055,1.0,-0.27759869973485074,-82.10449816474352,0.994448026005303,True,True,0
174,6,100.0,10.0,0.25,20.0,300.0,0.02,27.722711028361395,48.534309025186616,70.52083313276951,3.362860388482948,3.4877865298230946,6.708037399680579,94.41481279832796,0.31269348517008677,1.0,-0.27769110471908903,-82.10544175908886,0.9944461779056182,True,True,0
175,6,100.0,10.0,0.25,20.0,300.0,0.02,27.72271086726186,48.53430724871726,70.52081819084081,3.3630469253707673,3.487903488165569,6.708038818474744,94.41477925155488,0.31269355137906213,1.0,-0.2777784932039945,-82.10631372106587,0.9944444301359201,True,True,0
176,6,100.0,10.0,0.25,20.0,300.0,0.02,27.722710903368327,48.534305281276524,70.52079978398295,3.3632302751953222,3.4880443168517603,6.708040225036774,94.4147460073153,0.312693617019671,1.0,-0.27789191081002457,-82.10736861402768,0.9944421617837995,True,True,0
177,6,100.0,10.0,0.25,20.0,300.0,0.02,27.722710767948765,48.53430352576199,70.5207859627205,3.363412733056803,3.4881601364945567,6.708041616559099,94.41471328343242,0.3126936819557798,1.0,-0.27798656033732405,-82.1082722689076,0.9944402687932535,True,True,0
178,6,100.0,10.0,0.25,20.0,300.0,0.02,27.722710783278465,48.53430160860125,70.52076930296052,3.3635926018374147,3.488295662170314,6.708042994125,94.41468085638428,0.31269374624302493,1.0,-0.2780625045400072,-82.10888690302605,0.9944387499091999,True,True,0
179,6,100.0,10.0,0.25,20.0,300.0,0.02,27.72271066831111,48.53429987454624,70.52075651552992,3.3637715332474447,3.488410422243743,6.7080443520197095,94.41464874400371,0.3126938096099738,1.0,-0.2781569834300991,-82.10984715116015,0.994436860331398,True,True,0
180,6,100.0,10.0,0.25,20.0,300.0,0.02,27.72271068222607,48.534298020870175,70.52074142764135,3.363947233882074,3.4885406644828234,6.7080456974517135,94.41461696770466,0.31269387239720164,1.0,-0.2782566437757879,-82.11083717808192,0.9944348671244843,True,True,0
181,6,100.0,10.0,0.25,20.0,300.0,0.02,27.722710581252542,48.53429631534114,70.52072959532101,3.3641216201603825,3.4886531310812754,6.7080470262035785,94.41458558972451,0.3126939344047911,1.0,-0.27835221249656017,-82.11175891855908,0.9944329557500688,True,True,0
182,6,100.0,10.0,0.25,20.0,300.0,0.02,27.722710591352232,48.53429450974363,70.52071589403161,3.36429354346966,3.4887786643571594,6.7080483460403455,94.41455463129898,0.3126939959976401,1.0,-0.2784398238033283,-82.11251864176023,0.9944312035239334,True,True,0
183,6,100.0,10.0,0.25,20.0,300.0,0.02,27.722710500730823,48.53429282429479,70.52070493103835,3.364464576063824,3.4888894433864417,6.708049645599458,94.41452394890909,0.31269405664250427,1.0,-0.278546730746618,-82.11358080614508,0.9944290653850676,True,True,0
184,6,100.0,10.0,0.25,20.0,300.0,0.02,27.7227105041988,48.5342910623118,70.52069245531243,3.364633384451539,3.4890111177791514,6.708050930383889,94.41449354721503,0.31269411659936064,1.0,-0.27861757806018317,-82.11420655688298,0.9944276484387964,True,True,0
185,6,100.0,10.0,0.25,20.0,300.0,0.02,27.72271043552165,48.534289416217504,70.52068231999965,3.364800338617629,3.489119593260318,6.708052204822105,94.4144636024508,0.31269417607214256,1.0,-0.27870377439511695,-82.1150481469719,0.9944259245120977,True,True,0
186,6,100.0,10.0,0.25,20.0,300.0,0.02,27.722710429619767,48.53428769769752,70.52067094067465,3.364965091311557,3.4892366233581247,6.708053464560841,94.41443395284446,0.31269423486032955,1.0,-0.2787990670085847,-82.11594075805161,0.9944240186598283,True,True,0
187,6,100.0,10.0,0.25,20.0,300.0,0.02,27.722710366397866,48.534286077325795,70.52066153787683,3.36512863145647,3.4893433070593334,6.708054708443041,94.4144046061965,0.3126942929074081,1.0,-0.27887970874307916,-82.11673496544661,0.9944224058251384,True,True,0
188,6,100.0,10.0,0.25,20.0,300.0,0.02,27.722710361238036,48.53428440723481,70.52065114266784,3.3652897413927696,3.4894563160389214,6.708055939429965,94.4143755928039,0.31269435035386406,1.0,-0.27897770634957836,-82.11765962777748,0.9944204458730085,True,True,0
189,6,100.0,10.0,0.25,20.0,300.0,0.02,27.722710305269608,48.53428280830302,70.52064240590613,3.3654498393510934,3.489560531294947,6.708057157230781,94.41434693626222,0.3126944071838111,1.0,-0.2790491523380505,-82.11828738076485,0.994419016953239,True,True,0
190,6,100.0,10.0,0.25,20.0,300.0,0.02,27.722710306013262,48.53428118196906,70.52063289639288,3.3656077562973326,3.489670602946735,6.708058361151188,94.41431856402684,0.31269446336648643,1.0,-0.27913641198177946,-82.11913088005257,0.9944172717603644,True,True,0
191,6,100.0,10.0,0.25,20.0,300.0,0.02,27.72271025395554,48.5342796269969,70.52062480258792,3.3657635806083843,3.4897716737103623,6.708059547071747,94.41429041250576,0.3126945187092131,1.0,-0.27923201202434,-82.12004626863965,0.9944153597595132,True,True,0
192,6,100.0,10.0,0.25,20.0,300.0,0.02,27.722710251583415,48.534278034918785,70.52061606870392,3.3659176693626107,3.489877357274106,6.708060726006793,94.4142627080695,0.3126945737261364,1.0,-0.27930253495380164,-82.1207536168331,0.994413949300924,True,True,0
193,6,100.0,10.0,0.25,20.0,300.0,0.02,27.722710215531748,48.534276504998076,70.5206085385117,3.366070545094777,3.489976945278652,6.708061893188127,94.41423536896174,0.3126946281941608,1.0,-0.2793728868911823,-82.1213562198584,0.9944125422621763,True,True,0
194,6,100.0,10.0,0.25,20.0,300.0,0.02,27.72271021123197,48.53427494946573,70.52060049879664,3.3662215973385314,3.490079709667506,6.708063041099851,94.41420815221208,0.31269468176330917,1.0,-0.2794548896949143,-82.12214043909434,0.9944109022061017,True,True,0
195,6,100.0,10.0,0.25,20.0,300.0,0.02,27.722710177601986,48.534273451104724,70.52059349395941,3.3663711365447138,3.490176597028392,6.708064180710158,94.41418137565776,0.31269473494467054,1.0,-0.27953329670872623,-82.12293306326983,0.9944093340658254,True,True,0
196,6,100.0,10.0,0.25,20.0,300.0,0.02,27.722710171139727,48.53427194067546,70.5205860958716,3.36651846524804,3.490275872754386,6.708065308055535,94.41415490783277,0.3126947875542421,1.0,-0.27961335826814876,-82.12367470365297,0.994407732834637,True,True,0
197,6,100.0,10.0,0.25,20.0,300.0,0.02,27.722710143502926,48.53427046904861,70.52057955544538,3.366664484707577,3.490369951104688,6.708066423076924,94.41412873566347,0.3126948395878029,1.0,-0.2797058089121908,-82.12456117943543,0.9944058838217562,True,True,0
198,6,100.0,10.0,0.25,20.0,300.0,0.02,27.722710139480338,48.53426898853346,70.52057271189422,3.3668089935532195,3.490466703716757,6.708067523258249,94.41410278542303,0.3126948909296897,1.0,-0.2797703921358721,-82.12508944281981,0.9944045921572826,True,True,0
199,6,100.0,10.0,0.25,20.0,300.0,0.02,27.72271011707162,48.53426754676354,70.52056661487737,3.3669520715844627,3.4905588501932816,6.708068607853701,94.41407703960776,0.31269494154381083,1.0,-0.2798436149826054,-82.12587723025229,0.9944031277003479,True,True,0
