step,N,grid_size,k_attr,k_rep,sigma_rep,amp_rep,eta,min_spacing,mean_spacing,max_spacing,mean_force_norm,max_force_norm,mean_potential,var_potential,mean_need,max_need,lambda_max_real,lambda_min_real,spectral_radius_I_plus_etaJ,continuous_stable,discrete_stable,num_eig_pos_real
0,6,100.0,5.0,0.25,20.0,300.0,0.02,12.455021985130735,38.27495218893837,59.58245913744623,187.19347375822858,352.4622256306211,11.883255263800613,113.65147299508699,0.5314021814527168,1.0,12.476941917851063,-27.898154055670133,1.2495388383570212,False,False,3
1,6,100.0,5.0,0.25,20.0,300.0,0.02,16.35105062140117,41.03864786179538,64.06965591341397,175.22517259316396,283.6577913552618,10.630171190638233,108.93062394319102,0.4789927970582623,1.0,8.598689175191964,-31.732335159303357,1.1719737835038393,False,False,2
2,6,100.0,5.0,0.25,20.0,300.0,0.02,19.666351665062727,42.488666249114495,66.45541780195302,148.79900924504432,246.1807990482273,9.481032290091377,101.69025604117563,0.4303434912491827,1.0,5.655631307892881,-31.587653731311132,1.1131126261578577,False,False,2
3,6,100.0,5.0,0.25,20.0,300.0,0.02,22.69008864573209,43.52967209644578,67.30918435296422,128.55803092221726,218.84543382307572,8.428096068743933,94.3739189838211,0.3843766227728299,1.0,4.504028500779292,-31.749090956390447,1.0900805700155858,False,False,3
4,6,100.0,5.0,0.25,20.0,300.0,0.02,25.47486648832827,44.18247590103361,67.3077942861824,107.13599259885348,171.71446512517835,7.477658565661487,86.77495982411588,0.34240905571250563,1.0,4.101264381202696,-32.856119865399,1.082025287624054,False,False,3
5,6,100.0,5.0,0.25,20.0,300.0,0.02,27.774448837783122,44.626841822957104,66.85526656629033,76.85398119945488,112.10673138383824,6.76888865655734,81.23980943861723,0.31096036546324474,0.9999997615814209,3.2070030730660464,-28.831112304923025,1.064140061461321,False,False,3
6,6,100.0,5.0,0.25,20.0,300.0,0.02,29.447633237381677,44.771353468988096,66.63479236761951,50.21055305504143,78.56425161307256,6.42159940199543,78.97981008728581,0.2955369170941282,0.9999986886978149,2.966856845221804,-28.543551974602302,1.059337136904436,False,False,3
7,6,100.0,5.0,0.25,20.0,300.0,0.02,29.799285880540797,44.807224551166954,66.43636876632888,35.13924629008961,55.24234650209697,6.297687686616695,77.98459995516284,0.2900858548341083,0.9999961853027344,2.9066266609160745,-30.647015518898996,1.0581325332183216,False,False,3
8,6,100.0,5.0,0.25,20.0,300.0,0.02,29.980515900951445,44.793361731407394,66.3880667795923,30.844204658411186,42.57584694683589,6.253593622783242,77.3431128217488,0.288207405620396,0.9999926090240479,2.799659196876126,-32.08255093834789,1.0559931839375225,False,False,3
9,6,100.0,5.0,0.25,20.0,300.0,0.02,30.177253979309704,44.74187398966913,66.41377869304493,27.044923237764483,35.28850936192228,6.234961873037921,76.75940167502347,0.2874909420145014,0.999988853931427,2.6457005252636967,-32.5996625764253,1.052914010505274,False,False,2
10,6,100.0,5.0,0.25,20.0,300.0,0.02,30.306259416995637,44.681313727956685,66.49623475728387,27.840426448343653,36.105181160717194,6.216245021924723,76.23951252168678,0.2867541710531089,0.9999838471412659,2.5451747291657356,-34.23103503576457,1.0509034945833147,False,False,2
11,6,100.0,5.0,0.25,20.0,300.0,0.02,30.54936418841292,44.61030980169609,66.57470820241619,26.494767604555417,39.17510442866805,6.203692062756238,75.6680409711164,0.28632395592907645,0.9999801516532898,2.4658426561582902,-34.541734674494116,1.0493168531231658,False,False,2
12,6,100.0,5.0,0.25,20.0,300.0,0.02,30.864754326564,44.545118949961896,66.73875244849228,27.05388375660105,41.24903279640771,6.188379502100169,75.04008238782671,0.28576633934456824,0.9999768137931824,2.348471646003688,-35.63785245112007,1.0469694329200738,False,False,2
13,6,100.0,5.0,0.25,20.0,300.0,0.02,31.129320277045952,44.4970787187474,66.8480400507354,27.164846724544606,40.25014259749594,6.169605891640707,74.37283205899622,0.28505306774247646,0.9999701976776123,2.1915477448682035,-35.91615518909211,1.043830954897364,False,False,2
14,6,100.0,5.0,0.25,20.0,300.0,0.02,31.30000433156177,44.44607011146965,66.74081885469802,26.11803369001001,41.018111307019105,6.163164007954631,73.70141888263213,0.28492431287901593,0.9999659061431885,2.013608918425874,-35.78977372658795,1.0402721783685174,False,False,2
15,6,100.0,5.0,0.25,20.0,300.0,0.02,31.55627015791876,44.40788936655323,66.700424623532,25.51855114509517,41.89581898434418,6.151171885758926,73.0847831810662,0.2845251990252742,0.9999529123306274,1.7741857097849005,-35.74803867741511,1.035483714195698,False,False,1
16,6,100.0,5.0,0.25,20.0,300.0,0.02,31.487142027403767,44.369329748122034,66.44987253493136,24.332709542063157,40.49884344020455,6.136693569935805,72.50131250598389,0.28400323493326135,0.9999423027038574,1.576452206255907,-35.78759810449754,1.0315290441251181,False,False,1
17,6,100.0,5.0,0.25,20.0,300.0,0.02,31.403695964969472,44.34687263289406,66.29349130550365,22.31765085820526,37.347065147111365,6.117566938182028,71.93690767831806,0.28325482422214554,0.9999460577964783,1.4183384611341525,-35.85939210338939,1.028366769222683,False,False,1
18,6,100.0,5.0,0.25,20.0,300.0,0.02,31.301633939399537,44.323303483944635,66.09798941150027,21.474407564068667,35.85678467874061,6.10253456541338,71.43343049906736,0.282681393907751,0.9999418258666992,1.2633195671773523,-36.1528950645099,1.0252663913435471,False,False,1
19,6,100.0,5.0,0.25,20.0,300.0,0.02,31.420008201105617,44.31619772082523,65.86469243684506,20.45538209586314,31.71304393195662,6.082114148228146,70.90443018119637,0.28184225106021576,0.9999346733093262,1.0619321144715483,-36.700858363552605,1.021238642289431,False,False,1
20,6,100.0,5.0,0.25,20.0,300.0,0.02,31.549618917906557,44.30197768755177,65.55197852529,18.879818478088755,31.723013272805836,6.067464709965442,70.43927060204743,0.28125840363657756,0.9999197721481323,0.8023342598514515,-37.207900542976056,1.0160466851970291,False,False,1
21,6,100.0,5.0,0.25,20.0,300.0,0.02,31.635869788261097,44.3023505993772,65.26462125663595,17.5938681883102,30.75163731841202,6.049421914183482,69.89820699605775,0.2805047702543177,0.9998926520347595,0.6256914440186011,-37.288687049356376,1.0125138288803721,False,False,1
22,6,100.0,5.0,0.25,20.0,300.0,0.02,31.820148156929683,44.30068121812811,64.91953681101046,16.15345006533641,26.438992917491255,6.035205705053756,69.46740328208116,0.27992052377863763,0.9998611211776733,0.44929493011234367,-37.38197897063574,1.0089858986022469,False,False,1
23,6,100.0,5.0,0.25,20.0,300.0,0.02,31.985067287811116,44.29456090632689,64.53988579175932,15.164628832568825,26.8078487648897,6.019016019860789,69.08873081045988,0.27923255220510285,0.9998398423194885,0.2723289986681661,-37.519207417468735,1.0054465799733634,False,False,1
24,6,100.0,5.0,0.25,20.0,300.0,0.02,32.13156524221849,44.30190459579448,64.26202084105834,13.759909480248632,22.780654533861156,6.000090247147809,68.72502796180947,0.2784090855083233,0.9998147487640381,0.14811851035754345,-37.621268629155004,1.0029623702071508,False,False,1
25,6,100.0,5.0,0.25,20.0,300.0,0.02,32.26383807267415,44.30912257215523,63.933442961638626,13.260301340423565,23.220223796903305,5.987106063016819,68.46497768197453,0.27785411552209055,0.9997899532318115,0.024480009536518143,-37.702930529294235,1.0004896001907304,False,False,1
26,6,100.0,5.0,0.25,20.0,300.0,0.02,32.45896584249254,44.31452700701085,63.57974556783172,13.12581556529065,20.397274940223316,5.973181295271137,68.22483004768954,0.2772520914118459,0.9997955560684204,-0.11077085541959969,-37.83834549454939,0.997784582891608,True,True,0
27,6,100.0,5.0,0.25,20.0,300.0,0.02,32.61605220123675,44.32251250152487,63.27292130928719,11.69680866735216,17.872783239239215,5.9578106541738025,68.0037286063262,0.2765781026523923,0.9998012185096741,-0.20745037651704645,-37.956029007383044,0.995850992469659,True,True,0
28,6,100.0,5.0,0.25,20.0,300.0,0.02,32.74180330638673,44.32785753113423,62.94606700446407,12.452878405128507,19.92166751424549,5.945638780277305,67.8409198195438,0.2760468119643599,0.9998087882995605,-0.45349105275241114,-38.228537648310834,0.9909301789449517,True,True,0
29,6,100.0,5.0,0.25,20.0,300.0,0.02,32.80683507417066,44.346872504528065,62.66734453278084,11.73321989501718,19.59785527103949,5.92965758023704,67.65453970340225,0.27534133516013803,0.9998173117637634,-0.6580217072033044,-38.53050194347836,0.9868395658559339,True,True,0
30,6,100.0,5.0,0.25,20.0,300.0,0.02,32.93560645629577,44.37312847069231,62.36305537397411,11.951641847500483,17.207990793866774,5.923142535516011,67.6012678392174,0.275074091711977,0.9998319745063782,-0.745890704594543,-38.66762481352853,0.9850821859081091,True,True,0
31,6,100.0,5.0,0.25,20.0,300.0,0.02,33.02021008758523,44.39390757874551,62.057606439684044,12.218971241687585,19.360017119913724,5.921249260959359,67.62885123390882,0.2750215834925041,0.9998412132263184,-0.843826323159698,-38.84242355724201,0.9831234735368061,True,True,0
32,6,100.0,5.0,0.25,20.0,300.0,0.02,33.075434084226664,44.41593856829707,61.796379661654846,11.745281098930983,16.93524388083706,5.916148728570774,67.64406756736084,0.2748211703472516,0.999850332736969,-0.927881258945435,-38.96880939698667,0.9814423748210913,True,True,0
33,6,100.0,5.0,0.25,20.0,300.0,0.02,33.10882611256729,44.43910535539442,61.56474089678756,10.60845115305336,15.433063908027018,5.910003034324559,67.67681818377805,0.2745699869136697,0.9998596906661987,-1.0571852956263954,-39.1778733820991,0.9788562940874721,True,True,0
34,6,100.0,5.0,0.25,20.0,300.0,0.02,33.124812735499994,44.4668450530321,61.35401308220471,10.914338595173305,19.480065181533288,5.907515893354783,67.7658055319362,0.2744847739957345,0.9998676180839539,-1.3402176717324648,-39.583153630035326,0.9731956465653507,True,True,0
35,6,100.0,5.0,0.25,20.0,300.0,0.02,33.17767351462388,44.49727305151849,61.1048397307262,12.230278621365537,16.918070582842294,5.9054774003324075,67.90520974856831,0.27442286373006547,0.9998720288276672,-1.3349740147268663,-39.7536749326341,0.9733005197054627,True,True,0
36,6,100.0,5.0,0.25,20.0,300.0,0.02,33.141691637614144,44.519542394983475,60.89347091107932,11.164803695688276,15.631086750466636,5.905621756405878,68.12018641252885,0.274467511247258,0.9998741745948792,-1.2368786082433914,-39.92831472663683,0.9752624278351322,True,True,0
37,6,100.0,5.0,0.25,20.0,300.0,0.02,33.165512382969105,44.56496810295841,60.669321572272146,10.980047570907558,14.894067290188806,5.908581298020636,68.37394266592867,0.2746390524631312,0.9998735189437866,-1.19030961301296,-40.08461409200399,0.9761938077397408,True,True,0
38,6,100.0,5.0,0.25,20.0,300.0,0.02,33.16692219673189,44.59761957799737,60.44978533882638,10.49331891044107,16.378826160091574,5.9107886157012155,68.66697750981461,0.2747751942279511,0.9998686909675598,-1.1105879954920612,-40.27482358330857,0.9777882400901587,True,True,0
39,6,100.0,5.0,0.25,20.0,300.0,0.02,33.095203872432215,44.63190008873509,60.30634775887722,9.797978590721069,15.66293509695727,5.918001906280203,68.96179994351233,0.27514161712170565,0.999862551689148,-0.9756418246420042,-40.48960501602506,0.9804871635071599,True,True,0
40,6,100.0,5.0,0.25,20.0,300.0,0.02,33.17019011591408,44.68149538460019,60.10345279541451,9.974830852205928,13.931720273298863,5.9269381639116885,69.26776335066491,0.2755866279799474,0.999855637550354,-0.853474504341075,-40.64792733264352,0.9829305099131785,True,True,0
41,6,100.0,5.0,0.25,20.0,300.0,0.02,33.20863345959488,44.71765062860172,59.970586530817755,10.143010665704242,13.625943625172171,5.939202663177193,69.57752155721724,0.2761863926707309,0.9998471736907959,-0.7838836421705957,-40.70247593683092,0.9843223271565881,True,True,0
42,6,100.0,5.0,0.25,20.0,300.0,0.02,33.161614870027975,44.75812384796595,59.86650838069348,9.288049182237566,15.10330505709194,5.949762582200686,69.86157807782844,0.2767067737404435,0.9998471736907959,-0.7331496641434055,-40.79647541973954,0.9853370067171319,True,True,0
43,6,100.0,5.0,0.25,20.0,300.0,0.02,33.17959464726609,44.7995793712267,59.75107693993011,8.540908263737766,14.429344560650227,5.962017080362855,70.13014612232685,0.27730284894665264,0.9998487234115601,-0.6794818749572489,-40.87018926337484,0.986410362500855,True,True,0
44,6,100.0,5.0,0.25,20.0,300.0,0.02,33.119276729244376,44.83830545775298,59.630045725898896,8.427621178108359,13.779341846970691,5.975440111370616,70.38298841407233,0.2779507271985156,0.9998481273651123,-0.44523836701645303,-41.14278745075072,0.9910952326596709,True,True,0
45,6,100.0,5.0,0.25,20.0,300.0,0.02,33.11461057494217,44.88079195589412,59.68590451715181,8.313525280170728,14.873089567447249,5.989226189627706,70.62829631664815,0.2786144107864719,0.9998455047607422,-0.40745983099630595,-41.19667378068375,0.9918508033800739,True,True,0
46,6,100.0,5.0,0.25,20.0,300.0,0.02,33.04203967188494,44.92484724780899,59.83758815238387,8.410107970458638,13.511963075181544,6.004338581890751,70.8829790803701,0.279339529060965,0.9998480677604675,-0.3621885062701085,-41.25354637169387,0.9927562298745979,True,True,0
47,6,100.0,5.0,0.25,20.0,300.0,0.02,33.13290401423186,44.96141656560079,60.00037414169237,8.433315491921853,13.673844819547888,6.0166085905153315,71.10761825976842,0.2799319323513033,0.9998500943183899,-0.3318643815997921,-41.33792962705354,0.9933627123680041,True,True,0
48,6,100.0,5.0,0.25,20.0,300.0,0.02,33.13385690959796,45.005778511571634,60.11348677183713,7.716978064491751,13.208398948775988,6.029268680819354,71.32780043223272,0.2805409227856659,0.9998508095741272,-0.30399196546149687,-41.39925579105149,0.99392016069077,True,True,0
49,6,100.0,5.0,0.25,20.0,300.0,0.02,33.180888748977374,45.04076905952081,60.31322869612778,7.875992121877451,12.5336274984847,6.041503753755869,71.53565513601582,0.28112832059517895,0.9998471736907959,-0.18641882083976136,-41.466368968965384,0.9962716235832048,True,True,0
50,6,100.0,5.0,0.25,20.0,300.0,0.02,33.14944397910233,45.08288348956578,60.451279736416836,7.326959160877311,12.653275980559332,6.051416610791914,71.71968293009711,0.28160750276943863,0.9998477697372437,-0.1275226222491754,-41.482188650983744,0.9974495475550165,True,True,0
51,6,100.0,5.0,0.25,20.0,300.0,0.02,33.17047594319228,45.11708002118981,60.60757815324958,6.780408141570838,12.401932286276523,6.062301654290819,71.90211852415705,0.28213036124632135,0.9998451471328735,-0.09781975867608189,-41.42764634223687,0.9980436048264784,True,True,0
52,6,100.0,5.0,0.25,20.0,300.0,0.02,33.12523014780338,45.158086714051066,60.710562538672,6.275507993228238,11.854900169692572,6.073414902837838,72.07836322919918,0.28266215833191116,0.9998440146446228,-0.08140455363780615,-41.409056880138024,0.9983719089272439,True,True,0
53,6,100.0,5.0,0.25,20.0,300.0,0.02,33.13460361935791,45.189321304939604,60.8395807433113,6.484181730108467,11.705324806274147,6.0842998161057595,72.24491858021925,0.28318206053852557,0.999838650226593,-0.06838645478417825,-41.44708939763419,0.9986322709043164,True,True,0
54,6,100.0,5.0,0.25,20.0,300.0,0.02,33.086673939645216,45.2301794343547,60.927935171278705,5.9836841982374915,11.05628696864671,6.095232030439907,72.40527647924635,0.2837038135186099,0.999832034111023,-0.06065893056015708,-41.47464105574092,0.9987868213887968,True,True,0
55,6,100.0,5.0,0.25,20.0,300.0,0.02,33.0950175160871,45.25642390364071,61.048795654639804,5.6437327421059855,11.410788728337199,6.1055428622196,72.55741162211865,0.2841955011626792,0.9998292326927185,-0.02918717857922469,-41.53867030500143,0.9994162564284155,True,True,0
56,6,100.0,5.0,0.25,20.0,300.0,0.02,33.0459705787606,45.298661924736344,61.12332178590873,5.252564209273466,10.513070044815384,6.11541679098851,72.70021179304943,0.2846659448307336,0.9998300671577454,-0.0033002272522346904,-41.58862683879461,0.9999339954549553,True,True,0
57,6,100.0,5.0,0.25,20.0,300.0,0.02,33.155245018274826,45.320636068141745,61.22973592846426,5.7683132449970875,10.920604035464706,6.124905608782642,72.83780697273959,0.28511785846867244,0.9998273849487305,-0.005008979229931036,-41.61258707649219,0.9998998204154014,True,True,0
58,6,100.0,5.0,0.25,20.0,300.0,0.02,33.17931639270128,45.363972597249216,61.35880908567032,6.202652089075367,10.4305571965857,6.1341161169701,72.96951145599968,0.28555690318378263,0.9998222589492798,-0.006155475096950506,-41.629704159734935,0.9998768904980609,True,True,0
59,6,100.0,5.0,0.25,20.0,300.0,0.02,33.19651668656561,45.39070037007749,61.50721243240183,5.740282413192953,8.541125478181204,6.141429268065146,73.08589978695784,0.2859082549458154,0.9998158812522888,-0.007914527588238851,-41.7049240930595,0.9998417094482352,True,True,0
60,6,100.0,5.0,0.25,20.0,300.0,0.02,33.24716513873183,45.421872049862806,61.645102122260326,5.343378654019521,10.338049571687824,6.1490256576113955,73.19817251837802,0.28627158747636133,0.9998124241828918,-0.007935892538723658,-41.70547902062978,0.9998412821492255,True,True,0
61,6,100.0,5.0,0.25,20.0,300.0,0.02,33.2341775459446,45.45368409136147,61.79257443410678,5.738748161223438,9.87229336141874,6.156652603433995,73.30716446738464,0.28663577948343655,0.9998090267181396,-0.006336370990977141,-41.67660047125172,0.9998732725801804,True,True,0
62,6,100.0,5.0,0.25,20.0,300.0,0.02,33.26280177222596,45.48293484860288,61.95475549021152,5.231790355227466,9.791334648454004,6.16286326843119,73.40152332381972,0.28693448055975573,0.9998025894165039,-0.007702490859379375,-41.68901010601428,0.9998459501828124,True,True,0
63,6,100.0,5.0,0.25,20.0,300.0,0.02,33.235679060584246,45.51367920653308,62.05702979053874,4.845236196782518,9.440809585877615,6.16941664903307,73.49645308026015,0.28724813766158963,0.9997990131378174,-0.008030794412863005,-41.646083515748344,0.9998393841117428,True,True,0
64,6,100.0,5.0,0.25,20.0,300.0,0.02,33.252533447523234,45.53989587910529,62.18415312933391,4.557453986733571,9.437224949624664,6.1759858574643545,73.59004477683418,0.2875617119093731,0.9997907876968384,-0.005815743478222348,-41.64349102534455,0.9998836851304356,True,True,0
65,6,100.0,5.0,0.25,20.0,300.0,0.02,33.21789298929613,45.56986972117248,62.25980650291052,4.235809541245971,9.163309742127213,6.182506255901908,73.6810849748511,0.28787247837203384,0.9997860789299011,-0.006998865328374566,-41.62706068700939,0.9998600226934325,True,True,0
66,6,100.0,5.0,0.25,20.0,300.0,0.02,33.22786866298698,45.59523930163193,62.36632267438575,4.86866320243597,9.074475304580425,6.188856625927321,73.76953495337327,0.2881749338547846,0.9997768402099609,-0.00085539851803346,-41.51517479561088,0.9999828920296393,True,True,0
67,6,100.0,5.0,0.25,20.0,300.0,0.02,33.19443001098486,45.62650136004966,62.434925145956676,4.436664618134998,8.70727910850106,6.195152905543946,73.85622552814418,0.2884754187256006,0.9997652173042297,0.0019171667366074936,-41.49041633897846,1.0000383433347322,False,False,1
68,6,100.0,5.0,0.25,20.0,300.0,0.02,33.2075702503915,45.64851831563684,62.53972167272163,4.257340412020039,9.100145349582453,6.201434792135039,73.93800597822732,0.2887745357283838,0.9997493624687195,0.003339963358260164,-41.45271487947032,1.0000667992671652,False,False,1
69,6,100.0,5.0,0.25,20.0,300.0,0.02,33.28779148396255,45.68014335190966,62.59983030114348,4.905514302015586,8.453227981467043,6.207413917633924,74.01675275405245,0.28905946368307806,0.9997454881668091,0.0037323820702328536,-41.42457700736075,1.0000746476414046,False,False,1
70,6,100.0,5.0,0.25,20.0,300.0,0.02,33.36697792962726,45.698735154249675,62.69765836554317,4.565275539437834,8.665498805596688,6.213409768933771,74.09369170047124,0.289345562374662,0.9997284412384033,0.0021054954931663517,-41.47061445663485,1.0000421099098633,False,False,1
71,6,100.0,5.0,0.25,20.0,300.0,0.02,33.39107494765274,45.726016133002716,62.71463227502003,4.488532194831408,8.989447183243042,6.219166808229819,74.16788002608689,0.2896199276763316,0.999725878238678,0.0019048811090950546,-41.46032136503328,1.0000380976221819,False,False,1
72,6,100.0,5.0,0.25,20.0,300.0,0.02,33.42880063604205,45.74769882845117,62.88347378511967,5.0475451943052185,8.598517064622829,6.224768455494109,74.24031227972151,0.2898868172123319,0.999713122844696,0.002434091367884204,-41.44754180556461,1.0000486818273577,False,False,1
73,6,100.0,5.0,0.25,20.0,300.0,0.02,33.42795072473202,45.77312442956263,62.94117872376335,4.68061177195336,8.975083861149084,6.229237408071878,74.3044050600184,0.29010182179832417,0.9997102618217468,0.002982260085712738,-41.43988717065164,1.0000596452017143,False,False,1
74,6,100.0,5.0,0.25,20.0,300.0,0.02,33.449188283890514,45.79820684272894,63.139813451232314,5.0862181987915625,8.270415905634584,6.233914860411914,74.36910428679592,0.2903260692407429,0.9997036457061768,0.003638422483212639,-8153.7008291175825,162.07401658235165,False,False,1
75,6,100.0,5.0,0.25,20.0,300.0,0.02,33.436700712659764,45.82277150189802,63.247049008686474,4.7842752219054265,8.667333809512321,6.2378192940328665,74.42730534005625,0.29051485931811344,0.999697208404541,0.003567044975172469,-41.42449124061211,1.0000713408995034,False,False,1
76,6,100.0,5.0,0.25,20.0,300.0,0.02,33.44195144767074,45.84530679812209,63.33901186421955,4.3756558004459505,8.180401146855674,6.24200587404174,74.48672169803683,0.2907161098919558,0.9996906518936157,0.0031862744161241094,-41.42505862298242,1.0000637254883225,False,False,1
77,6,100.0,5.0,0.25,20.0,300.0,0.02,33.42982102901547,45.86719140249216,63.427157166577175,4.237871026091506,8.455084806726411,6.246354663824461,74.54584701751735,0.2909242311315449,0.9996827840805054,0.00335746714698628,-41.40923638563412,1.0000671493429398,False,False,1
78,6,100.0,5.0,0.25,20.0,300.0,0.02,33.424302365541564,45.890053837672774,63.4945948505536,3.9647717740495643,8.251628891366487,6.250711457770133,74.60409061692526,0.2911323563734546,0.9996769428253174,0.002185189932012224,-41.43909644765293,1.0000437037986403,False,False,1
79,6,100.0,5.0,0.25,20.0,300.0,0.02,33.4119295903324,45.91070984806865,63.563510403056796,3.7930033766807054,8.22935190800448,6.255044230280698,74.66125069483266,0.2913390088717807,0.9996672868728638,0.0019892364151887863,-41.43062760592002,1.0000397847283038,False,False,1
80,6,100.0,5.0,0.25,20.0,300.0,0.02,33.412904870643025,45.934456524773104,63.61128161990114,4.576462697192896,8.09351590856648,6.2593226223145235,74.71668394847156,0.29154297591297496,0.9996616840362549,-5.1737859903459056e-05,-41.44893223120043,0.999998965242802,True,True,0
81,6,100.0,5.0,0.25,20.0,300.0,0.02,33.48412335787988,45.95933487669797,63.67726096202001,5.0500407465353225,7.888938615768635,6.263651159944905,74.7712457417351,0.29175011474988977,0.9996616244316101,0.00045443497865977847,-41.42261611977586,1.0000090886995732,False,False,1
82,6,100.0,5.0,0.25,20.0,300.0,0.02,33.436983349186605,45.982876181582164,63.727776381754495,4.677813736291363,8.110313157318116,6.267952504487193,74.82641507968405,0.2919567284317657,0.9996965527534485,-0.001468564384206764,-41.44497361949606,0.9999706287123159,True,True,0
83,6,100.0,5.0,0.25,20.0,300.0,0.02,33.395996172326356,46.00707842631002,63.80069290798452,4.426104874071946,8.056230492452238,6.2721688207079405,74.88088416199801,0.29215876849151584,0.9997105598449707,-0.0019506183206160364,-41.441474512942605,0.9999609876335877,True,True,0
84,6,100.0,5.0,0.25,20.0,300.0,0.02,33.37797177435431,46.029722030560194,63.85120960185341,4.128036932069879,7.99427911430426,6.2762629174526525,74.93491197717066,0.2923546513732612,0.9997364282608032,-0.003098195149998519,-41.47243028387642,0.999938036097,True,True,0
85,6,100.0,5.0,0.25,20.0,300.0,0.02,33.356248077299426,46.05253840081816,63.91663246052992,3.946647748459881,7.994572426114788,6.280255357403823,74.98778117639537,0.2925453928296298,0.9997462034225464,-0.0009585904517541093,-41.40861653201806,0.9999808281909649,True,True,0
86,6,100.0,5.0,0.25,20.0,300.0,0.02,33.35076602730649,46.07435972968791,63.96003612413522,3.7269274251836726,7.881728921144754,6.284131128314403,75.03974447064924,0.29273038672626656,0.9997642636299133,0.0016635526121678327,-41.32604740165587,1.0000332710522433,False,False,1
87,6,100.0,5.0,0.25,20.0,300.0,0.02,33.33754743465467,46.09602663276887,64.01623305294497,3.5950051846862876,7.87568193836941,6.287978385955298,75.08953186966423,0.29291374820553323,0.9997720122337341,0.004251119512343464,-41.30068888989847,1.0000850223902469,False,False,1
88,6,100.0,5.0,0.25,20.0,300.0,0.02,33.33847317458392,46.119072379490234,64.12150214839048,4.363637032010601,7.757620794459108,6.291803451510958,75.13703204343227,0.2930959356551431,0.9997844099998474,-0.0019150803526587247,-41.395947065119714,0.9999616983929468,True,True,0
89,6,100.0,5.0,0.25,20.0,300.0,0.02,33.44198814741178,46.1430535608178,64.28913744428506,4.914551278771655,7.894358711463889,6.295136405561016,75.17812093061261,0.2932562422094721,0.9997899532318115,-0.0036372044183490926,-41.44884411698047,0.999927255911633,True,True,0
90,6,100.0,5.0,0.25,20.0,300.0,0.02,33.497890617619426,46.16809856853755,64.40516567155935,4.422304154102416,7.676959157610824,6.298203158952097,75.21477691271944,0.29340478864483116,0.9997996091842651,-0.00535537071101013,-41.481379811113285,0.9998928925857798,True,True,0
91,6,100.0,5.0,0.25,20.0,300.0,0.02,33.54067575785204,46.19002056986819,64.51232397420131,4.138403173577623,7.706001006950919,6.301517987493502,75.25294415265758,0.2935640781562989,0.9998039603233337,-0.0031981675083656946,-41.435457219294534,0.9999360366498327,True,True,0
92,6,100.0,5.0,0.25,20.0,300.0,0.02,33.55911809296272,46.21330266740779,64.58028416207563,3.8737565726389716,7.633982849347103,6.304772910045549,75.2930103547793,0.29372007252131055,0.9998122453689575,-0.0012006427470843545,-41.396425539334025,0.9999759871450583,True,True,0
93,6,100.0,5.0,0.25,20.0,300.0,0.02,33.57852955748066,46.234188728259944,64.65941531336131,3.682231897881463,7.597931468952928,6.308066112070932,75.33256585635321,0.293877490103346,0.9998157024383545,0.000987199202904029,-41.352232275682724,1.0000197439840581,False,False,1
94,6,100.0,5.0,0.25,20.0,300.0,0.02,33.54742275103935,46.25891550527194,64.70164322200347,3.9812413942738534,10.43245354787906,6.311296905487127,75.37174852010207,0.294031819140812,0.9998217225074768,0.002936543965708853,-41.303259461016765,1.000058730879314,False,False,1
95,6,100.0,5.0,0.25,20.0,300.0,0.02,33.46450087887188,46.28439482057083,64.77055653413454,4.6343243782554415,10.547299343562107,6.314597372395392,75.40968678991524,0.29419048272014114,0.999833345413208,0.0034144328076640812,-41.2927431625704,1.0000682886561534,False,False,1
96,6,100.0,5.0,0.25,20.0,300.0,0.02,33.43545180795202,46.31146261930123,64.81394867740686,5.392437917052768,8.762533994900378,6.317897790418594,75.44712187002659,0.29435015885502364,0.9998362064361572,0.003747377545777288,-41.28484696882765,1.0000749475509156,False,False,1
97,6,100.0,5.0,0.25,20.0,300.0,0.02,33.42999424825787,46.34013577440787,64.89239975300949,5.639024495727205,8.574839332339911,6.321260347427888,75.48334553524914,0.294513296482797,0.9998459815979004,0.0026217201755918246,-41.3211989695434,1.0000524344035118,False,False,1
98,6,100.0,5.0,0.25,20.0,300.0,0.02,33.3928541674974,46.36647887496181,64.95079616012342,5.221213015795249,8.233328235318812,6.324627930434298,75.51855061307704,0.2946769146148735,0.9998518824577332,0.0020053432251658063,-41.32902820937124,1.0000401068645033,False,False,1
99,6,100.0,5.0,0.25,20.0,300.0,0.02,33.362953264837856,46.392973236657774,65.03675852769261,4.840344379926012,8.126716098444446,6.32783832421789,75.55401686167626,0.29483238336691764,0.9998565912246704,0.001885703529562809,-41.31991724783864,1.0000377140705912,False,False,1
100,6,100.0,5.0,0.25,20.0,300.0,0.02,33.35222185767566,46.41755634244926,65.09695210895987,4.507677513072749,7.822918003958099,6.330935231982187,75.58920309688288,0.29498194414742274,0.999858021736145,0.0014037335311735085,-41.32366324568754,1.0000280746706234,False,False,1
101,6,100.0,5.0,0.25,20.0,300.0,0.02,33.338399710640395,46.442021311504504,65.1736210657268,4.23364558971487,7.8028738714296155,6.333931563891954,75.62388935158529,0.2951262878703103,0.9998597502708435,0.00010675082982455299,-41.33989138205719,1.0000021350165964,False,False,1
102,6,100.0,5.0,0.25,20.0,300.0,0.02,33.33722753188568,46.46530101311183,65.22571371156965,3.9813197982521715,7.568611892373962,6.336820333144596,75.65834402487528,0.2952651993874126,0.9998591542243958,0.0004090257438161827,-41.33180663005848,1.0000081805148764,False,False,1
103,6,100.0,5.0,0.25,20.0,300.0,0.02,33.32916819556025,46.488241321015764,65.2905148361168,3.782129205441294,7.555822919652276,6.339647702897309,75.6919873035962,0.2954008658464991,0.9998589754104614,-0.0005782085247379543,-41.337097092658155,0.9999884358295053,True,True,0
104,6,100.0,5.0,0.25,20.0,300.0,0.02,33.33596729422288,46.51312440645789,65.40425862395374,4.516522411666695,7.56639345951468,6.342381868506513,75.72520424695247,0.29553198893770266,0.9998573064804077,0.0014392579741290049,-41.27299848557746,1.0000287851594827,False,False,1
105,6,100.0,5.0,0.25,20.0,300.0,0.02,33.43939856345089,46.539524538060725,65.58043031172049,5.017808788119076,7.4874307226822685,6.344725138799945,75.75549087531462,0.2956459611834057,0.999853253364563,0.003298008935157736,-41.212484423737806,1.0000659601787032,False,False,1
106,6,100.0,5.0,0.25,20.0,300.0,0.02,33.48150956739336,46.56650921253233,65.703372522096,4.51172820269545,7.322756268371866,6.346863525370646,75.78384151948033,0.2957508834990373,0.9998510479927063,0.0036660127696693467,-41.192842669437056,1.0000733202553933,False,False,1
107,6,100.0,5.0,0.25,20.0,300.0,0.02,33.47745929332793,46.59051020447503,65.81488204565707,4.191483005553912,7.335561911072573,6.349185482774394,75.81305043369996,0.2958635233406764,0.9998446702957153,0.004905049599624319,-41.15364361189924,1.0000981009919925,False,False,1
108,6,100.0,5.0,0.25,20.0,300.0,0.02,33.47053904830388,46.615450897917725,65.88799228758727,3.903647109842621,7.251045092859344,6.3515659945329705,75.84206123460679,0.2959783320634351,0.9998420476913452,0.0045461125246501885,-41.15276156434843,1.000090922250493,False,False,1
109,6,100.0,5.0,0.25,20.0,300.0,0.02,33.46585154255584,46.63810392353822,65.96858777853274,3.6887982966638257,7.215304318614005,6.3539340483129445,75.87111074065938,0.2960921786200617,0.9998363256454468,0.0041322783549509415,-41.14816323872168,1.000082645567099,False,False,1
110,6,100.0,5.0,0.25,20.0,300.0,0.02,33.458386617659635,46.66135288753766,66.01457012840272,3.488151618779258,7.135715469668933,6.356296771460115,75.89937656943692,0.29620544511455627,0.9998327493667603,0.004631696072351439,-41.12516865101255,1.000092633921447,False,False,1
111,6,100.0,5.0,0.25,20.0,300.0,0.02,33.45243725782778,46.68627502838847,66.07730372258662,4.019413121327592,8.443248178868217,6.3586103425160685,75.92740026283833,0.2963162059137374,0.9998271465301514,0.0028073976916685598,-41.164601967222524,1.0000561479538335,False,False,1
112,6,100.0,5.0,0.25,20.0,300.0,0.02,33.42099947511761,46.717981190070184,66.11292587404982,5.16811398344807,10.202931175976637,6.360974391484611,75.95371857191378,0.29643045398593887,0.9998237490653992,0.0023775391509276104,-41.16325414472209,1.0000475507830187,False,False,1
113,6,100.0,5.0,0.25,20.0,300.0,0.02,33.36429472571693,46.751953797999356,66.18899948712563,5.592629892444781,9.958937530505652,6.363288769051271,75.9799874417908,0.29654439003227073,0.9998196959495544,0.0004623410795308331,-41.191168369628244,1.0000092468215906,False,False,1
114,6,100.0,5.0,0.25,20.0,300.0,0.02,33.339491939390186,46.78288860094339,66.24391828552511,5.182275737863583,8.43050796648009,6.365517067587794,76.00722651825194,0.29665447779896187,0.9998078942298889,-0.0018254857365502916,-41.2383062580322,0.999963490285269,True,True,0
115,6,100.0,5.0,0.25,20.0,300.0,0.02,33.3210686254196,46.8131138303172,66.32827062592244,4.739932575200542,8.453826514748101,6.3677391567679225,76.0340298095923,0.2967633021957437,0.9998015761375427,-0.0010279365967751407,-41.20327092123934,0.9999794412680645,True,True,0
116,6,100.0,5.0,0.25,20.0,300.0,0.02,33.318213473934684,46.84113170721388,66.38569202238622,4.423512468250835,7.709141288456039,6.369878811969476,76.06085054867779,0.29686758906047006,0.9997886419296265,-0.001534035337353639,-41.212698542598396,0.999969319293253,True,True,0
117,6,100.0,5.0,0.25,20.0,300.0,0.02,33.31225008581218,46.868420843262086,66.46129880906271,4.118125326640365,7.705075452393071,6.371991787356787,76.08670973411324,0.29697006225786327,0.999779462814331,-0.0019025498227669964,-41.21786376417907,0.9999619490035446,True,True,0
118,6,100.0,5.0,0.25,20.0,300.0,0.02,33.31590336397268,46.894334226443775,66.51091649199158,3.8765195484981074,7.308318019372079,6.374020955817204,76.1123578726457,0.2970681887882336,0.9997661709785461,-2.91559761899503e-06,-41.17773893040379,0.9999999416880476,True,True,0
119,6,100.0,5.0,0.25,20.0,300.0,0.02,33.31321918417265,46.91949600767558,66.57454943661529,3.66195974220879,7.2876161404676125,6.376023901025427,76.13706428046495,0.2971647107240105,0.9997554421424866,0.0019659202160050623,-41.13554588939374,1.0000393184043201,False,False,1
120,6,100.0,5.0,0.25,20.0,300.0,0.02,33.32282177904607,46.94714697004425,66.68743505575561,4.400042421906268,7.392083537226069,6.378008732953246,76.16070753469963,0.2972601101489436,0.9997418522834778,-0.0015296799073009613,-41.20152105975521,0.9999694064018539,True,True,0
121,6,100.0,5.0,0.25,20.0,300.0,0.02,33.34849625945336,46.97666297807309,66.8642689750137,4.887931493139107,7.1330122273028165,6.379782783271284,76.18132008605504,0.29734666549777783,0.999724805355072,-0.009016601897959706,-41.35989041849877,0.9998196679620408,True,True,0
122,6,100.0,5.0,0.25,20.0,300.0,0.02,33.338382686646526,47.00616591185685,66.9850081436148,4.392583564711949,7.01015157736222,6.381569356110141,76.1987347852554,0.29743434343319824,0.9997111558914185,-0.005771819916942855,-41.28585977627267,0.9998845636016611,True,True,0
123,6,100.0,5.0,0.25,20.0,300.0,0.02,33.33290961828258,47.032795157752716,67.09353558909558,4.061233621024783,7.0159804248379425,6.383490764072328,76.21683721933472,0.2975274990696795,0.9996899366378784,-0.008940933072926224,-41.34836845589769,0.9998211813385415,True,True,0
124,6,100.0,5.0,0.25,20.0,300.0,0.02,33.325701152584244,47.05983423226837,67.16356283875628,3.77351424246369,6.926017227147673,6.385320180877091,76.23629499123649,0.29761583879478903,0.9996756315231323,-0.006072210481105796,-41.281292377404995,0.9998785557903779,True,True,0
125,6,100.0,5.0,0.25,20.0,300.0,0.02,33.320857689995144,47.08462437702117,67.23944534632544,3.5608792605098394,6.889346249466295,6.387095154728391,76.25615479295058,0.29770128179140815,0.9996580481529236,-0.005764237270847411,-41.268793702509015,0.999884715254583,True,True,0
126,6,100.0,5.0,0.25,20.0,300.0,0.02,33.314766867906116,47.109675166845655,67.28247325802926,3.3638403549860727,6.805819491717432,6.38877169040936,76.27638206641653,0.29778183660654023,0.99964839220047,-0.0017591832970197826,-41.18253878628117,0.9999648163340596,True,True,0
127,6,100.0,5.0,0.25,20.0,300.0,0.02,33.309827181026996,47.133033767891774,67.3400187071411,3.2271884739238423,6.764235906450501,6.390453012666553,76.29576170269684,0.2978623869232123,0.9996346831321716,-0.0005380696317122013,-41.166340211497584,0.9999892386073658,True,True,0
128,6,100.0,5.0,0.25,20.0,300.0,0.02,33.30713738948997,47.16050778989755,67.36693397940614,3.997526896339427,6.980212539552554,6.392070583528698,76.31488679463197,0.29793976780118603,0.9996237754821777,0.001991900854331642,-41.12144862119253,1.0000398380170867,False,False,1
129,6,100.0,5.0,0.25,20.0,300.0,0.02,33.40421442643583,47.1904040630483,67.42002816607653,4.406706577520434,7.068257284363646,6.393612772095059,76.33276207261062,0.29801457345419524,0.9996103644371033,0.0013050554769295274,-41.11153021910836,1.0000261011095386,False,False,1
130,6,100.0,5.0,0.25,20.0,300.0,0.02,33.35207177245965,47.21923172571871,67.45211569271561,4.0201924132905775,7.156078107327048,6.395164368054288,76.34960589184661,0.29809046363470176,0.9995971322059631,0.001761312890012506,-41.08730114582039,1.0000352262578003,False,False,1
131,6,100.0,5.0,0.25,20.0,300.0,0.02,33.31050155616118,47.2470213331332,67.5110378829344,3.815237814666269,6.696185496451568,6.3967325836856315,76.36746493048172,0.2981665345083806,0.9995833039283752,0.0020883691051458613,-41.05661696014003,1.000041767382103,False,False,1
132,6,100.0,5.0,0.25,20.0,300.0,0.02,33.28538125163609,47.27790005749055,67.54228237908443,3.9881538763434,9.320210733397063,6.398278686393266,76.38537324867171,0.29824116880642926,0.9995662569999695,-3.0017756185107435e-05,-41.093055160714904,0.9999993996448763,True,True,0
133,6,100.0,5.0,0.25,20.0,300.0,0.02,33.262619507990955,47.307338213494724,67.60133096704644,4.086738434802732,6.69748414407827,6.399813940363287,76.4003341912643,0.2983159684187064,0.9995535612106323,-0.0010564777385723067,-41.09896430756548,0.9999788704452286,True,True,0
134,6,100.0,5.0,0.25,20.0,300.0,0.02,33.25079299588381,47.33917734884798,67.63498165074849,4.498068842706392,7.722330912414647,6.401386761357072,76.41477440350143,0.29839198343564355,0.9995189905166626,-0.0032239872369396304,-41.17171028632997,0.9999355202552612,True,True,0
135,6,100.0,5.0,0.25,20.0,300.0,0.02,33.24478650352302,47.369988305923236,67.69547796656464,3.974644563867466,8.446560306716906,6.402832664547392,76.427199966967,0.2984627583007343,0.9995101690292358,-0.004210080865323183,-41.17705552765045,0.9999157983826935,True,True,0
136,6,100.0,5.0,0.25,20.0,300.0,0.02,33.24947155144049,47.398665872939006,67.73443452997927,3.840034602961474,7.128837861851011,6.404331336284685,76.4394574895306,0.298535422355939,0.9994736313819885,-0.005317127453805882,-41.21500134874205,0.9998936574509238,True,True,0
137,6,100.0,5.0,0.25,20.0,300.0,0.02,33.2514088161649,47.42653293227318,67.78973596968775,3.5383083181793307,7.344086838616296,6.4057334783537945,76.45253154364399,0.2986031617785863,0.999454915523529,-0.005285983942925812,-41.20139130641521,0.9998942803211415,True,True,0
138,6,100.0,5.0,0.25,20.0,300.0,0.02,33.25879903379586,47.453015686690165,67.82423486069351,3.4043576658554966,6.7850014903979075,6.407055516074467,76.46586607799874,0.29866685639465096,0.9994362592697144,-0.006452799721480511,-41.2196716905168,0.9998709440055704,True,True,0
139,6,100.0,5.0,0.25,20.0,300.0,0.02,33.2609802258016,47.478726051705856,67.8706310140035,3.2212949991033013,6.839531093170509,6.408293184165884,76.47934541297319,0.298726358515015,0.9994350075721741,-0.00573727117881513,-41.18318390304136,0.9998852545764237,True,True,0
140,6,100.0,5.0,0.25,20.0,300.0,0.02,33.26493922458553,47.50356620338391,67.8979734532331,3.105434629974642,6.573828574649086,6.409465405285555,76.49265726306402,0.2987826091426838,0.999420166015625,-0.005912615617549714,-41.183304795282396,0.999881747687649,True,True,0
141,6,100.0,5.0,0.25,20.0,300.0,0.02,33.25336234764985,47.53173368827247,68.01153711134941,3.7699906144114492,6.896064255473707,6.410562476280219,76.5059116493555,0.2988352002805791,0.9994124174118042,-0.002919558871915061,-41.08834701964902,0.9999416088225617,True,True,0
142,6,100.0,5.0,0.25,20.0,300.0,0.02,33.24102995818676,47.55915342720491,68.08596064511069,3.609980891975196,6.453778654000693,6.411429430617348,76.51849018239108,0.2988779252038553,0.9993977546691895,-0.002482064253628558,-41.087372225014946,0.9999503587149274,True,True,0
143,6,100.0,5.0,0.25,20.0,300.0,0.02,33.23354428850699,47.58858658540762,68.22959618181035,4.208335050296398,6.503012477799479,6.412468266182824,76.52982019688501,0.29892823521635187,0.9993599057197571,-9.30625188300515e-05,-41.01446040612633,0.9999981387496234,True,True,0
144,6,100.0,5.0,0.25,20.0,300.0,0.02,33.22585885190593,47.6184634920005,68.32757202163629,3.7969134322819262,6.471663548101249,6.413279301968039,76.54114325841381,0.29896846192991017,0.9993581175804138,0.0007711635815939633,-40.98740707563944,1.0000154232716318,False,False,1
145,6,100.0,5.0,0.25,20.0,300.0,0.02,33.22253506453075,47.64536119965206,68.41350466581228,3.5389155560985053,6.4474758609568505,6.414210911894805,76.55162395948184,0.29901381133075394,0.9993137121200562,0.0007216235135368864,-40.98378660694784,1.0000144324702707,False,False,1
146,6,100.0,5.0,0.25,20.0,300.0,0.02,33.21745932180336,47.672720506135356,68.46794208127258,3.3095723102804904,6.410729286432252,6.415103349051671,76.56207594811733,0.2990569900394572,0.9993072152137756,0.0006047376806615772,-40.984398609759154,1.0000120947536133,False,False,1
147,6,100.0,5.0,0.25,20.0,300.0,0.02,33.21552585234891,47.697938356490106,68.5266780229866,3.166818606441039,6.382199044217547,6.4159700831200235,76.57212214868483,0.2990987651499532,0.9992707371711731,0.00016986199823600868,-40.99013451680295,1.0000033972399647,False,False,1
148,6,100.0,5.0,0.25,20.0,300.0,0.02,33.21150133710811,47.72341427473162,68.55843273514414,3.0124572487646835,6.33247228918117,6.416794520948957,76.5817165723318,0.29913838125067366,0.9992589950561523,-0.00017015958660695878,-40.99359634263873,0.9999965968082679,True,True,0
149,6,100.0,5.0,0.25,20.0,300.0,0.02,33.2096357316851,47.74732633870787,68.6022069581812,2.9345019761663114,6.309101182063214,6.417581744932489,76.59091995295387,0.2991761377732379,0.9992268085479736,-0.0014354846367291049,-41.008387376800044,0.9999712903072654,True,True,0
150,6,100.0,5.0,0.25,20.0,300.0,0.02,33.206564833190946,47.771428891303195,68.62094222642341,2.8295270958051195,6.265860341524432,6.4183256457208815,76.59965673147798,0.2992117503777165,0.9992106556892395,-0.0020110666068389026,-41.017388521249956,0.9999597786678632,True,True,0
151,6,100.0,5.0,0.25,20.0,300.0,0.02,33.2046008124502,47.794342334825345,68.65548241561538,2.7876086100309903,6.246982552234131,6.419022867680301,76.60812512186426,0.29924509780019415,0.9991825222969055,-0.00442341165555805,-41.05413743240629,0.9999115317668889,True,True,0
152,6,100.0,5.0,0.25,20.0,300.0,0.02,33.202211910631505,47.81744587960113,68.66601209767967,2.718543615476472,6.213875343536264,6.41969003465482,76.61597282926635,0.2992769548846125,0.9991609454154968,-0.0054240847469967796,-41.06899483416273,0.9998915183050601,True,True,0
153,6,100.0,5.0,0.25,20.0,300.0,0.02,33.20029799127826,47.84401917844719,68.69430957468677,3.192070087954505,7.938014953447027,6.420317939705859,76.62344659579044,0.29930693564443484,0.9991352558135986,-0.004750234097493645,-41.052443704377104,0.9999049953180501,True,True,0
154,6,100.0,5.0,0.25,20.0,300.0,0.02,33.206481374749295,47.87011916785926,68.7054878509117,3.3501242809840712,6.2410179254209455,6.420780051728241,76.63002528650357,0.2993299292241553,0.9991104602813721,-0.006431201384819381,-41.07919370789006,0.9998713759723036,True,True,0
155,6,100.0,5.0,0.25,20.0,300.0,0.02,33.262772443114876,47.89989454422266,68.74031447776701,3.821936193772134,6.322275005320618,6.421371066174271,76.63553701407007,0.29935863424793885,0.9990828037261963,0.0008894413880763272,-40.92015424615232,1.0000177888277615,False,False,1
156,6,100.0,5.0,0.25,20.0,300.0,0.02,33.248909102807104,47.92809481226163,68.75739958080018,3.429858154723617,6.94202143726022,6.421596852446515,76.64361862768604,0.299370943932463,0.9990499019622803,0.002999380330274691,-40.86466992390401,1.0000599876066054,False,False,1
157,6,100.0,5.0,0.25,20.0,300.0,0.02,33.2324271224942,47.95559138523035,68.79981989651414,3.3548396336024844,6.179746197763338,6.4219788915607525,76.65062899370619,0.2993901056553962,0.9990226030349731,0.005285075810555924,-40.80377604203551,1.0001057015162111,False,False,1
158,6,100.0,5.0,0.25,20.0,300.0,0.02,33.22193798611533,47.98199121192055,68.81834797305183,3.1016700526559924,6.154169406322706,6.422491839624915,76.65576559313291,0.2994150982247337,0.9990244507789612,0.0067705760593432945,-40.77248919228316,1.000135411521187,False,False,1
159,6,100.0,5.0,0.25,20.0,300.0,0.02,33.20999269030636,48.007529143060886,68.85651131015031,3.0555655700305784,6.168093878123409,6.422973006896111,76.6605638875278,0.29943840233363045,0.999017596244812,0.007585453623303637,-40.75104619612245,1.000151709072466,False,False,1
160,6,100.0,5.0,0.25,20.0,300.0,0.02,33.203305084034064,48.032514120933826,68.87077403680874,2.901855635144957,6.131176929944583,6.423403001544997,76.66501014552821,0.299459177611872,0.9990231990814209,0.0060191247244413305,-40.77052625714363,1.0001203824944889,False,False,1
161,6,100.0,5.0,0.25,20.0,300.0,0.02,33.195153418552195,48.056649424388326,68.9032513769906,2.870421913941401,6.142053084528292,6.42378916034152,76.66901987750764,0.2994777874699552,0.9990169405937195,0.006176499127756579,-40.76629994608614,1.000123529982555,False,False,1
162,6,100.0,5.0,0.25,20.0,300.0,0.02,33.19123605365343,48.08052936513259,68.91242132058562,2.7764421155402164,6.104759227268287,6.424106738665021,76.67281052378195,0.29949310526435874,0.9990121722221375,0.004290323986153168,-40.80569841339287,1.0000858064797231,False,False,1
163,6,100.0,5.0,0.25,20.0,300.0,0.02,33.18582565882964,48.1036294040831,68.93972177256154,2.757804960152882,6.110056358248624,6.424398118993027,76.67594662752153,0.29950712059003054,0.9990049004554749,0.0014209899255518729,-40.85844050329791,1.000028419798511,False,False,1
164,6,100.0,5.0,0.25,20.0,300.0,0.02,33.18378114294876,48.12490303072209,68.94434576210723,2.702060430884583,6.078069586753481,6.424642174875641,76.67862017656272,0.2995188610757804,0.9989941716194153,0.0003591864117522453,-40.8720993667104,1.000007183728235,False,False,1
165,6,100.0,5.0,0.25,20.0,300.0,0.02,33.180376531974495,48.120987115827376,68.89627884727896,4.285168656358523,6.4723030481199055,6.424875527811996,76.68050529251856,0.2995300416454793,0.9989853501319885,0.0012482401081990422,-40.85460409431764,1.000024964802164,False,False,1
166,6,100.0,5.0,0.25,20.0,300.0,0.02,33.17900793684298,48.14023372035499,68.92962871904325,5.593626251139068,7.368557698532355,6.425072311468817,76.6817425201246,0.29953898915411403,0.9989707469940186,-0.0014035408191270696,-40.91857938434528,0.9999719291836174,True,True,0
167,6,100.0,5.0,0.25,20.0,300.0,0.02,33.176880089188835,48.173733804004705,68.99692071944318,3.726715249672507,6.767939217625183,6.425169197501537,76.68257184649511,0.29954389647079577,0.9989368915557861,-0.0021766138104057837,-40.922607391346546,0.9999564677237919,True,True,0
168,6,100.0,5.0,0.25,20.0,300.0,0.02,33.17678837500371,48.190804946571326,68.986170843168,2.462244496037696,5.592841886539198,6.425329072609063,76.68274007165375,0.2995520322272755,0.9989025592803955,-0.0020011143150865385,-40.91794299457675,0.9999599777136983,True,True,0
169,6,100.0,5.0,0.25,20.0,300.0,0.02,33.1759610807958,48.177189052269725,69.00389184932997,4.283722994095555,5.8867250146117005,6.42542385479383,76.68348099309914,0.2995565092138256,0.9989035129547119,-0.002981374071387894,-40.94102739494234,0.9999403725185723,True,True,0
170,6,100.0,5.0,0.25,20.0,300.0,0.02,33.17598394065651,48.1554020747941,68.98034241980646,6.950432426689971,7.19982724839753,6.425456717365281,76.68424555446308,0.2995575321265536,0.9989254474639893,-0.0028504847615531087,-40.94274936933078,0.999942990304769,True,True,0
171,6,100.0,5.0,0.25,20.0,300.0,0.02,33.175560840085325,48.160608382711594,68.98943573889916,7.847171981467724,8.035254977059706,6.425434725761946,76.68525371332059,0.2995558873423418,0.9989458918571472,-0.0026466500404378306,-40.941361104238084,0.9999470669991912,True,True,0
0,5,100.0,5.0,0.25,20.0,300.0,0.02,12.128492823596495,40.18948182276084,56.06165240538061,167.03323780091372,315.0390745870864,10.509429321297207,75.89121364157562,0.5676387229313925,1.0,9.99866635607922,-28.583775884684012,1.1999733271215844,False,False,2
1,5,100.0,5.0,0.25,20.0,300.0,0.02,15.729037276608462,42.928237265160654,57.72298394033187,150.82384154355037,255.4191083415653,9.739511988425507,74.12201330971605,0.529823941756487,1.0,6.705932131697848,-29.16640857268599,1.134118642633957,False,False,2
2,5,100.0,5.0,0.25,20.0,300.0,0.02,18.69960570496069,43.699851813065486,57.54071017546983,123.83686405944552,167.95557687750284,9.115987748214936,71.832418725205,0.4987100557463209,1.0,4.64248115456796,-29.36731425502867,1.0928496230913591,False,False,1
3,5,100.0,5.0,0.25,20.0,300.0,0.02,21.31030614420598,44.121155137075284,55.95471898953691,104.15726271788574,117.93535342394694,8.574624192801084,70.06737150486876,0.47044677697197096,1.0,3.2420573600489164,-32.00595843506641,1.0648411472009784,False,False,1
4,5,100.0,5.0,0.25,20.0,300.0,0.02,24.142419143175502,44.51492742117661,57.58073838366113,99.93458182368093,139.79350748073068,8.115368885761066,68.03836587391905,0.4461730602344297,1.0,2.1739438059008154,-34.52801270656902,1.0434788761180163,False,False,1
5,5,100.0,5.0,0.25,20.0,300.0,0.02,27.195938346318485,44.88690561591428,59.74443415029425,93.56635899270984,133.0935716049416,7.709874353397069,65.4516506222041,0.4249245468746819,1.0,1.3151896268230436,-34.91250348304257,1.0263037925364609,False,False,1
6,5,100.0,5.0,0.25,20.0,300.0,0.02,30.071962046455468,45.28322910253412,61.611834050999434,86.47417251198911,128.68107688225638,7.347878291052337,63.263860750774995,0.4060529829671656,1.0,0.40974647836893746,-35.56033740655249,1.0081949295673787,False,False,1
7,5,100.0,5.0,0.25,20.0,300.0,0.02,32.71333874273613,45.63020464225551,63.02761666253802,71.49054612712786,110.18968598877952,7.052463394044028,61.50549942319649,0.39072760920251387,0.9999999403953552,-0.11038963810541894,-35.46614585118201,0.9977922072378916,True,True,0
8,5,100.0,5.0,0.25,20.0,300.0,0.02,34.8082371711331,45.88519616697355,63.87557262122488,51.04114463454579,77.90460588079723,6.847295319988062,60.308451709560494,0.38007614797355577,0.9999998807907104,-0.4923840620790612,-36.54392811390506,0.9901523187584188,True,True,0
9,5,100.0,5.0,0.25,20.0,300.0,0.02,36.35569922428519,46.059309805387,64.28348981153722,33.140573123900126,49.603182571919085,6.734520104584542,59.78700633917426,0.3742226886443997,0.9999997019767761,-0.8441216747705701,-37.748279305461615,0.9831175665045886,True,True,0
10,5,100.0,5.0,0.25,20.0,300.0,0.02,37.511126051043995,46.16831837144517,64.35986709691196,22.97114878120251,37.32955347276114,6.685162322638207,59.82862355165932,0.37168693355904836,0.9999995231628418,-1.0843763505985582,-37.804962454531704,0.9783124729880288,True,True,0
11,5,100.0,5.0,0.25,20.0,300.0,0.02,36.979735631283894,46.27142322461845,64.29280607536204,19.45734876436517,34.23753919590418,6.678897978445955,59.839540263884885,0.37145811221528446,0.9999994039535522,-1.25994977027546,-37.91870046305486,0.9748010045944908,True,True,0
12,5,100.0,5.0,0.25,20.0,300.0,0.02,36.03920342956575,46.35707600647362,64.22343490991855,15.151123869397376,28.883234943870175,6.6884388680010165,59.85492256934049,0.3720764701055763,0.9999992847442627,-1.3903200143015757,-38.13392562247753,0.9721935997139685,True,True,0
13,5,100.0,5.0,0.25,20.0,300.0,0.02,35.31614870702324,46.43033264865987,64.129413907192,11.732185484006944,20.018488746845694,6.702079334050973,59.86617239786163,0.3728963896744467,0.9999991059303284,-1.500203546440416,-38.272766618494906,0.9699959290711917,True,True,0
14,5,100.0,5.0,0.25,20.0,300.0,0.02,34.80637368232275,46.48135184058111,64.02513017598898,8.425508896121283,13.98870669123888,6.717390811968269,59.873757465899594,0.37379052690962944,0.9999990463256836,-1.5942830173399374,-38.519728119094516,0.9681143396532013,True,True,0
15,5,100.0,5.0,0.25,20.0,300.0,0.02,34.26500309219041,46.534720010084456,63.927325231346174,7.940452350420168,18.46723053442158,6.7299754975788035,59.87218227123537,0.37451975843874186,0.9999989867210388,-1.6652953707017513,-38.94573875930396,0.966694092585965,True,True,0
16,5,100.0,5.0,0.25,20.0,300.0,0.02,33.883044547456585,46.568201690753156,63.797174770174216,6.307041496622306,13.163985778055109,6.745046486625131,59.868208033750115,0.3753878825706446,0.999998927116394,-1.731827909783363,-39.480800562936395,0.9653634418043328,True,True,0
17,5,100.0,5.0,0.25,20.0,300.0,0.02,33.51118388634409,46.60221847714945,63.69056219571084,5.730305717972543,9.637542478303272,6.757799256971525,59.848065098038816,0.37611876722394627,0.9999988675117493,-1.7851267707304141,-40.10858422766775,0.9642974645853917,True,True,0
18,5,100.0,5.0,0.25,20.0,300.0,0.02,33.189130994035374,46.63230346632828,63.575163340945856,5.503008028651887,9.64734045311396,6.768915663874174,59.834641041635294,0.37675588290886797,0.9999988079071045,-1.8412895770362623,-40.043364598279,0.9631742084592747,True,True,0
19,5,100.0,5.0,0.25,20.0,300.0,0.02,32.87893108551505,46.65328846452384,63.566500917858285,6.001989876182876,10.250861882631884,6.780057898977812,59.83330562680836,0.3773928279590078,0.9999986886978149,-1.8824200965000442,-39.97679478431558,0.9623515980699991,True,True,0
20,5,100.0,5.0,0.25,20.0,300.0,0.02,32.66635488890064,46.678470539289165,63.408567067401016,4.827836950074947,6.8574765255802985,6.791535525642801,59.824717652813355,0.3780483324899184,0.9999985098838806,-1.9312924471067094,-39.940403031857194,0.9613741510578658,True,True,0
21,5,100.0,5.0,0.25,20.0,300.0,0.02,32.51482461498275,46.683225339836845,63.38162300995245,3.8341858628757493,6.529562082963905,6.798691766760242,59.82560759716609,0.37845738891780056,0.9999984502792358,-1.9486535926314665,-39.90880011717458,0.9610269281473707,True,True,0
22,5,100.0,5.0,0.25,20.0,300.0,0.02,32.4152981380907,46.69280186064619,63.22998132111019,3.6281157908978363,6.688911164014118,6.804280849889222,59.818962116957266,0.37877536293431324,0.9999983310699463,-1.981005780062095,-39.90906263755109,0.9603798843987581,True,True,0
23,5,100.0,5.0,0.25,20.0,300.0,0.02,32.34405267587697,46.69583479348058,63.21418063215781,2.9489428170289225,6.251045691172153,6.807511319852738,59.81843018023669,0.37896006491877793,0.9999983310699463,-1.9884206090457541,-39.87657525770932,0.9602315878190849,True,True,0
24,5,100.0,5.0,0.25,20.0,300.0,0.02,32.30170076663595,46.69565712871398,63.07361255546251,2.943581567812832,6.373127160263225,6.810247591558451,59.81244405668263,0.37911515369221294,0.9999982118606567,-2.012886759530909,-39.882180642988146,0.9597422648093819,True,True,0
25,5,100.0,5.0,0.25,20.0,300.0,0.02,32.271060322912945,46.69946023757727,63.06768914209685,2.5251460879317706,6.088696277773554,6.811469454860877,59.811363913530435,0.3791852758921731,0.9999982118606567,-2.014686022722954,-39.855927363503504,0.9597062795455409,True,True,0
26,5,100.0,5.0,0.25,20.0,300.0,0.02,32.257523752588966,46.693404225377385,62.9361088764738,2.583431403515546,6.116410763764399,6.812743734937321,59.80570809682021,0.3792570274634632,0.9999980926513672,-2.0351860162063087,-39.86021134544894,0.9592962796758738,True,True,0
27,5,100.0,5.0,0.25,20.0,300.0,0.02,32.24718703707759,46.6986264575972,62.938084547759395,2.426740656002282,5.952987254059537,6.812936072439277,59.80443395222321,0.3792684921510722,0.9999980926513672,-2.0336785493693137,-39.83205627679724,0.9593264290126138,True,True,0
28,5,100.0,5.0,0.25,20.0,300.0,0.02,32.24793895235439,46.68897328154734,62.81384903359615,2.400164170904759,5.909222892588157,6.813476383729029,59.799065045968874,0.37929843693600007,0.9999979734420776,-2.0513084890388233,-39.8408095879449,0.9589738302192236,True,True,0
29,5,100.0,5.0,0.25,20.0,300.0,0.02,32.247512927701734,46.695690817504676,62.82236268341598,2.374393608951729,5.829302254281145,6.813160238436825,59.797767365643345,0.3792809519802221,0.9999979734420776,-2.0478408659918568,-39.81107412938953,0.9590431826801629,True,True,0
30,5,100.0,5.0,0.25,20.0,300.0,0.02,32.25512678547952,46.68378674536107,62.70433048874058,2.3062625232036362,5.736544363991611,6.813346200086002,59.79270211897612,0.379290717746562,0.9999979138374329,-2.0641151391602603,-39.82124448443043,0.9587176972167948,True,True,0
31,5,100.0,5.0,0.25,20.0,300.0,0.02,32.25930901560483,46.69186548864199,62.71842529055225,2.3261204229645838,5.713613088966293,6.812790718938081,59.79149473413255,0.3792596145757627,0.9999979138374329,-2.059510366569546,-39.795152750579746,0.9588097926686091,True,True,0
32,5,100.0,5.0,0.25,20.0,300.0,0.02,32.27000868967078,46.6785225683041,62.60575946774795,2.2526114139826197,5.588519446320935,6.812816206266012,59.786749318093804,0.37926023955193167,0.9999977946281433,-2.075209178499828,-39.80620929509519,0.9584958164300035,True,True,0
33,5,100.0,5.0,0.25,20.0,300.0,0.02,32.27610869584398,46.687764816068075,62.6247165018486,2.2816334364987387,5.6048377723705105,6.812157624475332,59.785695287784606,0.3792232767438044,0.9999978542327881,-2.0691818926576278,-39.780442232395224,0.9586163621468474,True,True,0
34,5,100.0,5.0,0.25,20.0,300.0,0.02,32.28797857130631,46.67348837267411,62.51676689181518,2.2132324801269134,5.458937180358353,6.812121221934309,59.781252112592185,0.3792203734940498,0.9999977350234985,-2.0847411251680352,-39.78598153217618,0.9583051774966393,True,True,0
35,5,100.0,5.0,0.25,20.0,300.0,0.02,32.294642091608374,46.68369408539616,62.54002186168526,2.241639764562251,5.502899738135576,6.8114280923942045,59.78037229722823,0.3791814546427431,0.9999977350234985,-2.0777875889282713,-39.76638040771103,0.9584442482214346,True,True,0
36,5,100.0,5.0,0.25,20.0,300.0,0.02,32.306728086832145,46.668810921672716,62.43626511229197,2.1810057343391307,5.3438407920425135,6.8113780733258915,59.77621643577923,0.37917777157930876,0.9999976754188538,-2.0926396333938944,-39.77471623538755,0.9581472073321221,True,True,0
37,5,100.0,5.0,0.25,20.0,300.0,0.02,32.31329118723672,46.67979816160264,62.46335349415248,2.2064288789626847,5.407810745015551,6.810684182573136,59.77550926726466,0.3791388213410888,0.9999976754188538,-2.0848301859151115,-39.75435281069266,0.9583033962816978,True,True,0
38,5,100.0,5.0,0.25,20.0,300.0,0.02,32.325129780482406,46.6645274442052,62.3633470468852,2.1546907614591975,5.240716226967372,6.810642860307741,59.771629937279876,0.37913562956192787,0.9999975562095642,-2.1007852724977507,-39.62465948293992,0.957984294550045,True,True,0
39,5,100.0,5.0,0.25,20.0,300.0,0.02,32.33127845002654,46.67614077955375,62.39387614837543,2.175711572338192,5.319342476547448,6.809966411794015,59.7710536865606,0.37909768392165344,0.999997615814209,-2.0930384785335114,-39.73239113126188,0.9581392304293298,True,True,0
40,5,100.0,5.0,0.25,20.0,300.0,0.02,32.342656952018075,46.66063342569724,62.297236991470726,2.1331156078561895,5.147636006103533,6.809942650182147,59.767449219608636,0.3790954900453766,0.9999974966049194,-2.1083897581961475,-39.48334499792816,0.957832204836077,True,True,0
41,5,100.0,5.0,0.25,20.0,300.0,0.02,32.34825699366615,46.67274435052866,62.33087200550009,2.148950448061405,5.237045104965762,6.809296651324609,59.76690529516563,0.37905928696256,0.9999975562095642,-2.0984574961909996,-39.72181642904439,0.95803085007618,True,True,0
42,5,100.0,5.0,0.25,20.0,300.0,0.02,32.359089464565294,46.657105809782436,62.23725951855969,2.114934343655608,5.063114217347643,6.809288785800485,59.76363430152468,0.3790580003317624,0.9999974370002747,-2.116604722832381,-39.33449849740297,0.9576679055433523,True,True,0
43,5,100.0,5.0,0.25,20.0,300.0,0.02,32.364094933875855,46.66960680717323,62.273698303776925,2.1257781980435153,5.1608970873452815,6.808676750114273,59.763089468312565,0.37902373893486285,0.9999974966049194,-2.1037573614077543,-39.67267704690977,0.9579248527718449,True,True,0
44,5,100.0,5.0,0.25,20.0,300.0,0.02,32.37435822339327,46.65391533537039,62.18281317303871,2.0994631423753547,4.986380993585493,6.808682869221952,59.760169384428984,0.379023252901621,0.9999973773956299,-2.1214607613029,-39.320209240589165,0.957570784773942,True,True,0
45,5,100.0,5.0,0.25,20.0,300.0,0.02,32.37877186110677,46.666717929779765,62.22179206746857,2.105914481050062,5.090647070025913,6.8081094243971485,59.75954730650211,0.37899119495340344,0.9999974370002747,-2.109496922144763,-39.56132351191594,0.9578100615571048,True,True,0
46,5,100.0,5.0,0.25,20.0,300.0,0.02,32.38847556324473,46.65103140339574,62.13337127336893,2.086284109661023,4.916783307215509,6.80812798096433,59.756973932216106,0.37899142236473815,0.9999973177909851,-2.126609802183416,-39.27757941971671,0.9574678039563317,True,True,0
47,5,100.0,5.0,0.25,20.0,300.0,0.02,32.39231667654154,46.66406279051541,62.17464240528775,2.088957514693276,5.026186639968712,6.807587217855503,59.756331048546684,0.37896123325417425,0.9999973773956299,-2.13091161976122,-39.420579512073616,0.9573817676047756,True,True,0
48,5,100.0,5.0,0.25,20.0,300.0,0.02,32.401486873182485,46.65082622036784,62.0884550489146,2.1305922705202676,4.853626842123446,6.807621206426964,59.75402376685617,0.3789623488304514,0.9999972581863403,-2.1465681177357547,-39.205356209931054,0.9570686376452849,True,True,0
49,5,100.0,5.0,0.25,20.0,300.0,0.02,32.40565673246343,46.66481235569414,62.12806941159053,2.157545579542551,5.09396317906584,6.807112363009644,59.753479972310956,0.37893376937010514,0.9999973177909851,-2.1380254445366162,-39.38833014452326,0.9572394911092676,True,True,0
50,5,100.0,5.0,0.25,20.0,300.0,0.02,32.4157030674666,46.649730481078144,62.039086487007985,2.096293897987823,4.814783608928002,6.807135742466654,59.75064737956504,0.3789341634683922,0.9999971985816956,-2.151579558673409,-39.196022458596474,0.9569684088265318,True,True,0
51,5,100.0,5.0,0.25,20.0,300.0,0.02,32.420088088666525,46.662734101959366,62.07906844004056,2.1453755745395133,5.007867890065325,6.806590791891204,59.749376007171165,0.37890367537361586,0.9999972581863403,-2.142378595263285,-39.380121496377306,0.9571524280947343,True,True,0
52,5,100.0,5.0,0.25,20.0,300.0,0.02,32.43001016536276,46.64749296898392,61.99156622759737,2.09232075906451,4.782603137007789,6.806603340521696,59.74676876683856,0.37890352413541334,0.999997079372406,-2.157236396747452,-39.15169776592651,0.9568552720650509,True,True,0
53,5,100.0,5.0,0.25,20.0,300.0,0.02,32.43404108725877,46.66016864583448,61.984583557786515,1.4697889798583528,4.9504595770217605,6.8060628486292085,59.745698155315196,0.3788733645329901,0.9999971985816956,-2.1625450957174124,-39.20437976899641,0.9567490980856518,True,True,0
54,5,100.0,5.0,0.25,20.0,300.0,0.02,32.44313922978047,46.655901399136404,62.00326735081179,1.3875233046217708,3.306639620993739,6.806112802793828,59.74393078689459,0.37887559981912494,0.9999970197677612,-2.1522844958016085,-39.2254441399417,0.9569543100839678,True,True,0
55,5,100.0,5.0,0.25,20.0,300.0,0.02,32.45531412236701,46.64929664965369,61.910793464994704,2.1029470059547415,5.139771983892424,6.805667697204906,59.741744167460574,0.3788494620108439,0.9999969601631165,-2.1657887157099784,-39.09521215003331,0.9566842256858005,True,True,0
56,5,100.0,5.0,0.25,20.0,300.0,0.02,32.461410191512634,46.657095123906444,61.89885592486418,1.2429567095173035,4.1152718187105375,6.805040935795726,59.74046304374075,0.3788147145050345,0.9999970197677612,-2.1653686346022885,-39.0400463622789,0.9566926273079542,True,True,0
57,5,100.0,5.0,0.25,20.0,300.0,0.02,32.47097906540077,46.619917030390575,61.730185355633715,2.8824225756354442,7.3163505244603275,6.805009596921312,59.738660493535455,0.37881249919386195,0.9999969005584717,-2.1923964119478088,-38.9393092520284,0.9561520717610438,True,True,0
58,5,100.0,5.0,0.25,20.0,300.0,0.02,32.47595477106541,46.63546440343794,61.70776335237828,2.4627870447171327,6.5713631608701775,6.804778765010465,59.73225451417796,0.37880095080787624,0.9999969601631165,-2.2014656447753245,-38.91628316489957,0.9559706871044935,True,True,0
59,5,100.0,5.0,0.25,20.0,300.0,0.02,32.488612484688524,46.6322231666271,61.656181840798546,1.7443862020014969,4.456636125629365,6.804918633030962,59.727716662685246,0.3788085590579609,0.9999967217445374,-2.1958858495903733,-38.88983810992675,0.9560822830081925,True,True,0
60,5,100.0,5.0,0.25,20.0,300.0,0.02,32.505702478767276,46.60657229963938,61.506803399573094,3.0139627399879196,7.3183911479785655,6.8043385487211605,59.72387880628618,0.37877513902939663,0.9999966621398926,-2.2198199278757835,-38.74064792263584,0.9556036014424844,True,True,0
61,5,100.0,5.0,0.25,20.0,300.0,0.02,32.51640731031066,46.62431501382634,61.498374087718425,2.2666953687584632,6.1777812613363965,6.8036544718191205,59.71988229510775,0.3787373324726988,0.9999966621398926,-2.2249221761496814,-38.72879759213889,0.9555015564770064,True,True,0
62,5,100.0,5.0,0.25,20.0,300.0,0.02,32.533293642137046,46.61971497510615,61.45828339648931,1.4914071900589394,4.138519392486713,6.803527965287166,59.715660863816886,0.37872944517486895,0.999996542930603,-2.215675262953766,-38.701837032963304,0.9556864947409247,True,True,0
63,5,100.0,5.0,0.25,20.0,300.0,0.02,32.55322544518304,46.597382903531,61.31910624980738,2.8914622097950557,6.997470752799055,6.80279076421128,59.71161594234725,0.3786869105008376,0.9999964237213135,-2.2387957257254043,-38.63019172730493,0.9552240854854919,True,True,0
64,5,100.0,5.0,0.25,20.0,300.0,0.02,32.56539527197789,46.61561907348848,61.319718063964125,2.201341073798774,5.830652524516024,6.802016490502478,59.70749139479961,0.3786439040719332,0.9999964833259583,-2.241420185581363,-38.64789995191684,0.9551715962883728,True,True,0
65,5,100.0,5.0,0.25,20.0,300.0,0.02,32.58295425724218,46.60919055746797,61.28799946866333,1.3535900768651516,3.794077010164076,6.801835221926696,59.70354342998739,0.3786328087654293,0.9999963641166687,-2.230503928116542,-38.6290906976398,0.9553899214376692,True,True,0
66,5,100.0,5.0,0.25,20.0,300.0,0.02,32.60292136233301,46.589469746136025,61.156805702548915,2.7997340627932665,6.749822421712175,6.801074129154059,59.69977521186845,0.37858885985998175,0.9999962449073792,-2.2530710523910953,-38.581272836997265,0.954938578952178,True,True,0
67,5,100.0,5.0,0.25,20.0,300.0,0.02,32.61446023327616,46.60658254971995,61.16475916542493,2.142175977954009,5.526388948900049,6.800301165680577,59.69593424185601,0.3785459280222122,0.9999963641166687,-2.24199276963175,-38.58190614893398,0.955160144607365,True,True,0
68,5,100.0,5.0,0.25,20.0,300.0,0.02,32.63114774644519,46.58035179050522,61.05092066261441,2.3800313270501836,5.884654877423824,6.800137029891174,59.692475772791845,0.3785357624660605,0.9999961853027344,-2.263553532288774,-38.536303261182056,0.9547289293542245,True,True,0
69,5,100.0,5.0,0.25,20.0,300.0,0.02,32.64100348087659,46.60138476348694,61.06822830214804,2.203835465857789,5.7222560098932345,6.799501544768707,59.68914202026971,0.37850023576833564,0.9999962449073792,-2.2649567280697207,-38.57461360640077,0.9547008654386056,True,True,0
70,5,100.0,5.0,0.25,20.0,300.0,0.02,32.65691554885214,46.596309913071636,61.04994717282092,1.2804623989610942,3.4848634280253385,6.799343930017481,59.6860835197418,0.37849041016945695,0.9999960660934448,-2.2512621578252516,-38.55633394862834,0.954974756843495,True,True,0
71,5,100.0,5.0,0.25,20.0,300.0,0.02,32.675395601187255,46.57793907028749,60.93079771134136,2.6425212253046646,6.321249724507046,6.798593561969153,59.68295699807128,0.3784469997391912,0.9999960064888,-2.2740544465536394,-38.469804481418386,0.9545189110689272,True,True,0
72,5,100.0,5.0,0.25,20.0,300.0,0.02,32.6851381865706,46.594490152943806,60.9494451060818,2.065166279443841,5.176336870648248,6.797842617953611,59.679689264546134,0.3784052956861326,0.9999960660934448,-2.262179905338987,-38.499177932172145,0.9547564018932203,True,True,0
73,5,100.0,5.0,0.25,20.0,300.0,0.02,32.70003405497544,46.570196309756554,60.845882069576994,2.2511497860814673,5.541951419108704,6.797713611754619,59.677051253040275,0.37839709608850586,0.9999958872795105,-2.2845559465054732,-38.45978870634612,0.9543088810698905,True,True,0
74,5,100.0,5.0,0.25,20.0,300.0,0.02,32.70779046366136,46.59167521461323,60.87259181532569,2.1310810382824212,5.37460591894267,6.7971320718606965,59.67423093817977,0.3783646554652669,0.9999960064888,-2.2691170913657612,-38.4831209650332,0.9546176581726847,True,True,0
75,5,100.0,5.0,0.25,20.0,300.0,0.02,32.721642633986136,46.56588690956864,60.774497019320954,2.1549859296464904,5.294701345439113,6.797033812729048,59.67191972247433,0.378358185347401,0.9999958276748657,-2.2914857599820952,-38.39941326784954,0.9541702848003581,True,True,0
76,5,100.0,5.0,0.25,20.0,300.0,0.02,32.72872007530854,46.58803175766886,60.805356451380064,2.1175393240575913,5.343800735720394,6.796453368225334,59.6692865055043,0.378325740695344,0.9999958872795105,-2.291420088962945,-38.4421268762144,0.954171598220741,True,True,0
77,5,100.0,5.0,0.25,20.0,300.0,0.02,32.74209339382587,46.58267628808863,60.799641547935465,1.1975159875384571,3.0348506154989736,6.796352528333839,59.66720835143431,0.37831912143132423,0.9999957084655762,-2.275490197074802,-38.4289802453765,0.9544901960585039,True,True,0
78,5,100.0,5.0,0.25,20.0,300.0,0.02,32.758054506879155,46.5661800435928,60.692545878803536,2.527726925923587,5.916332928677633,6.7956699477931455,59.66479969521023,0.3782795627468246,0.9999955892562866,-2.2981584377166158,-38.36779144432421,0.9540368312456677,True,True,0
79,5,100.0,5.0,0.25,20.0,300.0,0.02,32.76496258829224,46.58179861783569,60.72221690871993,1.981428716235954,4.779047703378219,6.7950058807113525,59.66203877704176,0.37824283893614913,0.9999957084655762,-2.2813797665065136,-38.41288532566973,0.9543724046698697,True,True,0
80,5,100.0,5.0,0.25,20.0,300.0,0.02,32.77712253761917,46.55961352286488,60.629431679758305,2.1388648907371985,5.190258191830075,6.794958364318033,59.66034800614142,0.37823927152741704,0.9999955296516418,-2.3039972653381975,-38.354001452841004,0.953920054693236,True,True,0
81,5,100.0,5.0,0.25,20.0,300.0,0.02,32.781954343831124,46.579972817462405,60.666091187588016,2.056112585341256,5.003759800870797,6.794475492655407,59.65805920791167,0.3782124900344705,0.9999956488609314,-2.2879537687656777,-38.33389541964106,0.9542409246246865,True,True,0
82,5,100.0,5.0,0.25,20.0,300.0,0.02,32.793050755634866,46.55631179849599,60.577769473824326,2.070091736820392,4.981499137274325,6.794467869874681,59.65661944794415,0.37821117583655584,0.9999954104423523,-2.310443149589025,-38.276744390408204,0.9537911370082195,True,True,0
83,5,100.0,5.0,0.25,20.0,300.0,0.02,32.79724878724102,46.578085863003416,60.617666293150286,2.049642365400009,5.004403508844886,6.793990879125339,59.654462292026714,0.37818466375248516,0.9999955296516418,-2.293435092404507,-38.31163652997902,0.9541312981519099,True,True,0
84,5,100.0,5.0,0.25,20.0,300.0,0.02,32.80793923215864,46.5539415324166,60.532116761629815,2.0452578253720715,4.8687004382529535,6.793980345504097,59.653205769337745,0.3781831856768339,0.9999953508377075,-2.3145647054675877,-38.26862192367105,0.9537087058906483,True,True,0
85,5,100.0,5.0,0.25,20.0,300.0,0.02,32.81175424548511,46.57619127300215,60.57437853090838,2.036652512519976,4.956140193125661,6.793504359137019,59.65113962047277,0.3781567247364637,0.9999954700469971,-2.3003975141598088,-38.30740650550545,0.9539920497168038,True,True,0
86,5,100.0,5.0,0.25,20.0,300.0,0.02,32.82208999590696,46.55193748570574,60.49105753091351,2.0297349696420057,4.786561677262553,6.79349741495387,59.65004385441979,0.3781554577246468,0.999995231628418,-2.3226633852172185,-38.250982092262795,0.9535467322956557,True,True,0
87,5,100.0,5.0,0.25,20.0,300.0,0.02,32.82548200084048,46.57434918410087,60.53530945735074,2.0237248946333586,4.897017661538739,6.793029816485988,59.64806714039442,0.378129481996538,0.9999954104423523,-2.3035028065284027,-38.29927488004133,0.953929943869432,True,True,0
88,5,100.0,5.0,0.25,20.0,300.0,0.02,32.8353904066474,46.55014917048626,60.45392128900407,2.017775841952578,4.718763671950124,6.793034972677127,59.647101395472326,0.37812890977108327,0.9999951720237732,-2.3259560461978723,-38.24601544235266,0.9534808790760425,True,True,0
89,5,100.0,5.0,0.25,20.0,300.0,0.02,32.83831156196946,46.57260394693984,60.49994034830999,2.012186976958658,4.838233870408281,6.792581610796589,59.645208849708176,0.37810375514301847,0.9999952912330627,-2.3083597878490947,-38.234237684077414,0.9538328042430181,True,True,0
90,5,100.0,5.0,0.25,20.0,300.0,0.02,32.84775974825896,46.54853195852117,60.42028275263193,2.007770232327363,4.659887477601831,6.792600117187941,59.64440196743605,0.37810394834515965,0.9999951124191284,-2.329958793186138,-38.240669685585466,0.9534008241362772,True,True,0
91,5,100.0,5.0,0.25,20.0,300.0,0.02,32.850189165125734,46.57097708299184,60.46788822632576,2.0020323170623966,4.783110375219833,6.7921630511382,59.6425955013313,0.3780797324546619,0.999995231628418,-2.322829391527675,-38.17467507676224,0.9535434121694465,True,True,0
92,5,100.0,5.0,0.25,20.0,300.0,0.02,32.85917244148299,46.53732530110342,60.33862593790737,2.687911554813427,4.6075882189792665,6.792199717207643,59.64188576534563,0.3780809741169039,0.9999949932098389,-2.3496517153923477,-38.1185406610996,0.953006965692153,True,True,0
93,5,100.0,5.0,0.25,20.0,300.0,0.02,32.86155739985981,46.54567956963698,60.30163625066468,1.7840360409345564,4.864805889213624,6.791855674143515,59.635001712383634,0.3780628920025655,0.9999951720237732,-2.3803052278897647,-38.08883276269468,0.9523938954422047,True,True,0
94,5,100.0,5.0,0.25,20.0,300.0,0.02,32.87116590243759,46.55130422043423,60.29885311623573,2.1049898702327487,4.215252890466303,6.792025212228994,59.632050522532104,0.3780722702463891,0.9999949336051941,-2.3647602699194863,-38.029151878264784,0.9527047946016103,True,True,0
95,5,100.0,5.0,0.25,20.0,300.0,0.02,32.887227837236026,46.5333820245812,60.184504058572614,2.8218786765153845,5.0289204673528864,6.791564342407198,59.62856217342939,0.37804529297331174,0.9999947547912598,-2.3874027030514027,-37.98706265128237,0.952251945938972,True,True,0
96,5,100.0,5.0,0.25,20.0,300.0,0.02,32.896229179339514,46.54439486243456,60.15340708779559,1.730700108159353,4.9495375062396185,6.790868964090484,59.6234408936072,0.3780068495440041,0.9999948143959045,-2.3934614506885312,-37.97423827855208,0.9521307709862293,True,True,0
97,5,100.0,5.0,0.25,20.0,300.0,0.02,32.91170042711575,46.545474373970094,60.10304317474832,1.5626316869713193,3.7116818502335067,6.790770854915611,59.61982017470251,0.37800069069960035,0.999994695186615,-2.3789502572742127,-37.91703727067948,0.9524209948545157,True,True,0
98,5,100.0,5.0,0.25,20.0,300.0,0.02,32.930793702276745,46.51800297995816,59.959780530999794,2.76193465466008,7.21945148062187,6.790166475476502,59.61530159708254,0.37796600415028986,0.9999945759773254,-2.4099439193363197,-37.889493519989564,0.9518011216132736,True,True,0
99,5,100.0,5.0,0.25,20.0,300.0,0.02,32.943600800225575,46.53745552351065,59.950971698505214,2.278291369984298,6.6042576588538076,6.789553677190779,59.61041598237444,0.37793199970697217,0.9999945759773254,-2.414133228044193,-37.88265272152835,0.9517173354391162,True,True,0
100,5,100.0,5.0,0.25,20.0,300.0,0.02,32.9644324114876,46.53504077622086,59.90940013135471,1.6158677440668032,4.457141108226195,6.7893605208298675,59.60648149068644,0.3779202560429535,0.9999943375587463,-2.396621042110195,-37.847167991479985,0.952067579157796,True,True,0
101,5,100.0,5.0,0.25,20.0,300.0,0.02,32.989088285669915,46.5125301738193,59.76998180430009,2.8587113102060786,7.18646389954501,6.788498763409737,59.60168935984408,0.3778706086161053,0.999994158744812,-2.427888352339869,-37.80847572320174,0.9514422329532026,True,True,0
102,5,100.0,5.0,0.25,20.0,300.0,0.02,33.0045670550992,46.53109911334213,59.768591496267305,2.1458443553829563,5.999767083781271,6.787630183928661,59.59629246996448,0.3778222321206868,0.9999942779541016,-2.4304836019122327,-37.79670958549857,0.9513903279617554,True,True,0
103,5,100.0,5.0,0.25,20.0,300.0,0.02,33.02638945165734,46.52646988298027,59.735372240297714,1.412901899732772,3.9605072095605305,6.787346541640947,59.5925530517468,0.37780527107716116,0.9999939799308777,-2.40961589029089,-37.77482882012445,0.9518076821941822,True,True,0
104,5,100.0,5.0,0.25,20.0,300.0,0.02,33.05088233584329,46.50597122869399,59.60450110383736,2.7797745971858676,6.891602569552716,6.786467450758211,59.58800873920439,0.37775461599185656,0.9999938011169434,-2.441140369960286,-37.71524674964268,0.9511771926007943,True,True,0
105,5,100.0,5.0,0.25,20.0,300.0,0.02,33.06525467677889,46.524670649046506,59.611100305959,2.0793067051469456,5.613580018799498,6.785617144228764,59.58292939261158,0.37770730476568143,0.9999939203262329,-2.4417254002133397,-37.76163541825566,0.9511654919957332,True,True,0
106,5,100.0,5.0,0.25,20.0,300.0,0.02,33.08562107297832,46.518995758212284,59.585590519881826,1.2587462051176996,3.5888147054154462,6.785368494700397,59.57979220464363,0.37769229746836935,0.9999936819076538,-2.4216425322654977,-37.69233119053177,0.95156714935469,True,True,0
107,5,100.0,5.0,0.25,20.0,300.0,0.02,33.10838626277518,46.500060357559825,59.46226316746225,2.6917080020182236,6.6238168232348995,6.784543430335954,59.57568137850276,0.37764470057696153,0.9999934434890747,-2.4529922446020493,-37.62624974340034,0.950940155107959,True,True,0
108,5,100.0,5.0,0.25,20.0,300.0,0.02,33.12066940397086,46.518172506127044,59.47582364382366,2.023252823421109,5.304502730094874,6.7837666612307865,59.57085636698786,0.3776015880268792,0.999993622303009,-2.429737096925139,-37.672855714459274,0.9514052580614972,True,True,0
109,5,100.0,5.0,0.25,20.0,300.0,0.02,33.138966537634886,46.492364838439045,59.36958470086028,2.278442672472816,5.753237421434313,6.783584876076433,59.56830559671004,0.3775903640146573,0.9999933242797852,-2.46223013391176,-37.61172156471518,0.9507553973217648,True,True,0
110,5,100.0,5.0,0.25,20.0,300.0,0.02,33.1488513845577,46.51373721255034,59.392255459430366,2.090861024078265,5.493322489820392,6.782981351304527,59.56414311706906,0.37755669011706716,0.9999934434890747,-2.4619803022604967,-37.603698501582656,0.9507603939547901,True,True,0
111,5,100.0,5.0,0.25,20.0,300.0,0.02,33.165907335973394,46.51052566211759,59.37960647213371,1.1951004104691303,3.2780416720462173,6.7828213966799975,59.56203876330542,0.37754668438924865,0.999993085861206,-2.436624146423644,-37.590366797867354,0.9512675170715271,True,True,0
112,5,100.0,5.0,0.25,20.0,300.0,0.02,33.1858119323368,46.49163784866214,59.26781287466284,2.533894483300981,6.168066228494529,6.782071234409788,59.55847806909355,0.37750330424968187,0.9999929070472717,-2.468140171998036,-37.5458896580791,0.9506371965600393,True,True,0
113,5,100.0,5.0,0.25,20.0,300.0,0.02,33.195165994486366,46.51020426807935,59.29150954796809,1.9542080668826025,4.955562645425712,6.781373475037543,59.55409244224053,0.3774646654895103,0.999993085861206,-2.443106851414494,-37.57568048792964,0.9511378629717101,True,True,0
114,5,100.0,5.0,0.25,20.0,300.0,0.02,33.21072983694933,46.48514112783306,59.19499239834091,2.1551616113431487,5.388223873050157,6.7812578526449405,59.5524573016354,0.3774571991303143,0.9999927282333374,-2.473722861896616,-37.53278044174431,0.9505255427620677,True,True,0
115,5,100.0,5.0,0.25,20.0,300.0,0.02,33.217742708065835,46.506900440070375,59.226470407654126,2.0269806841142053,5.151006644569122,6.7807355759795875,59.54885802339503,0.37742816653835204,0.9999929070472717,-2.4733265986313753,-37.52601362971244,0.9505334680273725,True,True,0
116,5,100.0,5.0,0.25,20.0,300.0,0.02,33.232088183530394,46.50341423719642,59.22220965717571,1.112657961371881,2.919481703054653,6.780651290590597,59.54761244415196,0.37742246701816057,0.9999925494194031,-2.4469681789639957,-37.5145461812704,0.9510606364207201,True,True,0
117,5,100.0,5.0,0.25,20.0,300.0,0.02,33.24935372958719,46.4855532001634,59.11857005108247,2.444484136042867,5.872014778789193,6.779981430667109,59.54471590611819,0.37738366876697715,0.999992311000824,-2.478004524365986,-37.515296593288596,0.9504399095126803,True,True,0
118,5,100.0,5.0,0.25,20.0,300.0,0.02,33.25594700943548,46.503666238528155,59.14971420545748,1.9001637407364917,4.654634862990773,6.779367850346147,59.54087252926539,0.37734985127025156,0.9999926090240479,-2.451908064339474,-37.50339188943067,0.9509618387132105,True,True,0
119,5,100.0,5.0,0.25,20.0,300.0,0.02,33.26891086759345,46.47969221550637,59.06051275575363,2.070698230451787,5.126374947740554,6.779332030184567,59.539989793093255,0.3773469330611444,0.9999922513961792,-2.482541124178541,-37.4811202618379,0.9503491775164292,True,True,0
120,5,100.0,5.0,0.25,20.0,300.0,0.02,33.27327179527922,46.50170403851728,59.09868964938189,1.9803130507611875,4.879507791184624,6.778890304034394,59.53695395548104,0.3773225165514792,0.9999924302101135,-2.481120170999785,-37.496495762624896,0.9503775965800043,True,True,0
121,5,100.0,5.0,0.25,20.0,300.0,0.02,33.2851517618173,46.49772438830004,59.100866227206254,1.0505910599909754,2.6400870055551926,6.778887169035792,59.536348062457456,0.37732144138806173,0.9999920725822449,-2.469299373719494,-37.45077935564414,0.9506140125256102,True,True,0
122,5,100.0,5.0,0.25,20.0,300.0,0.02,33.3000663998604,46.471186760864576,58.950464064098135,3.135527741711213,5.650133983448063,6.7782946358335145,59.533983658792124,0.37728708399370486,0.9999918341636658,-2.507618984321696,-37.42295312455364,0.9498476203135661,True,True,0
123,5,100.0,5.0,0.25,20.0,300.0,0.02,33.30473346660127,46.48413152073111,58.950418251440425,2.366507705547405,4.5983808806289534,6.777806522826724,59.52529487823469,0.37726134698977276,0.9999921321868896,-2.4829883357609224,-37.39586040358156,0.9503402332847816,True,True,0
124,5,100.0,5.0,0.25,20.0,300.0,0.02,33.31729189030128,46.45933834082867,58.83654320018934,2.643931405096021,4.778801505356853,6.777868930981119,59.52255503069143,0.3772644678342387,0.9999917149543762,-2.5190446739645123,-37.378835064744955,0.9496191065207098,True,True,0
125,5,100.0,5.0,0.25,20.0,300.0,0.02,33.32279643782352,46.47815233057788,58.853755911820855,2.3581813068722957,5.052653409256275,6.777450626989237,59.51774729468776,0.377241626741626,0.9999918937683105,-2.4915240272602324,-37.35740653865078,0.9501695194547953,True,True,0
126,5,100.0,5.0,0.25,20.0,300.0,0.02,33.33744185544532,46.4554140942803,58.749984062181575,2.4421439075505047,4.4630194585941885,6.777389394241507,59.5154769408479,0.3772374643477336,0.9999914765357971,-2.5280071730724907,-37.28461558821752,0.9494398565385502,True,True,0
127,5,100.0,5.0,0.25,20.0,300.0,0.02,33.34502402159338,46.47303550869321,58.7741694962808,2.314897336832302,5.080260201116603,6.776835327423068,59.510553370609124,0.3772066744152675,0.9999916553497314,-2.4993657002550136,-37.26259148600492,0.9500126859948997,True,True,0
128,5,100.0,5.0,0.25,20.0,300.0,0.02,33.361392866957175,46.453263121952176,58.67584889172118,2.336062032672567,4.338799362445418,6.776666798478637,59.50809925542436,0.3771963548770525,0.9999913573265076,-2.554210945096829,-37.21929507449824,0.9489157810980634,True,True,0
129,5,100.0,5.0,0.25,20.0,300.0,0.02,33.37008634987915,46.47229301018535,58.70456656523732,2.3861811766354473,5.601617009926614,6.776037632838768,59.503140255713674,0.3771612541924906,0.9999915361404419,-2.5226638307224927,-37.19465902558872,0.9495467233855501,True,True,0
130,5,100.0,5.0,0.25,20.0,300.0,0.02,33.389176503289015,46.45744647822808,58.60457419452214,2.392222869226598,4.322158369467947,6.775827509805396,59.5008589820993,0.3771483079884026,0.999991238117218,-2.5598154416749384,-37.17326579991005,0.9488036911665012,True,True,0
131,5,100.0,5.0,0.25,20.0,300.0,0.02,33.40115626130537,46.46970979268162,58.62935348404563,2.396110007175009,5.212987205031549,6.775085994319187,59.49494258335484,0.3771066557768801,0.9999913573265076,-2.527191327510324,-37.14778809857386,0.9494561734497935,True,True,0
132,5,100.0,5.0,0.25,20.0,300.0,0.02,33.42167315645686,46.45679504390857,58.53055628084361,2.3456719028702357,4.27449717423952,6.774749375389726,59.4914431685682,0.37708670206332434,0.9999910593032837,-2.564419883211667,-37.109578216156265,0.9487116023357667,True,True,0
133,5,100.0,5.0,0.25,20.0,300.0,0.02,33.433866477116005,46.46539782369159,58.557957684801615,2.3362371468032377,5.03972078707419,6.773969853375127,59.48564561795449,0.37704298268914765,0.9999911785125732,-2.5300384117850108,-37.13094825735404,0.9493992317642997,True,True,0
134,5,100.0,5.0,0.25,20.0,300.0,0.02,33.453984806244705,46.45522038911785,58.462347847134026,2.2845666555060187,4.255443300382219,6.773636766293967,59.482575815747936,0.37702326757569565,0.9999908804893494,-2.5659543703128684,-37.09355047554024,0.9486809125937427,True,True,0
135,5,100.0,5.0,0.25,20.0,300.0,0.02,33.465366319059754,46.46093025190746,58.49294491268608,2.2770328698393767,4.919494809596248,6.7728762506070375,59.47723099278193,0.3769806538589393,0.9999910593032837,-2.5322624691734825,-37.10468776596877,0.9493547506165303,True,True,0
136,5,100.0,5.0,0.25,20.0,300.0,0.02,33.484514461249354,46.45354202057771,58.400553436344744,2.224359274309151,4.225611428671145,6.7725705414402535,59.47463630746597,0.37696250358343086,0.9999907612800598,-2.5684659804671646,-37.075198898900204,0.9486306803906567,True,True,0
137,5,100.0,5.0,0.25,20.0,300.0,0.02,33.49478057992292,46.456666992682194,58.43420045887472,2.223361992215282,4.8196509768124765,6.771844054924301,59.469698715022275,0.3769218318374975,0.9999909400939941,-2.5343083850880608,-37.06149867186016,0.9493138322982387,True,True,0
138,5,100.0,5.0,0.25,20.0,300.0,0.02,33.51280434652002,46.45196167348251,58.34478964501436,2.1699148065452527,4.195686972494148,6.771575186291019,59.46749703805967,0.3769057768997849,0.9999905824661255,-2.5703963164156693,-37.010224582637186,0.9485920736716866,True,True,0
139,5,100.0,5.0,0.25,20.0,300.0,0.02,33.52189055343428,46.452715678053195,58.38123053942343,2.1756472312171278,4.732330147791695,6.77088748988624,59.46291614936364,0.37686731375695115,0.9999908208847046,-2.535460510604539,-37.04743809181728,0.9492907897879093,True,True,0
140,5,100.0,5.0,0.25,20.0,300.0,0.02,33.5387725110104,46.4505252814851,58.29452614158055,2.12180170098775,4.16810274564133,6.770656584338543,59.46107226040655,0.37685341673461137,0.9999904632568359,-2.571894410462355,-36.993823050403236,0.9485621117907529,True,True,0
141,5,100.0,5.0,0.25,20.0,300.0,0.02,33.54669957869387,46.44910024527272,58.33350255249611,2.133377068257299,4.655218004319074,6.770011368026957,59.45676633467487,0.3768173710784825,0.999990701675415,-2.5370055310697253,-37.00279749643732,0.9492598893786055,True,True,0
142,5,100.0,5.0,0.25,20.0,300.0,0.02,33.562478472409495,46.449235683263154,58.249239778606764,2.080182453713654,4.1433914095305475,6.769814346723114,59.45529398342626,0.37680540118768424,0.9999903440475464,-2.573516371099444,-36.947558671244764,0.9485296725780111,True,True,0
143,5,100.0,5.0,0.25,20.0,300.0,0.02,33.569308211300644,46.44581217814546,58.290507430077824,2.095985177855153,4.587194825435028,6.76921111010159,59.45121742420433,0.3767717438013549,0.9999905824661255,-2.5382580532735584,-36.94185275890922,0.9492348389345289,True,True,0
144,5,100.0,5.0,0.25,20.0,300.0,0.02,33.58405362149152,46.44808237093413,58.208452023732136,2.045931122995974,4.121570483588551,6.769049661912721,59.450035897467714,0.3767617968013951,0.9999902248382568,-2.5743135988008397,-36.937177345260615,0.9485137280239833,True,True,0
145,5,100.0,5.0,0.25,20.0,300.0,0.02,33.589858451529125,46.44283056053042,58.25178213027907,2.0630812254298774,4.527532134270542,6.768480984977775,59.44623234990634,0.37673010867377,0.9999904632568359,-2.5350104693707265,-36.94174572261473,0.9492997906125855,True,True,0
146,5,100.0,5.0,0.25,20.0,300.0,0.02,33.603639587201776,46.44818881811939,58.1717154944269,1.694583159218762,4.102254746812674,6.768354654294828,59.44527611836318,0.3767221746402014,0.9999901056289673,-2.544906161080779,-36.867606660867544,0.9491018767783844,True,True,0
147,5,100.0,5.0,0.25,20.0,300.0,0.02,33.61160953570285,46.43817630794418,58.12371982827375,1.2300631421299417,2.415233174546329,6.767825095955407,59.44177438826321,0.37669250069108473,0.9999902248382568,-2.6023533362729596,-36.82335245634465,0.9479529332745408,True,True,0
148,5,100.0,5.0,0.25,20.0,300.0,0.02,33.61394669477408,46.4317351049892,58.126989363313015,3.0908182178391765,5.104190767051628,6.767762036720501,59.440272789451505,0.3766891185667493,0.9999903440475464,-2.556884592607483,-36.877774272501014,0.9488623081478503,True,True,0
149,5,100.0,5.0,0.25,20.0,300.0,0.02,33.62676986031545,46.43241555675129,58.01667282862281,2.304879692466237,3.8113292581536578,6.767774516305895,59.43426425350724,0.37669011099571736,0.999989926815033,-2.5737740804259683,-36.79584601310875,0.9485245183914807,True,True,0
150,5,100.0,5.0,0.25,20.0,300.0,0.02,33.63625709615676,46.4202329387441,57.94329355211795,1.7188396174576792,3.2488378542735266,6.767282984056496,59.42773904287994,0.37666294283355845,0.9999900460243225,-2.616336730392245,-36.72259028826827,0.9476732653921551,True,True,0
151,5,100.0,5.0,0.25,20.0,300.0,0.02,33.64216543243814,46.42430229376953,57.92653852443678,2.0286808143344808,5.498804018776886,6.767140728777544,59.42385982212063,0.37665529149880334,0.9999900460243225,-2.5719014523978547,-36.77363105261469,0.9485619709520429,True,True,0
152,5,100.0,5.0,0.25,20.0,300.0,0.02,33.659001350360946,46.42526476618932,57.85036186043491,1.67262922176699,2.631566443621253,6.767065845075566,59.42121109990097,0.37665068084012304,0.9999895691871643,-2.6164484504262684,-36.70710241893595,0.9476710309914746,True,True,0
153,5,100.0,5.0,0.25,20.0,300.0,0.02,33.792430331471934,46.41019837184835,57.82985251649598,3.7015532596183656,8.39028344764635,6.766428289238215,59.415568819134904,0.3766147799603966,0.9999895691871643,-2.572626915633638,-36.69643804484351,0.9485474616873273,True,True,0
154,5,100.0,5.0,0.25,20.0,300.0,0.02,33.89924874153943,46.40423858487879,57.66660979820362,4.011099405842957,6.696340507946905,6.763973488983845,59.417320369660075,0.37647596746018325,0.999988853931427,-2.617736881945849,-36.62045793714882,0.947645262361083,True,True,0
155,5,100.0,5.0,0.25,20.0,300.0,0.02,33.97388540128203,46.3964544949759,57.62756482660918,3.2916519524608354,6.423649708740325,6.761407099100315,59.40795126015842,0.37633168917544774,0.9999889731407166,-2.5653944981538737,-36.61882004352264,0.9486921100369226,True,True,0
156,5,100.0,5.0,0.25,20.0,300.0,0.02,34.04393063672523,46.389953758622724,57.44811161049906,3.639667247557419,6.168725645307222,6.759656465845322,59.39967047698747,0.3762320661309992,0.9999882578849792,-2.5870539649736024,-36.60337464040243,0.948258920700528,True,True,0
157,5,100.0,5.0,0.25,20.0,300.0,0.02,34.177697942041505,46.375125388466465,57.40649653815487,4.187176801867627,6.471679435781709,6.757165955673896,59.38606446718605,0.3760916719520942,0.9999883770942688,-2.5301540133462477,-36.64510296850969,0.949396919733075,True,True,0
158,5,100.0,5.0,0.25,20.0,300.0,0.02,34.29438306998611,46.369629674511664,57.26228323081431,3.725691976608105,5.242865413975319,6.7524348014178805,59.365703563219576,0.3758238229203742,0.9999878406524658,-2.561190558783034,-36.68293060153132,0.9487761888243393,True,True,0
159,5,100.0,5.0,0.25,20.0,300.0,0.02,34.379658393237044,46.350736729078264,57.24855914076366,3.7449194750034414,6.920362828882044,6.748739500656295,59.35042934495341,0.37561532367371236,0.9999880790710449,-2.5132131106628854,-36.67390892044277,0.9497357377867423,True,True,0
160,5,100.0,5.0,0.25,20.0,300.0,0.02,34.45909818098576,46.34952308666316,57.115251689090265,3.216881961597476,5.013027805975778,6.746334103378657,59.33917535010504,0.3754790712368123,0.9999874830245972,-2.5113056389867316,-36.67817768676526,0.9497738872202653,True,True,0
161,5,100.0,5.0,0.25,20.0,300.0,0.02,34.516170359149584,46.345765685057174,57.02247612206906,2.2701095376795557,3.005817959407042,6.743969406662941,59.32937313079119,0.37534575017349614,0.999987781047821,-2.511331189331029,-36.64542132512079,0.9497733762133794,True,True,0
162,5,100.0,5.0,0.25,20.0,300.0,0.02,34.56007224424967,46.34196538250148,56.9468552870321,1.9857043593925383,2.3023795038639823,6.742633719086241,59.322147468226184,0.37527027663962365,0.999987781047821,-2.5116577171313277,-36.638700271494685,0.9497668456573735,True,True,0
163,5,100.0,5.0,0.25,20.0,300.0,0.02,34.596200854124916,46.33849725909896,56.8800770723857,1.8024849860167318,2.0262584075592502,6.741668911887485,59.315881391449985,0.3752157147506649,0.9999877214431763,-2.508496648802771,-36.58484751626876,0.9498300670239446,True,True,0
164,5,100.0,5.0,0.25,20.0,300.0,0.02,34.62758316075275,46.34074461392736,56.818950607078946,1.936915298499636,3.3805160916197083,6.740853150022852,59.310027313314265,0.37516958574322434,0.9999876618385315,-2.5088881771452782,-36.56563032087276,0.9498222364570944,True,True,0
165,5,100.0,5.0,0.25,20.0,300.0,0.02,34.658785960262186,46.33985699028125,56.75517614611162,1.7848689143066985,2.867768368246739,6.740107117457558,59.304630036892625,0.37512704879607234,0.9999874234199524,-2.5087632945497154,-36.517616951103406,0.9498247341090057,True,True,0
166,5,100.0,5.0,0.25,20.0,300.0,0.02,34.689358254901975,46.337105954530195,56.679659489628406,1.7965067238546564,2.588442414677747,6.7392797418858335,59.297643908255395,0.3750800398200119,0.9999872446060181,-2.5096596839874277,-36.524582027463445,0.9498068063202515,True,True,0
167,5,100.0,5.0,0.25,20.0,300.0,0.02,34.72024678098851,46.33479718379345,56.612516632126024,1.6750857451243726,2.443042062390439,6.738243083646124,59.2861621485234,0.37502116231340216,0.9999870657920837,-2.5179969347032998,-36.47892513159846,0.949640061305934,True,True,0
168,5,100.0,5.0,0.25,20.0,300.0,0.02,34.75038150884776,46.322822827360696,56.49286310136761,2.402451736465217,6.114036100742039,6.737320370284852,59.277197430940696,0.37496884394064817,0.9999868869781494,-2.52595623833722,-36.44690743682071,0.9494808752332556,True,True,0
169,5,100.0,5.0,0.25,20.0,300.0,0.02,34.7805219784466,46.31617144774315,56.394460075724126,2.296328029841587,4.979555119670269,6.736474077019467,59.26056756890858,0.3749220886791192,0.9999866485595703,-2.537565765152727,-36.43234031794547,0.9492486846969455,True,True,0
170,5,100.0,5.0,0.25,20.0,300.0,0.02,34.94787060751078,46.30615216510154,56.30733651850303,3.9033171296072324,9.83694209989163,6.73559147136622,59.24836516816618,0.3748729462814904,0.9999864101409912,-2.5294241217044204,-36.382737936062185,0.9494115175659116,True,True,0
171,5,100.0,5.0,0.25,20.0,300.0,0.02,35.07065535982757,46.29704122315238,56.19599974658435,3.472036521911451,7.369544898561935,6.733649723881854,59.24158297588254,0.3747651347167398,0.9999860525131226,-2.5246419009671124,-36.394438342667,0.9495071619806578,True,True,0
172,5,100.0,5.0,0.25,20.0,300.0,0.02,35.16638456566632,46.28911555979023,56.08320092408145,3.136424461553263,5.9068897146129205,6.73145132478913,59.22976921253437,0.3746419414984054,0.9999857544898987,-2.520413939618926,-36.43537502079444,0.9495917212076215,True,True,0
173,5,100.0,5.0,0.25,20.0,300.0,0.02,35.24464625604023,46.282140264756315,55.97514954080895,2.847674389007289,4.92266614970803,6.729408998543276,59.21694147402232,0.3745272463244629,0.9999854564666748,-2.5181115110952113,-36.46528197093177,0.9496377697780958,True,True,0
174,5,100.0,5.0,0.25,20.0,300.0,0.02,35.311078072304355,46.27588202741478,55.87335875002156,2.605080887705912,4.239575962909783,6.727567737128539,59.20438233370499,0.3744237604044764,0.9999850988388062,-2.516303296469018,-36.49907634007357,0.9496739340706196,True,True,0
175,5,100.0,5.0,0.25,20.0,300.0,0.02,35.369211704737936,46.27018325621055,55.8647260433166,2.400659264826628,4.0272269636683085,6.725891122289938,59.19247265506028,0.37432948894156204,0.9999847412109375,-2.514646698345418,-36.479216005491814,0.9497070660330916,True,True,0
176,5,100.0,5.0,0.25,20.0,300.0,0.02,35.421261107341294,46.264928323561286,55.86862308802886,2.226072146385082,3.809879518976464,6.7243413625526545,59.18131564051618,0.3742423230223871,0.9999843239784241,-2.5155168333565725,-36.464328475860306,0.9496896633328685,True,True,0
177,5,100.0,5.0,0.25,20.0,300.0,0.02,35.468686044953486,46.260034865396925,55.87479596949259,2.0734200796887556,3.5943436127225614,6.722927677482505,59.17033413718145,0.3741627977454015,0.9999839067459106,-2.5143234343095107,-36.443149786640554,0.9497135313138098,True,True,0
178,5,100.0,5.0,0.25,20.0,300.0,0.02,35.51242135848083,46.255459454514,55.882655787186394,1.9375970000103515,3.3861761275033126,6.721606446945563,59.15982463707527,0.3740884590965,0.999983549118042,-2.515441950323316,-36.43885544080571,0.9496911609935337,True,True,0
179,5,100.0,5.0,0.25,20.0,300.0,0.02,35.5529747668372,46.25117817652795,55.8918311739101,1.8145225874702429,3.188658888167702,6.720376251474009,59.1495957733799,0.37401923249543845,0.9999831318855286,-2.514987255009791,-36.42103363157117,0.9497002548998041,True,True,0
180,5,100.0,5.0,0.25,20.0,300.0,0.02,35.59077601109973,46.24716839237443,55.90199519117842,1.7020887082197897,3.001695381947624,6.719215824060308,59.13979012303483,0.3739539218712585,0.9999829530715942,-2.515836065955911,-36.41137758066978,0.9496832786808818,True,True,0
181,5,100.0,5.0,0.25,20.0,300.0,0.02,35.62613946935327,46.2411981441619,55.887990130621525,2.008945985126079,3.887795448689629,6.7181178722453145,59.13040196086792,0.37389214919798597,0.9999827146530151,-2.5094851725084095,-36.35045729554983,0.9498102965498318,True,True,0
182,5,100.0,5.0,0.25,20.0,300.0,0.02,35.66562677777904,46.226756562445736,55.88370381969674,2.7621575131519274,6.934303296244081,6.717083857722166,59.12122055143884,0.3738342883881567,0.9999821782112122,-2.5091283287887096,-36.219209423530614,0.9498174334242258,True,True,0
183,5,100.0,5.0,0.25,20.0,300.0,0.02,35.96228647575828,46.20829605318968,55.81422464062197,6.044968936194666,10.794176295847766,6.715822991050467,59.10098933912466,0.37376511750402286,0.9999817609786987,-2.5026395112126174,-35.850863333158074,0.9499472097757476,True,True,0
184,5,100.0,5.0,0.25,20.0,300.0,0.02,36.173678311634085,46.190958513256874,55.77594508412193,5.212427397588025,7.535062775269631,6.712391582210199,59.0945836357133,0.37357665643260035,0.9999808073043823,-2.497527217570715,-35.68341042892572,0.9500494556485857,True,True,0
185,5,100.0,5.0,0.25,20.0,300.0,0.02,36.3353921350539,46.17698427600345,55.76168946732225,4.71100703399852,6.190347896564475,6.7085440582442475,59.06886065146113,0.37336242208978704,0.9999800324440002,-2.4787701875631214,-35.60156664087277,0.9504245962487375,True,True,0
186,5,100.0,5.0,0.25,20.0,300.0,0.02,36.46596599043591,46.16434183270174,55.76282168878405,4.627750049244019,7.489142861822502,6.704903443891232,59.03971379543828,0.37315920078396875,0.9999793171882629,-2.4768508294322147,-35.582207550877904,0.9504629834113557,True,True,0
187,5,100.0,5.0,0.25,20.0,300.0,0.02,36.580835178197184,46.153740299396006,55.76871233468854,4.274979776629216,6.668284774327568,6.700553930938474,59.00615095830705,0.37291591875189223,0.9999785423278809,-2.469994597464233,-35.49983666458098,0.9506001080507154,True,True,0
188,5,100.0,5.0,0.25,20.0,300.0,0.02,36.68294584878633,46.152291132489495,55.823212408525315,4.3784688292473195,6.08807458385511,6.697044133005056,58.97607907726076,0.37271984015339427,0.9999776482582092,-2.472820996421793,-35.474702232077775,0.9505435800715641,True,True,0
189,5,100.0,5.0,0.25,20.0,300.0,0.02,36.77893363189964,46.14766414227979,55.86080401147657,4.034772829893562,5.991229509572135,6.69404060766186,58.94830894622024,0.37255207635608595,0.9999763369560242,-2.4731238104768383,-35.44029429027503,0.9505375237904632,True,True,0
190,5,100.0,5.0,0.25,20.0,300.0,0.02,36.86843021470163,46.142338058207194,55.89326011824406,3.7374188911023665,5.745530944905365,6.691233133050226,58.91999993006292,0.37239530524778375,0.9999752640724182,-2.472694785323593,-35.38027116717129,0.9505461042935281,True,True,0
191,5,100.0,5.0,0.25,20.0,300.0,0.02,36.951584664924006,46.13706927545895,55.92411028674385,3.4686725857741614,5.448508623356073,6.688639964823067,58.89297474310636,0.37225053478451803,0.9999745488166809,-2.4565034050603005,-35.34469604775028,0.950869931898794,True,True,0
192,5,100.0,5.0,0.25,20.0,300.0,0.02,37.125547015774416,46.123418616913135,55.954366415018676,4.205619515493268,7.608685073837503,6.686254278637453,58.86739269710702,0.3721174928914083,0.9999738335609436,-2.4735285425958287,-35.286170010157235,0.9505294291480835,True,True,0
193,5,100.0,5.0,0.25,20.0,300.0,0.02,37.40687805124159,46.0984649762301,55.89446834740722,6.49742818951689,11.557764241359667,6.681218431678132,58.82869364299149,0.37183668098899175,0.9999743700027466,-2.4803165329300287,-35.25607644402324,0.9503936693413995,True,True,0
194,5,100.0,5.0,0.25,20.0,300.0,0.02,37.3542268279,46.08169788773161,55.88815988277858,5.775485748812654,8.880903270465312,6.678080691971202,58.791621110842,0.37166719904259254,0.9999743700027466,-2.4910503302765616,-35.23559515917975,0.9501789933944688,True,True,0
195,5,100.0,5.0,0.25,20.0,300.0,0.02,37.30621958587409,46.06932432228277,55.90872544813226,5.264665491921134,8.41205189106151,6.675075429194447,58.753341890523224,0.37150347449808535,0.9999738931655884,-2.5104559414847434,-35.26480686273956,0.9497908811703051,True,True,0
196,5,100.0,5.0,0.25,20.0,300.0,0.02,37.29001300058407,46.06976351962477,56.01852184068073,5.413811382821189,8.856313387401146,6.672189858687329,58.71700327711709,0.37134589274814417,0.9999731183052063,-2.5346064232419168,-35.22542071168994,0.9493078715351617,True,True,0
197,5,100.0,5.0,0.25,20.0,300.0,0.02,37.28706746981826,46.06287394846561,56.07498273112005,5.124486927672134,7.91266917834956,6.670431876516394,58.69217129173209,0.37125238805039346,0.9999726414680481,-2.5702897031928784,-35.21925488415525,0.9485942059361424,True,True,0
198,5,100.0,5.0,0.25,20.0,300.0,0.02,37.2870043651179,46.02901391467078,55.97031306065491,5.703153905738284,11.086223760672866,6.6682782556041635,58.66127288903473,0.3711362748162079,0.9999723434448242,-2.58208754124527,-34.932894771935835,0.9483582491750946,True,True,0
199,5,100.0,5.0,0.25,20.0,300.0,0.02,37.331859496485855,45.98842097353484,55.853003147022115,6.052076056006688,11.578856122294706,6.6652365625192544,58.623165608672586,0.3709721299606409,0.9999718070030212,-2.5884973669707185,-34.85476653080985,0.9482300526605856,True,True,0
200,5,100.0,5.0,0.25,20.0,300.0,0.02,37.44413052193209,45.949657623586326,55.700262687245065,5.95035950462752,11.126029117879911,6.6616100828208,58.5654336702366,0.37077612575475005,0.999971330165863,-2.596637786021335,-34.65541886541624,0.9480672442795733,True,True,0
201,5,100.0,5.0,0.25,20.0,300.0,0.02,37.52984169673132,45.91284968195414,55.53427487634656,5.904544823676578,9.70941814318637,6.656666313725215,58.50501266679584,0.37050505682171714,0.9999706745147705,-2.6264264283574117,-34.624351857271705,0.9474714714328518,True,True,0
202,5,100.0,5.0,0.25,20.0,300.0,0.02,37.59765088715589,45.87714788016484,55.33949828392079,5.957635387773058,8.674277965759828,6.652103139778637,58.44385893973293,0.37025487853578776,0.9999698400497437,-2.7076130869932045,-34.62816047055212,0.9458477382601359,True,True,0
203,5,100.0,5.0,0.25,20.0,300.0,0.02,37.501522601588526,45.834795439219626,55.085891437327525,7.873194405091612,11.365523633139732,6.648243933299026,58.38921512257709,0.3700447543417137,0.9999681711196899,-2.7426486031619204,-34.59840664656115,0.9451470279367616,True,True,0
204,5,100.0,5.0,0.25,20.0,300.0,0.02,37.471408781409444,45.795516579622934,54.85606900622111,7.051651431447556,8.98603842106124,6.644258536037858,58.32012360681122,0.3698316010413293,0.9999678730964661,-2.7801399003320655,-34.575452831863025,0.9443972019933586,True,True,0
205,5,100.0,5.0,0.25,20.0,300.0,0.02,37.47862191244503,45.758248430398275,54.59378826886437,6.7488603364085265,8.401044176021882,6.640672866298769,58.25283158148335,0.36963916401329944,0.9999678730964661,-2.8132023796806345,-34.47368549895525,0.9437359524063873,True,True,0
206,5,100.0,5.0,0.25,20.0,300.0,0.02,37.52275514548203,45.714777779722425,54.36891880824742,7.194524454146434,13.796966029051777,6.637405974463442,58.18872129017534,0.3694648987046032,0.9999673366546631,-2.874271557377947,-34.47789672102825,0.942514568852441,True,True,0
207,5,100.0,5.0,0.25,20.0,300.0,0.02,37.58073617694328,45.67507978462636,54.13576118977713,6.753339761686179,12.179716092854484,6.633913472862949,58.107933245798954,0.36927999403529366,0.9999664425849915,-2.9611954887695484,-34.45265342919268,0.9407760902246091,True,True,0
208,5,100.0,5.0,0.25,20.0,300.0,0.02,37.65859932919096,45.6310816665174,53.83950986463988,8.43907101480336,12.943068806097298,6.630694460387445,58.033432660786566,0.36911018135002194,0.9999658465385437,-3.0455775531372082,-34.24286915786745,0.9390884489372558,True,True,0
209,5,100.0,5.0,0.25,20.0,300.0,0.02,37.76413066665759,45.59051295384874,53.59140058499104,7.73065909227285,10.654361836871303,6.629317144746045,57.968540734680055,0.3690478059300956,0.9999638795852661,-3.141255686650813,-34.02986459183,0.9371748862669838,True,True,0
210,5,100.0,5.0,0.25,20.0,300.0,0.02,37.893192087709416,45.54510640108476,53.36583521710286,8.262326244542562,15.407280950998674,6.626774966680142,57.88537936877361,0.36891744640672697,0.9999623894691467,-3.228918842953551,-33.99753659915233,0.9354216231409289,True,True,0
211,5,100.0,5.0,0.25,20.0,300.0,0.02,38.099143225385724,45.49641990566647,53.12423006851599,9.12082912955554,14.886776115600515,6.623475840274426,57.782827356646486,0.36874778538613895,0.9999622106552124,-3.3216604058155696,-33.98057664830785,0.9335667918836886,True,True,0
212,5,100.0,5.0,0.25,20.0,300.0,0.02,38.27115764878771,45.45226703381231,52.87669966372325,8.513671397529038,13.258919236652698,6.617865051315959,57.643716899933644,0.3684492835193023,0.9999615550041199,-3.411631106721651,-33.9560921518696,0.931767377865567,True,True,0
213,5,100.0,5.0,0.25,20.0,300.0,0.02,38.423504327823544,45.41245011325047,52.63875301801687,7.916548331766082,12.059203883177721,6.6133619592466335,57.527718372819564,0.3682114157611333,0.9999624490737915,-3.5064871560911253,-33.77709706878028,0.9298702568781775,True,True,0
214,5,100.0,5.0,0.25,20.0,300.0,0.02,38.58675887684342,45.36602560248383,52.41573743510149,9.089765806684948,16.46769084964117,6.6094250446772875,57.42527195472991,0.36800436233296324,0.9999623894691467,-3.565161512513782,-33.78575676174969,0.9286967697497244,True,True,0
215,5,100.0,5.0,0.25,20.0,300.0,0.02,38.764991624952145,45.319786859251266,52.087165084199746,9.912120805311897,14.280523130705944,6.605055694483131,57.30988398329433,0.3677778365995375,0.9999617338180542,-3.6997228897476533,-33.701827871318535,0.9260055422050469,True,True,0
216,5,100.0,5.0,0.25,20.0,300.0,0.02,38.9235177103325,45.276091886015436,51.744760891424946,10.431308039309155,13.44133369860055,6.599983288491306,57.19245314918913,0.3675122326071839,0.9999595284461975,-3.794689187461243,-33.60276930250259,0.9241062162507752,True,True,0
217,5,100.0,5.0,0.25,20.0,300.0,0.02,39.090653463336444,45.232830405651306,51.457598690609174,10.26282621616013,15.521860958536234,6.597217048633256,57.089198925722265,0.3673788106474105,0.999961256980896,-3.8732690525010516,-33.56701660159525,0.922534618949979,True,True,0
218,5,100.0,5.0,0.25,20.0,300.0,0.02,39.29262558401462,45.1889480848449,51.196554572788756,10.43580518336373,16.79414392649637,6.593381683381718,56.95691250146325,0.3671847731205598,0.9999614953994751,-3.932204561733616,-33.67134560874878,0.9213559087653277,True,True,0
219,5,100.0,5.0,0.25,20.0,300.0,0.02,39.480712675986176,45.15091957020505,50.92757785369001,9.612254685569665,14.304124333123697,6.589208880254039,56.82019471110138,0.3669727515222976,0.9999610185623169,-3.9708710039034902,-33.82662899798535,0.9205825799219302,True,True,0
220,5,100.0,5.0,0.25,20.0,300.0,0.02,39.65136509673212,45.11791170169523,50.67229953026561,8.757119500400341,12.560261799648988,6.585648170315981,56.69468959436214,0.36679172613785893,0.99996018409729,-4.006795925952421,-34.18777070654934,0.9198640814809516,True,True,0
221,5,100.0,5.0,0.25,20.0,300.0,0.02,39.89472655138112,45.08433508987526,50.43746066280771,9.365582211151734,14.014770176580713,6.582871996544162,56.577746680989044,0.36665241893604295,0.9999592304229736,-4.0031611564697585,-34.88124031202277,0.9199367768706048,True,True,0
222,5,100.0,5.0,0.25,20.0,300.0,0.02,40.14421038833871,45.04609277825409,50.145619197390445,10.814676170349435,16.405867143994794,6.580416112285071,56.42027242330131,0.3665338588005674,0.9999602437019348,-4.010598796705171,-35.0718111783871,0.9197880240658965,True,True,0
223,5,100.0,5.0,0.25,20.0,300.0,0.02,40.34736051856128,45.01379245207788,49.8781758022238,9.69232615592622,14.126051403892951,6.579650748997578,56.25212253152699,0.36651375633177413,0.9999616146087646,-4.021105421320474,-34.855726203942524,0.9195778915735905,True,True,0
224,5,100.0,5.0,0.25,20.0,300.0,0.02,40.49747131103372,44.98649159198484,49.63794183557664,8.650357592079763,12.35757819860017,6.579314722130209,56.10512388957705,0.3665137566196849,0.999962329864502,-4.03992448410811,-34.7388160483034,0.9192015103178378,True,True,0
225,5,100.0,5.0,0.25,20.0,300.0,0.02,40.70201571314496,44.96213835171018,49.42426863158494,8.204919068853838,10.892308098712295,6.579031063783661,55.980559897442305,0.36651375659665086,0.999962329864502,-4.035588910587035,-34.61538300884197,0.9192882217882593,True,True,0
226,5,100.0,5.0,0.25,20.0,300.0,0.02,40.8780205947924,44.93546934458794,49.21756449562017,9.205626242417669,14.401680899428312,6.578762851716354,55.85399876027343,0.3665137567300937,0.9999619722366333,-4.041611755999308,-34.359670221549976,0.9191677648800138,True,True,0
227,5,100.0,5.0,0.25,20.0,300.0,0.02,40.95465765291893,44.911655689911484,48.87843588226221,9.470561342089173,12.06669324727478,6.578444440629652,55.730405726747655,0.36651375659857766,0.9999638199806213,-4.039077602264816,-34.183816112185056,0.9192184479547036,True,True,0
228,5,100.0,5.0,0.25,20.0,300.0,0.02,41.10122593526183,44.89056963027997,48.53544129673939,8.808285377078963,11.502338303516051,6.578145365949144,55.64306496581684,0.3665137564746963,0.9999643564224243,-4.029479333172527,-33.9575723867254,0.9194104133365495,True,True,0
229,5,100.0,5.0,0.25,20.0,300.0,0.02,41.240834160156496,44.87088489236556,48.2673888186493,8.659735773246641,10.575403112039567,6.5778805394591195,55.55813087643166,0.3665137565352072,0.9999638795852661,-4.026055898091697,-33.78184204551894,0.9194788820381661,True,True,0
230,5,100.0,5.0,0.25,20.0,300.0,0.02,41.42264186826402,44.85237265318768,48.04881024431985,8.267889230752443,13.64044095860481,6.577621093752053,55.48900634760356,0.3665137565674737,0.9999643564224243,-4.023590069586469,-33.61575973291051,0.919528198950234,True,True,0
231,5,100.0,5.0,0.25,20.0,300.0,0.02,41.58196746762957,44.83739854834701,47.83995987807968,7.239162217299241,10.948590878346351,6.5773781233411635,55.41301078320507,0.36651375653907187,0.9999645948410034,-4.016483642194278,-33.57513048699382,0.9196703271561144,True,True,0
232,5,100.0,5.0,0.25,20.0,300.0,0.02,41.75824122044728,44.822898833065594,47.6526057910826,7.663465008744335,11.495644199390364,6.577181475338112,55.348041831266976,0.3665137564689957,0.9999644160270691,-4.014242179284631,-33.46481461559846,0.9197151564143073,True,True,0
233,5,100.0,5.0,0.25,20.0,300.0,0.02,41.898097473980144,44.81103709786065,47.484296501784065,6.633562914994608,9.56610339204664,6.576982899629259,55.27500179199602,0.3665137565366713,0.9999631643295288,-4.012496672734577,-33.36461882679988,0.9197500665453084,True,True,0
234,5,100.0,5.0,0.25,20.0,300.0,0.02,42.01891981194224,44.80136532123613,47.33711358018107,5.743818727741731,8.155629872553568,6.57682978984378,55.221121361441305,0.36651375659375124,0.999962568283081,-4.011817725012358,-33.356735619533254,0.9197636454997529,True,True,0
235,5,100.0,5.0,0.25,20.0,300.0,0.02,42.20135086853386,44.791028007028515,47.20979297070019,6.325235012204764,10.890608568763836,6.576705764258333,55.179181434164875,0.366513756531662,0.9999634027481079,-4.010364217080578,-33.28365271512492,0.9197927156583884,True,True,0
236,5,100.0,5.0,0.25,20.0,300.0,0.02,42.34498690478351,44.78271806238673,47.060633000166916,5.5647778210364605,8.628151905960053,6.576562159165362,55.13144119703942,0.3665137565655546,0.9999643564224243,-4.005729932280303,-33.22339901866694,0.9198854013543939,True,True,0
237,5,100.0,5.0,0.25,20.0,300.0,0.02,42.465246381742915,44.77516424707478,46.85034604499351,5.5829128183918435,7.518178056203849,6.5764492524748395,55.0965285155221,0.36651375659013413,0.9999646544456482,-4.004407133505843,-33.150465584229686,0.9199118573499724,True,True,0
238,5,100.0,5.0,0.25,20.0,300.0,0.02,42.61579318269878,44.76812944645998,46.68986349289275,5.338288104379603,8.224472337229477,6.576342604089106,55.06699123246779,0.3665137563742986,0.9999641180038452,-4.0020468843746695,-33.067658461627715,0.9199590623125066,True,True,0
239,5,100.0,5.0,0.25,20.0,300.0,0.02,42.74338275401976,44.76253706134444,46.56141618355705,4.510503526524478,6.644100142737363,6.576241555603761,55.04020845542617,0.36651375656025914,0.9999635815620422,-3.997760736750763,-33.02088248810539,0.9200447852649847,True,True,0
240,5,100.0,5.0,0.25,20.0,300.0,0.02,42.87728984710371,44.75713960918362,46.45490004404061,4.702049928215156,7.360512763049749,6.5761623684421195,55.01834944707483,0.36651375641380557,0.9999634623527527,-3.9964042816160656,-32.94889919250311,0.9200719143676787,True,True,0
241,5,100.0,5.0,0.25,20.0,300.0,0.02,42.98325788366966,44.75282615006178,46.36411647005888,4.026906232055021,5.493717746161938,6.576083335107268,54.9969505578071,0.36651375663634256,0.9999637603759766,-3.9951210914224693,-32.8919341308437,0.9200975781715506,True,True,0
242,5,100.0,5.0,0.25,20.0,300.0,0.02,43.081762539447496,44.74936384936378,46.286808000150415,3.46504747078964,4.410742590452456,6.5760246550955115,54.980060533007325,0.36651375656058627,0.9999637603759766,-3.9943892266089156,-32.84891850671505,0.9201122154678216,True,True,0
243,5,100.0,5.0,0.25,20.0,300.0,0.02,43.169093110007466,44.74657187467573,46.22098007320922,2.973282568587725,3.6646688608443383,6.5759799271541794,54.966670153836745,0.3665137564788007,0.9999637603759766,-3.9920651107620047,-32.82443141149792,0.9201586977847599,True,True,0
244,5,100.0,5.0,0.25,20.0,300.0,0.02,43.25268524332566,44.74340187835903,46.164927392411094,3.334729426625364,6.901059239105598,6.575943942516635,54.95598349070216,0.3665137564945082,0.9999637007713318,-3.9913010324937233,-32.775194580485525,0.9201739793501256,True,True,0
245,5,100.0,5.0,0.25,20.0,300.0,0.02,43.33092271503668,44.74089817067402,46.09745128124125,2.9254336281229616,5.104160263985806,6.5758985780522154,54.944678013455544,0.3665137565669838,0.9999639391899109,-3.9912649526471347,-32.741233483843125,0.9201747009470573,True,True,0
246,5,100.0,5.0,0.25,20.0,300.0,0.02,43.40428274952749,44.73889480609728,46.033197433505016,2.5396719142813047,4.094677886002688,6.57586580600983,54.93561843288692,0.36651375649431517,0.9999639987945557,-3.9910587652827747,-32.713662954069676,0.9201788246943445,True,True,0
247,5,100.0,5.0,0.25,20.0,300.0,0.02,43.46938872781565,44.73727889200841,45.976193314092434,2.1837821963602595,3.41396435421363,6.575840943901777,54.92834483017761,0.36651375650201673,0.9999639987945557,-3.9911013637838377,-32.70392167264043,0.9201779727243232,True,True,0
248,5,100.0,5.0,0.25,20.0,300.0,0.02,43.525955822848076,44.73596731749133,45.92691804905882,1.869357180212679,2.8949543113516967,6.575821886407771,54.92250072006248,0.3665137563396209,0.9999639987945557,-3.9920088384763766,-32.66986785659147,0.9201598232304724,True,True,0
249,5,100.0,5.0,0.25,20.0,300.0,0.02,43.57466786023792,44.73472713182049,45.81936961861083,2.30118029774942,4.453678076627287,6.575806710337794,54.91778113482979,0.36651375643636336,0.9999639391899109,-3.990896257358918,-32.64796026643747,0.9201820748528217,True,True,0
250,5,100.0,5.0,0.25,20.0,300.0,0.02,43.616595184897875,44.73341545739499,45.71903669452253,2.239332811355209,5.182148876644381,6.57578700183137,54.91311453488241,0.36651375646665146,0.9999639391899109,-3.990546502047514,-32.634868519835045,0.9201890699590497,True,True,0
251,5,100.0,5.0,0.25,20.0,300.0,0.02,43.65188354952022,44.732372984780326,45.64958923383145,1.8345479604007437,3.773131539817083,6.575765076347676,54.90890986470799,0.3665137566386733,0.9999639391899109,-3.9902954015051386,-32.63857152502123,0.9201940919698972,True,True,0
252,5,100.0,5.0,0.25,20.0,300.0,0.02,43.68184764372767,44.73153213890112,45.595992910902325,1.625627963217615,3.0517800936447372,6.57574974552808,54.90544773243086,0.3665137563694388,0.9999639987945557,-3.9902529657862202,-32.64129046580865,0.9201949406842755,True,True,0
253,5,100.0,5.0,0.25,20.0,300.0,0.02,43.70736403660346,44.73084874211833,45.5522486337093,1.4373008643159877,2.5948215510435073,6.5757379361651696,54.90259835680842,0.36651375653146595,0.9999639987945557,-3.9899015807069205,-32.64204298355425,0.9202019683858615,True,True,0
254,5,100.0,5.0,0.25,20.0,300.0,0.02,43.729112962372774,44.73029018324195,45.51562354531924,1.2665816340206475,2.255218376188078,6.575728653878127,54.90026289510295,0.36651375642578093,0.9999639987945557,-3.9898305944863766,-32.64334772074102,0.9202033881102725,True,True,0
255,5,100.0,5.0,0.25,20.0,300.0,0.02,43.74765372859213,44.729831458259184,45.48461931649512,1.1161518842285507,1.979170995617699,6.575721315858737,54.89834827601095,0.366513756657289,0.9999639987945557,-3.989892171236783,-32.644598311533514,0.9202021565752643,True,True,0
256,5,100.0,5.0,0.25,20.0,300.0,0.02,43.763457379411456,44.72945309669863,45.458249345558706,0.9853704494447326,1.7450656090988914,6.575715473055712,54.89677434412959,0.3665137565717166,0.9999640583992004,-3.9897733868736154,-32.64756182549104,0.9202045322625276,True,True,0
257,5,100.0,5.0,0.25,20.0,300.0,0.02,43.77692454846784,44.72913979880771,45.43577450354331,0.8724877653441103,1.5427810893319125,6.575710800656826,54.89547615664968,0.36651375660753893,0.9999640583992004,-3.9898486271581195,-32.647090513877124,0.9202030274568376,True,True,0
258,5,100.0,5.0,0.25,20.0,300.0,0.02,43.788397338201186,44.72887945727378,45.416600750111144,0.7756032408513875,1.366528653039707,6.57570703913052,54.894401389884365,0.3665137564781891,0.9999640583992004,-3.9898352154032626,-32.64836537936098,0.9202032956919347,True,True,0
259,5,100.0,5.0,0.25,20.0,300.0,0.02,43.79816823225027,44.72866243060488,45.40023461673557,0.6928647576968527,1.2123330020344802,6.575703998014041,54.893508650603124,0.36651375643787887,0.9999641180038452,-3.9898819031997235,-32.64842702236977,0.920202361939234,True,True,0
260,5,100.0,5.0,0.25,20.0,300.0,0.02,43.806487325650636,44.72848099495652,45.3862601372744,0.6223040215800691,1.0771161737567816,6.575701526055428,54.892764753569345,0.36651375642376577,0.9999641180038452,-3.989748916841975,-32.64627222923725,0.9202050216631605,True,True,0
261,5,100.0,5.0,0.25,20.0,300.0,0.02,43.813233975571514,44.72832892732204,45.37432456686156,0.5617595504899419,0.9583391991725806,6.575699510968634,54.89214315750947,0.36651375665061087,0.99996417760849,-3.9895440821582313,-32.64890327357136,0.9202091183568354,True,True,0
262,5,100.0,5.0,0.25,20.0,300.0,0.02,43.81878508887368,44.7282011863599,45.364127882234925,0.5091735234221042,0.8538514654542411,6.575697854006828,54.891622312619454,0.3665137566481155,0.99996417760849,-3.989678777408556,-32.650337041673936,0.9202064244518289,True,True,0
263,5,100.0,5.0,0.25,20.0,300.0,0.02,43.82350781887611,44.728093666826325,45.35541465478371,0.46291087326650004,0.7618060906440299,6.575696488624064,54.89118500897535,0.3665137566445174,0.99996417760849,-3.9886869023091824,-32.66163575039902,0.9202262619538164,True,True,0
264,5,100.0,5.0,0.25,20.0,300.0,0.02,43.827525544848086,44.727618170694214,45.347967263504444,1.2292787420109181,4.466899229600734,6.575694945947886,54.89081035165277,0.36651375636907046,0.9999642372131348,-3.9883917519345515,-32.68191427812791,0.920232164961309,True,True,0
265,5,100.0,5.0,0.25,20.0,300.0,0.02,43.84898651660201,44.727234361290094,45.34108985345508,1.195461568448715,3.06779357590404,6.575685153367539,54.8891485535529,0.36651375648193296,0.9999644160270691,-3.9884307440916458,-32.69141406153285,0.920231385118167,True,True,0
266,5,100.0,5.0,0.25,20.0,300.0,0.02,43.87354878008684,44.726921218039124,45.33501803793642,1.1207659769409546,2.398507986053102,6.575678825745138,54.88780952267135,0.36651375653684015,0.9999645352363586,-3.9880820092011473,-32.69408903808597,0.920238359815977,True,True,0
267,5,100.0,5.0,0.25,20.0,300.0,0.02,43.89665301163943,44.7266647887761,45.329743183873006,1.017102626340955,2.006705397787101,6.575673825848917,54.88668826392087,0.36651375652276674,0.9999645948410034,-3.988070809483786,-32.6936706800281,0.9202385838103243,True,True,0
268,5,100.0,5.0,0.25,20.0,300.0,0.02,43.917085926178316,44.72645404053923,45.32519220119796,0.914642841847372,1.7319368925997187,6.575669787362163,54.885757644501865,0.3665137565770908,0.9999646544456482,-3.987378824565078,-32.641106520027954,0.9202524235086984,True,True,0
269,5,100.0,5.0,0.25,20.0,300.0,0.02,43.943080788917335,44.725877148455204,45.32127762855483,1.6266231361375443,4.52535378116376,6.575666249350319,54.88498462603381,0.36651375660393715,0.9999646544456482,-3.9870666453880586,-32.642213228799164,0.9202586670922388,True,True,0
270,5,100.0,5.0,0.25,20.0,300.0,0.02,43.96921800076897,44.725425944870416,45.299288559593364,1.371699241085254,3.118748253033154,6.575654264255366,54.88312862685401,0.3665137564432691,0.9999650120735168,-3.9871799647673325,-32.670472122797186,0.9202564007046533,True,True,0
271,5,100.0,5.0,0.25,20.0,300.0,0.02,43.99764254051367,44.7250639961902,45.27410815217913,1.2224618311566355,2.4414664633154275,6.575646405553561,54.88160191151817,0.3665137566414874,0.9999651312828064,-3.9868364479778156,-32.67738207129439,0.9202632710404437,True,True,0
272,5,100.0,5.0,0.25,20.0,300.0,0.02,44.024002653054815,44.72477057690078,45.250430971877684,1.0910902673070009,2.0426814490564262,6.575640275807277,54.880324420019086,0.3665137566986626,0.9999651908874512,-3.9869023642518675,-32.68471844978383,0.9202619527149627,True,True,0
273,5,100.0,5.0,0.25,20.0,300.0,0.02,44.0472015398689,44.72453111799879,45.229492961414216,0.979345558431362,1.762219712129055,6.575635372344115,54.8792686525382,0.366513756536818,0.999965250492096,-3.987024188144394,-32.688969950394714,0.9202595162371121,True,True,0
274,5,100.0,5.0,0.25,20.0,300.0,0.02,44.06721611767811,44.72433466366213,45.21139094600316,0.884348249825511,1.5414311167604273,6.575631435973069,54.87840075051682,0.36651375642706685,0.9999653100967407,-3.986999470984945,-32.69091461082475,0.9202600105803012,True,True,0
275,5,100.0,5.0,0.25,20.0,300.0,0.02,44.08434532208701,44.72417276084978,45.19587709304634,0.8019477907839111,1.357362665084675,6.57562826599367,54.87768718032859,0.36651375642668055,0.9999653697013855,-3.9868678876214645,-32.69168367989769,0.9202626422475707,True,True,0
276,5,100.0,5.0,0.25,20.0,300.0,0.02,44.098955669248845,44.724038799713895,45.18262639743727,0.7293794981599755,1.1998223497578477,6.575625705284713,54.87709918217651,0.3665137566653306,0.9999653697013855,-3.9869115250389737,-32.691807088659424,0.9202617694992206,True,True,0
277,5,100.0,5.0,0.25,20.0,300.0,0.02,44.111398879175965,44.7239275641968,45.17132304783349,0.6648136930563424,1.0633700516134001,6.575623618443556,54.876612945640865,0.3665137565642977,0.9999654293060303,-3.9868021340379127,-32.693913590396036,0.9202639573192417,True,True,0
278,5,100.0,5.0,0.25,20.0,300.0,0.02,44.121988712096915,44.72383490727343,45.161684765099544,0.6069567173490495,0.9444841667297565,6.575621915554484,54.87620956992342,0.36651375655047524,0.9999654293060303,-3.98678566962475,-32.69326371222737,0.920264286607505,True,True,0
279,5,100.0,5.0,0.25,20.0,300.0,0.02,44.1309975669667,44.72375750986514,45.15346674339045,0.5548435077102033,0.840546201894312,6.575620515009972,54.8758738500434,0.3665137563189077,0.999965488910675,-3.986675737927383,-32.693229595755035,0.9202664852414524,True,True,0
280,5,100.0,5.0,0.25,20.0,300.0,0.02,44.13865942769968,44.723692699150284,45.14645908052293,0.5077229383860006,0.7494486774409358,6.5756193674696055,54.87559378862833,0.3665137564464843,0.999965488910675,-3.9865954126273135,-32.69113408795816,0.9202680917474537,True,True,0
281,5,100.0,5.0,0.25,20.0,300.0,0.02,44.14517432639373,44.72363831037872,45.14048261385545,0.4649909775934561,0.6694337421683645,6.575618414846181,54.875359390935515,0.3665137563161077,0.999965488910675,-3.98666198319559,-32.69317086688255,0.9202667603360882,True,True,0
282,5,100.0,5.0,0.25,20.0,300.0,0.02,44.150712949656636,44.72359258085652,45.135384677689636,0.42614901823003193,0.5990106359803177,6.5756176309624195,54.87516295561821,0.3665137565443488,0.9999655485153198,-3.9868999219237597,-32.69409312688003,0.9202620015615248,True,True,0
283,5,100.0,5.0,0.25,20.0,300.0,0.02,44.15542077584126,44.723554068161924,45.1310352495214,0.3907772999320477,0.5369058249903822,6.575616973307921,54.874997820808844,0.36651375641440137,0.9999655485153198,-3.9869453472057304,-32.69163727853947,0.9202610930558854,True,True,0
284,5,100.0,5.0,0.25,20.0,300.0,0.02,44.15942173972089,44.72352158655106,45.12732365225715,0.3585167108975194,0.4820291605467252,6.5756164275346585,54.87485888648031,0.3665137564510617,0.9999655485153198,-3.9866787471547633,-32.69153247956481,0.9202664250569047,True,True,0
285,5,100.0,5.0,0.25,20.0,300.0,0.02,44.162821387956676,44.72349415726346,45.124155613086245,0.32905650829487604,0.43344264143680283,6.575615970137337,54.874741770464226,0.3665137564134301,0.9999655485153198,-3.986621037074238,-32.69149853478529,0.9202675792585152,True,True,0
286,5,100.0,5.0,0.25,20.0,300.0,0.02,44.16570957170694,44.723470969301246,45.12145086676451,0.30212498761452994,0.3903417456139676,6.575615590206332,54.87464301818912,0.36651375655670304,0.9999655485153198,-3.9866660988601685,-32.6897654462309,0.9202666780227966,True,True,0
287,5,100.0,5.0,0.25,20.0,300.0,0.02,44.168162791880704,44.72345134844455,45.1191410603405,0.2774830059455982,0.3520325405412412,6.575615271206536,54.874559557358126,0.3665137566655802,0.9999656081199646,-3.986816772670214,-32.69139388445702,0.9202636645465957,True,True,0
288,5,100.0,5.0,0.25,20.0,300.0,0.02,44.17024613692477,44.723434732486325,45.11716798416196,0.2549185370807148,0.31791805022156205,6.5756149968391835,54.87448886361313,0.36651375640620143,0.9999656081199646,-3.9866148051660253,-32.687164330613236,0.9202677038966794,True,True,0
289,5,100.0,5.0,0.25,20.0,300.0,0.02,44.17201501907213,44.72342065142065,45.11548203302492,0.2342427142829318,0.287480888823049,6.575614771923369,54.87442917194734,0.3665137565211982,0.9999656081199646,-3.986678640521018,-32.690243583770446,0.9202664271895796,True,True,0
290,5,100.0,5.0,0.25,20.0,300.0,0.02,44.17351655242948,44.72340871126716,45.11404097448752,0.21528673569964335,0.2602774370303055,6.575614579263222,54.87437853208075,0.36651375644223216,0.9999656081199646,-3.9868599649957717,-32.68980371026595,0.9202628007000846,True,True,0
291,5,100.0,5.0,0.25,20.0,300.0,0.02,44.17479085960736,44.72339858126817,45.112808821065734,0.19789888784425308,0.23591949616943808,6.5756144218100685,54.874335753957645,0.36651375665606795,0.9999656081199646,-3.986769771854944,-32.690328367338566,0.9202646045629012,True,True,0
292,5,100.0,5.0,0.25,20.0,300.0,0.02,44.17587204286298,44.72338998312587,45.111754890389705,0.18194256612938514,0.21407300190902584,6.575614285236093,54.874299377789825,0.3665137566339711,0.9999656081199646,-3.986840831529418,-32.69200279075771,0.9202631833694116,True,True,0
293,5,100.0,5.0,0.25,20.0,300.0,0.02,44.17678912064462,44.72338268233035,45.110853068027005,0.16729452325713723,0.19444756094663906,6.575614168049081,54.874268504526306,0.3665137565147113,0.9999656081199646,-3.986731027957534,-32.68799037416137,0.9202653794408493,True,True,0
294,5,100.0,5.0,0.25,20.0,300.0,0.02,44.177566756707996,44.723376481026335,45.11008106325269,0.1538431030489516,0.17678924243918887,6.575614071421548,54.87424234339387,0.3665137565505652,0.9999656081199646,-3.9867681997083677,-32.689246473757265,0.9202646360058326,True,True,0
295,5,100.0,5.0,0.25,20.0,300.0,0.02,44.178225937511684,44.723371212090946,45.10941990694799,0.14148707978269154,0.16087760117970923,6.575613991584275,54.874220201871495,0.36651375668658537,0.9999656081199646,-3.9869174642043714,-32.6879247021068,0.9202616507159126,True,True,0
296,5,100.0,5.0,0.25,20.0,300.0,0.02,44.178784520228696,44.72336673416407,45.10885338871619,0.13013443784109818,0.1465191244161946,6.575613919832662,54.87420129499553,0.3665137565697052,0.9999656081199646,-3.986748402034676,-32.68767088737171,0.9202650319593064,True,True,0
297,5,100.0,5.0,0.25,20.0,300.0,0.02,44.17925768490335,44.723362927659444,45.108367739876456,0.11970153505121979,0.13354500704481878,6.575613860308775,54.87418528089084,0.36651375653903834,0.9999656677246094,-3.9865978332750953,-32.686182005259255,0.9202680433344981,True,True,0
298,5,100.0,5.0,0.25,20.0,300.0,0.02,44.17965830697255,44.72335969123401,45.107951175497725,0.11011203007335262,0.12180743778873913,6.575613809888743,54.87417166458579,0.3665137565137933,0.9999656677246094,-3.9865980943480652,-32.68555072153545,0.9202680381130387,True,True,0
299,5,100.0,5.0,0.25,20.0,300.0,0.02,44.1799742307875,44.723356939023404,45.10759366558529,0.1012963547779123,0.11117575085795671,6.575613769872356,54.87416017583286,0.3665137566429647,0.9999656677246094,-3.986673901618485,-32.68588707353147,0.9202665219676303,True,True,0
300,5,100.0,5.0,0.25,20.0,300.0,0.02,44.18019791830132,44.72335459822894,45.10728665216498,0.0931909063147539,0.1015343573727579,6.575613731048188,54.87415031445879,0.3665137564795729,0.9999656677246094,-3.9866997866177747,-32.685828915182654,0.9202660042676445,True,True,0
301,5,100.0,5.0,0.25,20.0,300.0,0.02,44.18038701259673,44.72335260703436,45.10702282120957,0.08573755119105324,0.0927823648619684,6.575613699905298,54.87414196818216,0.36651375643937023,0.9999656677246094,-3.986714480214926,-32.684847879692335,0.9202657103957015,True,True,0
302,5,100.0,5.0,0.25,20.0,300.0,0.02,44.180546782283,44.7233509130024,45.10679594785067,0.07888315557769657,0.08483027819516989,6.575613679669815,54.87413500255188,0.36651375675017095,0.9999656677246094,-3.9866502772999795,-32.68516035784555,0.9202669944540004,True,True,0
303,5,100.0,5.0,0.25,20.0,300.0,0.02,44.18068169072451,44.72334947161987,45.10660071600725,0.07257898755671491,0.07759763603934462,6.575613654306899,54.87412893256333,0.3665137565564859,0.9999656677246094,-3.9864550763380833,-32.685637491391375,0.9202708984732383,True,True,0
304,5,100.0,5.0,0.25,20.0,300.0,0.02,44.18079555524349,44.72334824505964,45.10643257342799,0.06678040566510386,0.07102743597824454,6.575613639980964,54.87412389229813,0.3665137567933615,0.9999656677246094,-3.9867494985721983,-32.683397924623165,0.920265010028556,True,True,0
305,5,100.0,5.0,0.25,20.0,300.0,0.02,44.180891550823574,44.72334720118395,45.106287641768006,0.06144653224331167,0.06520566705111272,6.575613618833934,54.87411943966547,0.36651375649433915,0.9999656677246094,-3.986794147317395,-32.68253208663858,0.9202641170536521,True,True,0
306,5,100.0,5.0,0.25,20.0,300.0,0.02,44.1809724326353,44.723346312685116,45.10616261176492,0.056539803677213805,0.05987221836733006,6.575613608304369,54.87411579706604,0.3665137566533042,0.9999656677246094,-3.9867636455138804,-32.68665228771895,0.9202647270897224,True,True,0
307,5,100.0,5.0,0.25,20.0,300.0,0.02,44.1810405310451,44.723345556362986,45.10605465551818,0.05202579535967028,0.05498421782203873,6.575613595011388,54.874112607920495,0.36651375654546015,0.9999656677246094,-3.9865383398766365,-32.678913004702125,0.9202692332024672,True,True,0
308,5,100.0,5.0,0.25,20.0,300.0,0.02,44.18109780835536,44.72334491248024,45.10596133693555,0.04787288339509588,0.05050368517645608,6.5756135862672975,54.874109999909656,0.3665137565951262,0.9999656677246094,-3.9868304177604377,-32.68222792986398,0.9202633916447912,True,True,0
309,5,100.0,5.0,0.25,20.0,300.0,0.02,44.18114592307069,44.72334436427214,45.10588060377322,0.04405203272861355,0.04639451049496998,6.57561357793147,54.874107685078904,0.3665137565879527,0.9999656677246094,-3.9866430676244313,-32.68111553905998,0.9202671386475114,True,True,0
310,5,100.0,5.0,0.25,20.0,300.0,0.02,44.1811863039224,44.72334389745779,45.10581068658189,0.04053657004485735,0.04262552611989947,6.575613569714305,54.87410577001512,0.36651375651733553,0.9999656677246094,-3.9866525190165603,-32.68492920136784,0.9202669496196688,True,True,0
311,5,100.0,5.0,0.25,20.0,300.0,0.02,44.1812201502664,44.723343499918684,45.10575006591631,0.037302037697211785,0.039167716844805966,6.5756135628927455,54.87410411703745,0.36651375646616485,0.9999656677246094,-3.9867092839485934,-32.68508625588441,0.9202658143210282,True,True,0
312,5,100.0,5.0,0.25,20.0,300.0,0.02,44.18124845919652,44.723343161340566,45.10569743961879,0.03432587424895511,0.035994657232018154,6.5756135595607255,54.87410275622488,0.36651375656085294,0.9999656677246094,-3.986984575850573,-32.684174591565,0.9202603084829886,True,True,0
313,5,100.0,5.0,0.25,20.0,300.0,0.02,44.18127210687929,44.72334287293397,45.105651703179376,0.031587415974460124,0.0330821536477518,6.575613557127783,54.87410160807662,0.36651375666279556,0.9999656677246094,-3.9868230230167954,-32.68060164490456,0.9202635395396641,True,True,0
314,5,100.0,5.0,0.25,20.0,300.0,0.02,44.18129183964106,44.72334262723852,45.10561190866085,0.029067562213539445,0.030408230558856587,6.575613549035572,54.874100533117854,0.3665137564137032,0.9999656677246094,-3.9867334837603856,-32.674715440881414,0.9202653303247923,True,True,0
315,5,100.0,5.0,0.25,20.0,300.0,0.02,44.1813082603968,44.72334241789723,45.10557724489032,0.026748933179543938,0.02795286039198669,6.575613547285521,54.8740997176639,0.36651375648801116,0.9999656677246094,-3.9865772483874675,-32.68471757124111,0.9202684550322506,True,True,0
316,5,100.0,5.0,0.25,20.0,300.0,0.02,44.18132188591786,44.72334223951196,45.105546985268376,0.02461532147525103,0.025698579828138064,6.575613545914408,54.874098990155254,0.3665137565579062,0.9999656677246094,-3.9867784374942326,-32.685924519590834,0.9202644312501154,True,True,0
317,5,100.0,5.0,0.25,20.0,300.0,0.02,44.18133317867062,44.72334208748231,45.10552056165942,0.022651998267997388,0.023627187711522103,6.575613544925909,54.87409838702946,0.3665137566273407,0.9999656677246094,-3.9866219166820596,-32.68401644580416,0.9202675616663588,True,True,0
318,5,100.0,5.0,0.25,20.0,300.0,0.02,44.18134249321711,44.72334195787875,45.10549744729538,0.0208453536139177,0.02172467990084864,6.5756135425502915,54.87409786402163,0.3665137566004946,0.9999656677246094,-3.986568861013814,-32.67604112634443,0.9202686227797237,True,True,0
319,5,100.0,5.0,0.25,20.0,300.0,0.02,44.18135015352748,44.72334184740743,45.10547720206864,0.019182860808655562,0.01997649001165694,6.575613540431735,54.87409742637838,0.3665137565715018,0.9999656677246094,-3.986771229310087,-32.682094785627875,0.9202645754137982,True,True,0
320,5,100.0,5.0,0.25,20.0,300.0,0.02,44.18135643709,44.723341753193814,45.10545943144257,0.017652959486184613,0.018370377362085927,6.575613544557462,54.874097150203504,0.36651375687814314,0.9999656677246094,-3.9866267969348304,-32.68588400316412,0.9202674640613033,True,True,0
321,5,100.0,5.0,0.25,20.0,300.0,0.02,44.18136155756603,44.723341672839425,45.10544383041349,0.01624515169146657,0.016894129348073904,6.575613538962451,54.87409671990089,0.36651375663203667,0.9999656677246094,-3.9867137421667103,-32.684323984718105,0.9202657251566658,True,True,0
322,5,100.0,5.0,0.25,20.0,300.0,0.02,44.18136570754212,44.723341604293,45.105430091520105,0.01494963810139544,0.015537386509047527,6.575613537632916,54.874096484102864,0.3665137566128762,0.9999656677246094,-3.986690114431656,-32.683867833908494,0.9202661977113669,True,True,0
323,5,100.0,5.0,0.25,20.0,300.0,0.02,44.18136906219967,44.723341545808026,45.10541798136095,0.013757468579781884,0.014290587296668551,6.575613538378241,54.87409625730441,0.3665137567014597,0.9999656677246094,-3.9867480297385454,-32.68045846293722,0.9202650394052291,True,True,0
324,5,100.0,5.0,0.25,20.0,300.0,0.02,44.18137173814243,44.72334149589953,45.105407302455205,0.012660386772675877,0.013143898081466933,6.575613536052601,54.874096042029514,0.3665137566125155,0.9999656677246094,-3.9864952878689395,-32.68169502229741,0.9202700942426212,True,True,0
325,5,100.0,5.0,0.25,20.0,300.0,0.02,44.18137384198633,44.72334145329411,45.10539785508165,0.01165078698570904,0.012090088111810548,6.575613532776281,54.87409584689876,0.3665137564633889,0.9999656677246094,-3.986921245023504,-32.686451695798766,0.9202615750995299,True,True,0
326,5,100.0,5.0,0.25,20.0,300.0,0.02,44.18137550520343,44.72334141692245,45.105389491137934,0.010721737608332078,0.011121191700173444,6.575613531029155,54.87409566095609,0.3665137563953678,0.9999656677246094,-3.9867671968800584,-32.68619282306004,0.9202646560623988,True,True,0
327,5,100.0,5.0,0.25,20.0,300.0,0.02,44.181376775580304,44.723341385838374,45.10538207708389,0.00986676444457134,0.010230150873629136,6.575613533533752,54.87409561008664,0.36651375655949137,0.9999656677246094,-3.9866179548854714,-32.68272552203905,0.9202676409022905,True,True,0
328,5,100.0,5.0,0.25,20.0,300.0,0.02,44.18137773263708,44.723341359291126,45.1053754980247,0.0090799898196316,0.009410837827319182,6.575613532075338,54.87409549472684,0.366513756499768,0.9999656677246094,-3.986794797302599,-32.68089123258692,0.920264104053948,True,True,0
329,5,100.0,5.0,0.25,20.0,300.0,0.02,44.181378440894,44.72334133659868,45.10536964548405,0.008355922475601692,0.008657180773032631,6.575613533423515,54.87409543344982,0.36651375659299834,0.9999656677246094,-3.986819067076349,-32.68157863369696,0.9202636186584731,True,True,0
330,5,100.0,5.0,0.25,20.0,300.0,0.02,44.181378935361955,44.72334131719608,45.10536442164726,0.007689641410743707,0.007964654841873135,6.575613532411578,54.874095367768625,0.3665137565513909,0.9999656677246094,-3.986736122131999,-32.67931949809805,0.92026527755736,True,True,0
331,5,100.0,5.0,0.25,20.0,300.0,0.02,44.181379264802956,44.72334130059398,45.10535976377496,0.0070764697173251595,0.007327332841033584,6.575613531232123,54.87409528611232,0.3665137564990046,0.9999656677246094,-3.9867335643635715,-32.68541586262657,0.9202653287127286,True,True,0
332,5,100.0,5.0,0.25,20.0,300.0,0.02,44.181379443587424,44.72334128638644,45.10535561096499,0.006512203807241726,0.006741152089577656,6.575613530885815,54.87409522637862,0.3665137564911431,0.9999656677246094,-3.986730105668836,-32.676367459373196,0.9202653978866233,True,True,0
333,5,100.0,5.0,0.25,20.0,300.0,0.02,44.18137952308181,44.723341274227195,45.10535189041152,0.005992954539092622,0.006202062121661642,6.575613532772916,54.874095204187476,0.3665137566060351,0.9999656677246094,-3.9869200610738265,-32.680873566763154,0.9202615987785234,True,True,0
334,5,100.0,5.0,0.25,20.0,300.0,0.02,44.181379511885254,44.723341263802546,45.105348552738,0.005515066430781575,0.005706355328768955,6.575613530390561,54.874095139034836,0.36651375648172213,0.9999656677246094,-3.986658187293631,-32.6803706866211,0.9202668362541274,True,True,0
335,5,100.0,5.0,0.25,20.0,300.0,0.02,44.181379434430234,44.723341254879465,45.105345567746745,0.005075327085279298,0.005250085975844628,6.575613530129763,54.87409508822148,0.3665137564742447,0.9999656677246094,-3.9866028816728822,-32.68231272217566,0.9202679423665423,True,True,0
336,5,100.0,5.0,0.25,20.0,300.0,0.02,44.181379310621566,44.72334124723077,45.10534288192628,0.004670639544879754,0.004830488307989585,6.575613530955846,54.87409509148503,0.3665137565263621,0.9999656677246094,-3.98685671984941,-32.68334371239185,0.9202628656030118,True,True,0
337,5,100.0,5.0,0.25,20.0,300.0,0.02,44.181379138705466,44.72334124067286,45.10534046797747,0.004298232817465122,0.00444456937984529,6.575613533089194,54.87409511343418,0.36651375665033836,0.9999656677246094,-3.9867975499770414,-32.67801646120121,0.9202640490004592,True,True,0
338,5,100.0,5.0,0.25,20.0,300.0,0.02,44.18137894148325,44.72334123504068,45.10533829851495,0.0039554612611374124,0.004089348408744923,6.575613533185033,54.87409509106089,0.3665137566598989,0.9999656677246094,-3.986420926117799,-32.686512084610314,0.920271581477644,True,True,0
339,5,100.0,5.0,0.25,20.0,300.0,0.02,44.1813787332485,44.72334123019956,45.10533633891349,0.0036400783379587987,0.0037627949419939805,6.575613529482059,54.87409501975913,0.36651375645719164,0.9999656677246094,-3.9865656545905686,-32.68202197296781,0.9202686869081886,True,True,0
340,5,100.0,5.0,0.25,20.0,300.0,0.02,44.1813784945338,44.72334122604694,45.10533457041346,0.0033498232381352793,0.0034621734390385527,6.575613532712071,54.87409508129247,0.36651375664046354,0.9999656677246094,-3.986538371787335,-32.68301332882219,0.9202692325642533,True,True,0
341,5,100.0,5.0,0.25,20.0,300.0,0.02,44.18137825736252,44.72334122246652,45.10533296315671,0.003082740350759514,0.003185981377764253,6.575613531071425,54.87409503029648,0.36651375655158397,0.9999656677246094,-3.9866000367564585,-32.68327891145445,0.9202679992648708,True,True,0
342,5,100.0,5.0,0.25,20.0,300.0,0.02,44.18137801885301,44.72334121939018,45.10533150869661,0.0028369325643765935,0.002931671591962508,6.575613528474487,54.87409497881073,0.3665137564096344,0.9999656677246094,-3.986589472590451,-32.68415696067824,0.920268210548191,True,True,0
343,5,100.0,5.0,0.25,20.0,300.0,0.02,44.18137778244648,44.7233412167425,45.10533019537765,0.002610738221397812,0.002697389645837433,6.575613531919746,54.87409502077793,0.36651375660369573,0.9999656677246094,-3.986699238089347,-32.68568404807336,0.920266015238213,True,True,0
344,5,100.0,5.0,0.25,20.0,300.0,0.02,44.1813775543682,44.72334121445692,45.10532900861443,0.0024025566550752346,0.0024821820172463934,6.575613525915559,54.87409493014702,0.3665137562709245,0.9999656677246094,-3.986700006701741,-32.675895852114365,0.9202659998659651,True,True,0
345,5,100.0,5.0,0.25,20.0,300.0,0.02,44.181377319525886,44.72334121247994,45.10532792477772,0.0022110042603887847,0.0022839679532271956,6.57561352703492,54.8740949139355,0.36651375633506694,0.9999656677246094,-3.9865813687630656,-32.680303819499784,0.9202683726247387,True,True,0
0,7,100.0,5.0,0.25,20.0,300.0,0.02,12.489972441498796,40.25795567698662,57.42063633240255,130.19788844855074,286.48468799096315,10.411009005851788,136.60581458667255,0.4047057195102165,1.0,11.935118666831416,-32.87062573415469,1.2387023733366282,False,False,3
1,7,100.0,5.0,0.25,20.0,300.0,0.02,16.863959085640438,41.88877992479661,58.7687673924293,122.73443447916084,270.04066368638297,9.215082820222591,125.77458242247044,0.3599245223656422,0.9999997615814209,8.394770720200075,-33.754104748800074,1.1678954144040015,False,False,3
2,7,100.0,5.0,0.25,20.0,300.0,0.02,20.344080811508576,42.48723718344517,60.87231249801615,107.97758491237904,216.60081434016556,7.998905840522475,112.01951569081378,0.31404972572591133,0.9999876618385315,5.597456664883574,-36.1340394395078,1.1119491332976714,False,False,2
3,7,100.0,5.0,0.25,20.0,300.0,0.02,23.051149086118816,42.62883753013268,62.1768650972,89.3882211727861,151.5139159015669,6.949012792603897,97.65828573678564,0.27400349780696276,0.9997146129608154,3.4497043223811232,-36.84569401927799,1.0689940864476224,False,False,2
4,7,100.0,5.0,0.25,20.0,300.0,0.02,25.06466248420357,42.710712477574326,63.06860087340257,67.72671355860588,109.71355702182127,6.121986726982709,84.99763486269212,0.24204460617450427,0.9994145035743713,2.0083723725180374,-36.850267364601734,1.0401674474503608,False,False,2
5,7,100.0,5.0,0.25,20.0,300.0,0.02,26.617156650696582,42.73111474118942,63.73414971549779,53.0997481934074,80.33325143856577,5.497142707895891,76.17623810743922,0.21765791286753688,0.999054491519928,1.2452024808104158,-35.610637546941824,1.0249040496162083,False,False,2
6,7,100.0,5.0,0.25,20.0,300.0,0.02,27.776059797796535,42.7747474522801,64.32929327163565,42.77425739797972,67.19162159894637,5.06399543640232,70.389331919417,0.20069539449878207,0.9985707998275757,0.9253933658805058,-35.41306595999778,1.0185078673176102,False,False,2
7,7,100.0,5.0,0.25,20.0,300.0,0.02,28.80193250897686,42.817055594185014,64.82588565858595,34.037154107387714,53.687750056604756,4.746825104402261,66.07107989724169,0.18826213552733478,0.9982191920280457,0.7665675564849345,-35.36996992972378,1.0153313511296986,False,False,1
8,7,100.0,5.0,0.25,20.0,300.0,0.02,29.69052215365574,42.81866454538276,65.31948084444895,28.825494282057498,43.20169232115445,4.507307494395736,62.96221069879747,0.17885475722338343,0.9983118772506714,0.7100760374033954,-35.35450526533998,1.014201520748068,False,False,1
9,7,100.0,5.0,0.25,20.0,300.0,0.02,30.490186434120258,42.8166328337389,65.67460224335989,23.68717028314904,34.185689802517956,4.330003467739171,60.873802005919394,0.17188543575833537,0.998410165309906,0.5510041891894795,-36.25138943460318,1.0110200837837895,False,False,1
10,7,100.0,5.0,0.25,20.0,300.0,0.02,31.23373537830853,42.82022691641292,65.9076346647709,20.083591786819813,27.060276566427262,4.219094463570289,59.50741217076953,0.1675341133710655,0.998436450958252,0.4214031099021447,-35.687610522168065,1.0084280621980428,False,False,1
11,7,100.0,5.0,0.25,20.0,300.0,0.02,30.68596980019751,42.835522149922795,66.08272479110096,16.21835507597383,21.867355093551375,4.163608159821687,58.75717247075373,0.16537444179999175,0.9983878135681152,0.29243139984156796,-35.360628895467556,1.0058486279968313,False,False,1
12,7,100.0,5.0,0.25,20.0,300.0,0.02,30.27250442420614,42.84817500664301,66.15872992072764,13.066707112275074,19.677888288871358,4.128487061570777,58.33872100605676,0.16400834799018743,0.9982887506484985,0.1586088819728624,-35.46612353024725,1.0031721776394573,False,False,1
13,7,100.0,5.0,0.25,20.0,300.0,0.02,29.94558559343783,42.861262823414634,66.22676256290428,11.3574216710603,18.13346125031374,4.100803886340875,58.060647113807455,0.16292895985233444,0.9982879757881165,0.16782554807951322,-34.68774605244036,1.0033565109615903,False,False,1
14,7,100.0,5.0,0.25,20.0,300.0,0.02,29.66165631054948,42.87975680129198,66.29615126230775,10.421255035623847,19.172060526864943,4.086241543132854,57.89902811319628,0.16236877812183428,0.9982680678367615,0.12505950634457808,-34.55878193606246,1.0025011901268917,False,False,1
15,7,100.0,5.0,0.25,20.0,300.0,0.02,29.416458712882104,42.8919573357691,66.25389381517991,9.49283954640747,18.55970243961028,4.07803237692678,57.763103505807415,0.1620622344855143,0.9982138872146606,0.0818655671633202,-34.51721107347656,1.0016373113432664,False,False,1
16,7,100.0,5.0,0.25,20.0,300.0,0.02,29.239802016623695,42.904825251718805,66.18457065245924,8.833079004429283,15.749646757174114,4.071249242900429,57.62992449638064,0.16181028111154347,0.9981598854064941,0.02177622963369829,-34.843622619493765,1.000435524592674,False,False,1
17,7,100.0,5.0,0.25,20.0,300.0,0.02,29.11179373628575,42.91624096553932,66.0944479179801,8.271686460570644,17.186243613100505,4.065958141590875,57.53491513810522,0.16161608638008723,0.9980985522270203,-0.06710172982508109,-35.52402064043508,0.9986579654034984,True,True,0
18,7,100.0,5.0,0.25,20.0,300.0,0.02,29.023122986005387,42.91755587934487,65.95974898436192,7.795500733876001,15.075253278986867,4.0630406864504085,57.41747659247435,0.16151637420929424,0.9980431795120239,-0.11887122810017794,-36.20655259167482,0.9976225754379965,True,True,0
19,7,100.0,5.0,0.25,20.0,300.0,0.02,28.956213736744004,42.90859081317343,65.82857036578179,7.148445311514513,12.967270398085542,4.061931922553388,57.32842646876679,0.16148847306114084,0.9979997873306274,-0.1631204546397558,-36.36793638187247,0.9967375909072049,True,True,0
20,7,100.0,5.0,0.25,20.0,300.0,0.02,28.89736297336102,42.90541519009141,65.69142287278153,8.259153851973489,12.276405523959422,4.063065403633643,57.27997321183965,0.16154927789415555,0.9980271458625793,-0.2562895539237587,-36.62500200939702,0.9948742089215248,True,True,0
21,7,100.0,5.0,0.25,20.0,300.0,0.02,28.854930900177273,42.901878192320815,65.55630792187553,8.689561069044066,14.029400823949969,4.0660921418849085,57.26141239739486,0.1616875176816637,0.9979897737503052,-0.3474118113790796,-36.928685920470485,0.9930517637724184,True,True,0
22,7,100.0,5.0,0.25,20.0,300.0,0.02,28.82767280816718,42.898110056458286,65.42671692082682,8.075873645058383,13.455682217877238,4.071439254821252,57.28494243911046,0.16192110208904328,0.9979445934295654,-0.4364166072606409,-37.21641373153888,0.9912716678547872,True,True,0
23,7,100.0,5.0,0.25,20.0,300.0,0.02,28.815538651749335,42.89554675653441,65.30695646585644,7.592320814939455,12.819626242601018,4.078881724160643,57.33167425374953,0.16223738692684148,0.9978857636451721,-0.5433098659634656,-37.55376797140618,0.9891338026807307,True,True,0
24,7,100.0,5.0,0.25,20.0,300.0,0.02,28.816669463780993,42.892809818224265,65.16647753363746,7.444452494370553,12.660411672552563,4.087918519181295,57.40479295930123,0.16261663934746953,0.9978052377700806,-0.6578163625446459,-37.93460862617536,0.9868436727491071,True,True,0
25,7,100.0,5.0,0.25,20.0,300.0,0.02,28.832873101758288,42.891109713319764,65.04667931756603,7.4856807541633374,14.067716304064719,4.100117700669918,57.49259250512491,0.16312271861169542,0.9977474808692932,-0.7554105592486162,-38.516236092087276,0.9848917888150277,True,True,0
26,7,100.0,5.0,0.25,20.0,300.0,0.02,28.862860905687384,42.893225265348256,64.93818029043774,7.187072074722373,12.90416608775614,4.11464520012784,57.602688043439,0.16372212736781216,0.9976989030838013,-0.8373224137655872,-39.41126203321308,0.9832535517246882,True,True,0
27,7,100.0,5.0,0.25,20.0,300.0,0.02,28.86492034541998,42.904655450742666,64.88113039557749,8.011617365492553,12.12801179575489,4.1311742611389715,57.74162971950933,0.16440106486461067,0.9976398348808289,-0.889651367571483,-40.01962974976997,0.9822069726485704,True,True,0
28,7,100.0,5.0,0.25,20.0,300.0,0.02,28.935208998543175,42.91742070515686,64.7610216176987,8.44348850896732,12.988084210386997,4.157815513699229,57.977598673620264,0.16548644837622994,0.9978038668632507,-0.9878379136199317,-40.47028074352151,0.9802432417276014,True,True,0
29,7,100.0,5.0,0.25,20.0,300.0,0.02,29.006328330532426,42.92793984736531,64.64084582445433,8.345748751275082,13.836800660402815,4.182898207492855,58.21660910303063,0.16650853505080684,0.9979727268218994,-1.0586649254996583,-41.01678641503789,0.9788267014900068,True,True,0
30,7,100.0,5.0,0.25,20.0,300.0,0.02,29.08765245438256,42.94436305791718,64.54272360567539,8.425414100588455,13.0784447577554,4.208675924333352,58.47864564408041,0.1675599626118188,0.9981029033660889,-1.1151689819747599,-41.5597061661008,0.9776966203605048,True,True,0
31,7,100.0,5.0,0.25,20.0,300.0,0.02,29.171620730112373,42.9607252142048,64.44495779262978,7.840115313174162,12.148079816404334,4.237781303329937,58.83464466006538,0.16874362397628084,0.9982132315635681,-1.1698302542173584,-42.364290615519934,0.9766033949156528,True,True,0
32,7,100.0,5.0,0.25,20.0,300.0,0.02,29.259549701887583,42.97709891462294,64.35357436634882,7.334248180493684,11.676192746032298,4.266390956114037,59.18193995984757,0.16990643448717122,0.998310387134552,-1.169341898968298,-42.7089788843533,0.9766131620206341,True,True,0
33,7,100.0,5.0,0.25,20.0,300.0,0.02,29.35044864984389,42.9963458724411,64.26979714672947,7.559670307060253,11.519231964776168,4.293625854702318,59.525376976038295,0.17101314186934266,0.9983933568000793,-1.0967082348076225,-42.90357368939676,0.9780658353038475,True,True,0
34,7,100.0,5.0,0.25,20.0,300.0,0.02,29.49458203738804,43.02286955066288,64.18594718917794,8.016760273653748,11.31979262621763,4.323279823698652,59.94350955972234,0.17221677311125155,0.9984835982322693,-0.9857821707291594,-43.08965417293099,0.9802843565854168,True,True,0
35,7,100.0,5.0,0.25,20.0,300.0,0.02,29.652053664295398,43.05107453214918,64.16102766520888,7.709508884425347,11.269190922209797,4.348476566854138,60.326356687450804,0.17324249274739636,0.9986109733581543,-0.9289793204082709,-43.16500809635383,0.9814204135918346,True,True,0
36,7,100.0,5.0,0.25,20.0,300.0,0.02,29.7868310282486,43.07511704914804,64.11936383966726,6.96119292738437,10.934824261533223,4.373089429704085,60.717536848747464,0.17424366840132158,0.9987150430679321,-0.8504247207968416,-43.31642822559359,0.9829915055840631,True,True,0
37,7,100.0,5.0,0.25,20.0,300.0,0.02,29.90838107661248,43.09624954548126,64.07022381394661,6.386140368508771,10.701867688042833,4.396399138920537,61.0971406488803,0.1751908345162515,0.9988008141517639,-0.8159031986827799,-43.40664216849358,0.9836819360263444,True,True,0
38,7,100.0,5.0,0.25,20.0,300.0,0.02,30.02189385284673,43.11314300301241,63.94668664900741,6.219584107640022,11.5641682772957,4.418162877239041,61.46191390620581,0.1760749051548029,0.9988723397254944,-0.775936009523062,-43.52456575969539,0.9844812798095388,True,True,0
39,7,100.0,5.0,0.25,20.0,300.0,0.02,30.13188378797888,43.1298166587541,63.839295832622675,5.749991219560785,10.474170632753111,4.439370298144845,61.82355031565286,0.17693514379638373,0.9989335536956787,-0.7407281362236852,-43.621219000422464,0.9851854372755263,True,True,0
40,7,100.0,5.0,0.25,20.0,300.0,0.02,30.23759689202457,43.14597285641179,63.74624791059446,5.284295680895467,9.432139159975842,4.458342516281715,62.162181444732866,0.1777048376595244,0.9989861249923706,-0.597648990204744,-43.78434204983146,0.9880470201959051,True,True,0
41,7,100.0,5.0,0.25,20.0,300.0,0.02,30.338232520125196,43.16171941848262,63.662842444379805,5.466628986569506,10.305506886330843,4.475280474122904,62.47734684342104,0.1783920243920256,0.9990313053131104,-0.5848041171253021,-43.831888789115006,0.9883039176574939,True,True,0
42,7,100.0,5.0,0.25,20.0,300.0,0.02,30.489173143709213,43.18181880083173,63.599172239321874,5.3578520774155445,9.485630672674267,4.494645796643893,62.83370277778594,0.1791754562303231,0.9990796446800232,-0.5642430475486521,-43.84696119819716,0.988715139049027,True,True,0
43,7,100.0,5.0,0.25,20.0,300.0,0.02,30.62224655485316,43.19965483427546,63.54463712340402,4.829223298196801,8.828093805507292,4.510999019366016,63.13815279573805,0.17983776633245516,0.9991281628608704,-0.5451023467517656,-43.89705402875368,0.9890979530649647,True,True,0
44,7,100.0,5.0,0.25,20.0,300.0,0.02,30.742628233060785,43.21573355516326,63.49669123378573,4.373498647640483,8.1545252180923,4.525701187791821,63.41676201508743,0.18043330351513187,0.9991646409034729,-0.4617458689404319,-44.050245269306686,0.9907650826211913,True,True,0
45,7,100.0,5.0,0.25,20.0,300.0,0.02,30.852918376167477,43.23211295398186,63.45359643506888,4.173192403015294,7.516462745210315,4.538690752679759,63.67312675265097,0.180959570660368,0.9991934299468994,-0.44943079609231784,-44.13033457615243,0.9910113840781536,True,True,0
46,7,100.0,5.0,0.25,20.0,300.0,0.02,31.0061224363623,43.25160147048004,63.45509087468806,4.212642734163663,6.689825967390392,4.5525800298931,63.94667491086056,0.18152122896126235,0.9992169737815857,-0.4462683592558079,-44.1392515677003,0.9910746328148838,True,True,0
47,7,100.0,5.0,0.25,20.0,300.0,0.02,31.137854124575448,43.267904619910915,63.44729184051676,3.740601857614092,6.304478983021027,4.563975452134925,64.18921795170428,0.18198277098453708,0.999237596988678,-0.44398872267848366,-44.07544114864443,0.9911202255464303,True,True,0
48,7,100.0,5.0,0.25,20.0,300.0,0.02,31.15059422431105,43.26469914114974,63.34182488659419,3.6193809625674374,6.049766941548113,4.574395924622109,64.41069510443207,0.18240463499354312,0.9992684125900269,-0.43240794554977285,-44.083957378933526,0.9913518410890045,True,True,0
49,7,100.0,5.0,0.25,20.0,300.0,0.02,31.304550952431573,43.281111736919264,63.37039635552517,3.5322310510498816,6.3142099040127695,4.58629544184575,64.6417746466496,0.1828844979476844,0.9992967844009399,-0.4268100133573271,-44.08231399957943,0.9914637997328535,True,True,0
50,7,100.0,5.0,0.25,20.0,300.0,0.02,31.32185992505977,43.28073061794524,63.28733990778983,2.941400524838945,4.990096564661692,4.593327844955725,64.79637633566446,0.18316948022419674,0.9993183612823486,-0.41546699082485666,-44.079223308019735,0.9916906601835028,True,True,0
51,7,100.0,5.0,0.25,20.0,300.0,0.02,31.52661135400294,43.2834785924912,63.32950813997439,3.7102573769491065,6.335860901906933,4.602347901821957,64.97884571345121,0.1835329515964319,0.9993375539779663,-0.4153703827007972,-44.10634488439705,0.9916925923459841,True,True,0
52,7,100.0,5.0,0.25,20.0,300.0,0.02,31.470421602991575,43.28606511575644,63.25332799366235,3.6915828289876136,6.936375925720225,4.606693863658955,65.08716949224093,0.1837101740275456,0.9993661046028137,-0.4141962536432544,-44.11266353969405,0.9917160749271349,True,True,0
53,7,100.0,5.0,0.25,20.0,300.0,0.02,31.691913153624945,43.28413284657607,63.29974013769646,3.891048374473179,6.9959427725132635,4.616049537663319,65.27521080730382,0.1840866916993796,0.9993307590484619,-0.40898560162727504,-44.14304196044254,0.9918202879674545,True,True,0
54,7,100.0,5.0,0.25,20.0,300.0,0.02,31.637144712428015,43.29254531137793,63.21988417254847,3.1168558031581903,5.8197916688472064,4.617935005757027,65.33662103414916,0.1841648274734424,0.9993627071380615,-0.40755408627926565,-44.168703734054766,0.9918489182744147,True,True,0
55,7,100.0,5.0,0.25,20.0,300.0,0.02,31.642586716932836,43.286301477725054,63.171033065069985,2.167113496484543,4.296140527875793,4.625381802024231,65.4911628962419,0.18446415918186054,0.9993330836296082,-0.4042776902464382,-44.17892509938667,0.9919144461950712,True,True,0
56,7,100.0,5.0,0.25,20.0,300.0,0.02,31.888277839931373,43.287466708536044,63.2326331037669,3.8813414786169775,7.564142766692563,4.63040148085916,65.59492636204592,0.1846656570835063,0.9993148446083069,-0.402237816703759,-44.15464624199649,0.9919552436659248,True,True,0
57,7,100.0,5.0,0.25,20.0,300.0,0.02,31.837183733389544,43.29464578576652,63.16047031198043,2.5234192019806625,4.704008335278073,4.629506529137187,65.59924568866408,0.1846322045278047,0.9993565082550049,-0.39632738812507634,-44.17629984155735,0.9920734522374984,True,True,0
58,7,100.0,5.0,0.25,20.0,300.0,0.02,31.83720764435926,43.29340531448831,63.11627697543076,1.7597560787795743,3.486587086350524,4.634806011814413,65.71488629798745,0.18484499029133675,0.9993311762809753,-0.3905076817407764,-44.208906636874694,0.9921898463651845,True,True,0
59,7,100.0,5.0,0.25,20.0,300.0,0.02,31.955532831484163,43.28830861182368,63.18119922311668,3.7058166791796885,7.182098899213764,4.638308869599612,65.78909299888225,0.18498542545455732,0.9993152022361755,-0.3937291248412252,-44.15862635698286,0.9921254175031755,True,True,0
60,7,100.0,5.0,0.25,20.0,300.0,0.02,31.935974503050073,43.29514546353349,63.11088052958999,2.3481854488929144,4.249658320493174,4.636367728002786,65.77253319861629,0.1849097995306844,0.9993574023246765,-0.39026557040232596,-44.20082173511844,0.9921946885919535,True,True,0
61,7,100.0,5.0,0.25,20.0,300.0,0.02,31.932108093293945,43.29824292002624,63.06839275682926,1.5560496115774554,3.0714945384261507,4.6406876419265535,65.86946471484657,0.18508309189310812,0.9993323087692261,-0.3868750024860826,-44.22863167010571,0.9922624999502784,True,True,0
62,7,100.0,5.0,0.25,20.0,300.0,0.02,31.93728401656326,43.29322219537305,63.13522628108645,2.418448962425326,5.970231040989217,4.643395825945645,65.92829845770719,0.18519148556863801,0.999316394329071,-0.38607228985528447,-44.23178613007575,0.9922785542028943,True,True,0
63,7,100.0,5.0,0.25,20.0,300.0,0.02,31.950909911424656,43.2929121733431,63.07126130147423,2.9874103421926455,6.828654413584393,4.643144793067138,65.93454001733937,0.18518227488156622,0.9993059039115906,-0.38617568651329776,-44.24560773359086,0.9922764862697341,True,True,0
64,7,100.0,5.0,0.25,20.0,300.0,0.02,31.938121522201183,43.298235846317574,63.02554136673951,1.8008751876722258,3.70951662163118,4.643378279396165,65.95280641592383,0.18519273851900142,0.9993528723716736,-0.38361913618589794,-44.28703391477548,0.992327617276282,True,True,0
65,7,100.0,5.0,0.25,20.0,300.0,0.02,31.93793065569044,43.29743768142334,62.998828183747406,1.2558778750404425,2.6469377581898,4.646171997692842,66.01759634473694,0.18530455540315566,0.9993289709091187,-0.38116878064973736,-44.30444739419655,0.9923766243870052,True,True,0
66,7,100.0,5.0,0.25,20.0,300.0,0.02,31.94494758436706,43.296988431422044,63.07570947358153,2.387775107034977,6.136534917956806,4.6478478076665155,66.05453751486348,0.18537145712233336,0.9993133544921875,-0.3767194119049481,-44.296148762937946,0.9924656117619011,True,True,0
67,7,100.0,5.0,0.25,20.0,300.0,0.02,31.95936416347867,43.29405022973848,63.017747854257394,2.84232795035483,6.479689926376452,4.647029782521441,66.04509897941956,0.18533947616579757,0.9993031024932861,-0.3798782470245582,-44.269631825430764,0.9924024350595089,True,True,0
68,7,100.0,5.0,0.25,20.0,300.0,0.02,31.946929166212463,43.29882003293316,62.976146296282344,1.6928468264759984,3.4154166158839816,4.646717796080718,66.05356795237952,0.18532793274162063,0.9993501901626587,-0.379590940661286,-44.29370751937891,0.9924081811867743,True,True,0
69,7,100.0,5.0,0.25,20.0,300.0,0.02,31.946872608889088,43.295188411213076,63.04707992042824,2.3214089846686776,5.661636235137634,4.649063234366145,66.10869163242357,0.1854216831118902,0.999326229095459,-0.37783673752732927,-44.28269536324859,0.9924432652494534,True,True,0
70,7,100.0,5.0,0.25,20.0,300.0,0.02,31.95747112524774,43.299779242466236,62.986770929296625,1.5191857975149685,3.346005233963926,4.648618480872289,66.1067295587474,0.18540443393817294,0.9993108510971069,-0.37404256702208843,-44.31740418745885,0.9925191486595583,True,True,0
71,7,100.0,5.0,0.25,20.0,300.0,0.02,31.971844149312382,43.30146081203993,62.94970594255526,1.0322012747054035,2.2487860096415013,4.6505328175166865,66.15010183569362,0.18548085318747398,0.9993016123771667,-0.37450514411286473,-44.3192379656429,0.9925098971177427,True,True,0
72,7,100.0,5.0,0.25,20.0,300.0,0.02,31.987228399545433,43.29520842305741,62.926595670151976,2.359450760374732,6.577779387679098,4.6515514517212075,66.1722654793649,0.18552131937797134,0.9992958307266235,-0.31841670742296496,-44.376327978596095,0.9936316658515407,True,True,0
73,7,100.0,5.0,0.25,20.0,300.0,0.02,31.92629964684404,43.29573530026611,63.00117983259092,2.7572140383957517,5.744981029364159,4.649938480865428,66.15038662253207,0.18545756476980954,0.9993454217910767,-0.31667521561207973,-44.41068515652599,0.9936664956877584,True,True,0
74,7,100.0,5.0,0.25,20.0,300.0,0.02,31.92882427058097,43.30163358446575,62.94868547075107,1.5982581485398946,3.065399618373313,4.651490528601894,66.17713586915673,0.18552040674487022,0.9993248581886292,-0.3156802898982848,-44.421482604846595,0.9936863942020343,True,True,0
75,7,100.0,5.0,0.25,20.0,300.0,0.02,31.924267349206914,43.3057618957408,62.918802551122596,1.0705300098059474,2.0394674677517854,4.654807799397273,66.24036638455124,0.18565300343642344,0.9993124008178711,-0.3166746863858451,-44.439028862725785,0.9936665062722831,True,True,0
76,7,100.0,5.0,0.25,20.0,300.0,0.02,31.916672874988382,43.304416187863445,62.90184568258767,0.9107923928805637,1.5358465591659753,4.65692348421614,66.27707346373079,0.1857373978272476,0.999305248260498,-0.31146694290720967,-44.448046919693745,0.9937706611418559,True,True,0
77,7,100.0,5.0,0.25,20.0,300.0,0.02,31.908348167906286,43.29655162763005,62.986765651975695,3.6465067949881274,6.382712571397771,4.658296424429501,66.29916959246407,0.18579210252946887,0.9993007779121399,-0.3098678902531793,-44.43366214798415,0.9938026421949364,True,True,0
78,7,100.0,5.0,0.25,20.0,300.0,0.02,31.901215731245014,43.302804896226405,62.93017317116295,1.9864775475757601,3.0219428477688917,4.655627375342835,66.25113679690536,0.1856869115786529,0.9993506073951721,-0.31206820302295457,-44.426562447688184,0.993758635939541,True,True,0
79,7,100.0,5.0,0.25,20.0,300.0,0.02,31.893380055863638,43.306950511794625,62.89931415078303,1.1857038790397685,1.9336096430382448,4.658594392554155,66.31829053572602,0.18580561514000693,0.9993293285369873,-0.30848087547878517,-44.45617427323116,0.9938303824904243,True,True,0
80,7,100.0,5.0,0.25,20.0,300.0,0.02,31.885936558217878,43.3056883756623,62.882182834542974,0.8860228007477432,1.4840882787895007,4.6603349198800075,66.3534023369772,0.18587493174207048,0.9993166327476501,-0.30666034308153256,-44.49362164511068,0.9938667931383693,True,True,0
81,7,100.0,5.0,0.25,20.0,300.0,0.02,31.78255747928513,43.30431995186338,62.967338257855786,2.1437572376156693,5.8343196646561255,4.661340074607388,66.37112324209599,0.18591481145325356,0.9993088245391846,-0.29948851624948564,-44.50062630304729,0.9940102296750103,True,True,0
82,7,100.0,5.0,0.25,20.0,300.0,0.02,31.917814821701878,43.30125381389755,62.91570472201011,2.7769419447076222,6.067810896967353,4.660260388802656,66.35111125723235,0.18587212824021507,0.9993038177490234,-0.3046567017024355,-44.44864494323534,0.9939068659659512,True,True,0
83,7,100.0,5.0,0.25,20.0,300.0,0.02,31.89441502344013,43.30601025970576,62.88028595607609,1.5840981792270423,2.7784110498894896,4.6598374690139055,66.34871622090685,0.1858559929492649,0.9993537068367004,-0.3043344739504011,-44.46201649141614,0.993913310520992,True,True,0
84,7,100.0,5.0,0.25,20.0,300.0,0.02,31.782343757468666,43.302019845441365,62.95739990390008,2.1867018749512193,5.396121010314509,4.66178647658355,66.39404783604225,0.18593374489073336,0.99933260679245,-0.30027587299662684,-44.50265908763195,0.9939944825400675,True,True,0
85,7,100.0,5.0,0.25,20.0,300.0,0.02,31.816297927078775,43.306495304229315,62.90210075905963,1.4432782988958677,3.0613920235527696,4.661221038645507,66.38692983619936,0.18591146783994955,0.9993194937705994,-0.303826011164413,-44.468571361404955,0.9939234797767117,True,True,0
86,7,100.0,5.0,0.25,20.0,300.0,0.02,31.833692899791277,43.309044998663985,62.87009694822143,0.9020651842505786,1.9348521797223506,4.6628138893236475,66.42173412194511,0.18597492038452465,0.9993122220039368,-0.30201313991006223,-44.4796275818441,0.9939597372017988,True,True,0
87,7,100.0,5.0,0.25,20.0,300.0,0.02,31.939315307861666,43.30161084609351,62.85187126347219,2.2740031516445107,6.167334434088818,4.663626978554883,66.43653709879034,0.18600705416567592,0.9993080496788025,-0.3034339440653825,-44.509654559190764,0.9939313211186923,True,True,0
88,7,100.0,5.0,0.25,20.0,300.0,0.02,31.803348802125182,43.30090774830238,62.931902489472435,2.625244279563006,5.617892307945152,4.662189772188893,66.40819136102199,0.18595015722226427,0.9993571639060974,-0.29806745948365987,-44.54967243738406,0.9940386508103268,True,True,0
89,7,100.0,5.0,0.25,20.0,300.0,0.02,31.82448441537924,43.30570460987833,62.87989120614262,1.5320706556256656,2.8744778021809267,4.661852816081919,66.41072266127723,0.18593718782772214,0.9993353486061096,-0.2965490924034979,-44.53966717243438,0.99406901815193,True,True,0
90,7,100.0,5.0,0.25,20.0,300.0,0.02,31.83514361806924,43.30889814789299,62.850508233642294,0.908058335144652,1.797840293192795,4.663543128956125,66.44896187564167,0.18600451341968388,0.9993225932121277,-0.2984969130771951,-44.525888884107694,0.9940300617384561,True,True,0
91,7,100.0,5.0,0.25,20.0,300.0,0.02,31.840314511307607,43.307607047253384,62.83424538289059,0.7140881593909095,1.2387696100397299,4.664377549249136,66.46456974338552,0.18603745237718455,0.9993151426315308,-0.30133765403594814,-44.53764492945701,0.993973246919281,True,True,0
92,7,100.0,5.0,0.25,20.0,300.0,0.02,31.842870837905274,43.29820254483255,62.92042441736569,3.5587606316265314,6.128379495473527,4.664713582745197,66.4685579078474,0.18605048368193947,0.999310314655304,-0.2913233540587713,-44.53147874383973,0.9941735329188246,True,True,0
93,7,100.0,5.0,0.25,20.0,300.0,0.02,31.8453290624602,43.30391697254442,62.86476121770309,1.9299657645322783,3.002603650768187,4.661438282316539,66.40697585566313,0.18592078878262472,0.9993583559989929,-0.2947167056415614,-44.52778916702764,0.9941056658871688,True,True,0
94,7,100.0,5.0,0.25,20.0,300.0,0.02,31.84557081186361,43.30761782139348,62.83510515485171,1.0628851963018089,1.7864376412726124,4.6635415978571535,66.45913423042664,0.18600479790964536,0.999337375164032,-0.29568489459042335,-44.522458349052044,0.9940863021081915,True,True,0
95,7,100.0,5.0,0.25,20.0,300.0,0.02,31.84506053429032,43.306373662652554,62.81943004979593,0.7580114394816629,1.1897827380868404,4.66461768487333,66.48138228850615,0.1860474031238085,0.9993246793746948,-0.288792728198503,-44.515011708318575,0.99422414543603,True,True,0
96,7,100.0,5.0,0.25,20.0,300.0,0.02,31.747579249026508,43.304672925933744,62.90645331803425,2.0461972761982437,5.777539740362574,4.6650806176143185,66.48804844079329,0.18606547387469108,0.9993167519569397,-0.28474867016811145,-44.536822109561214,0.9943050265966378,True,True,0
97,7,100.0,5.0,0.25,20.0,300.0,0.02,31.79127366959212,43.306239384613924,62.85624171914276,1.2387111302810152,2.845475852751191,4.663606760229512,66.45970807811003,0.18600688757200864,0.9993115663528442,-0.288044513570874,-44.540875853320756,0.9942391097285825,True,True,0
98,7,100.0,5.0,0.25,20.0,300.0,0.02,31.912487149090328,43.30342435072366,62.82723549739931,2.4067972759741614,6.179604033121505,4.664588211098857,66.48087965179636,0.1860458765905673,0.9993088245391846,-0.2891364981193629,-44.52499072807463,0.9942172700376127,True,True,0
99,7,100.0,5.0,0.25,20.0,300.0,0.02,31.882950383482278,43.303500944800895,62.80641087076024,1.3462389181910528,2.5612131342303153,4.663257881425439,66.45510258299173,0.185993253391389,0.9993587732315063,-0.28870571249834176,-44.50870753790231,0.9942258857500331,True,True,0
100,7,100.0,5.0,0.25,20.0,300.0,0.02,31.768827337629663,43.30271411187958,62.89279456102779,2.2253721869405463,5.75543202170898,4.664481506187901,66.48478209078505,0.1860419144147696,0.999337911605835,-0.2785718337962033,-44.527826173492755,0.9944285633240759,True,True,0
101,7,100.0,5.0,0.25,20.0,300.0,0.02,31.803256088324616,43.30679818944844,62.843020818668634,1.344309616928182,2.8306728783689596,4.663468603948684,66.46824808784876,0.1860017528825393,0.9993247985839844,-0.28049371979414794,-44.55213496254979,0.994390125604117,True,True,0
102,7,100.0,5.0,0.25,20.0,300.0,0.02,31.82213361032616,43.30888476717651,62.81486882357925,0.7953839352198172,1.786720283810364,4.664696647323374,66.49461698658351,0.18605055954997557,0.999317467212677,-0.2822675532175362,-44.537102943653494,0.9943546489356493,True,True,0
103,7,100.0,5.0,0.25,20.0,300.0,0.02,31.929792444979338,43.30063696539124,62.79953787504841,2.2075154545285023,6.1146197459484855,4.665239985322809,66.50323777812399,0.18607187152389093,0.9993131756782532,-0.28621395593657767,-44.554983024456675,0.9942757208812685,True,True,0
104,7,100.0,5.0,0.25,20.0,300.0,0.02,31.79574031515395,43.30052105660756,62.882198982123285,2.6069687106448387,5.723447313141442,4.66365085980093,66.47073972657633,0.18600885249809404,0.9993611574172974,-0.28008902700222027,-44.54352081508017,0.9943982194599555,True,True,0
105,7,100.0,5.0,0.25,20.0,300.0,0.02,31.81891775366806,43.305195040946856,62.832005174165076,1.5165596583497367,2.858244558903432,4.663160690776838,66.46967713016858,0.18598972374567196,0.9993394613265991,-0.27942832520669186,-44.55830674960689,0.9944114334958661,True,True,0
106,7,100.0,5.0,0.25,20.0,300.0,0.02,31.83140505261024,43.30829439338574,62.804320640538215,0.8505256533142583,1.7666651780051066,4.664682592460517,66.50335187795787,0.18605029398270262,0.9993269443511963,-0.2818414915767125,-44.54137782754327,0.9943631701684658,True,True,0
107,7,100.0,5.0,0.25,20.0,300.0,0.02,31.83821930332265,43.306691106821155,62.78971349458677,0.6542457705143209,1.1929168048816148,4.665385019252742,66.51531402253858,0.18607793489795896,0.9993194937705994,-0.28179289737895213,-44.54165160284538,0.994364142052421,True,True,0
108,7,100.0,5.0,0.25,20.0,300.0,0.02,31.842245736403946,43.29744561209242,62.877663926916036,3.544642751387954,6.106432809143829,4.66562394573169,66.51607092015514,0.18608706458125926,0.9993146061897278,-0.2785332851771947,-44.5465296617512,0.9944293342964561,True,True,0
109,7,100.0,5.0,0.25,20.0,300.0,0.02,31.84613487069324,43.30311261963117,62.82346059965987,1.9215111575748145,3.0136156337827,4.662300116348949,66.45335324741139,0.18595538240223106,0.9993616342544556,-0.28156005996857236,-44.54139525096051,0.9943687988006286,True,True,0
110,7,100.0,5.0,0.25,20.0,300.0,0.02,31.847503709118644,43.30678709757176,62.79526619399169,1.0249966687981003,1.7790587989926447,4.664314483635717,66.50163238684675,0.18603582371186364,0.9993409514427185,-0.28005246040278686,-44.54334358744692,0.9943989507919443,True,True,0
111,7,100.0,5.0,0.25,20.0,300.0,0.02,31.847954155883453,43.305565138839675,62.7810326913267,0.7216853188453586,1.162272060545851,4.665304047968621,66.5211218833968,0.18607495824920503,0.9993283152580261,-0.27989198018562333,-44.556413003907494,0.9944021603962875,True,True,0
112,7,100.0,5.0,0.25,20.0,300.0,0.02,31.75123678934691,43.303808154986335,62.86961245069142,2.02115523285602,5.788372426001048,4.66570445675979,66.52535374287277,0.18609051739662136,0.999320387840271,-0.2765792669832601,-44.58087338804161,0.9944684146603348,True,True,0
113,7,100.0,5.0,0.25,20.0,300.0,0.02,31.795745304626486,43.305357472215675,62.82065190063133,1.2470132306902684,2.834194593429228,4.664181210324391,66.4956317841721,0.18602993591156153,0.999315083026886,-0.278109902596891,-44.5996514802854,0.9944378019480622,True,True,0
114,7,100.0,5.0,0.25,20.0,300.0,0.02,31.91767917683855,43.30255162437415,62.79292166437306,2.393013181304311,6.1933967418774305,4.665110588976686,66.51430834051563,0.18606683381301475,0.9993124008178711,-0.2794190528619328,-44.59260686815247,0.9944116189427613,True,True,0
115,7,100.0,5.0,0.25,20.0,300.0,0.02,31.88867750606377,43.302760953995616,62.77343192868334,1.336055459750739,2.530638292602874,4.663754479399877,66.48696695311617,0.1860131599459592,0.9993613958358765,-0.2817148955717593,-44.5659391061516,0.9943657020885648,True,True,0
116,7,100.0,5.0,0.25,20.0,300.0,0.02,31.774910980171562,43.30185343816346,62.8612125978206,2.2083053854762755,5.760335403747309,4.664929143517927,66.51444802089601,0.1860598577402073,0.9993407130241394,-0.276109552651472,-44.59558097241522,0.9944778089469706,True,True,0
117,7,100.0,5.0,0.25,20.0,300.0,0.02,31.80978216422679,43.30595229616196,62.8125769824381,1.345844322949701,2.823911568716243,4.663876738629019,66.49677683315302,0.1860181027063656,0.999327540397644,-0.2766493677037193,-44.612624867645096,0.9944670126459256,True,True,0
118,7,100.0,5.0,0.25,20.0,300.0,0.02,31.828973811197454,43.30805158582979,62.78555621284899,0.7836413947577514,1.7692861257406352,4.665072787327105,66.52107963895038,0.18606562539257362,0.9993203282356262,-0.27849398479118503,-44.59831387686116,0.9944301203041763,True,True,0
119,7,100.0,5.0,0.25,20.0,300.0,0.02,31.93693335621474,43.29997691436089,62.77134287099247,2.1991133334364212,6.113587456416521,4.665588103469263,66.52802618645906,0.18608581287073234,0.9993160367012024,-0.2805112337982508,-44.58355503789582,0.9943897753240349,True,True,0
120,7,100.0,5.0,0.25,20.0,300.0,0.02,31.803009013510017,43.29972375901046,62.85524373580402,2.5990333565271873,5.727931160485207,4.663983556086058,66.49453693902181,0.1860221644504839,0.9993630647659302,-0.2695717255123551,-44.58846215179928,0.9946085654897528,True,True,0
121,7,100.0,5.0,0.25,20.0,300.0,0.02,31.826417016900333,43.30441743622908,62.806050269154305,1.5155499706797795,2.8556915736307285,4.6634457124650766,66.49252870761916,0.18600112006535452,0.9993414878845215,-0.2710376844232028,-44.58936634002407,0.9945792463115359,True,True,0
122,7,100.0,5.0,0.25,20.0,300.0,0.02,31.839017382710548,43.307540858126856,62.7793568476783,0.8424075268921282,1.7539649662668306,4.664948798424904,66.52439730346684,0.18606093590316392,0.9993290901184082,-0.27284372331786466,-44.57828157648127,0.9945431255336427,True,True,0
123,7,100.0,5.0,0.25,20.0,300.0,0.02,31.84589551002676,43.30610292197499,62.7657120093535,0.644927708050203,1.1723763726527032,4.665636500234966,66.53493670580733,0.18608798804782317,0.9993216395378113,-0.2730783131362813,-44.57691581402709,0.9945384337372744,True,True,0
124,7,100.0,5.0,0.25,20.0,300.0,0.02,31.849955166659534,43.29673814960195,62.85466940996868,3.5436741633342046,6.099629509453802,4.6658526552938415,66.53462041403404,0.1860962069373406,0.9993166923522949,-0.27113337469096976,-44.582780860494395,0.9945773325061806,True,True,0
125,7,100.0,5.0,0.25,20.0,300.0,0.02,31.85390434517745,43.30242414756742,62.80136385381855,1.9193618179439578,3.0145953710958606,4.662522605881062,66.47160207041287,0.18596425660448798,0.9993628859519958,-0.27132693124227186,-44.58389181877952,0.9945734613751546,True,True,0
126,7,100.0,5.0,0.25,20.0,300.0,0.02,31.855283580443604,43.306120682560014,62.77402306699772,1.0190394043274353,1.773113897003094,4.664502146821057,66.51849155387276,0.1860433060047183,0.9993424415588379,-0.2727911699114061,-44.57676120451609,0.9945441766017719,True,True,0
127,7,100.0,5.0,0.25,20.0,300.0,0.02,31.85570433276837,43.30506220993739,62.76060278521781,0.718446909312969,1.1480302947204852,4.665488798961941,66.53665919249931,0.18608232477884662,0.9993299245834351,-0.27284379966248506,-44.57868276658358,0.9945431240067503,True,True,0
128,7,100.0,5.0,0.25,20.0,300.0,0.02,31.758893992280143,43.303192183432934,62.85002969884254,2.016560714804348,5.782233767949752,4.665877464335633,66.5399505297873,0.1860974150302298,0.9993219375610352,-0.26301041911995854,-44.590599590547285,0.9947397916176008,True,True,0
129,7,100.0,5.0,0.25,20.0,300.0,0.02,31.803402315679666,43.30474310851265,62.80178388392704,1.2500142878492355,2.8254508910722085,4.664329677794682,66.50985760803586,0.18603584493129802,0.9993165731430054,-0.2663735038241383,-44.569233611028125,0.9946725299235172,True,True,0
130,7,100.0,5.0,0.25,20.0,300.0,0.02,31.92530734946978,43.30197698594609,62.774757614726106,2.3913199444315922,6.186955063021524,4.665249246199509,66.5274841001725,0.18607235247803738,0.9993138909339905,-0.273133458784653,-44.57252338516477,0.994537330824307,True,True,0
131,7,100.0,5.0,0.25,20.0,300.0,0.02,31.896225313216828,43.30232533849251,62.75601008091335,1.334371915471745,2.530476328178976,4.66387604652492,66.49968582750485,0.18601799077897405,0.9993622303009033,-0.2691792413588306,-44.550008980194505,0.9946164151728234,True,True,0
132,7,100.0,5.0,0.25,20.0,300.0,0.02,31.782330566421553,43.30131782025333,62.84450192673988,2.2112919590833036,5.753839715064589,4.6650409661513725,66.52613559358588,0.1860642980963945,0.999341607093811,-0.26511767711422674,-44.57605307077612,0.9946976464577154,True,True,0
133,7,100.0,5.0,0.25,20.0,300.0,0.02,31.81715128069519,43.305435477961524,62.79648015469373,1.3461025989240871,2.817428357749498,4.663982322387493,66.50790880690695,0.1860222854192955,0.9993284344673157,-0.26617980988728984,-44.56930962361098,0.9946764038022542,True,True,0
134,7,100.0,5.0,0.25,20.0,300.0,0.02,31.836247854005133,43.30753291380373,62.77003942008124,0.781878654151957,1.7586952346306155,4.665164544098007,66.53140787629123,0.18606925933092347,0.9993213415145874,-0.26665792268326893,-44.570063405803474,0.9946668415463347,True,True,0
135,7,100.0,5.0,0.25,20.0,300.0,0.02,31.944117084176884,43.299596501459355,62.75639241190232,2.198187552756706,6.104803937193253,4.6656764945515246,66.5376484727639,0.1860893151775867,0.9993169903755188,-0.2678539070075167,-44.55069821385325,0.9946429218598497,True,True,0
136,7,100.0,5.0,0.25,20.0,300.0,0.02,31.81005606567578,43.29926407308159,62.84092035439555,2.5966874601120415,5.723575280702289,4.664060656614937,66.50390489130196,0.18602521241540568,0.999363362789154,-0.2652197573156141,-44.57259107258261,0.9946956048536877,True,True,0
137,7,100.0,5.0,0.25,20.0,300.0,0.02,31.833373723451498,43.30397273563819,62.79224907157166,1.5143997249842145,2.850905616790724,4.663519281499213,66.50128599748729,0.18600401781124987,0.9993419051170349,-0.2658702164915917,-44.57015300040765,0.9946825956701681,True,True,0
138,7,100.0,5.0,0.25,20.0,300.0,0.02,31.845864214092554,43.30711442128806,62.7660333770242,0.8401568783374874,1.7461602997537453,4.665000485406785,66.53257047053391,0.1860629653678605,0.9993296265602112,-0.26656776277872807,-44.57118405183353,0.9946686447444254,True,True,0
139,7,100.0,5.0,0.25,20.0,300.0,0.02,31.852614003760117,43.305749669137846,62.7528486202119,0.6428926006182166,1.160961650761848,4.665690396916055,66.54248661341553,0.18609010822091004,0.999322235584259,-0.26682532920186003,-44.57064060679296,0.9946634934159628,True,True,0
140,7,100.0,5.0,0.25,20.0,300.0,0.02,31.856537515364966,43.29634624379206,62.84230385285667,3.5439754664058856,6.0963895605490785,4.665906360390641,66.54169756157967,0.18609831932492574,0.9993172883987427,-0.26632100007964943,-44.5636032081611,0.994673579998407,True,True,0
141,7,100.0,5.0,0.25,20.0,300.0,0.02,31.86033959487422,43.302045637618555,62.78946940608496,1.9173775316705448,3.01146771186011,4.662585977712505,66.47846788048113,0.1859667478451906,0.9993628263473511,-0.26475883215973256,-44.581350033437644,0.9947048233568053,True,True,0
142,7,100.0,5.0,0.25,20.0,300.0,0.02,31.861630341146114,43.30575614404553,62.76253055493711,1.0186575122574777,1.7692694078214162,4.664524739116194,66.52508295720511,0.18604417287090336,0.9993425607681274,-0.26628976202909355,-44.571430713319,0.9946742047594181,True,True,0
143,7,100.0,5.0,0.25,20.0,300.0,0.02,31.861938010480035,43.304778823377376,62.749476975817274,0.7186181460303277,1.1403183190237467,4.66551320107214,66.54266628605579,0.18608326736394912,0.9993301033973694,-0.2668470777259508,-44.57079625909731,0.994663058445481,True,True,0
144,7,100.0,5.0,0.25,20.0,300.0,0.02,31.7649865523011,43.302859936689785,62.83930919682544,2.01517236117749,5.785915482359731,4.665901621693663,66.54556737867694,0.18609834834546393,0.9993221163749695,-0.26310257925930286,-44.59232840807982,0.9947379484148139,True,True,0
145,7,100.0,5.0,0.25,20.0,300.0,0.02,31.809396147799117,43.30440473583009,62.791422208745715,1.2503464639925852,2.8191104085815706,4.66435325320805,66.51522177016675,0.18603675019547994,0.9993167519569397,-0.2641011632867168,-44.58514522955895,0.9947179767342657,True,True,0
146,7,100.0,5.0,0.25,20.0,300.0,0.02,31.931206458842464,43.30167149628481,62.76471090656894,2.391058849073624,6.180276121243698,4.665267139759866,66.532481303888,0.18607303599610328,0.9993141889572144,-0.2676446248498873,-44.54079175687433,0.9946471075030022,True,True,0
147,7,100.0,5.0,0.25,20.0,300.0,0.02,31.902004148525435,43.302077561222426,62.74629726065554,1.3346220958338952,2.533939735761259,4.663878733315331,66.50466596250278,0.1860180651523576,0.9993619322776794,-0.26591732852427263,-44.57311972814868,0.9946816534295145,True,True,0
148,7,100.0,5.0,0.25,20.0,300.0,0.02,31.787971108283504,43.30103473608345,62.83514225999483,2.2132361815232033,5.749208580006404,4.6650430327214,66.53063455359984,0.1860643494551596,0.9993414282798767,-0.2681625726413602,-44.560122237502284,0.9946367485471728,True,True,0
149,7,100.0,5.0,0.25,20.0,300.0,0.02,31.822688762279952,43.30516229866936,62.787417871543155,1.3452673167036735,2.8122109203552155,4.663976512717179,66.51219484682522,0.18602201813104696,0.9993283152580261,-0.2659239552166424,-44.57320965515862,0.9946815208956672,True,True,0
150,7,100.0,5.0,0.25,20.0,300.0,0.02,31.841690492299538,43.30725272752389,62.76123388551915,0.7817215114510422,1.7532449724534716,4.665155760880797,66.53535951422077,0.1860688789172006,0.9993212819099426,-0.26674008835666024,-44.56079914353628,0.9946651982328668,True,True,0
151,7,100.0,5.0,0.25,20.0,300.0,0.02,31.949448339382226,43.29938081477847,62.74785586373444,2.1977563194527536,6.104300068743061,4.665664675008121,66.54136669617708,0.18608881467416932,0.9993169903755188,-0.2677435592251776,-44.54122572933244,0.9946451288154965,True,True,0
152,7,100.0,5.0,0.25,20.0,300.0,0.02,31.815266979822102,43.29902276840178,62.832670970493005,2.5963874745707303,5.720144676513885,4.664038215324196,66.50762299371468,0.1860242858286182,0.9993628263473511,-0.2664271105656389,-44.570255567570044,0.9946714577886873,True,True,0
153,7,100.0,5.0,0.25,20.0,300.0,0.02,31.83846502292375,43.30374007882556,62.78426865301289,1.5129808187783358,2.8465914623480715,4.663506508060962,66.50458913668473,0.18600347491270744,0.9993414878845215,-0.2660384757374384,-44.562218643968095,0.9946792304852512,True,True,0
154,7,100.0,5.0,0.25,20.0,300.0,0.02,31.8508823698693,43.3068931030038,62.758259132876795,0.8394793071297713,1.7425895632905561,4.664975967286762,66.53571545831933,0.18606195888782973,0.9993293285369873,-0.26672546557068955,-44.56208617264852,0.9946654906885862,True,True,0
155,7,100.0,5.0,0.25,20.0,300.0,0.02,31.857530905875976,43.30554460026993,62.745293116356066,0.6418749107933496,1.1543504079012634,4.665663795290264,66.54543223677184,0.18608901969681968,0.9993219971656799,-0.2668164900304196,-44.56055883299179,0.9946636701993916,True,True,0
156,7,100.0,5.0,0.25,20.0,300.0,0.02,31.861341656460176,43.29614305014844,62.83498198838474,3.5437574759483743,6.100483308964837,4.6658772350869615,66.5444714451017,0.18609713114615234,0.9993170499801636,-0.26623821210997906,-44.554306076659344,0.9946752357578004,True,True,0
157,7,100.0,5.0,0.25,20.0,300.0,0.02,31.8650213850599,43.301849715178186,62.78237585826316,1.916164626540731,3.0093474496433967,4.6625634265831595,66.48115292711073,0.185965819132692,0.999362051486969,-0.26672940157073616,-44.542517710470534,0.9946654119685853,True,True,0
158,7,100.0,5.0,0.25,20.0,300.0,0.02,31.866247471743243,43.305569234663366,62.75560963207755,1.0185876723089815,1.7677466953889456,4.6644915670136164,66.5276244630925,0.18604282348757098,0.9993420243263245,-0.2660169862473238,-44.54675462386875,0.9946796602750535,True,True,0
159,7,100.0,5.0,0.25,20.0,300.0,0.02,31.866471152373794,43.30461769900314,62.74273847741321,0.7185065458218636,1.135530185609091,4.665479788413043,66.54499906822294,0.18608190908628394,0.9993296265602112,-0.26684690668985445,-44.545222214223365,0.9946630618662029,True,True,0
160,7,100.0,5.0,0.25,20.0,300.0,0.02,31.76942310613486,43.302688594182186,62.83276339598231,2.0144008563365827,5.788447164281121,4.6658636309924075,66.54776780963999,0.18609680835392925,0.999321699142456,-0.26455600205424545,-44.57722242196651,0.9947088799589151,True,True,0
161,7,100.0,5.0,0.25,20.0,300.0,0.02,31.81376301910709,43.30422889422051,62.78504851543771,1.2496945896907736,2.817725886742291,4.664328112802255,66.51717845431615,0.18603572190055412,0.9993163347244263,-0.26334521659574295,-44.56495811016403,0.9947330956680851,True,True,0
162,7,100.0,5.0,0.25,20.0,300.0,0.02,31.93551365391711,43.30151588838618,62.75847372022278,2.391185106681598,6.1767455923170225,4.665244359139569,66.53432637031514,0.18607210422797557,0.9993138909339905,-0.2666105985043994,-44.53679014853638,0.994667788029912,True,True,0
