step,N,grid_size,k_attr,k_rep,sigma_rep,amp_rep,eta,min_spacing,mean_spacing,max_spacing,mean_force_norm,max_force_norm,mean_potential,var_potential,mean_need,max_need,lambda_max_real,lambda_min_real,spectral_radius_I_plus_etaJ,continuous_stable,discrete_stable,num_eig_pos_real
0,8,100.0,11.5,0.25,20.0,300.0,0.02,13.994722350043928,41.36459918432091,63.015220617934204,205.00524158010677,422.7752135153488,9.587268102685874,157.5169774457586,0.3286691244771643,0.9999979734420776,15.294358072381703,-72.77055767412389,1.3058871614476342,False,False,3
1,8,100.0,11.5,0.25,20.0,300.0,0.02,18.257059964177476,42.20723627326057,63.99656921413183,136.91456285961917,213.37204800054758,7.992340826738313,131.52930270664336,0.27571416127799253,0.99996018409729,9.548078605660331,-74.40429475697205,1.1909615721132067,False,False,2
2,8,100.0,11.5,0.25,20.0,300.0,0.02,20.324522904516257,42.5019462617228,66.10518450126378,111.15963758845007,192.3066035838632,6.719425674288653,112.29408571170671,0.23224648885415358,0.999489963054657,6.244305660630069,-77.08922528858065,1.1248861132126013,False,False,2
3,8,100.0,11.5,0.25,20.0,300.0,0.02,20.28063908584002,42.483735209110634,67.451723709276,89.27505874638527,154.88343864404635,5.6112918276523365,95.17292845303001,0.19427891231653893,0.9992305040359497,5.0124680418170575,-77.53996204545041,1.100249360836341,False,False,2
4,8,100.0,11.5,0.25,20.0,300.0,0.02,21.158528492392385,42.43405134386477,66.88977608758638,71.69255207762387,129.06312899269753,4.80029603340578,81.7161721841322,0.1664473983928176,0.9993659257888794,4.381862444908206,-75.92624739331525,1.087637248898164,False,False,2
5,8,100.0,11.5,0.25,20.0,300.0,0.02,22.47758171289201,42.379501456576584,66.00365395159186,58.58111029496297,103.86659286378314,4.266039954976886,72.8661399014976,0.14813353233107734,0.9993706941604614,3.4051129859856055,-72.27261388380285,1.068102259719712,False,False,2
6,8,100.0,11.5,0.25,20.0,300.0,0.02,23.719391733002265,42.34220485422083,64.99290068928384,48.27964524280456,77.8692945159321,3.960338341939398,67.9101111561975,0.13768167411024623,0.9993388652801514,2.7692872200470675,-72.65350934663286,1.0553857444009414,False,False,2
7,8,100.0,11.5,0.25,20.0,300.0,0.02,23.966444776458623,42.31921741998146,64.12221914437409,38.53848565525907,63.954205511634264,3.82602766320249,65.23373921487101,0.13312004433058144,0.999183714389801,2.290372686368054,-76.08812607228487,1.0458074537273612,False,False,2
8,8,100.0,11.5,0.25,20.0,300.0,0.02,22.977300306663746,42.3031667114019,64.4620495335427,31.630466562769044,48.79268356320033,3.7551479078128773,63.51969893029507,0.13072034011799727,0.9988614320755005,1.9969271995377202,-76.61026177442565,1.0399385439907545,False,False,2
9,8,100.0,11.5,0.25,20.0,300.0,0.02,22.50127084276939,42.29754065644625,64.87975713472461,26.640709912408077,34.01221262673697,3.6861134957385673,62.27787344702991,0.12836240568644583,0.998191237449646,1.6708314449485693,-76.49789563314798,1.0334166288989715,False,False,2
10,8,100.0,11.5,0.25,20.0,300.0,0.02,22.361093574276044,42.28672547758396,65.19235189782556,23.73821518910967,34.623684337889365,3.615229486080447,61.25198213199007,0.12592605904098833,0.9973740577697754,1.590105308938592,-74.6069443449479,1.0318021061787719,False,False,1
11,8,100.0,11.5,0.25,20.0,300.0,0.02,22.4299894154459,42.28135512134126,65.52997416285939,23.455590473566073,32.317564445187834,3.544027522821353,60.15557805506861,0.1234719532710123,0.9963535070419312,1.813126284285454,-69.78128440780397,1.036262525685709,False,False,1
12,8,100.0,11.5,0.25,20.0,300.0,0.02,22.71312093503438,42.27275794110399,65.73294835665796,22.365378284678947,33.84580020869323,3.4665745215205863,58.84040126813337,0.12079892072831458,0.9963639378547668,1.9127149061453812,-65.7012161533663,1.0382542981229077,False,False,1
13,8,100.0,11.5,0.25,20.0,300.0,0.02,23.17825857782327,42.272599034146864,65.93454217078703,20.634980959328402,33.886448927771134,3.3839067740016398,57.30584133616412,0.11793839814150078,0.9964743852615356,2.0779827658373398,-63.05152651137891,1.0415596553167468,False,False,1
14,8,100.0,11.5,0.25,20.0,300.0,0.02,23.677014639746105,42.26504689029371,66.23165079894869,21.124793007563525,29.799168048249662,3.292389175721601,55.52927303487876,0.11476472234695059,0.9962177872657776,2.1395411455371236,-61.86166311917026,1.0427908229107425,False,False,1
15,8,100.0,11.5,0.25,20.0,300.0,0.02,24.26210534986203,42.275838996960104,66.50680467421189,19.252431446753732,28.021179897835662,3.2026668363561095,53.74616030986266,0.1116533354601065,0.9960485100746155,2.0481807822728486,-62.39611604120433,1.040963615645457,False,False,1
16,8,100.0,11.5,0.25,20.0,300.0,0.02,24.855407772005456,42.27626461697314,66.61299212931117,17.704276043107328,26.271271089478525,3.117166071440681,52.04308202981659,0.10868217634722314,0.9958701729774475,1.7407378016200432,-62.73370648632235,1.0348147560324008,False,False,1
17,8,100.0,11.5,0.25,20.0,300.0,0.02,25.380019218822575,42.28421401099846,66.72339691041496,16.384573264904965,23.39630208740181,3.0313557748817948,50.380242369694066,0.10569821827210307,0.9955262541770935,1.490319333164937,-62.740930164882904,1.0298063866632987,False,False,1
18,8,100.0,11.5,0.25,20.0,300.0,0.02,25.862704405615403,42.28897682234288,66.79017548188692,15.53720707814944,23.031177158513458,2.949371810149869,48.83272614946605,0.10284482671197015,0.9953916668891907,1.31445387587355,-63.05424679682519,1.026289077517471,False,False,1
19,8,100.0,11.5,0.25,20.0,300.0,0.02,26.308003921362765,42.29663677352975,66.83535575978846,14.3248988142232,22.34869111588129,2.868341453659229,47.324732857481045,0.10002461871792259,0.9952525496482849,1.195813438146257,-63.40425384305938,1.023916268762925,False,False,1
20,8,100.0,11.5,0.25,20.0,300.0,0.02,26.748966320570297,42.305984721305364,66.85155973186858,13.358303960080839,22.15976214677984,2.7900720272726063,45.93980711616721,0.09729950955686664,0.9950649738311768,1.0538064997914365,-63.853371359399745,1.0210761299958286,False,False,1
21,8,100.0,11.5,0.25,20.0,300.0,0.02,27.13209210234094,42.31650050259304,66.87415153341414,12.605313465881295,21.587423202219142,2.7221209859261633,44.713931607329286,0.09493436890574952,0.9950196743011475,0.9620256128591262,-64.02626728238677,1.0192405122571826,False,False,1
22,8,100.0,11.5,0.25,20.0,300.0,0.02,27.4818604587922,42.32934634958849,66.89447218208724,11.781473718908627,20.96513345011349,2.659497533467331,43.59110754152041,0.09275481978081214,0.994613766670227,0.8519325916052086,-64.3520463761355,1.0170386518321042,False,False,1
23,8,100.0,11.5,0.25,20.0,300.0,0.02,27.798836859993358,42.34185346534955,66.90000836916016,11.792930826620948,27.582630339027315,2.6006269530836015,42.56627222861131,0.09070640394918614,0.9946193099021912,0.9013660469236039,-62.84435964057304,1.018027320938472,False,False,1
24,8,100.0,11.5,0.25,20.0,300.0,0.02,28.025591443763776,42.3412941657783,66.74471234599778,11.679553034149302,24.225077916429573,2.5415021372969755,41.5275078931131,0.08865046052208489,0.9943785071372986,0.9079770664137761,-61.97594880238768,1.0181595413282756,False,False,1
25,8,100.0,11.5,0.25,20.0,300.0,0.02,28.332990096583995,42.36578748164221,66.80973900281481,11.33736692121669,21.188410164504145,2.4903013594221055,40.575615384061884,0.08687128268768167,0.9944947957992554,0.8776214139963842,-61.54335881106278,1.0175524282799278,False,False,1
26,8,100.0,11.5,0.25,20.0,300.0,0.02,28.630787614459663,42.38669888838761,66.87173716513881,13.561285540944917,28.9924962546089,2.449627162305063,39.87320148913904,0.08545816819604851,0.994032084941864,0.9787599623940859,-60.90668755709375,1.0195751992478816,False,False,1
27,8,100.0,11.5,0.25,20.0,300.0,0.02,28.94546394402667,42.414357239204655,67.07527131897237,12.570426458508967,23.945191600797074,2.3999495527553565,39.03657512928858,0.0837375465776363,0.9942177534103394,0.9718235908979149,-61.04455262572806,1.0194364718179583,False,False,1
28,8,100.0,11.5,0.25,20.0,300.0,0.02,29.184022606342726,42.436763024354626,67.10919050679951,11.751090856733997,22.19987805527498,2.372511044339769,38.58977976580781,0.08278962750939758,0.9935351014137268,0.9707256946090131,-60.54959553565538,1.0194145138921802,False,False,1
29,8,100.0,11.5,0.25,20.0,300.0,0.02,29.424627145074073,42.46424047195688,67.22787816869149,11.6472867502059,27.14358460937451,2.3383272898458545,38.03328491695534,0.08160792024766308,0.9938775897026062,1.0179453089315007,-60.705266067124185,1.02035890617863,False,False,1
30,8,100.0,11.5,0.25,20.0,300.0,0.02,29.659519167211062,42.49168661101159,67.35191976368418,12.650057827739676,22.755863934496357,2.317064765852623,37.706133250791304,0.08087816889637751,0.99370938539505,1.0381416414836364,-60.93009376317634,1.0207628328296727,False,False,1
31,8,100.0,11.5,0.25,20.0,300.0,0.02,29.905928263271488,42.52383762101851,67.48160392539242,12.93835974540013,27.192965858566822,2.3029023050459143,37.55995805862357,0.08039707082898087,0.9935289621353149,1.0529479809755804,-59.3118776593268,1.0210589596195117,False,False,1
32,8,100.0,11.5,0.25,20.0,300.0,0.02,30.153324444748154,42.5545211596737,67.60291059010048,12.064415823006094,22.97567914144572,2.295024059208746,37.53913717520244,0.08013705038381568,0.9935514330863953,1.0773833746919843,-59.255156330251246,1.0215476674938397,False,False,1
33,8,100.0,11.5,0.25,20.0,300.0,0.02,30.405584829297286,42.58618364238466,67.78560316261043,11.688449824034699,19.675020540390634,2.292577433916019,37.61158739458787,0.08006488811755026,0.9934532046318054,1.1175381844855155,-59.21128789787446,1.0223507636897102,False,False,1
34,8,100.0,11.5,0.25,20.0,300.0,0.02,30.72040943052193,42.6228835675801,67.9359978328755,12.41844616453548,23.49010531728905,2.2950158633801294,37.77809816806372,0.08016284925704016,0.9933363199234009,1.1247484838335535,-59.07704450439638,1.022494969676671,False,False,1
35,8,100.0,11.5,0.25,20.0,300.0,0.02,31.012237469266477,42.654998025567735,68.02003492895803,12.007582250372138,19.434764262388878,2.303764263666656,38.06940501272545,0.08048268328698373,0.9932054877281189,1.0855379420771971,-59.21933401689934,1.021710758841544,False,False,1
36,8,100.0,11.5,0.25,20.0,300.0,0.02,31.308525946135887,42.687307043041756,68.16567774153758,11.29765248791656,17.25407592586829,2.3226607301284012,38.48052997209654,0.08115476932322241,0.9928824305534363,1.0674541096817514,-58.74833172449258,1.021349082193635,False,False,1
37,8,100.0,11.5,0.25,20.0,300.0,0.02,31.285160676620553,42.718971791518776,68.28810889146953,11.193734166884717,20.690961136689783,2.340717305359593,38.86923824754786,0.08179726153182622,0.9926636219024658,1.0249184507391604,-60.17001734245409,1.0204983690147833,False,False,1
38,8,100.0,11.5,0.25,20.0,300.0,0.02,30.963862333808322,42.74976345968865,68.40337808395327,10.594071611536233,17.482691760604716,2.3613811643240648,39.31261982430384,0.08253044128820637,0.9923775792121887,0.9962424277632946,-60.87033171549895,1.0199248485552659,False,False,1
39,8,100.0,11.5,0.25,20.0,300.0,0.02,30.686289173891037,42.77700531344111,68.51031169869636,9.560274242230175,15.159625633507547,2.383300451289195,39.75511531179549,0.0833063027165068,0.9920063018798828,0.92491329826278,-62.30537698542295,1.0184982659652555,False,False,1
40,8,100.0,11.5,0.25,20.0,300.0,0.02,30.398908099491525,42.80951020062156,68.59014954912202,10.481640087457121,18.577573249415455,2.4048018588787485,40.140452079720646,0.08406612548558286,0.9915300607681274,0.8373047826779553,-63.89438586792569,1.016746095653559,False,False,1
41,8,100.0,11.5,0.25,20.0,300.0,0.02,30.144544114837412,42.8377015290984,68.66687196482286,9.460252186996279,15.17583922827784,2.4344474872074207,40.649776005047215,0.0851120490179005,0.9912185072898865,0.7567068293280864,-64.62908491829339,1.0151341365865618,False,False,1
42,8,100.0,11.5,0.25,20.0,300.0,0.02,29.929772483267307,42.865069227313526,68.74239804222466,9.076899679490497,13.467704347549837,2.464954578549738,41.10387401507772,0.08618590728495348,0.9906660318374634,0.6462017145542631,-65.09368018430155,1.0129240342910852,False,False,1
43,8,100.0,11.5,0.25,20.0,300.0,0.02,29.74483331436152,42.888949093918185,68.81297339497563,8.187366488410444,12.164839653851702,2.495247638782563,41.51511886542295,0.08725145274900872,0.9900210499763489,0.5865210567924184,-65.61306778325425,1.0117304211358484,False,False,1
44,8,100.0,11.5,0.25,20.0,300.0,0.02,29.558796714093223,42.913242571566514,68.8793390071949,8.230854939929362,15.689866232390969,2.522674923869801,41.85024547796053,0.08821559192244434,0.9892908334732056,0.4887110758199858,-65.94264941233786,1.0097742215163996,False,False,1
45,8,100.0,11.5,0.25,20.0,300.0,0.02,29.409793933620044,42.93484092438076,68.95139748387587,7.451666354059511,13.676705301543311,2.5512330958542573,42.19817542010617,0.08921895392127112,0.9887062907218933,0.3316452139477872,-66.4452205445406,1.0066329042789557,False,False,1
46,8,100.0,11.5,0.25,20.0,300.0,0.02,29.295869220883446,42.95366524064338,69.02756785810071,6.852564651703564,12.019938572613267,2.577328928308976,42.46298522534329,0.09013498981576465,0.9880307912826538,0.17642221074424932,-67.95651844107658,1.003528444214885,False,False,1
47,8,100.0,11.5,0.25,20.0,300.0,0.02,29.15945011179756,42.976772919132976,69.06333557471963,7.416705145602394,12.051955894752368,2.600745089708596,42.647036539277565,0.09095625009740825,0.9872276782989502,-0.04522795013671774,-69.59964790818029,0.9990954409972657,True,True,0
48,8,100.0,11.5,0.25,20.0,300.0,0.02,29.050201749511324,43.003647610343315,69.17616154312407,7.505627961073609,13.0999394885378,2.6319167402644967,42.92068917639817,0.09204968028062879,0.9867464900016785,-0.23836195646826616,-70.64260672107743,0.9952327608706347,True,True,0
49,8,100.0,11.5,0.25,20.0,300.0,0.02,28.960691826712143,43.026999504472705,69.2633245861374,6.813556612640896,11.937208663884507,2.6708041948434644,43.283331933241655,0.0934121595764347,0.985773503780365,-0.33394947799152785,-70.28025742403739,0.9933210104401694,True,True,0
50,8,100.0,11.5,0.25,20.0,300.0,0.02,28.886958072135815,43.04725712635576,69.35263723688162,6.3315611254575135,10.401569816718403,2.7032178673265954,43.56018210965819,0.09454782413048202,0.9847502112388611,-0.42210714274864874,-70.39050582728638,0.991557857145027,True,True,0
51,8,100.0,11.5,0.25,20.0,300.0,0.02,28.830212391707597,43.06465748488763,69.42899175698142,5.915758448821787,9.544818846382357,2.7313249405582405,43.7839368446442,0.09553173478845797,0.9835261106491089,-0.5236974855504948,-70.33027260239405,0.9895260502889901,True,True,0
52,8,100.0,11.5,0.25,20.0,300.0,0.02,28.789579456712104,43.07954509040639,69.49993995937393,5.5646885470584415,8.708046272678457,2.7542090075208727,43.944512385938715,0.09633231914256002,0.9827852845191956,-0.6119765343364568,-69.92251964367742,0.9877604693132709,True,True,0
53,8,100.0,11.5,0.25,20.0,300.0,0.02,28.765124747042844,43.09206502686822,69.56491202230545,5.296028051664665,8.012500833965996,2.7727702979934388,44.048669807942574,0.09698104750442532,0.981961727142334,-0.7065216276843884,-69.70880595774666,0.9858695674463123,True,True,0
54,8,100.0,11.5,0.25,20.0,300.0,0.02,28.753703582494595,43.10248907153228,69.62728060052437,4.939117917683491,7.327014877907611,2.7849694427388867,44.05048195985617,0.09740661408044274,0.9809989929199219,-0.8181939807742081,-69.64200178743266,0.9836361203845159,True,True,0
55,8,100.0,11.5,0.25,20.0,300.0,0.02,28.75475723561656,43.11468152865943,69.68262656766544,5.112415696700645,9.867614483595906,2.793742552485006,44.01381971027291,0.09771201194397822,0.979770302772522,-0.9157622398305115,-69.80281685252547,0.9816847552033898,True,True,0
56,8,100.0,11.5,0.25,20.0,300.0,0.02,28.770109896238765,43.13321452220261,69.75925934078913,5.415874658934053,9.162276479484861,2.8038713681901535,44.01392710358036,0.09806492947337347,0.9784093499183655,-1.0265391977956515,-69.39706753384083,0.9794692998293146,True,True,0
57,8,100.0,11.5,0.25,20.0,300.0,0.02,28.7770388446332,43.14865986194484,69.82654074767136,5.02082747110196,7.765284956708408,2.8194942431883168,44.129785647997885,0.09861071791676704,0.9775291085243225,-1.08563387918849,-69.20506651510932,0.9782873943325768,True,True,0
58,8,100.0,11.5,0.25,20.0,300.0,0.02,28.778562288769166,43.162049032703045,69.89190307582567,4.77930985553353,7.214591378942196,2.8325918186095818,44.21149255318595,0.099067449843002,0.9761270880699158,-1.1168763549534977,-69.19602788967842,0.97766247290093,True,True,0
59,8,100.0,11.5,0.25,20.0,300.0,0.02,28.78483505337724,43.173288583408684,69.94134943094892,4.546103225117227,6.703931007233161,2.8425024418268325,44.242387235187394,0.09941230500613535,0.9746394753456116,-1.132604815298572,-69.01367202463939,0.9773479036940286,True,True,0
60,8,100.0,11.5,0.25,20.0,300.0,0.02,28.80167986405767,43.182704591425576,69.9867777794162,4.3946874402986325,6.3435311559063905,2.849757114947697,44.232509066769964,0.09966390189619934,0.9737218022346497,-1.1571844492715022,-68.9174501671439,0.9768563110145699,True,True,0
61,8,100.0,11.5,0.25,20.0,300.0,0.02,28.82466769059097,43.19076260035001,70.02793915058037,4.219527562389709,5.880893386268173,2.854418340623945,44.18102618671618,0.09982449424235731,0.9728318452835083,-1.2010680253601187,-68.83462744286585,0.9759786394927976,True,True,0
62,8,100.0,11.5,0.25,20.0,300.0,0.02,28.855155195265212,43.19739380424793,70.06386149505609,4.045027372422748,5.561293246712063,2.8568471040782417,44.09654995178513,0.09990674168656219,0.9717477560043335,-1.2310107480060422,-68.64561960328388,0.9753797850398791,True,True,0
63,8,100.0,11.5,0.25,20.0,300.0,0.02,28.88691836565663,43.202746027810385,70.10654578258102,3.856902002140891,5.190505895250984,2.857316932417592,43.981068265501186,0.09992029686543244,0.9705286622047424,-1.269373023753709,-68.39645625773164,0.9746125395249258,True,True,0
64,8,100.0,11.5,0.25,20.0,300.0,0.02,28.917418888529863,43.20683139646172,70.14298329807599,3.746652242899389,5.035670330320955,2.856205775410396,43.84135833852904,0.09987841479311471,0.9691601991653442,-1.2786970994709566,-68.20713279754,0.9744260580105809,True,True,0
65,8,100.0,11.5,0.25,20.0,300.0,0.02,28.953608988808625,43.20979524301311,70.16921279403344,3.596849566666976,4.599454225321667,2.85347949364872,43.67635104419397,0.09977992467866142,0.9681034684181213,-1.288452444267979,-68.20433288214655,0.9742309511146404,True,True,0
66,8,100.0,11.5,0.25,20.0,300.0,0.02,28.993547344056612,43.212097533225084,70.19296506213732,3.4347784483417145,4.360897447697625,2.849510346998695,43.49284917324141,0.09963788319329073,0.9671455025672913,-1.3575779579946439,-68.02962496431252,0.9728484408401071,True,True,0
67,8,100.0,11.5,0.25,20.0,300.0,0.02,29.03637937246708,43.2136777979401,70.21248611208574,3.393450892557244,4.518026961029694,2.844469318849893,43.29351588368155,0.09945833461477067,0.9660581946372986,-1.356029125398486,-67.82548187087988,0.9728794174920303,True,True,0
68,8,100.0,11.5,0.25,20.0,300.0,0.02,29.081389446179372,43.21435727603158,70.22939293772002,3.239031323424223,4.097217320130192,2.838270216452088,43.07333179895649,0.09923818040431111,0.9648525714874268,-1.3581653880001034,-67.67422703228249,0.9728366922399979,True,True,0
69,8,100.0,11.5,0.25,20.0,300.0,0.02,29.128297656148575,43.21467514753347,70.24391066841393,3.0998039010860925,3.8888072837973886,2.8313344318628064,42.84382507851146,0.09899224948546356,0.9634823799133301,-1.37665985372895,-67.5325119140484,0.972466802925421,True,True,0
70,8,100.0,11.5,0.25,20.0,300.0,0.02,29.177388549698083,43.21455779935342,70.26555519233001,3.0330767952311013,3.8258822338147396,2.823632963634369,42.604811504962605,0.09871958996513704,0.9620756506919861,-1.3929508244159974,-67.4449277134824,0.9721409835116801,True,True,0
71,8,100.0,11.5,0.25,20.0,300.0,0.02,29.228755349910042,43.21405089114397,70.2821529154524,2.907940468498315,3.4965755304580863,2.815251523399212,42.35533246311442,0.09842310621061069,0.960454523563385,-1.4657463237712116,-67.19476562672654,0.9706850735245758,True,True,0
72,8,100.0,11.5,0.25,20.0,300.0,0.02,29.34097550813281,43.213132482399324,70.29817218384233,3.0893399049964043,5.151406519141411,2.8063291624028164,42.09870940041791,0.09810777924039275,0.9596154689788818,-1.4513854261800272,-67.12954107622352,0.9709722914763994,True,True,0
73,8,100.0,11.5,0.25,20.0,300.0,0.02,29.413317776286643,43.21279899009021,70.33260564834558,2.870213644620407,3.8854094561962715,2.792772471342345,41.75004584273258,0.0976303150122815,0.958646297454834,-1.4477667319455558,-67.12204779003184,0.9710446653610889,True,True,0
74,8,100.0,11.5,0.25,20.0,300.0,0.02,29.48819182749019,43.21160089156839,70.35636202725233,2.7182786653430933,3.599048780633802,2.7792927438734267,41.40793318576352,0.09715565042265734,0.9572703838348389,-1.43120893200194,-67.05671518982396,0.9713758213599611,True,True,0
75,8,100.0,11.5,0.25,20.0,300.0,0.02,29.562096843807485,43.21024071332665,70.37768207079786,2.5736947628110647,3.3733917414098364,2.766049426261875,41.07016130123432,0.09668933138378658,0.9558510184288025,-1.4098940868897132,-66.87684941362394,0.9718021182622057,True,True,0
76,8,100.0,11.5,0.25,20.0,300.0,0.02,29.633681971996598,43.20852802270396,70.39413456418951,2.4389510170302797,3.185533044518706,2.7529332091469736,40.73825784164215,0.0962275816444402,0.9543681144714355,-1.4186659087023634,-66.71062610747032,0.9716266818259527,True,True,0
77,8,100.0,11.5,0.25,20.0,300.0,0.02,29.70253851859889,43.20630438802777,70.40742090606945,2.375893712537961,2.998634235226129,2.7399731257356446,40.41284738735916,0.0957714169241238,0.9528475403785706,-1.4583166938430385,-66.5245162692579,0.9708336661231393,True,True,0
78,8,100.0,11.5,0.25,20.0,300.0,0.02,29.77620906723935,43.204278580117936,70.42134897008485,2.39368932443373,3.4795323029214393,2.727039569359984,40.09007462156905,0.0953162286202105,0.9516439437866211,-1.4646954314067995,-66.39570276890505,0.970706091371864,True,True,0
79,8,100.0,11.5,0.25,20.0,300.0,0.02,29.846433943012084,43.20263715929616,70.43100560083033,2.3680492002552125,3.097984865187028,2.713894672991294,39.763781252459005,0.09485361224292488,0.9506468772888184,-1.4670907400330775,-66.36419186585417,0.9706581851993384,True,True,0
80,8,100.0,11.5,0.25,20.0,300.0,0.02,29.914977020288212,43.20021253917975,70.43518634735302,2.235954799834184,3.029811970654734,2.7006897636195437,39.43675926157854,0.09438895904537686,0.9499613046646118,-1.4405402554960272,-66.23620290594465,0.9711891948900795,True,True,0
81,8,100.0,11.5,0.25,20.0,300.0,0.02,29.980625617553756,43.19780424196269,70.43823122148984,2.1268979222270423,2.8055431534273683,2.6876982218613783,39.11783310105488,0.09393188411286414,0.9490206241607666,-1.448801838937125,-66.23784410158285,0.9710239632212575,True,True,0
82,8,100.0,11.5,0.25,20.0,300.0,0.02,30.043809226975615,43.19520888943466,70.44010390511174,2.0176248065146063,2.641833404967187,2.6749031405522663,38.80581918142857,0.09348182200125489,0.9480625987052917,-1.5033065527193983,-66.24149342537493,0.9699338689456121,True,True,0
83,8,100.0,11.5,0.25,20.0,300.0,0.02,30.105212286441695,43.19285349217083,70.44146438353798,1.9913855277232289,2.6023308211916634,2.6624190309510216,38.50147327312463,0.09304276542640509,0.9470497965812683,-1.4767511309045454,-66.15352061395663,0.9704649773819091,True,True,0
84,8,100.0,11.5,0.25,20.0,300.0,0.02,30.168027725256046,43.18989106774338,70.43995013079278,1.8854070324989798,2.4445401817940877,2.6500062258466928,38.198744301950434,0.09260624832400402,0.9460153579711914,-1.4577490584954578,-66.14171398464086,0.9708450188300909,True,True,0
85,8,100.0,11.5,0.25,20.0,300.0,0.02,30.229645160131895,43.18703389555535,70.43984971586895,1.7900295022959027,2.2982654238896294,2.6378875866328615,37.904889588274365,0.09218013705660545,0.944858193397522,-1.4797451087208775,-66.06229160322253,0.9704050978255825,True,True,0
86,8,100.0,11.5,0.25,20.0,300.0,0.02,30.294592011372135,43.183783477671774,70.43075515702634,1.7650571285332632,2.1882397615681164,2.62605507552566,37.6191409592559,0.09176416991108376,0.9437354803085327,-1.4533518487726453,-66.00666939270204,0.9709329630245471,True,True,0
87,8,100.0,11.5,0.25,20.0,300.0,0.02,30.354980313282272,43.180573430606515,70.42548635873035,1.6695093831618437,2.116105859939743,2.6143565284641808,37.33652714484359,0.0913529229583556,0.9426103830337524,-1.4331371440340879,-65.97611357217554,0.9713372571193183,True,True,0
88,8,100.0,11.5,0.25,20.0,300.0,0.02,30.41333935861943,43.17733541577665,70.41928061987178,1.5846341085619242,1.9632555804820584,2.6029435845268285,37.06323160200429,0.09095179235358879,0.9414302706718445,-1.4177963269184055,-65.91455344526413,0.9716440734616318,True,True,0
89,8,100.0,11.5,0.25,20.0,300.0,0.02,30.469656177853956,43.17414788682396,70.41392794902488,1.5031046237505508,1.8624529413123816,2.5917935262164304,36.79862534846115,0.09055998429088384,0.9402910470962524,-1.4059728303807173,-65.9055608904339,0.9718805433923856,True,True,0
90,8,100.0,11.5,0.25,20.0,300.0,0.02,30.523763429458448,43.1709859271708,70.41516781694847,1.4265114240785817,1.7535725279617937,2.5809640089263,36.54288754580641,0.09017950763700873,0.9391637444496155,-1.3826916722807363,-65.84685902771517,0.9723461665543853,True,True,0
91,8,100.0,11.5,0.25,20.0,300.0,0.02,30.57576022178521,43.16787777956622,70.41774772767954,1.3538539228519006,1.6563174134187308,2.5704392370587468,36.296149185115155,0.08980980614049626,0.9380634427070618,-1.370284067770509,-65.81392779890186,0.9725943186445898,True,True,0
92,8,100.0,11.5,0.25,20.0,300.0,0.02,30.625635645597015,43.16482264806757,70.42001804125125,1.2851180551189025,1.5631131652682928,2.560234797408667,36.0583859889238,0.0894514186563956,0.9369896650314331,-1.351884506884495,-65.78651581331415,0.9729623098623101,True,True,0
93,8,100.0,11.5,0.25,20.0,300.0,0.02,30.673265249680963,43.16183089836017,70.42207179021875,1.2200850514569668,1.4707753318065437,2.550387063059856,35.8294236610317,0.08910560848393753,0.9359462261199951,-1.3733671160822098,-65.72090616286953,0.9725326576783558,True,True,0
94,8,100.0,11.5,0.25,20.0,300.0,0.02,30.71877121706406,43.158580004960506,70.41407049056137,1.2261671596895902,1.6851825744639417,2.5408720281229953,35.60932765161644,0.0887715368539765,0.9349363446235657,-1.3635529064091705,-65.68080985939747,0.9727289418718166,True,True,0
95,8,100.0,11.5,0.25,20.0,300.0,0.02,30.761166536465105,43.15545211495904,70.41013436237571,1.1581495125657695,1.391908077460321,2.5315113850537427,35.39167428203884,0.08844285344706808,0.9339601397514343,-1.3580206935240886,-65.62275832256833,0.9728395861295183,True,True,0
96,8,100.0,11.5,0.25,20.0,300.0,0.02,30.802461225939037,43.152391696880365,70.40521853742851,1.0994578919967024,1.304900632236227,2.5224920646309665,35.18318328295751,0.08812620006793581,0.9329752326011658,-1.3391931113235922,-65.62199301843197,0.9732161377735281,True,True,0
97,8,100.0,11.5,0.25,20.0,300.0,0.02,30.842244749925996,43.14946211507618,70.4014665203869,1.0432536550693405,1.2509798475357357,2.513804019242809,34.98262571827402,0.08782122040174185,0.9320734143257141,-1.3431382233886013,-65.67852538247614,0.973137235532228,True,True,0
98,8,100.0,11.5,0.25,20.0,300.0,0.02,30.88051925442326,43.14662586943778,70.39799160254182,0.9910191655062892,1.1853432663892443,2.5054503170984366,34.79016016994175,0.08752801712734583,0.9311912655830383,-1.33851307509358,-65.6824771432683,0.9732297384981284,True,True,0
99,8,100.0,11.5,0.25,20.0,300.0,0.02,30.917250196922698,43.14389684504431,70.39496572907369,0.9415232753180584,1.1262529177158525,2.497408699692863,34.6056739163519,0.08724580773933173,0.9303433895111084,-1.355057780492623,-65.5660304164561,0.9728988443901475,True,True,0
100,8,100.0,11.5,0.25,20.0,300.0,0.02,30.9524280517741,43.141490447470055,70.392346751414,1.5950734860484177,6.364744842146352,2.4896870562810496,34.42896200860983,0.08697486602567263,0.9297253489494324,-1.3416340090285928,-65.47688475328795,0.9731673198194282,True,True,0
101,8,100.0,11.5,0.25,20.0,300.0,0.02,30.990101668126123,43.14065809488255,70.42007564184463,1.6424600158227611,4.200716215644349,2.476072428278946,34.124425175567985,0.08649787739181519,0.9287394881248474,-1.3268822274005996,-65.45964434086287,0.973462355451988,True,True,0
102,8,100.0,11.5,0.25,20.0,300.0,0.02,31.024496665782294,43.13892780317019,70.433485627915,1.4614088931652351,3.5634900750701823,2.4631852961306615,33.838719364933596,0.08604640636763557,0.9272040724754333,-1.3324658202582185,-65.39249348011519,0.9733506835948357,True,True,0
103,8,100.0,11.5,0.25,20.0,300.0,0.02,31.059522803066542,43.13774818115012,70.45696267499872,1.4881803904025972,2.9703567059449765,2.4510332873541447,33.569461663209516,0.08562067554839559,0.9266750812530518,-1.3176356104841596,-65.49102669928497,0.9736472877903168,True,True,0
104,8,100.0,11.5,0.25,20.0,300.0,0.02,31.094297456457937,43.136239435408626,70.4817953656916,1.3795194491759055,2.846727085937157,2.439274632055802,33.30736350433943,0.08520864035054254,0.9261236190795898,-1.3287641821049434,-65.3886031112338,0.9734247163579012,True,True,0
105,8,100.0,11.5,0.25,20.0,300.0,0.02,31.13076008245913,43.134958347444815,70.50714264630793,2.0416899380009843,6.988286733676888,2.428075493910483,33.05872363279348,0.08481625503780127,0.9253003001213074,-1.2949516088673956,-65.30462325440489,0.9741009678226521,True,True,0
106,8,100.0,11.5,0.25,20.0,300.0,0.02,31.194649826803282,43.13501792584033,70.56013943026387,2.0936063870888355,4.717150322591852,2.4112011724933615,32.68743392063554,0.0842254996142053,0.9234079718589783,-1.278077829888244,-65.23983354312574,0.9744384434022351,True,True,0
107,8,100.0,11.5,0.25,20.0,300.0,0.02,31.259447464104177,43.133925915999534,70.59639339377489,1.8473640476615638,3.94800224927604,2.395310907428204,32.340036792523776,0.0836692131863523,0.9228571653366089,-1.2686937531915965,-65.29974445108809,0.9746261249361681,True,True,0
108,8,100.0,11.5,0.25,20.0,300.0,0.02,31.321644975224395,43.13272970428121,70.62790427260698,1.7303553453068297,3.268060970533719,2.380443644954328,32.01493891880114,0.08314871241628345,0.9219872355461121,-1.249096575165307,-65.20609588084216,0.9750180684966938,True,True,0
109,8,100.0,11.5,0.25,20.0,300.0,0.02,31.37975177785122,43.131167788748876,70.6522103752828,1.6035855365164478,2.8300774509715465,2.3664992442443213,31.709655976395624,0.08266053014311395,0.9210752248764038,-1.2270661116628967,-65.19848207882399,0.9754586777667421,True,True,0
110,8,100.0,11.5,0.25,20.0,300.0,0.02,31.4340099201966,43.12943745770427,70.67214167409347,1.4993645649237748,2.4944480069448542,2.353321068190527,31.423338876461994,0.08219919218024103,0.920063853263855,-1.2451548919078872,-65.06246687467367,0.9750969021618423,True,True,0
111,8,100.0,11.5,0.25,20.0,300.0,0.02,31.4849087337331,43.12165539467271,70.6484338171386,2.1564798941842254,7.297999084391016,2.340864309234383,31.15449762687907,0.08176313973204877,0.9190539121627808,-1.2605601721439024,-65.02991692329846,0.9747887965571219,True,True,0
112,8,100.0,11.5,0.25,20.0,300.0,0.02,31.649605318955214,43.109906680412855,70.65377701116472,2.9555508308934555,7.02054176671427,2.3224717963644337,30.762294710718074,0.08111968690612094,0.9175243377685547,-1.2702425386311391,-64.98366247448809,0.9745951492273772,True,True,0
113,8,100.0,11.5,0.25,20.0,300.0,0.02,31.87746992033598,43.09815102324921,70.64187291746275,3.585668837342176,7.990863153000413,2.298958721486719,30.257116295753605,0.08029733826369324,0.9163311123847961,-1.2734585639028457,-64.88285889010515,0.9745308287219431,True,True,0
114,8,100.0,11.5,0.25,20.0,300.0,0.02,31.994088818443593,43.08861150480065,70.65331042294997,3.9448836559556213,7.43443726906963,2.2705009041254844,29.656301194128474,0.07930231970207753,0.9146483540534973,-1.2448912619671157,-64.87634998228748,0.9751021747606576,True,True,0
115,8,100.0,11.5,0.25,20.0,300.0,0.02,32.102231691327674,43.07958878952805,70.6666881745451,3.700346279819687,5.751497240017966,2.238116219051841,28.976613296641766,0.07817008152791595,0.9119060039520264,-1.2204397700400627,-64.79220287612176,0.9755912045991988,True,True,0
116,8,100.0,11.5,0.25,20.0,300.0,0.02,32.208495434918284,43.07122550442851,70.67264927023633,3.3969499678170276,5.013685413256977,2.2084454080349167,28.35356439753908,0.07713273326198454,0.9084398150444031,-1.1953001433753427,-64.92659945622606,0.9760939971324931,True,True,0
117,8,100.0,11.5,0.25,20.0,300.0,0.02,32.31278837977315,43.06351348330901,70.68152853954817,3.156018865615123,4.349351393547389,2.181108443391675,27.78077084635899,0.07617698491351833,0.9051988124847412,-1.1699664994120196,-64.98708113843912,0.9766006700117597,True,True,0
118,8,100.0,11.5,0.25,20.0,300.0,0.02,32.41299543012449,43.056349822636946,70.68807994686178,2.9306934961417435,3.8548130689735722,2.1556983869916113,27.253535601029085,0.07528863342297178,0.9021906852722168,-1.1813646269550573,-64.55605639714122,0.9763727074608989,True,True,0
119,8,100.0,11.5,0.25,20.0,300.0,0.02,32.613054540205106,43.040490456193105,70.69351102126218,4.8680147672317124,8.16126219162717,2.13204840878891,26.767383102183004,0.07446199589834489,0.8993220329284668,-1.1753779374811426,-64.63913953014593,0.9764924412503772,True,True,0
120,8,100.0,11.5,0.25,20.0,300.0,0.02,32.7700242601007,43.026971836564776,70.70294973906742,4.592485948149142,6.396074544076153,2.0925581502703046,25.959917818440537,0.07308223175025966,0.8955449461936951,-1.1610612260573951,-64.55265063063726,0.9767787754788521,True,True,0
121,8,100.0,11.5,0.25,20.0,300.0,0.02,32.99187279036948,43.014501644466506,70.68965016059664,4.867291897263396,8.465800432269399,2.0565383522819047,25.231190380668384,0.07182372133614565,0.8914592862129211,-1.1519552883076698,-64.7358930138938,0.9769608942338466,True,True,0
122,8,100.0,11.5,0.25,20.0,300.0,0.02,33.144515375553965,43.00336247914264,70.6882790107216,4.505446021669537,6.207803970939129,2.017991385763102,24.461023905525007,0.07047703325323179,0.8872250914573669,-1.1308921281658537,-64.63578701238981,0.9773821574366829,True,True,0
123,8,100.0,11.5,0.25,20.0,300.0,0.02,33.28838652088924,42.99331963832872,70.69347156765049,4.125539473207249,5.3471815713980115,1.9829503170221316,23.766349373469883,0.06925281781775093,0.8829448223114014,-1.1195033855186933,-64.60601769406603,0.9776099322896261,True,True,0
124,8,100.0,11.5,0.25,20.0,300.0,0.02,33.423220039101686,42.9806499162928,70.70213458562023,4.426964748032871,8.207571465987934,1.9509997124258451,23.138207126708487,0.06813657864392032,0.8792544007301331,-1.1394296392997016,-64.37080655360809,0.977211407214006,True,True,0
125,8,100.0,11.5,0.25,20.0,300.0,0.02,33.72094397242329,42.966947913708076,70.6855877074273,5.8947276483217985,8.742569394152842,1.9166024449128178,22.47510756662003,0.06693519124700924,0.8737778663635254,-1.11347907327065,-64.44419482117425,0.977730418534587,True,True,0
126,8,100.0,11.5,0.25,20.0,300.0,0.02,33.90473401012676,42.955120071691205,70.6961779400937,5.409949805011263,6.419531105219727,1.8712452482012238,21.608755373990565,0.06535132138094277,0.8704230189323425,-1.0968423175821869,-64.56466788217341,0.9780631536483563,True,True,0
127,8,100.0,11.5,0.25,20.0,300.0,0.02,34.06854348391552,42.94468774237463,70.69642016191425,4.875269365721262,5.834079750026592,1.8306470510862505,20.845022923767083,0.06393357537895676,0.865376353263855,-1.082971901839397,-64.6557273706079,0.9783405619632121,True,True,0
128,8,100.0,11.5,0.25,20.0,300.0,0.02,34.22517422071706,42.93547560750223,70.70277397359526,4.443721637673865,4.9936173409938265,1.7940663494870186,20.169352968448536,0.06265606565915237,0.8614823818206787,-1.0913629610405196,-64.55372396173702,0.9781727407791896,True,True,0
129,8,100.0,11.5,0.25,20.0,300.0,0.02,34.444384592959956,42.92518495641406,70.70507768644947,5.064715562205096,7.807124309670404,1.7609946620202988,19.569303370534488,0.061501144833380816,0.8574823141098022,-1.0940081601893632,-65.26278576792923,0.9781198367962127,True,True,0
130,8,100.0,11.5,0.25,20.0,300.0,0.02,34.61953017314793,42.91307849531069,70.71010003273474,5.116927167704774,7.203964983835414,1.72354264574419,18.896328461876664,0.060193525927871465,0.8531222939491272,-1.096673685279017,-65.92252698412659,0.9780665262944197,True,True,0
131,8,100.0,11.5,0.25,20.0,300.0,0.02,34.83088311726053,42.903217754072884,70.70287170421831,5.126212980867058,7.464839382207224,1.686274041277741,18.241609159945295,0.05889232677716493,0.848074734210968,-1.0870594336776622,-66.59543360667794,0.9782588113264468,True,True,0
132,8,100.0,11.5,0.25,20.0,300.0,0.02,34.996039960629474,42.8948169658899,70.70241145601759,4.639172533185851,5.653783677562345,1.649445253921105,17.608403045031583,0.05760645630685849,0.8425127863883972,-1.077004962052587,-67.22129783724718,0.9784599007589483,True,True,0
133,8,100.0,11.5,0.25,20.0,300.0,0.02,35.14609448801757,42.88751615990805,70.70533409115315,4.188105218661983,4.954432613323993,1.6165105442938883,17.05474509492577,0.05645646683000091,0.8363009691238403,-1.066040694755334,-67.73648926767481,0.9786791861048934,True,True,0
134,8,100.0,11.5,0.25,20.0,300.0,0.02,35.28519220622462,42.88118692094064,70.70857680806412,3.8011888403238876,4.300397616854522,1.587029572410617,16.568802448667917,0.055427009785489784,0.8314473032951355,-1.1204954636707845,-68.39297780462846,0.9775900907265843,True,True,0
135,8,100.0,11.5,0.25,20.0,300.0,0.02,35.40080652267208,42.87258725007105,70.7063053255485,5.113336324213061,6.775264343950414,1.5605259983603406,16.140361348274812,0.054501638767910233,0.8270992636680603,-1.1062667388118876,-69.04097608330062,0.9778746652237622,True,True,0
136,8,100.0,11.5,0.25,20.0,300.0,0.02,35.42405766686968,42.86534758792432,70.70747392447345,4.670200024663254,5.165775000675009,1.5251822081978956,15.580025112910597,0.05326777204927844,0.8207571506500244,-1.0944374632890588,-69.67459109305912,0.9781112507342188,True,True,0
137,8,100.0,11.5,0.25,20.0,300.0,0.02,35.397981725031094,42.858831046997736,70.70410246518641,4.15972317828063,4.734379463750656,1.4939173532579644,15.095984361391771,0.0521762081592555,0.816437304019928,-1.0855806109465298,-70.17318559909121,0.9782883877810694,True,True,0
138,8,100.0,11.5,0.25,20.0,300.0,0.02,35.37718119188787,42.85339703930468,70.70790958435066,3.765775766778866,4.159309479800443,1.4660598059628407,14.677387013661354,0.051203507766331514,0.81168532371521,-1.0786548235429294,-70.70610010779771,0.9784269035291414,True,True,0
139,8,100.0,11.5,0.25,20.0,300.0,0.02,35.364737157329564,42.84838810928286,70.70409473553899,3.4067967926094997,3.7350105746964775,1.4412213458997583,14.312376251157065,0.05033616880826278,0.8075459003448486,-1.111123449248288,-71.33181047041222,0.9777775310150343,True,True,0
140,8,100.0,11.5,0.25,20.0,300.0,0.02,35.393093746056074,42.84356176480474,70.70925244965427,3.787315042277835,5.8560377403910975,1.4189795212577647,13.993242076660227,0.04955950462574111,0.8032684922218323,-1.0993004889252347,-71.79651433220721,0.9780139902214953,True,True,0
141,8,100.0,11.5,0.25,20.0,300.0,0.02,35.3964473404229,42.838961284966054,70.70495221833114,3.4495626073077665,4.646945103482223,1.3945398943229614,13.647349873356312,0.04870615748186852,0.7994117736816406,-1.113857722776415,-72.21381148423413,0.9777228455444718,True,True,0
142,8,100.0,11.5,0.25,20.0,300.0,0.02,35.384253832874776,42.83332188690365,70.70454929179212,3.452713468255111,5.085275551653654,1.37268332743495,13.347542669639754,0.04794296662732802,0.7936182618141174,-1.1294499872303818,-72.80787059330032,0.9774110002553924,True,True,0
143,8,100.0,11.5,0.25,20.0,300.0,0.02,35.35959967788069,42.828826051602746,70.69439141286664,3.47827081918628,5.109176810282394,1.351043555175678,13.05889828362194,0.047187343315870385,0.7884589433670044,-1.117615089554941,-73.29344123546949,0.9776476982089012,True,True,0
144,8,100.0,11.5,0.25,20.0,300.0,0.02,35.33370314984452,42.825651417330604,70.70084692956073,3.131676923068315,3.734470137049063,1.3296992033819361,12.78206042929956,0.04644199678687199,0.7840633988380432,-1.106801175263904,-73.64954231342978,0.9778639764947219,True,True,0
145,8,100.0,11.5,0.25,20.0,300.0,0.02,35.321578292712026,42.82276651625512,70.70266536657606,2.8285993055056617,3.3106798562762667,1.31063965401634,12.54221159156608,0.04577637510816946,0.7823742032051086,-1.100704754399831,-74.22147085567121,0.9779859049120034,True,True,0
146,8,100.0,11.5,0.25,20.0,300.0,0.02,35.31189002111514,42.82031306825645,70.70724831947082,2.566442426120777,2.949928122254316,1.2936525282290923,12.333220750628263,0.04518308301102044,0.7796610593795776,-1.0935457018367631,-74.49652326453614,0.9781290859632648,True,True,0
147,8,100.0,11.5,0.25,20.0,300.0,0.02,35.30787211459399,42.8180772563228,70.70634639488556,2.3319523803708413,2.6031384225047742,1.2783863163755365,12.150657620295986,0.04464986186633961,0.7773324251174927,-1.0866602730480432,-74.83841579293966,0.9782667945390391,True,True,0
148,8,100.0,11.5,0.25,20.0,300.0,0.02,35.303532041550135,42.81606194704375,70.70700750763686,2.122643551102025,2.3789465067984645,1.2646218058630734,11.990607626484456,0.044169063138105924,0.7748310565948486,-1.1393753993383025,-75.32143158952667,0.9772124920132339,True,True,0
149,8,100.0,11.5,0.25,20.0,300.0,0.02,35.32298951644583,42.812351740301416,70.70588699722671,2.795104518588993,4.412797454174401,1.2523236581364872,11.849517685162901,0.04373950395989475,0.7728238105773926,-1.159880047244004,-75.69122371840005,0.9768023990551199,True,True,0
150,8,100.0,11.5,0.25,20.0,300.0,0.02,35.352994868489326,42.810128302477814,70.70607059155142,2.870147930478102,3.9298258364163132,1.2362272004178494,11.671302471476533,0.04317735509854073,0.7697636485099792,-1.146411248518642,-76.07364915548293,0.9770717750296272,True,True,0
151,8,100.0,11.5,0.25,20.0,300.0,0.02,35.329473787607235,42.80815701677341,70.70083674152036,2.5682222503867083,2.9655344370682486,1.2203472113255815,11.499665208874672,0.042622734832292904,0.7657552361488342,-1.1394804022947982,-76.52176860041735,0.9772103919541041,True,True,0
152,8,100.0,11.5,0.25,20.0,300.0,0.02,35.32412630753255,42.80675818144213,70.7069161920299,2.3160825717988516,2.664173642113841,1.2061658490467095,11.35247833107507,0.04212738426132294,0.7614791989326477,-1.1350084271956402,-76.85879561847983,0.9772998314560872,True,True,0
153,8,100.0,11.5,0.25,20.0,300.0,0.02,35.31700314962953,42.805243854564864,70.70722198996322,2.0962589115407493,2.3866038786789705,1.1935528572005936,11.224898723252029,0.04168678075827119,0.7582233548164368,-1.1276104529654845,-77.05598864690768,0.9774477909406903,True,True,0
154,8,100.0,11.5,0.25,20.0,300.0,0.02,35.31632312913312,42.803946692191964,70.70613697014878,1.9051356002869737,2.1285722779050076,1.1821962806457509,11.114304554729047,0.04129003973444219,0.7553038001060486,-1.1254478215244124,-76.80511168364,0.9774910435695118,True,True,0
155,8,100.0,11.5,0.25,20.0,300.0,0.02,35.30853037559863,42.80249600448824,70.70366005708313,1.741431327689901,1.9396410235350183,1.1720741386448787,11.017639902272492,0.04093639966534759,0.7526291012763977,-1.1168281591833438,-76.34929216053459,0.9776634368163332,True,True,0
156,8,100.0,11.5,0.25,20.0,300.0,0.02,35.31282092456955,42.80169781347828,70.70675840275392,1.5903826041663565,1.8468805647860909,1.1632596070603107,10.932362986467036,0.04062843087930128,0.7498565912246704,-1.1084776150638667,-75.83865169009614,0.9778304476987226,True,True,0
157,8,100.0,11.5,0.25,20.0,300.0,0.02,35.30603966000937,42.800538385184495,70.70228114387714,1.4613837399429077,1.6299167955432943,1.1554121247676379,10.85712728253993,0.04035423879686889,0.7480848431587219,-1.1122398915192317,-75.7899301185536,0.9777552021696153,True,True,0
158,8,100.0,11.5,0.25,20.0,300.0,0.02,35.31172599834345,42.79995561804024,70.70751913738631,1.339267293005097,1.576092042297996,1.1483932655290299,10.790524022600179,0.04010898989283787,0.7455538511276245,-1.1337365274964908,-75.77240871168253,0.9773252694500701,True,True,0
159,8,100.0,11.5,0.25,20.0,300.0,0.02,35.334244049165626,42.79814557328179,70.6870094235163,1.4640279757356545,2.9399303827084213,1.1421261526407547,10.731286586997923,0.03989000127048335,0.744178831577301,-1.1483457274805036,-75.7723730231905,0.9770330854503899,True,True,0
160,8,100.0,11.5,0.25,20.0,300.0,0.02,35.3436028941926,42.797863395343875,70.69455481273239,1.6018352781615857,3.234921137954269,1.1352101544359967,10.667791735979883,0.039648367521299584,0.7410117387771606,-1.1453404814178754,-75.1419312564432,0.9770931903716424,True,True,0
161,8,100.0,11.5,0.25,20.0,300.0,0.02,35.33494910229902,42.797005544455246,70.700710290469,1.4758850278817497,2.355832658203158,1.1277848081666624,10.601812995654493,0.03938894003853052,0.7385333776473999,-1.1358197252705777,-74.01835160959259,0.9772836054945885,True,True,0
162,8,100.0,11.5,0.25,20.0,300.0,0.02,35.32603432163197,42.796271387191915,70.69967248045533,1.3465325489244226,2.1817986448142945,1.1214032582931315,10.543794040983473,0.0391659670537356,0.7351387739181519,-1.1384274398714258,-73.48543892326765,0.9772314512025715,True,True,0
163,8,100.0,11.5,0.25,20.0,300.0,0.02,35.32554024134418,42.79560734352652,70.70308012635344,1.252718262087892,1.9131824203916064,1.1158407453041552,10.492276282338828,0.03897160746011373,0.7334576845169067,-1.138344222025116,-73.2417676029543,0.9772331155594977,True,True,0
164,8,100.0,11.5,0.25,20.0,300.0,0.02,35.321018312455955,42.7953405106057,70.70538381093226,1.1538277453504344,1.8339618184964739,1.11094519203895,10.446444825572035,0.038800546976254714,0.7321218848228455,-1.143759974708362,-73.04692046905208,0.9771248005058327,True,True,0
165,8,100.0,11.5,0.25,20.0,300.0,0.02,35.32099669326569,42.79477661396417,70.70675560037468,1.0610963040864236,1.6194799194375806,1.1065653955837689,10.405636570259384,0.038647505277657035,0.7302349805831909,-1.144848257000867,-72.84202362388035,0.9771030348599826,True,True,0
166,8,100.0,11.5,0.25,20.0,300.0,0.02,35.31796196997113,42.794200377917505,70.70802708593754,0.9822001239851769,1.5689777078643652,1.102635554596667,10.36924670213692,0.03851018225008294,0.7296567559242249,-1.151440691858607,-72.71586508777399,0.9769711861628279,True,True,0
167,8,100.0,11.5,0.25,20.0,300.0,0.02,35.31806965756591,42.79361687046161,70.70103789955702,0.914321682317148,1.5773031573839964,1.0990791474261052,10.336737098715624,0.03838590541133575,0.7282950282096863,-1.1691289061416645,-72.51092372644175,0.9766174218771667,True,True,0
168,8,100.0,11.5,0.25,20.0,300.0,0.02,35.31704412456733,42.792457170080745,70.70778243314702,1.0704187607790572,2.114072884548437,1.0958900860725818,10.307522483313456,0.03827446758004548,0.7277125120162964,-1.1734496629745428,-72.46387153937714,0.9765310067405092,True,True,0
169,8,100.0,11.5,0.25,20.0,300.0,0.02,35.310026603420425,42.79076986547962,70.70277302771834,1.0135704128056156,1.507274006571054,1.092283836240466,10.274264062225262,0.03814845666348243,0.7240872383117676,-1.1785214340800836,-72.30481908194155,0.9764295713183984,True,True,0
170,8,100.0,11.5,0.25,20.0,300.0,0.02,35.29686695078876,42.78955418433305,70.69922192503763,0.906879300655952,1.276719530871845,1.0890221320395932,10.244669395176377,0.03803447701174965,0.7236728668212891,-1.1956336751293664,-72.19231370568455,0.9760873264974127,True,True,0
171,8,100.0,11.5,0.25,20.0,300.0,0.02,35.28915698228434,42.788880728124845,70.69058495014816,1.0593828443813122,2.1778238637021463,1.086097883110118,10.218213104588806,0.037932287350566536,0.7220194935798645,-1.197281878068286,-72.12474161183594,0.9760543624386343,True,True,0
172,8,100.0,11.5,0.25,20.0,300.0,0.02,35.27841884677454,42.78872161152718,70.69502066500527,0.9780090642775958,1.4483992147483025,1.0827262562330062,10.188133851922803,0.03781447166552469,0.7212275862693787,-1.195464914213494,-71.78096827288266,0.9760907017157301,True,True,0
173,8,100.0,11.5,0.25,20.0,300.0,0.02,35.27578257113615,42.78863048526456,70.69758698296765,0.8956721701997308,1.281723016549587,1.0796599376213263,10.161360229011601,0.03770731697754346,0.7196683287620544,-1.2029584437199785,-71.69533069157342,0.9759408311256004,True,True,0
174,8,100.0,11.5,0.25,20.0,300.0,0.02,35.27182116118634,42.788483676207115,70.70217176916698,0.8314767704710352,1.15373952957783,1.0769675369371794,10.137312613658947,0.03761322551529708,0.7180304527282715,-1.2115951473247908,-71.54592573167776,0.9757680970535042,True,True,0
175,8,100.0,11.5,0.25,20.0,300.0,0.02,35.272246994352706,42.78844685905359,70.70414771509459,0.7699211758199305,1.0485397415962758,1.0745853287355667,10.115662984141736,0.03752997167776923,0.7165494561195374,-1.2105213432811357,-71.34522479393587,0.9757895731343773,True,True,0
176,8,100.0,11.5,0.25,20.0,300.0,0.02,35.27010602989145,42.78828702446648,70.70781871369792,0.7145123763875443,0.9761453109492666,1.072408274528323,10.096273669107998,0.037453886227034015,0.7151555418968201,-1.2106806624270763,-71.28477354944874,0.9757863867514585,True,True,0
177,8,100.0,11.5,0.25,20.0,300.0,0.02,35.27147335895427,42.7881219355577,70.70428133132955,0.6744449229430178,0.8867012134606643,1.0704164322343401,10.078905360715137,0.03738427156798602,0.7138150334358215,-1.2097235044361159,-71.07409429832252,0.9758055299112777,True,True,0
178,8,100.0,11.5,0.25,20.0,300.0,0.02,35.26975721547551,42.78802433674265,70.70937743910386,0.6254544777518665,0.9047836226939736,1.0685991447001415,10.063270881497614,0.03732075596024318,0.7128875255584717,-1.2130557406714706,-70.42631722243635,0.9757388851865706,True,True,0
179,8,100.0,11.5,0.25,20.0,300.0,0.02,35.27139763351077,42.78788744686947,70.70603252457302,0.5711976786772136,0.7723772600754695,1.0669634651765336,10.049113129548486,0.03726358847564022,0.7114074230194092,-1.2225255331236806,-70.18499453765133,0.9755494893375264,True,True,0
180,8,100.0,11.5,0.25,20.0,300.0,0.02,35.27252858807836,42.78787199568881,70.70888042471586,0.5306175775479909,0.6685966808722316,1.0655290503789394,10.036188918473895,0.037213454919023115,0.7108696699142456,-1.2251818466887814,-69.89509708607505,0.9754963630662243,True,True,0
181,8,100.0,11.5,0.25,20.0,300.0,0.02,35.27321675183143,42.787655428540454,70.70718918270451,0.4943296503202276,0.6613342793624248,1.0642634990198476,10.024399897749234,0.03716922251973149,0.7098912596702576,-1.2310509995942622,-69.77967105943561,0.9753789800081147,True,True,0
182,8,100.0,11.5,0.25,20.0,300.0,0.02,35.27103274580123,42.787265151514056,70.70428398022457,0.47362801581295977,0.658165421953367,1.063131532348212,10.01366066888806,0.03712965859751957,0.709632158279419,-1.231175730987161,-69.50506889651936,0.9753764853802568,True,True,0
183,8,100.0,11.5,0.25,20.0,300.0,0.02,35.27226389884755,42.78744165298043,70.70757789470083,0.4363505616509157,0.5720925341804937,1.0621036391551164,10.003889410625971,0.037093730543590026,0.7083889842033386,-1.2316373593683754,-69.39298594037209,0.9753672528126325,True,True,0
184,8,100.0,11.5,0.25,20.0,300.0,0.02,35.27312253811429,42.787349855456036,70.7080386964361,0.3947507974232158,0.5141882597240566,1.061150492093436,9.994991651086133,0.03706041620945183,0.7085539698600769,-1.2284910754796143,-69.21991880137364,0.9754301784904077,True,True,0
185,8,100.0,11.5,0.25,20.0,300.0,0.02,35.27359669061285,42.78720490666229,70.7079450567304,0.36982784655550627,0.5017906708879267,1.0602795465799202,9.986890182649,0.03702997336267043,0.7076679468154907,-1.226124915377177,-69.0193602586724,0.9754775016924565,True,True,0
186,8,100.0,11.5,0.25,20.0,300.0,0.02,35.271242725926385,42.78679739493958,70.70347776089918,0.36455487141114873,0.5302555849214267,1.0594868131685544,9.979470620057942,0.03700226425386753,0.7075816988945007,-1.2244734856307642,-68.73113769601453,0.9755105302873848,True,True,0
187,8,100.0,11.5,0.25,20.0,300.0,0.02,35.27238049621146,42.787059012708816,70.70856915269204,0.33480496149998823,0.43642491904035946,1.0587492136897991,9.97269850273383,0.03697648067238983,0.7064718008041382,-1.225922657517579,-68.60872096614739,0.9754815468496484,True,True,0
188,8,100.0,11.5,0.25,20.0,300.0,0.02,35.273118807961815,42.78692023663774,70.70709092871327,0.2968910593114209,0.4029877455159303,1.0580719450324758,9.966455244915124,0.03695280748250931,0.7067535519599915,-1.22994748766128,-68.57419558938724,0.9754010502467744,True,True,0
189,8,100.0,11.5,0.25,20.0,300.0,0.02,35.27351574719393,42.78684905694143,70.70894813435267,0.28156283832584766,0.38751652015645793,1.0574603287083757,9.960715629608488,0.036931427830934935,0.7059932947158813,-1.2308482191142154,-68.42074641925723,0.9753830356177157,True,True,0
190,8,100.0,11.5,0.25,20.0,300.0,0.02,35.27102748388872,42.78639532916685,70.70257744955165,0.28836449850945756,0.44154103723153054,1.0569004739517718,9.955427813818142,0.03691185762699523,0.7060127854347229,-1.2366876077275144,-68.49630954662669,0.9752662478454497,True,True,0
191,8,100.0,11.5,0.25,20.0,300.0,0.02,35.27207383907398,42.786694997100874,70.70923182535763,0.26527684591457545,0.3393947339569508,1.0563911162102941,9.950545452331117,0.03689405131275006,0.7050089240074158,-1.240399810256212,-68.35747725078161,0.9751920037948758,True,True,0
192,8,100.0,11.5,0.25,20.0,300.0,0.02,35.26978987267249,42.78633944187413,70.70641268762712,0.25177537543605055,0.4074783545581021,1.0559316906107707,9.945994321849364,0.0368779918833416,0.7053912878036499,-1.2403801688219258,-68.36492838263811,0.9751923966235615,True,True,0
193,8,100.0,11.5,0.25,20.0,300.0,0.02,35.27111130133857,42.78641704952674,70.70653388553308,0.23630582318878746,0.3353667874554292,1.0555074369274537,9.941823375407743,0.03686315991576988,0.704430341720581,-1.2440896812213347,-68.34385349785765,0.9751182063755733,True,True,0
194,8,100.0,11.5,0.25,20.0,300.0,0.02,35.268710727233675,42.78624102045303,70.70824329095106,0.22549664840033468,0.3633344492056443,1.055122707314662,9.937935805038183,0.036849711207840856,0.7048276662826538,-1.2455113343043211,-68.28379417440419,0.9750897733139136,True,True,0
195,8,100.0,11.5,0.25,20.0,300.0,0.02,35.269794252635606,42.78630574586851,70.70749502062496,0.19409160870553122,0.2974204136776288,1.0547669624937057,9.934356874295856,0.036837273991186525,0.7042233347892761,-1.2454289370967457,-68.22144184025774,0.975091421258065,True,True,0
196,8,100.0,11.5,0.25,20.0,300.0,0.02,35.270387689504446,42.78620899388175,70.70569824361145,0.19941277013969072,0.2890673644341939,1.0544368445927494,9.93101447520409,0.03682573351218721,0.703969419002533,-1.2453282886242574,-68.17606921291164,0.9750934342275148,True,True,0
197,8,100.0,11.5,0.25,20.0,300.0,0.02,35.27074525249214,42.7862089940989,70.70714438983437,0.18810355994619277,0.2749165599125005,1.054125670829089,9.927953226789786,0.036814854777616715,0.7037457227706909,-1.2450281351838723,-68.10177702235458,0.9750994372963225,True,True,0
198,8,100.0,11.5,0.25,20.0,300.0,0.02,35.27101536450092,42.78621945499162,70.70903363561521,0.165785444781234,0.23628546295385544,1.0538369896823774,9.925099158788798,0.036804762372203904,0.7035953998565674,-1.2434571877347325,-2087.8258209524206,40.75651641904841,True,False,0
199,8,100.0,11.5,0.25,20.0,300.0,0.02,35.2684505669787,42.7857238123518,70.70258505855891,0.1920686383581708,0.307677443704551,1.053567520911159,9.92245970848922,0.0367953416738859,0.7037463188171387,-1.244955764468075,-68.05944612245071,0.9751008847106385,True,True,0
200,8,100.0,11.5,0.25,20.0,300.0,0.02,35.269523905531756,42.78605683393588,70.7087278132966,0.17600741386115573,0.2611481550311675,1.0533132067000037,9.920016308206797,0.036786449640741625,0.7028946876525879,-1.2449734039461489,-67.99389092244753,0.975100531921077,True,True,0
201,8,100.0,11.5,0.25,20.0,300.0,0.02,35.267208743726414,42.785727405979195,70.7064689510411,0.18042980740113415,0.3201292533546699,1.05307847683232,9.917710854057669,0.036778243999956085,0.7034165263175964,-1.2450461819194831,-68.00230194885992,0.9750990763616103,True,True,0
202,8,100.0,11.5,0.25,20.0,300.0,0.02,35.26857066683572,42.78588541228304,70.70698888846994,0.15701956870961137,0.23001338055454723,1.0528514830199813,9.915610237048933,0.03677030705613799,0.7025923132896423,-1.2453333902262789,-67.93758482979638,0.9750933321954744,True,True,0
203,8,100.0,11.5,0.25,20.0,300.0,0.02,35.26906564642141,42.78578035583357,70.70785426684039,0.14842387814651628,0.22215017494169612,1.052647833778452,9.913618409473221,0.03676318784593543,0.7031034231185913,-1.24747034577517,-67.97254873988288,0.9750505930844966,True,True,0
204,8,100.0,11.5,0.25,20.0,300.0,0.02,35.26643770876129,42.78555184608492,70.70568660591852,0.17181307403849663,0.33087317981374964,1.052453830671709,9.911790380886321,0.0367564048070114,0.7025821208953857,-1.2474326486754697,-67.93653896348293,0.9750513470264907,True,True,0
205,8,100.0,11.5,0.25,20.0,300.0,0.02,35.26759030429314,42.785645253166535,70.70535572407996,0.16483826131074614,0.297729527763392,1.05227186721661,9.91007509964259,0.03675004230968923,0.7025434374809265,-1.2471581344806912,-67.85348771188615,0.9750568373103862,True,True,0
206,8,100.0,11.5,0.25,20.0,300.0,0.02,35.268215787229515,42.78569540984055,70.70698848615564,0.13038985384127882,0.23034877317444669,1.0521044233246277,9.908453960665005,0.03674418851777458,0.7023191452026367,-1.2468229957723593,-67.7222211501525,0.9750635400845528,True,True,0
207,8,100.0,11.5,0.25,20.0,300.0,0.02,35.268557969914134,42.78574203211259,70.70919276536792,0.11183035734447867,0.17457749020623783,1.0519470080423152,9.906950749445047,0.03673868488637939,0.7022718787193298,-1.246038920857765,-67.69810788795628,0.9750792215828447,True,True,0
208,8,100.0,11.5,0.25,20.0,300.0,0.02,35.26895083836901,42.785426130049196,70.70241175318813,0.13564814768902894,0.26444060844816303,1.0518059865416816,9.905541378595519,0.03673375446785936,0.7025116086006165,-1.2441013649521597,-67.64645826203473,0.9751179727009568,True,True,0
209,8,100.0,11.5,0.25,20.0,300.0,0.02,35.266322625111535,42.78550696440637,70.70969488183948,0.17439729409462218,0.31758657588624906,1.0516586838505688,9.90426003571104,0.0367286036969901,0.7017004489898682,-1.250500283640608,-67.56594890593321,0.9749899943271878,True,True,0
210,8,100.0,11.5,0.25,20.0,300.0,0.02,35.26750522103366,42.78442642677146,70.70029507673961,0.33562258558706815,1.5034150840867622,1.0515403200894726,9.903010751942958,0.036724467206295255,0.7024191617965698,-1.2491362924055398,-67.58884923831009,0.9750172741518892,True,True,0
211,8,100.0,11.5,0.25,20.0,300.0,0.02,35.26716477076713,42.784135632070594,70.69988868279978,0.3688944722743628,1.0635363059506733,1.0510980002253822,9.899081926108675,0.03670901458261463,0.7015016078948975,-1.2552386057182343,-67.46967735827796,0.9748952278856353,True,True,0
212,8,100.0,11.5,0.25,20.0,300.0,0.02,35.2837351874323,42.78431133874351,70.69543193281005,0.5413424240434765,1.8349823198457325,1.0507335967264815,9.895576320595643,0.03669628457704358,0.7013731598854065,-1.2629838312617503,-67.51425440109506,0.974740323374765,True,True,0
213,8,100.0,11.5,0.25,20.0,300.0,0.02,35.295485644963485,42.78459410844262,70.69762663833171,0.5276552550371041,1.1643583386938987,1.0501647714170204,9.88972654105859,0.03667642348748476,0.6999921798706055,-1.2640216164146811,-67.54852672642593,0.9747195676717064,True,True,0
214,8,100.0,11.5,0.25,20.0,300.0,0.02,35.29613475349803,42.784599742672654,70.69984477061516,0.48206925247252363,1.0734815452619095,1.0496764830072942,9.884745328363387,0.036659369869784075,0.6997430920600891,-1.2642096668513791,-67.54496798988151,0.9747158066629724,True,True,0
215,8,100.0,11.5,0.25,20.0,300.0,0.02,35.29654285965351,42.784609943483645,70.70151598861186,0.4601015279496494,0.9601515375275959,1.0492272298703544,9.880453758171997,0.03664367743524217,0.6989208459854126,-1.2656501215429268,-67.58242138295074,0.9746869975691415,True,True,0
216,8,100.0,11.5,0.25,20.0,300.0,0.02,35.292611270669674,42.784553179199584,70.70210392299309,0.44814946260407473,0.8942929012786363,1.048802865093537,9.876722281543943,0.036628853386193566,0.6988776922225952,-1.264969897684737,-67.50203840302564,0.9747006020463053,True,True,0
217,8,100.0,11.5,0.25,20.0,300.0,0.02,35.29304687764262,42.784612459192644,70.70526452724023,0.41963171662028553,0.8383670539130336,1.0484226373890098,9.873421981881455,0.03661557074707423,0.6982098817825317,-1.2640359605519924,-67.40480665100709,0.9747192807889602,True,True,0
218,8,100.0,11.5,0.25,20.0,300.0,0.02,35.2892299184261,42.78449223399191,70.70406736828127,0.4114837822049729,0.7848276399440789,1.0480811374418608,9.870510117567298,0.03660364100930983,0.6983146071434021,-1.2649425258018587,-67.43338978712008,0.9747011494839628,True,True,0
219,8,100.0,11.5,0.25,20.0,300.0,0.02,35.28982522754693,42.784602808691226,70.70864103746331,0.38426917752018785,0.7479171227092943,1.0477719587349663,9.86792756681329,0.03659284013885808,0.6977027058601379,-1.2607096776570295,-66.99623492191193,0.9747858064468594,True,True,0
220,8,100.0,11.5,0.25,20.0,300.0,0.02,35.28612681074106,42.784418019445546,70.7056982488283,0.3773676314670015,0.6995562336433623,1.047500251590778,9.865627378444843,0.03658334884538678,0.6978578567504883,-1.264133224852085,-67.10378343020112,0.9747173355029582,True,True,0
221,8,100.0,11.5,0.25,20.0,300.0,0.02,35.286772872766804,42.784502333120365,70.70959405975329,0.35260366989911024,0.6703626127205801,1.0472703112930597,9.8635466964407,0.03657531661773211,0.6972771883010864,-1.261113512693417,-67.03549535554927,0.9747777297461316,True,True,0
222,8,100.0,11.5,0.25,20.0,300.0,0.02,35.28892751670067,42.7842775781172,70.70554001186666,0.34421316341350877,0.628132141637139,1.0470685155356536,9.861689021418073,0.03656826794821584,0.6974593997001648,-1.2614989240696495,-66.98130746334826,0.974770021518607,True,True,0
223,8,100.0,11.5,0.25,20.0,300.0,0.02,35.28448677313128,42.78425599655396,70.70660497593867,0.337526815778305,0.586081520676149,1.0468797140839765,9.860055882624152,0.03656167265976968,0.6968914866447449,-1.2623203439433792,-67.00925892188393,0.9747535931211324,True,True,0
224,8,100.0,11.5,0.25,20.0,300.0,0.02,35.28492553674479,42.78429319797301,70.70953359048,0.31169191142378877,0.571181457107473,1.0467070633093947,9.858583862669757,0.03655564182715491,0.6967182755470276,-1.2646026303767763,-67.10695538740956,0.9747079473924645,True,True,0
225,8,100.0,11.5,0.25,20.0,300.0,0.02,35.28415153459863,42.783945873537576,70.70191701373712,0.3096958712938708,0.5413860711162504,1.0465465960742868,9.857291981858754,0.036550036311365566,0.696895182132721,-1.26533000237471,-67.12127769588596,0.9746933999525058,True,True,0
226,8,100.0,11.5,0.25,20.0,300.0,0.02,35.2839939785504,42.78420972547339,70.71039813300736,0.2960470982160637,0.5116648152152021,1.0464069813056511,9.856128265966063,0.03654515900208983,0.6959607601165771,-1.2674580390722447,-2074.2087134503863,40.484174269007724,True,False,0
227,8,100.0,11.5,0.25,20.0,300.0,0.02,35.28023080527911,42.78394869056719,70.70556663826237,0.2861473640011123,0.4875815669034992,1.0462781107194496,9.855077977590895,0.03654065773000449,0.6965503096580505,-1.2684802533832131,-67.17443820065841,0.9746303949323357,True,True,0
228,8,100.0,11.5,0.25,20.0,300.0,0.02,35.28386298479505,42.78392519534134,70.70625380911873,0.279856368505923,0.4762956853562082,1.0461603538843045,9.854147059640567,0.03653654401106508,0.6959909796714783,-1.2694261289181388,-67.20014985332851,0.9746114774216372,True,True,0
229,8,100.0,11.5,0.25,20.0,300.0,0.02,35.28244817539885,42.78396802119573,70.70915538659209,0.24980852594912933,0.4509080780845845,1.046055169710655,9.85331365734292,0.036532869865463745,0.6958240270614624,-1.2699661424203341,-67.22628663332847,0.9746006771515933,True,True,0
230,8,100.0,11.5,0.25,20.0,300.0,0.02,35.27883908166665,42.78380159508278,70.706685159496,0.25663574948845264,0.42706094992351096,1.0459571966452248,9.8525728439002,0.03652944748055953,0.696056604385376,-1.2715854416046732,-67.24963340043709,0.9745682911679066,True,True,0
231,8,100.0,11.5,0.25,20.0,300.0,0.02,35.28253761515125,42.7837486310763,70.70642272773702,0.25157957347198395,0.4172709571588951,1.0458819807255095,9.851869762829141,0.03652682025371951,0.6955102682113647,-1.2723916268855617,-67.28513098659963,0.9745521674622888,True,True,0
232,8,100.0,11.5,0.25,20.0,300.0,0.02,35.278235180272425,42.783697140518825,70.7065638094481,0.24170944727894528,0.3973211888503401,1.0458006460751181,9.851272401030045,0.036523979185262824,0.6953579187393188,-1.2705101286429639,-67.13065857960657,0.9745897974271407,True,True,0
233,8,100.0,11.5,0.25,20.0,300.0,0.02,35.27891672824395,42.783743419854424,70.70949650409882,0.22350728024146355,0.37672782916323844,1.0457353818430173,9.850704572262753,0.03652169970268119,0.6952158212661743,-1.2713654582144693,-67.14734833586877,0.9745726908357106,True,True,0
234,8,100.0,11.5,0.25,20.0,300.0,0.02,35.278372689559,42.78340605751986,70.70192421170802,0.23087259862988652,0.39826464006416656,1.0456653257487394,9.85022449038831,0.03651925268341286,0.6954453587532043,-1.2660991099072392,-66.87145379764128,0.9746780178018553,True,True,0
235,8,100.0,11.5,0.25,20.0,300.0,0.02,35.278444766570736,42.783679158127036,70.71040556885309,0.22128469847784293,0.366856327856661,1.045618980580092,9.84975686243426,0.03651763384193933,0.6945300698280334,-1.267162306880904,-66.92608572524806,0.9746567538623819,True,True,0
236,8,100.0,11.5,0.25,20.0,300.0,0.02,35.27772348812271,42.78326503843719,70.7010890077636,0.2181697151390745,0.3887256492649707,1.0455602047856176,9.84935198538444,0.03651558135255276,0.6951684951782227,-1.2657686535567987,-66.82729182058587,0.974684626928864,True,True,0
237,8,100.0,11.5,0.25,20.0,300.0,0.02,35.27780057958245,42.783559477784614,70.71012543512457,0.2091442334628667,0.3602107697302622,1.0455249834822975,9.848962526921657,0.03651435107994947,0.6942463517189026,-1.266046914026023,-2073.719128683315,40.4743825736663,True,False,0
238,8,100.0,11.5,0.25,20.0,300.0,0.02,35.27423293308233,42.783324137575555,70.7057534520577,0.19778673943574054,0.2967355232531839,1.0454741329155661,9.848629996455717,0.03651257544050778,0.6948934197425842,-1.265817969621639,-66.8057336004376,0.9746836406075672,True,True,0
239,8,100.0,11.5,0.25,20.0,300.0,0.02,35.27807446758626,42.783283802085236,70.7056553735442,0.19608195854095634,0.305837349981011,1.045440318587483,9.84830723371538,0.03651139443021972,0.6943626999855042,-1.265591525179162,-66.7504851466864,0.9746881694964168,True,True,0
240,8,100.0,11.5,0.25,20.0,300.0,0.02,35.27685699969439,42.78335365940432,70.70903357297867,0.17057687279363426,0.28901354841907057,1.0454049211869003,9.848027579372927,0.036510158379101154,0.6942384839057922,-1.2639482272289064,-66.69048777046348,0.9747210354554219,True,True,0
241,8,100.0,11.5,0.25,20.0,300.0,0.02,35.273430115363965,42.78320310950473,70.70670363927147,0.18131245916126557,0.26616790270993995,1.0453662874209828,9.847784492521914,0.03650880907682567,0.6944999098777771,-1.2637874503111723,-66.68517077023242,0.9747242509937766,True,True,0
242,8,100.0,11.5,0.25,20.0,300.0,0.02,35.27729937798766,42.78315801047692,70.7063666788537,0.18029842208650734,0.2989149762222556,1.045342772458853,9.847527489689364,0.036507987892349256,0.6939858794212341,-1.2653912304045964,-2075.214030118329,40.50428060236658,True,False,0
243,8,100.0,11.5,0.25,20.0,300.0,0.02,35.276107716146086,42.783176505713996,70.70820267735206,0.15580082139721474,0.2656516099436303,1.0453194048191694,9.847304843678131,0.03650717213208174,0.6938667893409729,-1.2647435665869797,-66.66682670461068,0.9747051286682604,True,True,0
244,8,100.0,11.5,0.25,20.0,300.0,0.02,35.272697623967545,42.78308702814498,70.70747606260662,0.16735503102304328,0.2363262408944091,1.0452905099693168,9.847116189191405,0.0365061630258187,0.6941370964050293,-1.264960837935176,-2074.8502321238957,40.49700464247791,True,False,0
245,8,100.0,11.5,0.25,20.0,300.0,0.02,35.27658717924779,42.78299582666387,70.70573903490767,0.16677505821536937,0.2921035666774426,1.0452729751562613,9.8469138754812,0.036505550700216445,0.6936304569244385,-1.265454648918601,-66.67517480708037,0.974690907021628,True,True,0
246,8,100.0,11.5,0.25,20.0,300.0,0.02,35.27247899037751,42.78297558318611,70.70637799218748,0.161053539935263,0.26669232782835706,1.045255568332876,9.846740083658434,0.03650494312286304,0.6935184001922607,-1.2653827104148108,-66.7248257780567,0.9746923457917038,True,True,0
247,8,100.0,11.5,0.25,20.0,300.0,0.02,35.27333840622763,42.78304974632609,70.70965742475204,0.14706619247879377,0.22938426697795894,1.0452320591090403,9.84658294435897,0.0365041218858617,0.693402111530304,-1.26531507690554,-66.74113352188199,0.9746936984618892,True,True,0
248,8,100.0,11.5,0.25,20.0,300.0,0.02,35.272965449514786,42.78271331813762,70.70171282205075,0.16356206290224812,0.3510853492847887,1.0452124806279808,9.846445585086618,0.03650343830438807,0.6936865448951721,-1.2652192548344885,-66.67073198877361,0.9746956149033102,True,True,0
249,8,100.0,11.5,0.25,20.0,300.0,0.02,35.273252047728135,42.783006237798524,70.71031506305863,0.15608550140946476,0.31749635160816675,1.0452084888275077,9.846291174323117,0.03650329893285135,0.6927950978279114,-1.265120580261853,-66.63005023672723,0.974697588394763,True,True,0
250,8,100.0,11.5,0.25,20.0,300.0,0.02,35.26985378175485,42.78277096725389,70.70555827940674,0.14352084428268627,0.20623736278948018,1.045179723024535,9.846186167741438,0.03650229439839086,0.6934738755226135,-1.2630390478916653,-66.56594461248794,0.9747392190421666,True,True,0
251,8,100.0,11.5,0.25,20.0,300.0,0.02,35.27387151697214,42.78276375191918,70.7060076751869,0.14599960671607642,0.2826947490263666,1.0451697405058897,9.84606144255345,0.036501945678217865,0.692979097366333,-1.2648928555464838,-66.60265035922717,0.9747021428890703,True,True,0
252,8,100.0,11.5,0.25,20.0,300.0,0.02,35.272832538520184,42.78283996850161,70.70917378062514,0.12377608713233125,0.2384832377304637,1.0451605721822874,9.845950573320387,0.0365016258787839,0.6928837895393372,-1.2629114428141832,-66.53339122440235,0.9747417711437163,True,True,0
253,8,100.0,11.5,0.25,20.0,300.0,0.02,35.269550137653546,42.782693679055235,70.70657241699995,0.1347030100296131,0.20337533814587017,1.0451425384176,9.845867890614942,0.036500995996903374,0.6931784749031067,-1.2628417803831429,-66.53294463458596,0.9747431643923371,True,True,0
254,8,100.0,11.5,0.25,20.0,300.0,0.02,35.273573003642944,42.78267457983386,70.70656366752466,0.13704208517220445,0.27646003853758194,1.0451336371845539,9.845764915197266,0.03650068500017646,0.6926979422569275,-1.26293464412122,-2075.083287859904,40.50166575719808,True,False,0
255,8,100.0,11.5,0.25,20.0,300.0,0.02,35.272544509357935,42.78270250589886,70.7082657839728,0.1153328430216065,0.23044487266412167,1.0451247626127713,9.845678841263188,0.03650037537906893,0.6926062703132629,-1.2631501397915184,-66.48554496428387,0.9747369972041696,True,True,0
256,8,100.0,11.5,0.25,20.0,300.0,0.02,35.26926290954092,42.78262345433976,70.70743344696305,0.12677451419989214,0.19990648215133672,1.045110137949634,9.845612323798566,0.03649986459936578,0.6929084062576294,-1.262982767046542,-66.52756823274194,0.9747403446590691,True,True,0
257,8,100.0,11.5,0.25,20.0,300.0,0.02,35.27328562699483,42.78254817362855,70.70575646076101,0.12928362255012232,0.2705057400368521,1.0451011666013492,9.845530179905065,0.036499551020519105,0.6924347877502441,-1.2632791535179744,-66.47775967495689,0.9747344169296405,True,True,0
258,8,100.0,11.5,0.25,20.0,300.0,0.02,35.26933431559948,42.78254584283373,70.70648333971896,0.12326733279282125,0.24522243988597306,1.0450972597614232,9.845453736754056,0.03649941506621235,0.692349374294281,-1.2631568070694017,-66.4849218826734,0.9747368638586119,True,True,0
259,8,100.0,11.5,0.25,20.0,300.0,0.02,35.2703064817028,42.782625691490615,70.70954960748763,0.11194663023158888,0.20114721311079894,1.0450814504039942,9.845394518571144,0.03649886250321116,0.6922586560249329,-1.2632861650127225,-66.48094177241376,0.9747342766997455,True,True,0
260,8,100.0,11.5,0.25,20.0,300.0,0.02,35.27006442920722,42.78231190450665,70.70182810734377,0.1325018300128085,0.3223193097760755,1.0450738310843923,9.845337435671482,0.0364985967073664,0.6925801634788513,-1.2634612257855016,-66.49224802488833,0.97473077548429,True,True,0
261,8,100.0,11.5,0.25,20.0,300.0,0.02,35.27048618991135,42.78260997356946,70.71019918741807,0.12733181564575702,0.2887246421920893,1.0450717954235451,9.845273938174747,0.03649852526362415,0.691710352897644,-1.2634358450033116,-66.4950633770532,0.9747312830999337,True,True,0
262,8,100.0,11.5,0.25,20.0,300.0,0.02,35.26720233786585,42.7823983211482,70.70570547406595,0.11227161383166719,0.18776599732912566,1.0450579298994627,9.845225383993357,0.03649804145200244,0.6924199461936951,-1.2634410795074262,-66.49544374527751,0.9747311784098515,True,True,0
263,8,100.0,11.5,0.25,20.0,300.0,0.02,35.2713223229923,42.782400994687514,70.70609096435575,0.1172665200184837,0.2634845172082885,1.0450503331767276,9.84517600150398,0.036497775696199816,0.6919537782669067,-1.2633852079697245,-66.49321505093546,0.9747322958406055,True,True,0
264,8,100.0,11.5,0.25,20.0,300.0,0.02,35.27042095210395,42.78248106216629,70.70896279026752,0.09633382100861276,0.21104360701766944,1.0450498345792991,9.845120929820698,0.036497758810649664,0.6918836236000061,-1.2634834714983318,-66.49575377646255,0.9747303305700333,True,True,0
265,8,100.0,11.5,0.25,20.0,300.0,0.02,35.26724769123779,42.78236414721994,70.7068121833735,0.10781807859109074,0.18837964464143644,1.0450380953481995,9.845093048251295,0.03649734871476759,0.6922059059143066,-1.2652037747244447,-66.54839979372483,0.9746959245055111,True,True,0
266,8,100.0,11.5,0.25,20.0,300.0,0.02,35.271361154508874,42.78233905853555,70.7063232196229,0.11178194390935932,0.25826134835895015,1.045031904425902,9.8450472337203,0.03649713213619384,0.6917487382888794,-1.2654888977517906,-66.55284129066578,0.9746902220449641,True,True,0
267,8,100.0,11.5,0.25,20.0,300.0,0.02,35.267516892347345,42.782311559298584,70.70609308800859,0.10477787516320222,0.23174021111594828,1.045031122991854,9.845002553015977,0.03649710528735279,0.6916804909706116,-1.2654435860691484,-66.55242930897447,0.974691128278617,True,True,0
268,8,100.0,11.5,0.25,20.0,300.0,0.02,35.26857348736396,42.78242595464406,70.70991597587633,0.09519627097736995,0.18705931638985157,1.0450208588600134,9.844967955179467,0.036496746448179226,0.6916060447692871,-1.2656741227583057,-2073.6985504122904,40.47397100824581,True,False,0
269,8,100.0,11.5,0.25,20.0,300.0,0.02,35.2684206172477,42.78209444469052,70.7014679993614,0.11803878424747591,0.3063558833935531,1.0450130127644828,9.84494495592927,0.03649647256341032,0.6919476389884949,-1.2653184297068618,-66.55244971303966,0.9746936314058627,True,True,0
270,8,100.0,11.5,0.25,20.0,300.0,0.02,35.26891877334145,42.78241845118511,70.71037919689637,0.11644264463593164,0.273898434380012,1.0450183003710247,9.844897382910215,0.03649665699373007,0.6910884380340576,-1.2653350545415336,-66.55279624633842,0.9746932989091693,True,True,0
271,8,100.0,11.5,0.25,20.0,300.0,0.02,35.268652541012194,42.78233341569785,70.70921179625495,0.07093107357196786,0.10373728008755707,1.045003013220165,9.844880958923877,0.03649612335090153,0.6918193101882935,-1.2653625028185402,-66.55276060006713,0.9746927499436292,True,True,0
272,8,100.0,11.5,0.25,20.0,300.0,0.02,35.268601601192515,42.78205773038696,70.70204467556307,0.11535250950900458,0.3031590577505131,1.044999794852491,9.844861580988404,0.036496010849411446,0.6917691230773926,-1.2653211000587707,-66.55285026576556,0.9746935779988246,True,True,0
273,8,100.0,11.5,0.25,20.0,300.0,0.02,35.2690901288784,42.782332617394665,70.7094957220824,0.11378009224424877,0.26892643626880436,1.045005393973145,9.844815987237867,0.03649620619038531,0.6909186840057373,-1.2653036037710854,-66.55173279536282,0.9746939279245783,True,True,0
274,8,100.0,11.5,0.25,20.0,300.0,0.02,35.265872567410845,42.78218065895588,70.70638563407196,0.0941020480473995,0.1807094441581578,1.0449904316135257,9.844804509849764,0.036495683893443535,0.6916514039039612,-1.2653826274365703,-66.55273997361503,0.9746923474512685,True,True,0
275,8,100.0,11.5,0.25,20.0,300.0,0.02,35.270044902821596,42.7821735279123,70.70625298641514,0.09965288115253403,0.2482677738940418,1.0449889749249108,9.844774940287948,0.03649563264632433,0.6912016868591309,-1.265268785420034,-66.55292701129513,0.9746946242915994,True,True,0
276,8,100.0,11.5,0.25,20.0,300.0,0.02,35.26920342434689,42.78223407953311,70.70832264896447,0.07899197022471392,0.1912753724186485,1.0449895483935223,9.844748721063853,0.036495653065703466,0.6911515593528748,-1.2653762668800752,-66.56670232963268,0.9746924746623985,True,True,0
277,8,100.0,11.5,0.25,20.0,300.0,0.02,35.26608492096865,42.78216894326524,70.70737469042015,0.0918345365092679,0.18405525114559168,1.0449792824087984,9.844746543077674,0.03649529435886411,0.6914947628974915,-1.2656610830413755,-2074.678199339856,40.49356398679712,True,False,0
278,8,100.0,11.5,0.25,20.0,300.0,0.02,35.26738972144366,42.78222101967951,70.70882670259601,0.08134657190171901,0.1710135177269431,1.044978085126551,9.844717231045545,0.03649525222258816,0.691053569316864,-1.2654033534888185,-66.5673169890211,0.9746919329302236,True,True,0
279,8,100.0,11.5,0.25,20.0,300.0,0.02,35.267310709646026,42.781971527925215,70.70247100122974,0.10725039950915007,0.2948389860883686,1.0449715820820402,9.844708827338142,0.03649502529808429,0.691407322883606,-1.2654152437518003,-66.56685426140699,0.974691695124964,True,True,0
280,8,100.0,11.5,0.25,20.0,300.0,0.02,35.26786387059122,42.78225368774029,70.71003935805258,0.10930162372282815,0.25937702981971655,1.0449781916742789,9.844676909838812,0.03649525582206553,0.690557599067688,-1.2653510455807857,-66.56692790561277,0.9746929790883843,True,True,0
281,8,100.0,11.5,0.25,20.0,300.0,0.02,35.26756571101739,42.781909017556465,70.70144007562386,0.10490566713445955,0.28782653662992547,1.0449642776627375,9.844675133652048,0.03649477014824322,0.6913044452667236,-1.2654068333586903,-66.56523300498756,0.9746918633328262,True,True,0
282,8,100.0,11.5,0.25,20.0,300.0,0.02,35.26808358138335,42.78222115147567,70.7098425164074,0.10795171317787983,0.259264256660239,1.0449710371528602,9.844648373354843,0.036495005840639826,0.6904581785202026,-1.265155932155271,-66.49800899635356,0.9746968813568946,True,True,0
283,8,100.0,11.5,0.25,20.0,300.0,0.02,35.26491358454643,42.78205001417725,70.70606883916672,0.0855695665032173,0.17662799431666187,1.0449574563131614,9.844648018729204,0.03649453177799752,0.6912097930908203,-1.2654293297545625,-66.56584982890666,0.9746914134049087,True,True,0
284,8,100.0,11.5,0.25,20.0,300.0,0.02,35.26913336189484,42.782041640304975,70.70577481692798,0.09085678694548349,0.24025211067019747,1.0449568790227395,9.844629908476726,0.03649451121124858,0.6907700300216675,-1.265541303740998,-66.55077550586657,0.9746891739251801,True,True,0
285,8,100.0,11.5,0.25,20.0,300.0,0.02,35.268337865623614,42.78213296914364,70.7085850142986,0.0708590773697555,0.18054245240137065,1.0449586751937476,9.844613176406702,0.03649457433562799,0.6907313466072083,-1.264610338902913,-66.4769490682738,0.9747077932219418,True,True,0
286,8,100.0,11.5,0.25,20.0,300.0,0.02,35.26526324963322,42.78204772459732,70.7069538192535,0.08417326675184036,0.18063082159127256,1.0449503982800623,9.844618345034872,0.036494285131632304,0.6910868287086487,-1.2652551033553319,-66.55409769102863,0.9746948979328933,True,True,0
287,8,100.0,11.5,0.25,20.0,300.0,0.02,35.266607531358886,42.78213317782223,70.70922925497233,0.07321478219300201,0.16400097458609605,1.0449492613723972,9.844599963216716,0.03649424504813113,0.6906555891036987,-1.2642744762241613,-66.48040144348646,0.9747145104755168,True,True,0
288,8,100.0,11.5,0.25,20.0,300.0,0.02,35.26656902376321,42.781860084241586,70.70209788855172,0.10066421424920916,0.28486561691420437,1.0449450880243332,9.844596800256635,0.036494099550488636,0.6910209655761719,-1.2649612653231332,-66.54388393397733,0.9747007746935373,True,True,0
289,8,100.0,11.5,0.25,20.0,300.0,0.02,35.267157755607954,42.78217201202394,70.71039954434372,0.10465666531622998,0.2508961470165178,1.0449514977364132,9.844575105184939,0.03649432303885039,0.690179169178009,-1.2642572773831051,-66.48083741128218,0.9747148544523379,True,True,0
290,8,100.0,11.5,0.25,20.0,300.0,0.02,35.2668961003028,42.78180660231643,70.70111226582335,0.0990088256070136,0.27829296050820307,1.0449404765000423,9.844576292356088,0.036493938491622635,0.6909370422363281,-1.2653381020369312,-66.5370342054942,0.9746932379592613,True,True,0
291,8,100.0,11.5,0.25,20.0,300.0,0.02,35.267445512978114,42.78213854088515,70.7099794101132,0.10360652912636688,0.2511788199750958,1.0449471147277873,9.844558427232574,0.036494169909441126,0.6900991797447205,-1.2645925069712487,-2073.5649656806686,40.47129931361337,True,False,0
0,8,100.0,11.5,0.25,20.0,300.0,0.02,13.994722350043928,41.36459918432091,63.015220617934204,205.00524158010677,422.7752135153488,9.587268102685874,157.5169774457586,0.3286691244771643,0.9999979734420776,15.294358072381703,-72.77055767412389,1.3058871614476342,False,False,3
1,8,100.0,11.5,0.25,20.0,300.0,0.02,18.257059964177476,42.20723627326057,63.99656921413183,136.91456285961917,213.37204800054758,7.992340826738313,131.52930270664336,0.27571416127799253,0.99996018409729,9.548078605660331,-74.40429475697205,1.1909615721132067,False,False,2
0,12,100.0,11.5,0.25,20.0,300.0,0.02,11.525752781460824,41.301446591682385,65.32079665387596,196.96152800927226,329.38211369907555,8.679574222972075,251.64700314082546,0.19875699069732647,0.9999949336051941,17.573402649398588,-64.83714691361104,1.351468052987972,False,False,7
1,12,100.0,11.5,0.25,20.0,300.0,0.02,12.502350553834516,41.4706622022974,65.18738030443112,99.82259985026404,197.72107335764167,5.538233779880808,166.75250882956104,0.12786009273042565,0.9996607303619385,17.329361133743955,-67.68483168426503,1.3465872226748792,False,False,6
2,12,100.0,11.5,0.25,20.0,300.0,0.02,12.810370415098765,41.250962257538426,65.50132499520612,72.04063540417134,136.73660206675837,3.830869304669711,107.8460422949654,0.0887980338009187,0.9980381727218628,15.298347515528903,-69.11087281505516,1.305966950310578,False,False,5
3,12,100.0,11.5,0.25,20.0,300.0,0.02,12.938528061917024,41.085211259326904,65.42420170650912,47.811940680143486,95.06621503602582,2.325418522724438,58.3349462903711,0.05407767186019803,0.989008367061615,13.093693876927418,-49.68193342196142,1.2618738775385483,False,False,5
4,12,100.0,11.5,0.25,20.0,300.0,0.02,13.475554694716347,40.98787064842743,65.02172188657407,36.1893759695897,63.715462480191306,1.4382037530777196,33.160411808617695,0.03349751327707337,0.9700598120689392,11.123728514488763,-43.78674423719986,1.2224745702897752,False,False,5
5,12,100.0,11.5,0.25,20.0,300.0,0.02,14.115741441364309,40.93238884088396,64.49296060050902,31.239478666190166,51.35336357161805,0.9221743154851433,19.487946119733078,0.021491560360999813,0.939950168132782,9.660082327744616,-33.15158609700667,1.1932016465548922,False,False,5
6,12,100.0,11.5,0.25,20.0,300.0,0.02,14.78306637406811,40.91062051368039,64.12075440325698,27.09569855187768,48.94809744202826,0.6161452271392902,12.137102727332946,0.014364111407749442,0.8996185064315796,8.315758107574787,-29.3416965235275,1.1663151621514958,False,False,5
7,12,100.0,11.5,0.25,20.0,300.0,0.02,15.46261106194977,40.90964556526176,63.865047950979005,23.823172511288245,46.861915547930735,0.4286761853155367,7.815578952463705,0.009996228693326248,0.8598790168762207,7.173532381903901,-26.83856442043789,1.143470647638078,False,False,5
8,12,100.0,11.5,0.25,20.0,300.0,0.02,16.059697173772594,40.91274533416697,63.656647833731476,21.241025962585727,40.27450952585177,0.2989496802523706,5.147221510990858,0.006973322013179859,0.8145275712013245,6.187092210671285,-26.376517620986125,1.1237418442134257,False,False,5
9,12,100.0,11.5,0.25,20.0,300.0,0.02,16.66149528773098,40.92719355020529,63.45594996908743,19.147184561628954,38.094406029209665,0.20619143727973374,3.3815188662771734,0.004811553083430045,0.761163592338562,5.360287894884499,-23.655237689329986,1.10720575789769,False,False,5
10,12,100.0,11.5,0.25,20.0,300.0,0.02,17.26612685803288,40.94716309147587,63.272666851700386,17.283688865614472,35.49391089162429,0.14617938081335566,2.1989104240626043,0.0034119336052812286,0.6966004967689514,4.5633537463935605,-21.435978233336165,1.0912670749278712,False,False,5
11,12,100.0,11.5,0.25,20.0,300.0,0.02,17.8684166590085,40.96504076113131,63.12509257469074,15.668886281370511,32.85804843006822,0.10225429453539447,1.393438424665225,0.002387267131637782,0.6204245686531067,3.855229039519165,-19.841915993964378,1.0771045807903832,False,False,5
12,12,100.0,11.5,0.25,20.0,300.0,0.02,18.471928835725453,40.97902411664263,62.973119893809084,14.181445165685814,30.614887175490885,0.06849103185896945,0.8386727924570343,0.0015996358359232545,0.5311147570610046,3.305341076502765,-18.266455018103215,1.0661068215300553,False,False,5
13,12,100.0,11.5,0.25,20.0,300.0,0.02,19.07270851736983,40.997737212979764,63.165309112745945,12.563588874641743,28.542096350466224,0.04424756437677785,0.47648496595235984,0.0010338010778883472,0.42907077074050903,2.8334589667866164,-17.042055689195337,1.0566691793357323,False,False,5
14,12,100.0,11.5,0.25,20.0,300.0,0.02,19.661484803784678,41.022397558668075,63.54295933389933,11.81411947687647,26.623129669815523,0.029665774825784825,0.24447952396932573,0.000693019554662169,0.31995823979377747,2.407848934268781,-16.46190982725168,1.0481569786853757,False,False,5
15,12,100.0,11.5,0.25,20.0,300.0,0.02,20.235790313318503,41.046053395096806,63.922313409646634,11.25975565376653,24.935958693938236,0.01856138400592987,0.10213606882897393,0.0004334785251994617,0.21366137266159058,2.0602364979580297,-15.489247649616315,1.0412047299591607,False,False,5
16,12,100.0,11.5,0.25,20.0,300.0,0.02,20.794182324379403,41.07248212096215,64.29527799044303,10.771232739599645,23.439881081657084,0.009259711806803782,0.027437709861148307,0.00021619759733439422,0.11649225652217865,1.8286148828483848,-12.192851779224712,1.0365722976569678,False,False,5
17,12,100.0,11.5,0.25,20.0,300.0,0.02,21.333159550765824,41.100460232470496,64.65405288531807,10.291395848559198,21.990910229415558,0.002226505139039539,0.0033453080134822,5.204789915587753e-05,0.06531516462564468,1.6272897416244416,-9.75835866053781,1.0325457948324888,False,False,6
18,12,100.0,11.5,0.25,20.0,300.0,0.02,21.791871743811114,41.10230614005608,64.82989037817765,9.397665647187152,19.546269824420126,0.0012108781207533074,0.0023299224796834938,2.835795897990465e-05,0.06722474843263626,1.5101976445735046,-9.567804002221893,1.0302039528914702,False,False,7
19,12,100.0,11.5,0.25,20.0,300.0,0.02,22.122484989153605,41.103856834042645,64.68742915948326,7.688934347280912,18.757675673290972,0.0009597854663956685,0.0019960790296415444,2.247460619546473e-05,0.06360474973917007,1.4131535405330828,-9.504730781599198,1.0282630708106617,False,False,7
20,12,100.0,11.5,0.25,20.0,300.0,0.02,22.439860009785136,41.10708129717659,64.552284584866,7.227560429590376,18.150504535274347,0.0006014993436521966,0.0009619512097063265,1.4083366887643933e-05,0.04709753766655922,1.336337010005216,-9.424861936852349,1.0267267402001043,False,False,7
21,12,100.0,11.5,0.25,20.0,300.0,0.02,22.7428585463204,41.111711189752256,64.42439934095842,6.789258219798367,17.485634204333525,0.00035434159140850576,0.0005487067919075067,8.295481000095606e-06,0.04220004007220268,1.2707205759084812,-9.387016095039133,1.0254144115181696,False,False,7
22,12,100.0,11.5,0.25,20.0,300.0,0.02,23.030471690357835,41.11750946052778,64.30369706182985,6.371188909004654,16.78262517645197,0.0002453832502165118,0.0003454076996787873,5.743379704654217e-06,0.03975022956728935,1.2156034368164819,-9.355620758488719,1.0243120687363296,False,False,7
23,12,100.0,11.5,0.25,20.0,300.0,0.02,23.302297870924733,41.12425888752623,64.18993544760876,5.9775948583776595,16.049248799435954,0.00014258469301213982,0.00020328361641898022,3.3367037773132326e-06,0.033367037773132324,1.166916547162691,-9.336603952860983,1.0233383309432538,False,False,5
24,12,100.0,11.5,0.25,20.0,300.0,0.02,23.558014317189155,41.13177419382004,64.0829005284151,5.606184654999044,15.305839931378815,0.00010309046727796676,0.00010626581679145184,2.4117890745401384e-06,0.024117890745401382,1.1245718897481494,-9.318808494162173,1.022491437794963,False,False,6
25,12,100.0,11.5,0.25,20.0,300.0,0.02,23.797724876098997,41.13989197358699,63.98228674610075,5.259537934900441,14.561763804696044,5.482118343369725e-05,3.005061616855772e-05,1.2821915559470654e-06,0.012821915559470654,1.087436139632336,-9.318679143801416,1.0217487227926467,False,False,6
26,12,100.0,11.5,0.25,20.0,300.0,0.02,24.021667615969815,41.148475038467275,63.88779964917812,4.9369799823228275,13.82988976889444,1.7256324894961773e-05,2.614195946057712e-06,4.0362735744565724e-07,0.00377293792553246,1.0562401185854329,-9.288339714456159,1.0211248023717086,False,False,5
27,12,100.0,11.5,0.25,20.0,300.0,0.02,24.23006500205914,41.157412127859175,63.79919490504234,4.6371571660072775,13.122485917392023,5.407812149031837e-05,2.9241507795992433e-05,1.2645969167351723e-06,0.012645969167351723,1.0275932385350997,-9.273963925458187,1.020551864770702,False,False,5
28,12,100.0,11.5,0.25,20.0,300.0,0.02,24.42353727141043,41.16660578043154,63.71612985759195,4.364449878916104,12.441785004614516,8.031887939066455e-05,6.450477274333464e-05,1.8777821213006974e-06,0.018777821213006973,1.0021988037036473,-9.260665298804835,1.020043976074073,False,False,5
29,12,100.0,11.5,0.25,20.0,300.0,0.02,24.6027924561913,41.17527607668012,63.63826931007953,4.119953670324946,11.792832044440253,9.707328678587922e-05,9.42228068511281e-05,2.2689882665872575e-06,0.022689882665872574,0.9819926108954351,-9.249760618729404,1.0196398522179086,False,False,5
30,12,100.0,11.5,0.25,20.0,300.0,0.02,24.768595705155484,41.181614270988355,63.56528807719932,3.754522105018525,11.178898527627462,0.00010622497198155452,0.00011282616298014787,2.482398971915245e-06,0.02482398971915245,0.9632460228242422,-9.23950883813961,1.0192649204564848,False,False,5
31,12,100.0,11.5,0.25,20.0,300.0,0.02,24.9201615302426,41.18820279060823,63.49916649301167,3.5832823705385217,10.58412600277971,0.00010933836036088991,0.00011953681558703185,2.5547580793499946e-06,0.025547580793499947,0.9466035648687728,-9.24448697629373,1.0189320712973755,False,False,3
32,12,100.0,11.5,0.25,20.0,300.0,0.02,25.058842723292596,41.19500395871012,63.43922514950814,3.433521668876788,10.036208904787074,0.00011029005676650334,0.00011081637234280481,2.5766510516405105e-06,0.024565374478697777,0.9317654399547879,-9.234927447896453,1.0186353087990958,False,False,3
33,12,100.0,11.5,0.25,20.0,300.0,0.02,25.185816480298186,41.20198832391726,63.38486653477092,3.304235971529175,9.532983113066244,0.00012805096260004318,0.00010110344054510129,2.991303987801075e-06,0.02218122035264969,0.9184857087411052,-9.225947332352604,1.018369714174822,False,False,3
34,12,100.0,11.5,0.25,20.0,300.0,0.02,25.302245949532853,41.20912927984242,63.33551460535,3.196057597680665,9.0705377120633,0.00013338055437280843,9.232492866217544e-05,3.1155035831034185e-06,0.018617864698171616,0.9065743407896073,-9.217514758796453,1.0181314868157922,False,False,5
35,12,100.0,11.5,0.25,20.0,300.0,0.02,25.40918062856955,41.216405203697214,63.29064918702116,3.1076021780048637,8.646029489992692,0.0001283763720644843,8.266858925332417e-05,2.9983466491103174e-06,0.015870682895183563,0.8958647309751248,-9.209601398901606,1.0179172946195025,False,False,5
36,12,100.0,11.5,0.25,20.0,300.0,0.02,25.50756630194259,41.223798579178315,63.24979985319303,3.0353722260179805,8.256615641968478,0.00011481147819154227,7.34648528926783e-05,2.6813128031790255e-06,0.017950749024748802,0.8862099322826356,-9.202177080623427,1.0177241986456527,False,False,5
37,12,100.0,11.5,0.25,20.0,300.0,0.02,25.598254343384852,41.231295269505935,63.212540537887065,2.975241287656191,7.899520316057783,9.418310420515952e-05,6.762598485690437e-05,2.1994117181748153e-06,0.018965082243084908,0.8782334100978785,-9.184622687083987,1.0175646682019577,False,False,4
38,12,100.0,11.5,0.25,20.0,300.0,0.02,25.681968784493346,41.23888499000728,63.17849744809686,2.92385165385759,7.57257171314404,8.168712356723406e-05,6.672118878072896e-05,1.9074734300374985e-06,0.019074734300374985,0.8703708547532035,-9.179195740169625,1.017407417095064,False,False,3
39,12,100.0,11.5,0.25,20.0,300.0,0.02,25.759360088239998,41.24655957078665,63.14732969149363,2.879208884871525,7.273184733570392,7.876737250349372e-05,6.203678541207027e-05,1.8391590565443038e-06,0.01839159056544304,0.8632127206412605,-9.174189038908581,1.0172642544128252,False,False,3
40,12,100.0,11.5,0.25,20.0,300.0,0.02,25.83105371191468,41.25431151937057,63.11871370766211,2.840140671666104,6.998468345306412,7.285628983534014e-05,5.307508164674231e-05,1.701027899980545e-06,0.01701027899980545,0.8566685600068883,-9.169562110195205,1.0171333712001378,False,False,3
41,12,100.0,11.5,0.25,20.0,300.0,0.02,25.89761167851455,41.261271400307926,63.09235498747106,2.8056875162722577,6.746236075713023,6.440538377758831e-05,4.147638654192481e-05,1.5036304481327534e-06,0.015036304481327534,0.8175291255887709,-9.165646768533042,1.0163505825117753,False,False,3
42,12,100.0,11.5,0.25,20.0,300.0,0.02,25.959538756744237,41.267475678537856,63.06798529974312,3.030576031261342,6.514473519475164,5.3801783686130776e-05,2.894342464616427e-05,1.2560096569359303e-06,0.012560096569359303,0.84335809513569,-9.161877161304021,1.0168671619027139,False,False,3
43,12,100.0,11.5,0.25,20.0,300.0,0.02,26.02001186822484,41.275564071759874,63.04679761988781,2.7726360150020146,6.35980582040171,4.137443751432441e-05,1.711672895218773e-05,9.658989496529102e-07,0.009658989496529102,0.8381822847713087,-9.157977922461834,1.016763645695426,False,False,3
44,12,100.0,11.5,0.25,20.0,300.0,0.02,26.075997024178857,41.283414387817665,63.0268456469812,2.746128473149455,6.149887214133025,2.6986293955853733e-05,7.281872354656007e-06,6.299761589616537e-07,0.006299761589616537,0.799305261550329,-9.15063676016615,1.0159861052310066,False,False,5
45,12,100.0,11.5,0.25,20.0,300.0,0.02,26.128015633373803,41.2893664838568,63.007980775635,2.9202121080521106,5.958590457496771,1.3557058776081596e-05,1.3454401350424654e-06,3.164534515235573e-07,0.0026605103630572557,0.8246386470480116,-9.154618718628248,1.0164927729409603,False,False,4
46,12,100.0,11.5,0.25,20.0,300.0,0.02,26.17920830481633,41.29772523138327,62.99148639022325,2.7311075829713567,5.843719145413385,2.1878231198526476e-05,4.786091346761399e-06,5.105925723910332e-07,0.005105925723910332,0.8208515857838315,-9.152693197757856,1.0164170317156767,False,False,4
47,12,100.0,11.5,0.25,20.0,300.0,0.02,26.226535331139264,41.305881963913635,62.9755425550671,2.7084337598142114,5.670341559028653,3.538412674503083e-05,1.2519112218658543e-05,8.25884472578764e-07,0.00825884472578764,0.7892590930162121,-9.133609527689787,1.0157851818603243,False,False,4
48,12,100.0,11.5,0.25,20.0,300.0,0.02,26.270487182261824,41.31207322489961,62.96007328931137,2.8521816627249854,5.513096246360582,4.458851557377628e-05,1.987936907500781e-05,1.0408306494355202e-06,0.010408306494355202,0.8124996625185127,-9.148876362021863,1.0162499932503704,False,False,4
49,12,100.0,11.5,0.25,20.0,300.0,0.02,26.314120858115313,41.32066732957884,62.94639884247648,2.702755504352968,5.430187847765078,4.936770103864005e-05,2.436926188849959e-05,1.1524400673806667e-06,0.011524400673806667,0.8092829202241795,-9.14727669064344,1.0161856584044835,False,False,4
50,12,100.0,11.5,0.25,20.0,300.0,0.02,26.35446651234222,41.32880568644339,62.93276843729917,2.681891471264596,5.2853081827487,4.874066819339779e-05,2.375415170665304e-05,1.1379174888134003e-06,0.011379174888134003,0.7805580414175016,-9.12524051866523,1.01561116082835,False,False,4
51,12,100.0,11.5,0.25,20.0,300.0,0.02,26.39197558407774,41.333857269420264,62.91915870269223,2.807826944463633,5.154510146809297,4.401436228000546e-05,1.937070360506878e-05,1.0276743210852145e-06,0.010276743210852146,0.7892631771695852,-9.140689128579796,1.0157852635433917,False,False,4
52,12,100.0,11.5,0.25,20.0,300.0,0.02,26.467701859181606,41.34136608768168,62.90692238849358,2.924890961152121,5.09728287403695,3.509216658862822e-05,1.2313370098684464e-05,8.193808607757091e-07,0.008193808607757092,0.7975627604508466,-9.165570050948379,1.0159512552090169,False,False,4
53,12,100.0,11.5,0.25,20.0,300.0,0.02,26.496685738650132,41.34946949179439,62.89052407905179,2.671953367326749,4.826735321595397,7.257479808579679e-05,3.355364756232288e-05,1.6946332994848489e-06,0.012910228222608566,0.7714088802875908,-9.129711842653721,1.0154281776057519,False,False,4
54,12,100.0,11.5,0.25,20.0,300.0,0.02,26.524377562387212,41.35486869787284,62.87455924141218,2.7806020287378157,4.745962421479691,4.052518406881812e-05,1.2708407598350746e-05,9.463429101742804e-07,0.008233788423240185,0.7824956491506104,-9.132942594232878,1.015649912983012,False,False,4
55,12,100.0,11.5,0.25,20.0,300.0,0.02,26.590573508950968,41.363171310281494,62.86027497524073,2.8529059390442857,4.734159702646823,1.1635678764096083e-05,1.3537548139920631e-06,2.7171934489160774e-07,0.0027171934489160776,0.7885981695180952,-9.166623849949636,1.015771963390362,False,False,4
56,12,100.0,11.5,0.25,20.0,300.0,0.02,26.612314972218293,41.37014791866419,62.842127372954636,2.666128776674074,4.505997772432449,3.806540997621941e-05,7.3006223591305095e-06,8.889713324606419e-07,0.004839428700506687,0.7838831234102627,-9.131283951207536,1.0156776624682053,False,False,3
57,12,100.0,11.5,0.25,20.0,300.0,0.02,26.670485276834054,41.37605186630524,62.824595931214176,2.8844010778094376,4.455933483749277,0.0,0.0,0.0,0.0,0.7871219283919849,-9.130079093647872,1.0157424385678397,False,False,3
58,12,100.0,11.5,0.25,20.0,300.0,0.02,26.68838905801912,41.38449128706046,62.77530348316647,2.7093633995064583,4.33492886142752,1.1702655581979895e-05,1.369384524556781e-06,2.733323955908418e-07,0.0027333239559084177,0.7790170353140066,-9.125417198566037,1.0155803407062802,False,False,5
59,12,100.0,11.5,0.25,20.0,300.0,0.02,26.74310688244006,41.38937703761972,62.758794414043585,2.8360710405196485,4.287736917143521,0.0,0.0,0.0,0.0,0.7765723479706055,-9.114058489419875,1.015531446959412,False,False,4
60,12,100.0,11.5,0.25,20.0,300.0,0.02,26.758224378214248,41.399123754985716,62.740168290921446,2.7002566042856357,4.186515762524641,0.0,0.0,0.0,0.0,0.7789315081155257,-9.110982952884196,1.0155786301623104,False,False,4
61,12,100.0,11.5,0.25,20.0,300.0,0.02,26.773723453007868,41.404152272381864,62.69222887528436,2.689561052830351,4.1644786392763695,0.0,0.0,0.0,0.0,0.771847900724769,-9.117800388820447,1.0154369580144953,False,False,4
62,12,100.0,11.5,0.25,20.0,300.0,0.02,26.825212777272487,41.41270082925256,62.67681762386021,2.8325258911151603,4.126322388908223,0.0,0.0,0.0,0.0,0.7684254956371908,-9.106669507845435,1.0153685099127439,False,False,5
63,12,100.0,11.5,0.25,20.0,300.0,0.02,26.838442589162355,41.42022529132586,62.65903676181649,2.6951244875059763,4.041030642644768,0.0,0.0,0.0,0.0,0.7666839896672971,-21158.371384683327,422.1674276936665,False,False,4
64,12,100.0,11.5,0.25,20.0,300.0,0.02,26.887288133982988,41.42709816637816,62.64158763994251,2.7842913560731173,4.026668738652864,0.0,0.0,0.0,0.0,0.7682790927849648,-9.101671091721037,1.0153655818556993,False,False,4
65,12,100.0,11.5,0.25,20.0,300.0,0.02,26.898492251108724,41.43507901024791,62.591864772387396,2.729931779051554,3.9561758094106003,0.0,0.0,0.0,0.0,0.7620086559406302,-9.10637747254212,1.0152401731188125,False,False,4
66,12,100.0,11.5,0.25,20.0,300.0,0.02,26.94554605563651,41.44223271820286,62.574953626549195,2.7641692562019347,3.930734127580866,0.0,0.0,0.0,0.0,0.7574411071527734,-9.096874097884221,1.0151488221430556,False,False,4
67,12,100.0,11.5,0.25,20.0,300.0,0.02,26.955432506740017,41.450873802603134,62.5558079767514,2.7231123812957514,3.8723244109477277,0.0,0.0,0.0,0.0,0.7574308643096436,-9.101238601226598,1.0151486172861928,False,False,4
68,12,100.0,11.5,0.25,20.0,300.0,0.02,27.000622233773612,41.45713618185645,62.506807815575655,2.740889612246771,3.8685692324396834,0.0,0.0,0.0,0.0,0.7519257637632782,-9.091749097167302,1.0150385152752657,False,False,3
69,12,100.0,11.5,0.25,20.0,300.0,0.02,27.009539285261603,41.46646496226078,62.48814721010883,2.7361884573854236,3.8012729722634275,0.0,0.0,0.0,0.0,0.7517173465801491,-9.094920788710494,1.015034346931603,False,False,4
70,12,100.0,11.5,0.25,20.0,300.0,0.02,27.053501167980247,41.47348806166921,62.469720660659334,2.725688091435526,3.801478063993024,0.0,0.0,0.0,0.0,0.7524987418040312,-9.086728984278777,1.0150499748360806,False,False,4
71,12,100.0,11.5,0.25,20.0,300.0,0.02,27.061253345321557,41.48182690147009,62.41887927755174,2.7586135901476876,3.7617137616886476,0.0,0.0,0.0,0.0,0.7462294607291352,-9.08913239875191,1.0149245892145826,False,False,5
72,12,100.0,11.5,0.25,20.0,300.0,0.02,27.10425779303184,41.48947681673469,62.400858008923045,2.7223440839270023,3.7435296173243935,0.0,0.0,0.0,0.0,0.7409176687907996,-9.080987974950526,1.014818353375816,False,False,4
73,12,100.0,11.5,0.25,20.0,300.0,0.02,27.11143532428051,41.49865518601566,62.38063278507199,2.7536521442384494,3.7115634603406833,0.0,0.0,0.0,0.0,0.7407455201140087,-9.083002305241715,1.0148149104022801,False,False,4
74,12,100.0,11.5,0.25,20.0,300.0,0.02,27.153198715576753,41.50620388084393,62.36069144095658,2.7055416431625905,3.758915523477347,0.0,0.0,0.0,0.0,0.7415482563464025,-9.0757745795877,1.014830965126928,False,False,4
75,12,100.0,11.5,0.25,20.0,300.0,0.02,27.159602734555172,41.51444519793994,62.30831591696265,2.7737914574513103,3.6891840398326585,0.0,0.0,0.0,0.0,0.7348550642105941,-9.076857813937092,1.0146971012842119,False,False,5
76,12,100.0,11.5,0.25,20.0,300.0,0.02,27.200808229853806,41.52338026725183,62.28889824202043,2.709364156357958,3.800780150147949,0.0,0.0,0.0,0.0,0.7293638372373275,-9.069265090914728,1.0145872767447466,False,False,5
77,12,100.0,11.5,0.25,20.0,300.0,0.02,27.20698157582967,41.53127165824161,62.267391075454974,2.769054793758809,3.705585927477893,0.0,0.0,0.0,0.0,0.7348440085310157,-9.067632340852343,1.0146968801706202,False,False,4
78,12,100.0,11.5,0.25,20.0,300.0,0.02,27.247225328203395,41.53884949680321,62.22538505154394,2.7990152819671312,4.981293424778783,0.0,0.0,0.0,0.0,0.7231085311705394,-9.063853611578198,1.0144621706234107,False,False,4
79,12,100.0,11.5,0.25,20.0,300.0,0.02,27.253565288273556,41.54691377917063,62.20109388325491,2.7738784446087856,3.686673962704575,0.0,0.0,0.0,0.0,0.724166322756365,-9.064361872364728,1.0144833264551274,False,False,5
80,12,100.0,11.5,0.25,20.0,300.0,0.02,27.293513857364395,41.55729205995451,62.176043873373544,2.7035320124386306,3.8988752482445364,0.0,0.0,0.0,0.0,0.7088867098412431,-9.049387454750585,1.0141777341968248,False,False,4
81,12,100.0,11.5,0.25,20.0,300.0,0.02,27.299013096911043,41.564494104995276,62.182261055088205,2.705814138964705,3.735665183978934,0.0,0.0,0.0,0.0,0.7098604561229603,-9.051844363961962,1.0141972091224591,False,False,4
82,12,100.0,11.5,0.25,20.0,300.0,0.02,27.340645723393738,41.57452580755841,62.15439460662475,2.793082231379293,3.931058087731046,0.0,0.0,0.0,0.0,0.6966131193125933,-9.040504537478522,1.013932262386252,False,False,3
83,12,100.0,11.5,0.25,20.0,300.0,0.02,27.34549443503546,41.583288742502,62.12959382705483,2.717022694463349,3.754223890474209,0.0,0.0,0.0,0.0,0.7067231473337525,-9.040141057470244,1.014134462946675,False,False,3
84,12,100.0,11.5,0.25,20.0,300.0,0.02,27.385833786827064,41.5911230932288,62.10270260396579,2.869387893087396,4.747612106569525,0.0,0.0,0.0,0.0,0.6964711996344637,-9.037090019137747,1.0139294239926893,False,False,5
85,12,100.0,11.5,0.25,20.0,300.0,0.02,27.390062483764357,41.60024185269898,62.107093298686166,2.7133337882609516,3.7641065625956847,0.0,0.0,0.0,0.0,0.7044772582548685,-9.042545087117132,1.0140895451650973,False,False,3
86,12,100.0,11.5,0.25,20.0,300.0,0.02,27.430071386453402,41.61067190396383,62.07746311438159,2.7028774125220654,4.0205066300555155,0.0,0.0,0.0,0.0,0.6960883819903179,-9.035278145471548,1.0139217676398065,False,False,5
87,12,100.0,11.5,0.25,20.0,300.0,0.02,27.436103038645108,41.61878782288736,62.049619397420706,2.8331432718706253,3.7882694683496623,0.0,0.0,0.0,0.0,0.6977207683917485,-9.035481666689273,1.013954415367835,False,False,5
88,12,100.0,11.5,0.25,20.0,300.0,0.02,27.474641432117327,41.62934570270775,62.051319112774635,2.6837930700589037,4.04010268898842,0.0,0.0,0.0,0.0,0.6782297291126484,-9.015330514989252,1.013564594582253,False,False,3
89,12,100.0,11.5,0.25,20.0,300.0,0.02,27.48031031819251,41.63670137057074,62.022549038702735,2.7955049981106845,4.719042224959103,0.0,0.0,0.0,0.0,0.6814311753266448,-9.020116792735966,1.0136286235065328,False,False,5
90,12,100.0,11.5,0.25,20.0,300.0,0.02,27.520486528509927,41.64771067720992,61.99070871177528,2.83349316599369,4.092145019913996,0.0,0.0,0.0,0.0,0.6872959955044724,-9.022735169154023,1.0137459199100896,False,False,4
91,12,100.0,11.5,0.25,20.0,300.0,0.02,27.550569932557632,41.6564781648959,61.99216882284894,2.6682760389987834,3.9919322323401176,0.0,0.0,0.0,0.0,0.6650819017259624,-9.008286222416128,1.0133016380345192,False,False,5
92,12,100.0,11.5,0.25,20.0,300.0,0.02,27.571568972840346,41.66618591853423,61.96290874016117,2.731870185644054,4.248999161436926,0.0,0.0,0.0,0.0,0.6716818857741449,-9.000493080571134,1.013433637715483,False,False,5
93,12,100.0,11.5,0.25,20.0,300.0,0.02,27.556944729396953,41.67432176059199,61.930886249730804,2.899964196325614,4.57752579139862,0.0,0.0,0.0,0.0,0.6629230720679362,-9.003455813411586,1.0132584614413587,False,False,5
94,12,100.0,11.5,0.25,20.0,300.0,0.02,27.59968924383044,41.684614942369194,61.9307031892675,2.7278824542234528,4.256017974102757,0.0,0.0,0.0,0.0,0.6694030635886734,-9.002471737169857,1.0133880612717734,False,False,3
95,12,100.0,11.5,0.25,20.0,300.0,0.02,27.61839086453633,41.69412668161801,61.895752917250014,2.7189878224296735,4.175345268235533,0.0,0.0,0.0,0.0,0.6585945578087873,-8.997246412634015,1.0131718911561758,False,False,4
96,12,100.0,11.5,0.25,20.0,300.0,0.02,27.657518908410946,41.703834990757734,61.862960701445175,2.874757197391606,4.335887435656953,0.0,0.0,0.0,0.0,0.6652308535168487,-8.98871009374151,1.013304617070337,False,False,4
97,12,100.0,11.5,0.25,20.0,300.0,0.02,27.63084584651782,41.71273623527469,61.85933933812223,2.790964490998849,4.5524781486161725,0.0,0.0,0.0,0.0,0.6397504051249384,-8.98146798218058,1.0127950081024988,False,False,5
98,12,100.0,11.5,0.25,20.0,300.0,0.02,27.673318247803742,41.72309722203842,61.82420355141278,2.7429762437115417,4.326147814258814,0.0,0.0,0.0,0.0,0.6374720100670841,-8.973582580163638,1.0127494402013417,False,False,5
99,12,100.0,11.5,0.25,20.0,300.0,0.02,27.68099155986476,41.73330004905557,61.78706276530134,2.84723231453559,4.374509934417325,0.0,0.0,0.0,0.0,0.6359072125270704,-8.973582878107937,1.0127181442505413,False,False,4
100,12,100.0,11.5,0.25,20.0,300.0,0.02,27.736934176127473,41.742844276776964,61.78264047446168,2.7674044022242774,4.1166282521330455,0.0,0.0,0.0,0.0,0.6402003012196046,-8.963924990853341,1.0128040060243921,False,False,4
101,12,100.0,11.5,0.25,20.0,300.0,0.02,27.69880603780184,41.753475063340254,61.74523700067185,2.754055356716508,4.458845321323207,0.0,0.0,0.0,0.0,0.6293942094857292,-8.96674784466668,1.0125878841897147,False,False,4
102,12,100.0,11.5,0.25,20.0,300.0,0.02,27.742872228938484,41.76250432029901,61.707729519850865,2.886192455779556,4.381304395734767,0.0,0.0,0.0,0.0,0.6322950934806,-8.960520380730564,1.012645901869612,False,False,5
103,12,100.0,11.5,0.25,20.0,300.0,0.02,27.767542604444543,41.77428991464302,61.700006183209,2.7611175390997307,4.401499965492275,0.0,0.0,0.0,0.0,0.6096876575518813,-8.94928106268905,1.0121937531510377,False,False,4
104,12,100.0,11.5,0.25,20.0,300.0,0.02,27.809765349044408,41.784367073434794,61.662686868971555,2.7657285712043342,4.364623527330026,0.0,0.0,0.0,0.0,0.6092688235473525,-8.933110784091026,1.012185376470947,False,False,3
105,12,100.0,11.5,0.25,20.0,300.0,0.02,27.774370098574977,41.79390236636578,61.65388006298687,2.8900586078422896,4.4224453817538425,0.0,0.0,0.0,0.0,0.5980297493588053,-8.937110063720164,1.0119605949871762,False,False,5
106,12,100.0,11.5,0.25,20.0,300.0,0.02,27.834747615899367,41.80464453783867,61.614362080969755,2.809253421473757,4.484567008174954,0.0,0.0,0.0,0.0,0.6016784296357647,-8.944188213774101,1.0120335685927153,False,False,4
107,12,100.0,11.5,0.25,20.0,300.0,0.02,27.845093996763307,41.814557390338734,61.5253480448094,2.925490805060059,5.252149177079751,0.0,0.0,0.0,0.0,0.6023146814231203,-8.93395385453642,1.0120462936284624,False,False,4
108,12,100.0,11.5,0.25,20.0,300.0,0.02,27.8890716890249,41.82440692181532,61.523814108336644,2.8925151475304545,4.43452758232724,0.0,0.0,0.0,0.0,0.5982800896112292,-8.915274921887013,1.0119656017922245,False,False,4
109,12,100.0,11.5,0.25,20.0,300.0,0.02,27.8721828957133,41.836191262528054,61.489233166681245,2.9099323728864057,4.456281888548886,0.0,0.0,0.0,0.0,0.5815541721450729,-8.918438024384129,1.0116310834429014,False,False,4
110,12,100.0,11.5,0.25,20.0,300.0,0.02,27.918192576066918,41.8463055282044,61.48543788539302,2.7997268424652924,4.481644382919434,0.0,0.0,0.0,0.0,0.5732741843650614,-8.913822622254143,1.0114654836873012,False,False,4
111,12,100.0,11.5,0.25,20.0,300.0,0.02,27.928871688508714,41.85700757262981,61.399135155036184,3.049025240065854,5.150793147878923,0.0,0.0,0.0,0.0,0.5679165393749476,-8.905123811516168,1.011358330787499,False,False,4
112,12,100.0,11.5,0.25,20.0,300.0,0.02,27.990023887329905,41.86767648477152,61.4003297574405,2.85117265726654,4.621360167954577,0.0,0.0,0.0,0.0,0.5558050199763465,-8.877718179820627,1.0111161003995268,False,False,5
113,12,100.0,11.5,0.25,20.0,300.0,0.02,27.95844911882025,41.87929105316596,61.36813640721363,2.9448094587365574,4.525018060469565,0.0,0.0,0.0,0.0,0.5523537756400941,-8.879124496761001,1.0110470755128018,False,False,4
114,12,100.0,11.5,0.25,20.0,300.0,0.02,28.021904640150733,41.88901580712388,61.28853498563336,2.963712690891527,4.853997875406551,0.0,0.0,0.0,0.0,0.5589724115485772,-8.882253038140473,1.0111794482309715,False,False,3
115,12,100.0,11.5,0.25,20.0,300.0,0.02,28.03403906214184,41.901506647829216,61.29216646831055,2.85377775005939,4.605464608435787,0.0,0.0,0.0,0.0,0.543776814804707,-8.87551301563425,1.0108755362960942,False,False,5
116,12,100.0,11.5,0.25,20.0,300.0,0.02,28.037884017595495,41.91274926620739,61.26339699325485,2.9558031904321225,4.600237426850754,0.0,0.0,0.0,0.0,0.5399997309093851,-8.875749934014388,1.0107999946181878,False,False,4
117,12,100.0,11.5,0.25,20.0,300.0,0.02,28.0696216867463,41.92327038060267,61.215091721314835,2.9628049868363306,4.855806571379908,0.0,0.0,0.0,0.0,0.5244513622883413,-8.861429467819866,1.0104890272457667,False,False,3
118,12,100.0,11.5,0.25,20.0,300.0,0.02,28.114851801403834,41.936208147259705,61.18975800827731,2.888361374636016,4.659035310131971,0.0,0.0,0.0,0.0,0.5164501737508923,-8.830930209351619,1.0103290034750179,False,False,4
119,12,100.0,11.5,0.25,20.0,300.0,0.02,28.10419016330125,41.94668433517547,61.16130140157658,3.04489651866232,4.463808890373125,0.0,0.0,0.0,0.0,0.5120308748927825,-8.8350703004335,1.0102406174978555,False,False,4
120,12,100.0,11.5,0.25,20.0,300.0,0.02,28.151954286053037,41.9591336239201,61.11789883198013,2.9490631860096044,4.729556380477,0.0,0.0,0.0,0.0,0.4990964543828963,-8.819295003058619,1.009981929087658,False,False,3
121,12,100.0,11.5,0.25,20.0,300.0,0.02,28.165115015777197,41.97094825018117,61.09234184844437,2.9746128273788273,4.759123273292905,0.0,0.0,0.0,0.0,0.4988305521752229,-8.828648617401413,1.0099766110435044,False,False,3
122,12,100.0,11.5,0.25,20.0,300.0,0.02,28.191616648860453,41.98302668193303,61.097298357839875,2.9942386616999097,4.320646035043892,0.0,0.0,0.0,0.0,0.4899885818929851,-8.821090492860549,1.0097997716378597,False,False,3
123,12,100.0,11.5,0.25,20.0,300.0,0.02,28.205816468643842,41.994053703364024,61.022490677884036,3.040145794169429,4.821598764171141,0.0,0.0,0.0,0.0,0.48159719116312566,-8.809972229645405,1.0096319438232626,False,False,5
124,12,100.0,11.5,0.25,20.0,300.0,0.02,28.260994769776154,42.007210186694365,61.000169028855815,2.9899543245280196,5.0586522001048,0.0,0.0,0.0,0.0,0.4738108226329242,-8.799890599631349,1.0094762164526585,False,False,4
125,12,100.0,11.5,0.25,20.0,300.0,0.02,28.24825934212536,42.01730811693579,60.960601702569214,2.9806924836345217,4.867138062104378,0.0,0.0,0.0,0.0,0.46693739018733516,-8.787731478319223,1.0093387478037468,False,False,4
126,12,100.0,11.5,0.25,20.0,300.0,0.02,28.314378986125924,42.03032265287527,60.938211883214734,3.0510155844375766,5.053758842923814,0.0,0.0,0.0,0.0,0.4658115843604289,-8.789093070029793,1.0093162316872086,False,False,5
127,12,100.0,11.5,0.25,20.0,300.0,0.02,28.358304504846306,42.041328467855315,60.94373286215458,2.97546784379209,5.028104177495736,0.0,0.0,0.0,0.0,0.4461134635917076,-8.77059489839122,1.0089222692718343,False,False,3
128,12,100.0,11.5,0.25,20.0,300.0,0.02,28.385173861396968,42.05316944907342,60.89839222926261,3.0957122144657716,5.643091692476734,0.0,0.0,0.0,0.0,0.4407703622653083,-8.76067376723918,1.0088154072453062,False,False,5
129,12,100.0,11.5,0.25,20.0,300.0,0.02,28.419132570706175,42.064816649576834,60.903640056987236,3.0404667472601825,4.634091405069715,0.0,0.0,0.0,0.0,0.437915779007238,-8.761532227071918,1.0087583155801447,False,False,4
130,12,100.0,11.5,0.25,20.0,300.0,0.02,28.43958855187084,42.07736997173419,60.82941761483667,3.0543098226658265,5.142088106846578,0.0,0.0,0.0,0.0,0.4273770785309466,-8.75257184945846,1.0085475415706189,False,False,3
131,12,100.0,11.5,0.25,20.0,300.0,0.02,28.45923677147516,42.089832147521406,60.83519838666245,3.0556119872490015,4.383827033278376,0.0,0.0,0.0,0.0,0.41642430775216877,-8.743749368043426,1.0083284861550434,False,False,3
132,12,100.0,11.5,0.25,20.0,300.0,0.02,28.450776408958337,42.10104727934746,60.7917465961622,3.0699532671486605,5.415492394637203,0.0,0.0,0.0,0.0,0.40515481531170483,-8.730528124190183,1.008103096306234,False,False,4
133,12,100.0,11.5,0.25,20.0,300.0,0.02,28.446500678252132,42.11480892680356,60.7659269016738,3.066392353357697,4.461465780121509,0.0,0.0,0.0,0.0,0.3997516345317393,-8.724564681710078,1.0079950326906348,False,False,3
134,12,100.0,11.5,0.25,20.0,300.0,0.02,28.492985609842997,42.125797734604404,60.725274798615985,3.0601848912896608,5.330641898251473,0.0,0.0,0.0,0.0,0.38317727436931875,-8.708251986393384,1.0076635454873863,False,False,4
135,12,100.0,11.5,0.25,20.0,300.0,0.02,28.45420252047873,42.13907003923929,60.72876778524821,3.08164993056211,5.43174232273656,0.0,0.0,0.0,0.0,0.392103831242552,-8.698291311845322,1.007842076624851,False,False,4
136,12,100.0,11.5,0.25,20.0,300.0,0.02,28.501460784276123,42.15041766015798,60.688481660390266,3.0888771818794516,5.418527505780673,0.0,0.0,0.0,0.0,0.39044618844779994,-8.697708325761818,1.007808923768956,False,False,4
137,12,100.0,11.5,0.25,20.0,300.0,0.02,28.463428993200523,42.16421943650686,60.6890991643673,3.094835528629783,5.4152316085223635,0.0,0.0,0.0,0.0,0.4051967450802274,-8.690142268878214,1.0081039349016045,False,False,5
138,12,100.0,11.5,0.25,20.0,300.0,0.02,28.571125955904947,42.17149915275119,60.690026630519895,3.662972060356957,7.9420612007771245,0.0,0.0,0.0,0.0,0.3962916469173423,-8.673021053245616,1.007925832938347,False,False,4
139,12,100.0,11.5,0.25,20.0,300.0,0.02,28.579335021526468,42.18630155301978,60.671902184248594,3.0834438027713276,5.855035262030242,0.0,0.0,0.0,0.0,0.3735576462641761,-8.660200914417992,1.0074711529252836,False,False,4
140,12,100.0,11.5,0.25,20.0,300.0,0.02,28.580610901819846,42.19461995867021,60.75454264678285,3.666667336233564,6.642061420647333,0.0,0.0,0.0,0.0,0.3838317683370933,-8.657864149118128,1.007676635366742,False,False,4
141,12,100.0,11.5,0.25,20.0,300.0,0.02,28.598156581713603,42.21036021044129,60.67604022689732,3.1099802902277225,5.728176872754798,0.0,0.0,0.0,0.0,0.3874531736863497,-8.670751269085569,1.007749063473727,False,False,3
142,12,100.0,11.5,0.25,20.0,300.0,0.02,28.682635148640387,42.219754140442355,60.70037351867869,3.295466429302787,7.638600507983967,0.0,0.0,0.0,0.0,0.3673752161608106,-8.639475611999073,1.0073475043232163,False,False,4
143,12,100.0,11.5,0.25,20.0,300.0,0.02,28.654317288737776,42.23440942172566,60.69189870764399,3.1125077395024565,5.965869509388985,0.0,0.0,0.0,0.0,0.364685747110033,-8.634154084838304,1.0072937149422008,False,False,4
144,12,100.0,11.5,0.25,20.0,300.0,0.02,28.667124492836464,42.24532032831259,60.76128202423951,3.449248052413363,6.430530004058703,0.0,0.0,0.0,0.0,0.357150456296669,-8.626302375526961,1.0071430091259335,False,False,3
145,12,100.0,11.5,0.25,20.0,300.0,0.02,28.743148399951444,42.25758748056973,60.75088300418525,3.462763478461938,6.3201614010007825,0.0,0.0,0.0,0.0,0.3529740340176359,-8.61794526229217,1.0070594806803528,False,False,5
146,12,100.0,11.5,0.25,20.0,300.0,0.02,28.749368802826464,42.270706389458255,60.6834784869763,3.123730783792045,5.880437051170034,0.0,0.0,0.0,0.0,0.3501298507803742,-8.620999642803604,1.0070025970156076,False,False,4
147,12,100.0,11.5,0.25,20.0,300.0,0.02,28.75881951160013,42.28329404092408,60.74282958807306,3.2939266517345067,7.393749396964865,0.0,0.0,0.0,0.0,0.35693109493968,-8.626731682016146,1.0071386218987937,False,False,5
148,12,100.0,11.5,0.25,20.0,300.0,0.02,28.83191204120259,42.29535501009813,60.735184497024825,3.270234904895235,7.341975966212842,0.0,0.0,0.0,0.0,0.33232376601210634,-8.590524509521565,1.0066464753202422,False,False,4
149,12,100.0,11.5,0.25,20.0,300.0,0.02,28.799050470244254,42.308939331005135,60.748219614128665,3.153298672401773,6.199264215022525,0.0,0.0,0.0,0.0,0.31452467821978103,-8.586410753716029,1.0062904935643957,False,False,5
150,12,100.0,11.5,0.25,20.0,300.0,0.02,28.834325638008732,42.320033920576094,60.79182541810867,3.6236350600710954,6.2099337378491395,0.0,0.0,0.0,0.0,0.3064867839813787,-8.574625949564618,1.0061297356796275,False,False,5
151,12,100.0,11.5,0.25,20.0,300.0,0.02,28.877806108447018,42.33298575437894,60.80023918811756,3.6276681240351127,6.234332537441741,0.0,0.0,0.0,0.0,0.32461117226046105,-8.574566410179205,1.0064922234452092,False,False,5
152,12,100.0,11.5,0.25,20.0,300.0,0.02,28.878794195628885,42.34691910450903,60.73170566986481,3.180412111692192,6.183105029668954,0.0,0.0,0.0,0.0,0.322094687650217,-8.577691014023738,1.0064418937530044,False,False,3
153,12,100.0,11.5,0.25,20.0,300.0,0.02,28.882918661924,42.35899051261573,60.78849518226716,3.2688451728014347,7.231035073954381,0.0,0.0,0.0,0.0,0.33244742466456334,-8.588113681642502,1.0066489484932912,False,False,6
154,12,100.0,11.5,0.25,20.0,300.0,0.02,28.955147525628885,42.37288152407485,60.77541329510157,3.2716824260278545,7.211026143367918,0.0,0.0,0.0,0.0,0.3144838032077453,-8.563670926413113,1.0062896760641549,False,False,5
155,12,100.0,11.5,0.25,20.0,300.0,0.02,28.959122017038464,42.38530707216838,60.83112913711391,3.2604346775750437,7.083657777993448,0.0,0.0,0.0,0.0,0.3261517965869971,-8.575586743928598,1.0065230359317399,False,False,4
156,12,100.0,11.5,0.25,20.0,300.0,0.02,29.002718116889497,42.39886005962957,60.81614014923052,3.2645051017363964,7.067886653825223,0.0,0.0,0.0,0.0,0.3027799314052573,-8.53702717001725,1.0060555986281052,False,False,5
157,12,100.0,11.5,0.25,20.0,300.0,0.02,28.986928702985132,42.41246533993715,60.82264367770027,3.2207184239663746,6.496068833357487,0.0,0.0,0.0,0.0,0.30461291672234847,-8.537628599661469,1.006092258334447,False,False,4
158,12,100.0,11.5,0.25,20.0,300.0,0.02,29.017125203343813,42.425063908298846,60.86414855498265,3.4227061623498085,5.751184621762492,0.0,0.0,0.0,0.0,0.30156498517066094,-8.530108376690876,1.0060312997034133,False,False,5
159,12,100.0,11.5,0.25,20.0,300.0,0.02,29.05692418349114,42.439271831465874,60.86801913836177,3.425388579993479,5.729821847834649,0.0,0.0,0.0,0.0,0.30142659460774474,-8.529370050674487,1.006028531892155,False,False,5
160,12,100.0,11.5,0.25,20.0,300.0,0.02,29.087150452445947,42.45193312097718,60.90461057494503,3.4187356857048523,5.579476717370475,0.0,0.0,0.0,0.0,0.29809593918214133,-8.520405531969685,1.0059619187836428,False,False,6
161,12,100.0,11.5,0.25,20.0,300.0,0.02,29.12035333482315,42.46636152871368,60.90975119467182,3.418312133219386,5.559504376300394,0.0,0.0,0.0,0.0,0.29975386656252534,-8.522311322759945,1.0059950773312505,False,False,4
162,12,100.0,11.5,0.25,20.0,300.0,0.02,29.15060876877667,42.47895273293885,60.942732290789394,3.417833572980671,5.444186742083918,0.0,0.0,0.0,0.0,0.2959381115142902,-8.511640890944804,1.0059187622302859,False,False,5
163,12,100.0,11.5,0.25,20.0,300.0,0.02,29.178936604052897,42.493430629447595,60.94855854082582,3.4145474396414346,5.425382400927018,0.0,0.0,0.0,0.0,0.2970794107622012,-8.508182289060423,1.005941588215244,False,False,5
164,12,100.0,11.5,0.25,20.0,300.0,0.02,29.183228405773818,42.50647060116749,61.00371619481237,3.404919889096446,5.335070935076651,0.0,0.0,0.0,0.0,0.2960519580580408,-8.50421135812684,1.0059210391611608,False,False,5
165,12,100.0,11.5,0.25,20.0,300.0,0.02,29.22828219579393,42.50558528317634,60.966699721068856,4.083404247346829,6.343489272067722,0.0,0.0,0.0,0.0,0.2691754679746527,-8.500105683739374,1.005383509359493,False,False,4
166,12,100.0,11.5,0.25,20.0,300.0,0.02,29.318416085320475,42.508174692392956,60.91503859198694,5.1881744070010845,6.385294076512553,0.0,0.0,0.0,0.0,0.27247572409345416,-8.510971015349236,1.0054495144818691,False,False,4
167,12,100.0,11.5,0.25,20.0,300.0,0.02,29.334572832974867,42.52299060350233,60.87821552951096,3.911393340970816,6.221558615549807,0.0,0.0,0.0,0.0,0.27027486300944076,-8.490096889411012,1.005405497260189,False,False,5
168,12,100.0,11.5,0.25,20.0,300.0,0.02,29.303815627211915,42.51412238296867,60.74506950052489,4.370185233991301,6.295919687321707,0.0,0.0,0.0,0.0,0.2660234514502498,-8.501458964926199,1.005320469029005,False,False,5
169,12,100.0,11.5,0.25,20.0,300.0,0.02,29.42665760069026,42.524183443186416,60.76936882739947,5.271566235936462,6.469556733825209,0.0,0.0,0.0,0.0,0.2726921486848564,-8.508092830243319,1.0054538429736972,False,False,6
170,12,100.0,11.5,0.25,20.0,300.0,0.02,29.433127596315,42.534939868250575,60.681278178196486,3.989357690277379,6.2603834248897945,0.0,0.0,0.0,0.0,0.25598005769280086,-8.49116270604264,1.0051196011538561,False,False,4
171,12,100.0,11.5,0.25,20.0,300.0,0.02,29.426566295379345,42.52371293038428,60.61786307873995,5.0169386778646565,6.313859267815442,0.0,0.0,0.0,0.0,0.26885575734561995,-8.504322122016996,1.0053771151469124,False,False,5
172,12,100.0,11.5,0.25,20.0,300.0,0.02,29.510730663254403,42.543652718335835,60.61342841560374,4.777906770116591,6.471120801531284,0.0,0.0,0.0,0.0,0.28367506864038206,-8.515816000699084,1.0056735013728075,False,False,6
173,12,100.0,11.5,0.25,20.0,300.0,0.02,29.49766169055435,42.53550780677643,60.53738407874272,4.413553988075696,6.177554516167681,0.0,0.0,0.0,0.0,0.27648518427019525,-8.511698436323815,1.0055297036854038,False,False,5
174,12,100.0,11.5,0.25,20.0,300.0,0.02,29.59880336591466,42.54815787526699,60.54095366003551,5.091953998777441,6.33429503257648,0.0,0.0,0.0,0.0,0.270427549194315,-8.499840317574556,1.0054085509838864,False,False,6
175,12,100.0,11.5,0.25,20.0,300.0,0.02,29.602708091364534,42.547634695795324,60.5000029925362,4.680764929124377,6.034470189076216,0.0,0.0,0.0,0.0,0.25279904805777065,-8.478327445391594,1.0050559809611554,False,False,6
176,12,100.0,11.5,0.25,20.0,300.0,0.02,29.65687256742786,42.55389799666785,60.47008568942467,5.006349013897194,6.209077997396736,0.0,0.0,0.0,0.0,0.28612093168236374,-8.513488401544471,1.0057224186336473,False,False,5
177,12,100.0,11.5,0.25,20.0,300.0,0.02,29.665868753484467,42.56770895766613,60.41299209234052,4.2182721288407885,5.764017066974745,0.0,0.0,0.0,0.0,0.2723026969690465,-8.497337076716034,1.005446053939381,False,False,6
178,12,100.0,11.5,0.25,20.0,300.0,0.02,29.732344167565877,42.5601283775428,60.407507858666065,4.592013410452491,5.999580400036926,0.0,0.0,0.0,0.0,0.2687898268522594,-8.49520907490709,1.0053757965370451,False,False,4
179,12,100.0,11.5,0.25,20.0,300.0,0.02,29.745988989797503,42.578313091209374,60.36817763083548,4.220014278949937,5.901902303007553,0.0,0.0,0.0,0.0,0.28886974960620404,-8.511615448168063,1.005777394992124,False,False,6
180,12,100.0,11.5,0.25,20.0,300.0,0.02,29.69500071027833,42.56074499190609,60.31452080228737,4.830598756299836,5.951238772382898,0.0,0.0,0.0,0.0,0.2752672287716709,-8.50166822452951,1.0055053445754334,False,False,6
181,12,100.0,11.5,0.25,20.0,300.0,0.02,29.81774558287079,42.58343678064268,60.29612133270417,4.871748192086977,6.22458975397538,0.0,0.0,0.0,0.0,0.2767510004331686,-8.49551873276403,1.0055350200086635,False,False,6
182,12,100.0,11.5,0.25,20.0,300.0,0.02,29.783964276728643,42.56385610276166,60.18205792220324,5.17108789125806,5.872753619065762,0.0,0.0,0.0,0.0,0.2765973413548366,-8.499557613511971,1.0055319468270967,False,False,4
183,12,100.0,11.5,0.25,20.0,300.0,0.02,29.887259489497584,42.589706158638386,60.224644895683156,5.413281862175325,5.93566419813838,0.0,0.0,0.0,0.0,0.280481796520071,-8.496708945837959,1.0056096359304014,False,False,5
184,12,100.0,11.5,0.25,20.0,300.0,0.02,29.862834233475873,42.57492978159257,60.1275045452569,5.189235425941704,5.792815518646742,0.0,0.0,0.0,0.0,0.2808076506704903,-8.500008774465604,1.0056161530134098,False,False,6
185,12,100.0,11.5,0.25,20.0,300.0,0.02,29.95230696921723,42.59594643305166,60.15554631194771,5.383188626088707,5.859453442280523,0.0,0.0,0.0,0.0,0.2827784067387221,-8.496322098238824,1.0056555681347745,False,False,5
186,12,100.0,11.5,0.25,20.0,300.0,0.02,29.90805816575228,42.588842578156736,60.117382052899785,4.848337391950907,5.737737941599933,0.0,0.0,0.0,0.0,0.32708272390888377,-8.546729797114994,1.0065416544781778,False,False,5
187,12,100.0,11.5,0.25,20.0,300.0,0.02,29.94349729180365,42.59558940494064,60.12923279306572,5.257405425649797,5.943920086418793,0.0,0.0,0.0,0.0,0.32802418233087693,-8.545765423980594,1.0065604836466175,False,False,5
188,12,100.0,11.5,0.25,20.0,300.0,0.02,29.90961143100616,42.592737433346095,60.118335011387636,5.1265621983709995,5.700903343395116,0.0,0.0,0.0,0.0,0.3282111777601927,-8.546957391569842,1.006564223555204,False,False,4
189,12,100.0,11.5,0.25,20.0,300.0,0.02,29.939515873792708,42.596615946692566,60.102310731149316,5.189012600486285,5.888607136032798,0.0,0.0,0.0,0.0,0.3236496694204801,-8.543119720802904,1.0064729933884096,False,False,5
190,12,100.0,11.5,0.25,20.0,300.0,0.02,29.915699200853783,42.59278608124474,60.11563410171835,5.189534772872793,5.783262182146037,0.0,0.0,0.0,0.0,0.32792205247220835,-8.546850453213503,1.0065584410494441,False,False,6
191,12,100.0,11.5,0.25,20.0,300.0,0.02,29.939076649097935,42.596524365595705,60.099392283193986,5.1900412034292325,5.8556966797928345,0.0,0.0,0.0,0.0,0.31481131105336635,-8.52737112818636,1.0062962262210673,False,False,5
192,12,100.0,11.5,0.25,20.0,300.0,0.02,29.89039365383739,42.59009061186504,60.11377997748065,5.294408952481974,5.7549694312568835,0.0,0.0,0.0,0.0,0.31485767787240326,-8.528267419500327,1.006297153557448,False,False,5
193,12,100.0,11.5,0.25,20.0,300.0,0.02,29.938725765507346,42.59622307807777,60.09952740973801,5.306928686219353,5.843729755227356,0.0,0.0,0.0,0.0,0.3141600794500032,-8.526794278826967,1.006283201589,False,False,5
194,12,100.0,11.5,0.25,20.0,300.0,0.02,29.896121179324393,42.590371062777045,60.11171409959266,5.293841920284314,5.7294482753642635,0.0,0.0,0.0,0.0,0.31435355396653253,-8.527755741567518,1.0062870710793306,False,False,5
195,12,100.0,11.5,0.25,20.0,300.0,0.02,29.938400159009703,42.59596504276516,60.09997145056462,5.306400657816414,5.8229948031563366,0.0,0.0,0.0,0.0,0.3136451662075468,-8.526339496000228,1.0062729033241509,False,False,4
196,12,100.0,11.5,0.25,20.0,300.0,0.02,29.900444136691082,42.59061053141334,60.11031056289768,5.293886984786679,5.724541251349714,0.0,0.0,0.0,0.0,0.31396112667457166,-8.52733714349715,1.0062792225334913,False,False,4
197,12,100.0,11.5,0.25,20.0,300.0,0.02,29.9381047034328,42.5957452667584,60.10031259258746,5.305724311396449,5.807673702729494,0.0,0.0,0.0,0.0,0.3132388601339674,-8.525983719703644,1.0062647772026794,False,False,6
198,12,100.0,11.5,0.25,20.0,300.0,0.02,29.90375400149998,42.590814041565274,60.109354552306584,5.294249004710024,5.728192222506404,0.0,0.0,0.0,0.0,0.31365412619913835,-8.52699420302755,1.0062730825239827,False,False,5
199,12,100.0,11.5,0.25,20.0,300.0,0.02,29.937840013015737,42.59555870821088,60.100573699028864,5.3049921483272815,5.796257303552946,0.0,0.0,0.0,0.0,0.3129242330793011,-8.525710242351382,1.006258484661586,False,False,4
200,12,100.0,11.5,0.25,20.0,300.0,0.02,29.906328755992647,42.59098655774042,60.108699320848764,5.294754527215148,5.731473389563436,0.0,0.0,0.0,0.0,0.31341302585742725,-8.526712857703487,1.0062682605171485,False,False,6
201,12,100.0,11.5,0.25,20.0,300.0,0.02,29.93760435905467,42.595400591119976,60.10077270406208,5.304265500089267,5.7876773138357684,0.0,0.0,0.0,0.0,0.312737399983032,-8.525508267916843,1.0062547479996606,False,False,6
202,12,100.0,11.5,0.25,20.0,300.0,0.02,29.908366501908862,42.59113269982414,60.10824491252488,5.295303225981471,5.734343346266956,0.0,0.0,0.0,0.0,0.31322312720933576,-8.526481712288177,1.0062644625441868,False,False,5
203,12,100.0,11.5,0.25,20.0,300.0,0.02,29.93739487119231,42.595266571595005,60.1009236424277,5.303581170727733,5.781172101190542,0.0,0.0,0.0,0.0,0.3128190939645554,-8.525372368351364,1.0062563818792911,False,False,6
204,12,100.0,11.5,0.25,20.0,300.0,0.02,29.9100089849955,42.591256610100636,60.10792349395582,5.295839086612358,5.736806462796257,0.0,0.0,0.0,0.0,0.31307323879141047,-8.52629151192281,1.0062614647758281,False,False,4
205,12,100.0,11.5,0.25,20.0,300.0,0.02,29.93720826490224,42.5951528074373,60.101037469806286,5.302958446528778,5.776195020371374,0.0,0.0,0.0,0.0,0.31294835432809387,-8.525299459688462,1.0062589670865618,False,False,4
206,12,100.0,11.5,0.25,20.0,300.0,0.02,29.91135808225993,42.59136191078237,60.10768924528807,5.2963329526400456,5.738891127673,0.0,0.0,0.0,0.0,0.3129547498900665,-8.526134732831979,1.0062590949978014,False,False,4
207,12,100.0,11.5,0.25,20.0,300.0,0.02,29.937041261418756,42.595055967823775,60.10112271577032,5.302404930286488,5.772351189767935,0.0,0.0,0.0,0.0,0.31305952789178837,-8.525280941226512,1.0062611905578358,False,False,5
208,12,100.0,11.5,0.25,20.0,300.0,0.02,29.912487377323004,42.59145171332091,60.10751139793286,5.2967717937409065,5.740636759302788,0.0,0.0,0.0,0.0,0.3128609734091561,-8.526005256858808,1.0062572194681831,False,False,5
209,12,100.0,11.5,0.25,20.0,300.0,0.02,29.93689081238421,42.59497320820404,60.10118600259579,5.301920910184616,5.7693535393090665,0.0,0.0,0.0,0.0,0.31315131171059507,-8.525298556603463,1.0062630262342118,False,False,4
210,12,100.0,11.5,0.25,20.0,300.0,0.02,29.91345030415819,42.59152865537687,60.10736944443923,5.2971520503116585,5.742086198456513,0.0,0.0,0.0,0.0,0.31278667489461187,-8.525898112525827,1.0062557334978923,False,False,6
211,12,100.0,11.5,0.25,20.0,300.0,0.02,29.936754203769976,42.59490212697428,60.10123245664628,5.301502429580693,5.766992046970584,0.0,0.0,0.0,0.0,0.31322649997651025,-8.52533298204102,1.0062645299995303,False,False,4
212,12,100.0,11.5,0.25,20.0,300.0,0.02,29.914285890442898,42.59159495062573,60.10724984733671,5.2974754988355555,5.7432814151514195,0.0,0.0,0.0,0.0,0.3127277328113036,-8.525809266452294,1.006254554656226,False,False,5
213,12,100.0,11.5,0.25,20.0,300.0,0.02,29.936629087770573,42.59484071447694,60.10126603384959,5.3011433435259425,5.765112076330419,0.0,0.0,0.0,0.0,0.3132879966637591,-8.52537172288827,1.0062657599332752,False,False,6
214,12,100.0,11.5,0.25,20.0,300.0,0.02,29.915022819292975,42.591652442510615,60.107143781861744,5.297746697988639,5.744261249858479,0.0,0.0,0.0,0.0,0.31268089037330304,-8.525735457958847,1.0062536178074661,False,False,5
215,12,100.0,11.5,0.25,20.0,300.0,0.02,29.936513473915007,42.59478730076636,60.10128977661514,5.300836637343048,5.7635990377707165,0.0,0.0,0.0,0.0,0.31333831739924967,-8.525408754734594,1.006266766347985,False,False,6
216,12,100.0,11.5,0.25,20.0,300.0,0.02,29.915682310772663,42.59170265682714,60.10704559122484,5.29797143408672,5.745060388103506,0.0,0.0,0.0,0.0,0.31264357043645447,-8.5256740661477,1.006252871408729,False,False,5
217,12,100.0,11.5,0.25,20.0,300.0,0.02,29.93640569901991,42.59474050584616,60.101306016163036,5.300575231389758,5.7623674693616005,0.0,0.0,0.0,0.0,0.31337955206214396,-8.525441730269952,1.0062675910412429,False,False,5
218,12,100.0,11.5,0.25,20.0,300.0,0.02,29.91628017330929,42.591746850403275,60.10695173243491,5.298155799767147,5.7457090651709395,0.0,0.0,0.0,0.0,0.31261373528011893,-8.525623009425216,1.0062522747056024,False,False,5
219,12,100.0,11.5,0.25,20.0,300.0,0.02,29.936304387977984,42.59469919430833,60.10131653149265,5.300352440333545,5.761353222884653,0.0,0.0,0.0,0.0,0.3134134127344757,-8.525470047320027,1.0062682682546895,False,False,5
220,12,100.0,11.5,0.25,20.0,300.0,0.02,29.916828269838362,42.59178605460949,60.10686005939662,5.298305672455833,5.746247931436093,0.0,0.0,0.0,0.0,0.31258977725168247,-8.525580668253623,1.0062517955450336,False,False,4
221,12,100.0,11.5,0.25,20.0,300.0,0.02,29.936208412437814,42.594662435188326,60.1013226739925,5.300162207440003,5.760507842055406,0.0,0.0,0.0,0.0,0.3134412944986956,-8.525493863783002,1.006268825889974,False,False,5
222,12,100.0,11.5,0.25,20.0,300.0,0.02,29.917335570143756,42.59182111332215,60.10676933749969,5.298426442669502,5.746978127569864,0.0,0.0,0.0,0.0,0.3125704314505651,-8.525545831873165,1.0062514086290113,False,False,6
223,12,100.0,11.5,0.25,20.0,300.0,0.02,29.936116851291246,42.59462946717281,60.101325464889214,5.29999919733164,5.759794495724465,0.0,0.0,0.0,0.0,0.3134643316959911,-8.525513634487654,1.0062692866339198,False,False,5
224,12,100.0,11.5,0.25,20.0,300.0,0.02,29.917808909704224,42.5918527154752,60.1066789167593,5.298522895611366,5.74759008528372,0.0,0.0,0.0,0.0,0.312554705900541,-8.525517658159481,1.0062510941180107,False,False,6
225,12,100.0,11.5,0.25,20.0,300.0,0.02,29.936028954929164,42.59459966891035,60.101325671275575,5.29985880351244,5.759185019276855,0.0,0.0,0.0,0.0,0.3134834460883117,-8.525529900621525,1.0062696689217663,False,False,6
226,12,100.0,11.5,0.25,20.0,300.0,0.02,29.918253539646596,42.5918814226095,60.10658851326452,5.298599184058203,5.748109245886412,0.0,0.0,0.0,0.0,0.31254182465435243,-8.525495624228244,1.006250836493087,False,False,5
227,12,100.0,11.5,0.25,20.0,300.0,0.02,29.93594411404547,42.59457253397426,60.10132386528346,5.2997371077256075,5.75865774964914,0.0,0.0,0.0,0.0,0.31349938628658375,-8.52554319471064,1.0062699877257317,False,False,6
228,12,100.0,11.5,0.25,20.0,300.0,0.02,29.91867352744198,42.59190769195459,60.10649806437063,5.298658853015245,5.74855512417257,0.0,0.0,0.0,0.0,0.31253118234467586,-8.525479420633616,1.0062506236468935,False,False,4
229,12,100.0,11.5,0.25,20.0,300.0,0.02,29.93586183308205,42.59454764994255,60.10132047002367,5.299630814938121,5.7581959315482125,0.0,0.0,0.0,0.0,0.31351276052848887,-8.525554001850875,1.0062702552105698,False,False,4
230,12,100.0,11.5,0.25,20.0,300.0,0.02,29.919072050501587,42.59193189561521,60.106407633895934,5.298704891274256,5.748942774354816,0.0,0.0,0.0,0.0,0.3125223073876633,-8.525468738874078,1.0062504461477533,False,False,5
231,12,100.0,11.5,0.25,20.0,300.0,0.02,29.93578170803664,42.594524681045115,60.101315795160154,5.29953717876561,5.757786536953886,0.0,0.0,0.0,0.0,0.3135240631963688,-8.525562745805342,1.0062704812639274,False,False,6
232,12,100.0,11.5,0.25,20.0,300.0,0.02,29.91945161256541,42.591954336418944,60.10631735105068,5.298739794553871,5.7492838729701905,0.0,0.0,0.0,0.0,0.3125148331647431,-8.525463009159091,1.006250296663295,False,False,5
233,12,100.0,11.5,0.25,20.0,300.0,0.02,29.93570340817516,42.59450335385495,60.10131006438182,5.2994539261899245,5.757419385296341,0.0,0.0,0.0,0.0,0.3135336963113344,-8.525569789510573,1.0062706739262266,False,False,6
234,12,100.0,11.5,0.25,20.0,300.0,0.02,29.919814204156374,42.59197526093906,60.106227371971826,5.2987656310781,5.74958752365692,0.0,0.0,0.0,0.0,0.3125084746632654,-8.525461306061825,1.0062501694932653,False,False,5
235,12,100.0,11.5,0.25,20.0,300.0,0.02,29.93562666112844,42.59448344554532,60.10130343655633,5.29937918653884,5.757221709189636,0.0,0.0,0.0,0.0,0.3135419868635547,-8.52557543875145,1.006270839737271,False,False,5
236,12,100.0,11.5,0.25,20.0,300.0,0.02,29.920161422295404,42.5919948701514,60.10613785627916,5.29878410440829,5.749860858895259,0.0,0.0,0.0,0.0,0.3125030109395779,-8.525462543489844,1.0062500602187916,False,False,6
237,12,100.0,11.5,0.25,20.0,300.0,0.02,29.935551240855336,42.59446477429117,60.101296021967535,5.299311427225274,5.757089941443994,0.0,0.0,0.0,0.0,0.3135492007798753,-8.525579948235563,1.0062709840155974,False,False,5
238,12,100.0,11.5,0.25,20.0,300.0,0.02,29.920494560379026,42.592013328125006,60.10604895350236,5.298796610843175,5.75010949269683,0.0,0.0,0.0,0.0,0.31249827103985656,-8.525465752180905,1.006249965420797,False,False,5
239,12,100.0,11.5,0.25,20.0,300.0,0.02,29.93547695799325,42.594447191448076,60.101287894737084,5.299249397213136,5.756976992240883,0.0,0.0,0.0,0.0,0.31355555486782766,-8.525583529867394,1.0062711110973566,False,False,6
240,12,100.0,11.5,0.25,20.0,300.0,0.02,29.920814676076027,42.59203076908883,60.105960795898696,5.298804290244996,5.75033786322919,0.0,0.0,0.0,0.0,0.31249412309316044,-8.525470216471891,1.0062498824618633,False,False,5
241,12,100.0,11.5,0.25,20.0,300.0,0.02,29.935403652170617,42.594430575197386,60.10127910229103,5.299192078267144,5.7568795234845345,0.0,0.0,0.0,0.0,0.31356122528319796,-8.525586358515504,1.006271224505664,False,False,6
242,12,100.0,11.5,0.25,20.0,300.0,0.02,29.92112264293325,42.59204730316469,60.10587349532385,5.298808070071051,5.750549493676193,0.0,0.0,0.0,0.0,0.3124904660897769,-8.525475464200195,1.0062498093217955,False,False,4
243,12,100.0,11.5,0.25,20.0,300.0,0.02,29.935331185915526,42.59441482539368,60.10126967254445,5.299138643536108,5.756794838146348,0.0,0.0,0.0,0.0,0.3135663560244329,-8.525588577894116,1.0062713271204886,False,False,4
244,12,100.0,11.5,0.25,20.0,300.0,0.02,29.921419189833863,42.592063021008556,60.10578714259784,5.298808702911894,5.750747191983276,0.0,0.0,0.0,0.0,0.3124872231639552,-8.525481203573724,1.0062497444632792,False,False,5
245,12,100.0,11.5,0.25,20.0,300.0,0.02,29.935259439851343,42.594399859395416,60.10125961932847,5.299088422765082,5.756720757225234,0.0,0.0,0.0,0.0,0.31357106414807945,-8.525590306411662,1.0062714212829615,False,False,5
246,12,100.0,11.5,0.25,20.0,300.0,0.02,29.92170493134179,42.59207799756205,60.105701808339,5.298806798106814,5.750933204643528,0.0,0.0,0.0,0.0,0.31248433687047455,-8.525487260103786,1.0062496867374096,False,False,5
247,12,100.0,11.5,0.25,20.0,300.0,0.02,29.935188308923063,42.59438560869589,60.10124894646763,5.299040873335038,5.756655519830462,0.0,0.0,0.0,0.0,0.31357544537980125,-8.525591640752554,1.006271508907596,False,False,6
248,12,100.0,11.5,0.25,20.0,300.0,0.02,29.921980391165846,42.592092295080626,60.10561754459715,5.298802848120302,5.751109335711628,0.0,0.0,0.0,0.0,0.3124817653375892,-8.525493531793567,1.0062496353067518,False,False,6
249,12,100.0,11.5,0.25,20.0,300.0,0.02,29.935117699443936,42.594372016204844,60.10123765082422,5.298995556325069,5.756597702217988,0.0,0.0,0.0,0.0,0.3135795776827828,-8.525592660781319,1.0062715915536558,False,False,5
250,12,100.0,11.5,0.25,20.0,300.0,0.02,29.922246020399037,42.59210596557489,60.105534386859645,5.29879725038273,5.7512770393518275,0.0,0.0,0.0,0.0,0.3124794789684386,-8.525499960442183,1.0062495895793688,False,False,6
251,12,100.0,11.5,0.25,20.0,300.0,0.02,29.93504752679144,42.59435903405717,60.10122572455478,5.2989521168396125,5.756546152302226,0.0,0.0,0.0,0.0,0.3135835248641366,-8.525593431369527,1.0062716704972827,False,False,6
252,12,100.0,11.5,0.25,20.0,300.0,0.02,29.92250221176649,42.59211905277722,60.105452356164534,5.298790325266569,5.751437492129723,0.0,0.0,0.0,0.0,0.31247745833170015,-8.525506513899604,1.006249549166634,False,False,4
253,12,100.0,11.5,0.25,20.0,300.0,0.02,29.93497771361505,42.59434662184789,60.10121315676803,5.29891026791696,5.7564999367652865,0.0,0.0,0.0,0.0,0.31358733893040613,-8.525594006138313,1.0062717467786082,False,False,6
254,12,100.0,11.5,0.25,20.0,300.0,0.02,29.922749310807102,42.59213159372466,60.105371461162676,5.298782330808657,5.751591649712778,0.0,0.0,0.0,0.0,0.3124756925507376,-8.525513175169133,1.0062495138510148,False,False,4
255,12,100.0,11.5,0.25,20.0,300.0,0.02,29.93490818844547,42.59433474521182,60.10119993473031,5.298869777418366,5.756458298393439,0.0,0.0,0.0,0.0,0.31359106268141207,-8.525594428555623,1.0062718212536284,False,False,6
256,12,100.0,11.5,0.25,20.0,300.0,0.02,29.92298762468725,42.59214362003221,60.10529170003993,5.298773474718849,5.751740291509962,0.0,0.0,0.0,0.0,0.31247417746398254,-8.525519935921196,1.0062494835492797,False,False,4
257,12,100.0,11.5,0.25,20.0,300.0,0.02,29.934838884617562,42.594323374680776,60.10118604473017,5.298830457380151,5.756420621698569,0.0,0.0,0.0,0.0,0.3135947310231198,-8.525594734800645,1.0062718946204623,False,False,4
258,12,100.0,11.5,0.25,20.0,300.0,0.02,29.923217429176116,42.59215515891682,60.105213062255885,5.298763924141983,5.751884055936173,0.0,0.0,0.0,0.0,0.31247291492226803,-8.525526793080486,1.0062494582984454,False,False,6
259,12,100.0,11.5,0.25,20.0,300.0,0.02,29.934769739437737,42.59431248476476,60.10117147268851,5.298792155389746,5.756386405239393,0.0,0.0,0.0,0.0,0.313598372490543,-8.525594954117693,1.0062719674498108,False,False,5
260,12,100.0,11.5,0.25,20.0,300.0,0.02,29.92343897418769,42.59216623402036,60.10513553008336,5.298753813571228,5.752023468355977,0.0,0.0,0.0,0.0,0.31247191180246175,-8.525533745845573,1.0062494382360492,False,False,5
261,12,100.0,11.5,0.25,20.0,300.0,0.02,29.934700693540776,42.59430205321316,60.10115620457908,5.2987547476169885,5.756355239353222,0.0,0.0,0.0,0.0,0.3136020107853305,-8.525595110959406,1.0062720402157066,False,False,5
262,12,100.0,11.5,0.25,20.0,300.0,0.02,29.92365248819956,42.59217686607131,60.10505907995027,5.298743251247362,5.75215896328753,0.0,0.0,0.0,0.0,0.312471179134228,-8.525540795206027,1.0062494235826847,False,False,5
263,12,100.0,11.5,0.25,20.0,300.0,0.02,29.93463169039334,42.59429206042076,60.10114022670963,5.298718133193824,5.756326788249441,0.0,0.0,0.0,0.0,0.31360566524650485,-8.52559522515127,1.0062721133049302,False,False,5
264,12,100.0,11.5,0.25,20.0,300.0,0.02,29.923858181788763,42.59218707341638,60.104983683595066,5.29873232432348,5.75229090209034,0.0,0.0,0.0,0.0,0.3124707318653684,-8.525547942354704,1.0062494146373073,False,False,5
265,12,100.0,11.5,0.25,20.0,300.0,0.02,29.93456267591025,42.59428248895027,60.10112352590113,5.298682229688975,5.756300775618116,0.0,0.0,0.0,0.0,0.3136093519947259,-8.525595313128452,1.0062721870398945,False,False,5
266,12,100.0,11.5,0.25,20.0,300.0,0.02,29.924056250470393,42.59219687244816,60.1049093090518,5.2987211030262005,5.752419587086111,0.0,0.0,0.0,0.0,0.3124705880822488,-8.52555518871722,1.006249411761645,False,False,6
267,12,100.0,11.5,0.25,20.0,300.0,0.02,29.934493598157744,42.59427332314824,60.10110608959352,5.298646969469448,5.75627697306734,0.0,0.0,0.0,0.0,0.31361308413998956,-8.525595388868913,1.0062722616827997,False,False,4
268,12,100.0,11.5,0.25,20.0,300.0,0.02,29.924246876984103,42.59220627794869,60.10483592148353,5.298709644003199,5.752545272854661,0.0,0.0,0.0,0.0,0.31247076883096986,-8.525562535576857,1.0062494153766195,False,False,5
269,12,100.0,11.5,0.25,20.0,300.0,0.02,29.934424407122915,42.59426454883611,60.10108790589928,5.298612296778432,5.756255190835478,0.0,0.0,0.0,0.0,0.31361687282543876,-8.525595463326317,1.0062723374565088,False,False,5
270,12,100.0,11.5,0.25,20.0,300.0,0.02,29.924430233141894,42.59221530336622,60.10476348388227,5.298697993013161,5.752668175286552,0.0,0.0,0.0,0.0,0.3124712974742228,-8.52556998411064,1.0062494259494845,False,False,5
271,12,100.0,11.5,0.25,20.0,300.0,0.02,29.93435505453391,42.59425615306139,60.101068963620506,5.298578165391024,5.756235270332575,0.0,0.0,0.0,0.0,0.31362072728171414,-8.525595546278895,1.0062724145456343,False,False,5
272,12,100.0,11.5,0.25,20.0,300.0,0.02,29.92460648132648,42.59222396103774,60.1046919576534,5.298686187084794,5.7527884788493635,0.0,0.0,0.0,0.0,0.3124721992346634,-8.525577534959597,1.0062494439846932,False,False,5
273,12,100.0,11.5,0.25,20.0,300.0,0.02,29.93428549371853,42.59424812389734,60.10104925224149,5.298544536735035,5.756217078150765,0.0,0.0,0.0,0.0,0.31362465508743076,-8.525595645368224,1.0062724931017486,False,False,4
274,12,100.0,11.5,0.25,20.0,300.0,0.02,29.9247757757104,42.592232262368505,60.104621303100785,5.29867425624834,5.752906342429122,0.0,0.0,0.0,0.0,0.31247350124572026,-8.525585188745332,1.0062494700249145,False,False,5
275,12,100.0,11.5,0.25,20.0,300.0,0.02,29.934215679492,42.594240450281184,60.10102876190499,5.298511378385819,5.756200501254762,0.0,0.0,0.0,0.0,0.3136286629551201,-8.525595767460672,1.0062725732591025,False,False,5
276,12,100.0,11.5,0.25,20.0,300.0,0.02,29.924938263251743,42.59224021797683,60.10455147982737,5.298662224922995,5.753021904032172,0.0,0.0,0.0,0.0,0.3124752313086776,-8.52559294548662,1.0062495046261735,False,False,4
277,12,100.0,11.5,0.25,20.0,300.0,0.02,29.934145568066747,42.59423312188366,60.101007483378645,5.298478662861106,5.756185443119691,0.0,0.0,0.0,0.0,0.3136327563853016,-8.5255959182834,1.0062726551277061,False,False,4
278,12,100.0,11.5,0.25,20.0,300.0,0.02,29.925094084510427,42.59224783781096,60.10448244706411,5.298650113028046,5.75313528457538,0.0,0.0,0.0,0.0,0.31247741788576444,-8.525600805422584,1.0062495483577152,False,False,5
279,12,100.0,11.5,0.25,20.0,300.0,0.02,29.934075116978647,42.59422612900326,60.10098540801583,5.298446366656951,5.756171820628786,0.0,0.0,0.0,0.0,0.31363694006865833,-8.5255961023738,1.0062727388013732,False,False,5
280,12,100.0,11.5,0.25,20.0,300.0,0.02,29.92524337432044,42.59225513124384,60.104427456305814,5.298637936872176,5.753246590944253,0.0,0.0,0.0,0.0,0.3124800893213906,-8.525608768156724,1.0062496017864277,False,False,6
281,12,100.0,11.5,0.25,20.0,300.0,0.02,29.934004285025644,42.594219462480716,60.100962527714216,5.298414469476319,5.756159561581799,0.0,0.0,0.0,0.0,0.3136412182183887,-8.525596323864516,1.0062728243643677,False,False,6
282,12,100.0,11.5,0.25,20.0,300.0,0.02,29.92538626234574,42.59226210714986,60.10453597695281,5.298625709864949,5.753355918463881,0.0,0.0,0.0,0.0,0.31248327325708797,-8.525616833437223,1.0062496654651418,False,False,4
283,12,100.0,11.5,0.25,20.0,300.0,0.02,29.93393303221568,42.59421311362929,60.10093883487383,5.298382953612486,5.756148602692258,0.0,0.0,0.0,0.0,0.3136455944304124,-8.52559658647813,1.0062729118886082,False,False,5
284,12,100.0,11.5,0.25,20.0,300.0,0.02,29.925522873542565,42.59226877396733,60.10464404979877,5.298613443085934,5.753463352897714,0.0,0.0,0.0,0.0,0.3124869956992643,-8.525625000820614,1.0062497399139854,False,False,5
285,12,100.0,11.5,0.25,20.0,300.0,0.02,29.933861319721466,42.594207074178165,60.100914322356516,5.298351803455822,5.7561388879776585,0.0,0.0,0.0,0.0,0.3136500719686994,-8.525596893152507,1.006273001439374,False,False,5
286,12,100.0,11.5,0.25,20.0,300.0,0.02,29.925653328545803,42.592275139749425,60.104751725881755,5.298601145739536,5.75356897206596,0.0,0.0,0.0,0.0,0.3124912806241846,-8.525633269783246,1.0062498256124837,False,False,5
287,12,100.0,11.5,0.25,20.0,300.0,0.02,29.93378910984031,42.59420133622599,60.10088898344711,5.298321005099548,5.756130367464682,0.0,0.0,0.0,0.0,0.31365465361854783,-8.5255972465329,1.006273093072371,False,False,5
288,12,100.0,11.5,0.25,20.0,300.0,0.02,29.925777743994058,42.592281212205904,60.104859054055645,5.2985888255189355,5.753672847157829,0.0,0.0,0.0,0.0,0.3124961489876682,-8.525641639656534,1.0062499229797535,False,False,6
289,12,100.0,11.5,0.25,20.0,300.0,0.02,29.93371636595781,42.59419589220281,60.10086281181741,5.298290546024531,5.756122996146815,0.0,0.0,0.0,0.0,0.3136593420039895,-8.525597648920568,1.0062731868400798,False,False,5
290,12,100.0,11.5,0.25,20.0,300.0,0.02,29.925896232804774,42.59228699873741,60.10496608119583,5.2985764888967,5.753775043797117,0.0,0.0,0.0,0.0,0.31250161858974324,-8.525650109660805,1.006250032371795,False,False,6
291,12,100.0,11.5,0.25,20.0,300.0,0.02,29.933643052514373,42.594190734838605,60.1008358014926,5.2982604148471415,5.7561167331447844,0.0,0.0,0.0,0.0,0.3136641395970951,-8.52559810253916,1.0062732827919418,False,False,5
292,12,100.0,11.5,0.25,20.0,300.0,0.02,29.926008904408853,42.59229250646376,60.10507285237378,5.2985641413574145,5.7538756229084305,0.0,0.0,0.0,0.0,0.31250770289567825,-8.525658679378074,1.0062501540579136,False,False,4
293,12,100.0,11.5,0.25,20.0,300.0,0.02,29.9335691349738,42.5941858571373,60.10080794682088,5.298230601117563,5.756111541029786,0.0,0.0,0.0,0.0,0.3136690485801635,-8.525598608980642,1.0062733809716033,False,False,5
294,12,100.0,11.5,0.25,20.0,300.0,0.02,29.926115864952205,42.59229774224759,60.105179411005984,5.298551787583428,5.753974641422503,0.0,0.0,0.0,0.0,0.3125144112337898,-8.525667347819404,1.0062502882246758,False,False,5
295,12,100.0,11.5,0.25,20.0,300.0,0.02,29.933494579793535,42.59418125235495,60.10077924244547,5.298201095158346,5.756107385276766,0.0,0.0,0.0,0.0,0.31367407100541955,-8.52559917010947,1.0062734814201084,False,False,5
296,12,100.0,11.5,0.25,20.0,300.0,0.02,29.926217217470274,42.592302712714,60.105285798981654,5.29853943160358,5.754072152851569,0.0,0.0,0.0,0.0,0.31252174818058687,-8.525676114510874,1.0062504349636117,False,False,6
297,12,100.0,11.5,0.25,20.0,300.0,0.02,29.93341935439607,42.59417691398151,60.10074968327968,5.2981718879350685,5.756104233822711,0.0,0.0,0.0,0.0,0.3136792090008198,-8.525599787313338,1.0062735841800163,False,False,6
298,12,100.0,11.5,0.25,20.0,300.0,0.02,29.92631306204046,42.59230742426713,60.10539205677268,5.298527076912134,5.754168207759676,0.0,0.0,0.0,0.0,0.31252971390851775,-8.52568497848862,1.0062505942781703,False,False,5
299,12,100.0,11.5,0.25,20.0,300.0,0.02,29.93334342714133,42.594172835725324,60.10071926448409,5.29814297095263,5.756102056708618,0.0,0.0,0.0,0.0,0.31368446435133723,-8.525600461811555,1.0062736892870268,False,False,6
300,12,100.0,11.5,0.25,20.0,300.0,0.02,29.92640349591634,42.59231188310426,60.10549822352908,5.298514726564044,5.754262854147996,0.0,0.0,0.0,0.0,0.3125383040059052,-8.52569393931412,1.006250766080118,False,False,4
301,12,100.0,11.5,0.25,20.0,300.0,0.02,29.933266767299997,42.59416901149996,60.10068798144619,5.29811433617206,5.756100825789345,0.0,0.0,0.0,0.0,0.31368983912470194,-8.525601195000899,1.006273796782494,False,False,4
302,12,100.0,11.5,0.25,20.0,300.0,0.02,29.926488613646896,42.59231609522787,60.10560433716203,5.298502383251153,5.754356137770971,0.0,0.0,0.0,0.0,0.31254750980256796,-8.525702996150944,1.0062509501960513,False,False,5
303,12,100.0,11.5,0.25,20.0,300.0,0.02,29.933189345027188,42.59416543541279,60.100655829762125,5.298085975943532,5.756100514497139,0.0,0.0,0.0,0.0,0.3136953348730239,-8.525601987906501,1.0062739066974604,False,False,5
304,12,100.0,11.5,0.25,20.0,300.0,0.02,29.926568507183312,42.59232006645603,60.105710434416736,5.298490049363484,5.754448102397247,0.0,0.0,0.0,0.0,0.31255731908502216,-8.52571214836767,1.0062511463817005,False,False,4
305,12,100.0,11.5,0.25,20.0,300.0,0.02,29.933111131337032,42.5941621017552,60.10062280522011,5.2980578829525165,5.756101097649178,0.0,0.0,0.0,0.0,0.31370095370225637,-8.525602841647824,1.0062740190740451,False,False,6
306,12,100.0,11.5,0.25,20.0,300.0,0.02,29.926643265975546,42.592323802431515,60.10581655093702,5.298477727038341,5.754538790024802,0.0,0.0,0.0,0.0,0.3125677165050398,-8.525721395565322,1.0062513543301008,False,False,6
307,12,100.0,11.5,0.25,20.0,300.0,0.02,29.933032098077565,42.59415900499386,60.100588903785635,5.29803005017622,5.756102551289567,0.0,0.0,0.0,0.0,0.3137066972289222,-8.525603756931716,1.0062741339445784,False,False,5
308,12,100.0,11.5,0.25,20.0,300.0,0.02,29.926712977060177,42.59232730862975,60.10592272132235,5.2984654181998225,5.754628241059589,0.0,0.0,0.0,0.0,0.3125786839570182,-8.525730736845427,1.0062515736791404,False,False,4
309,12,100.0,11.5,0.25,20.0,300.0,0.02,29.932952217906216,42.594156139763044,60.10055412158819,5.298002470848364,5.7561048525599325,0.0,0.0,0.0,0.0,0.3137125673079566,-8.525604734756586,1.006274251346159,False,False,6
310,12,100.0,11.5,0.25,20.0,300.0,0.02,29.92677772514114,42.592330590365904,60.106028979179314,5.298453124590667,5.754716494464674,0.0,0.0,0.0,0.0,0.3125902014024448,-8.525740171811961,1.0062518040280488,False,False,5
311,12,100.0,11.5,0.25,20.0,300.0,0.02,29.932871464265723,42.59415350085783,60.10051845490909,5.297975138430575,5.756107979592294,0.0,0.0,0.0,0.0,0.31371856569938306,-8.525605775771028,1.0062743713139877,False,False,5
312,12,100.0,11.5,0.25,20.0,300.0,0.02,29.92683759266427,42.59233365280135,60.10613535716769,5.298440847798013,5.754803587884581,0.0,0.0,0.0,0.0,0.3126022474981702,-8.525749700076808,1.0062520449499635,False,False,5
313,12,100.0,11.5,0.25,20.0,300.0,0.02,29.932789811360554,42.594151083227885,60.10048190017066,5.297948046589021,5.7561119114204375,0.0,0.0,0.0,0.0,0.31372469415607973,-8.525606880889985,1.0062744938831216,False,False,5
314,12,100.0,11.5,0.25,20.0,300.0,0.02,29.926892659886775,42.592336500949344,60.106241887042486,5.298428589274107,5.754889557750197,0.0,0.0,0.0,0.0,0.31261480017294285,-8.525759320750543,1.0062522960034588,False,False,4
315,12,100.0,11.5,0.25,20.0,300.0,0.02,29.93270723413375,42.594148881971805,60.10044445392626,5.29792118917534,5.756116627905668,0.0,0.0,0.0,0.0,0.31373095454988753,-8.52560805060973,1.0062746190909977,False,False,4
316,12,100.0,11.5,0.25,20.0,300.0,0.02,29.92694300494218,42.59233913968035,60.10634859969223,5.298416350353398,5.754974439367891,0.0,0.0,0.0,0.0,0.31262783678831724,-8.525769033854212,1.0062525567357663,False,False,5
317,12,100.0,11.5,0.25,20.0,300.0,0.02,29.932623708244325,42.59414689233195,60.10040611285135,5.297894560210776,5.756122109674915,0.0,0.0,0.0,0.0,0.31373734862565006,-8.525609285724139,1.006274746972513,False,False,5
318,12,100.0,11.5,0.25,20.0,300.0,0.02,29.926988703901497,42.59234157372686,60.106455525174184,5.298404132266261,5.7550582669950305,0.0,0.0,0.0,0.0,0.3126413349245325,-8.525778838702998,1.0062528266984907,False,False,5
319,12,100.0,11.5,0.25,20.0,300.0,0.02,29.932539210045,42.594145109689734,60.10036687373515,5.297868153873246,5.756128338067819,0.0,0.0,0.0,0.0,0.31374387834791423,-8.525610586668886,1.0062748775669583,False,False,5
320,12,100.0,11.5,0.25,20.0,300.0,0.02,29.927029830831085,42.592343807687925,60.106562692747026,5.298391936150325,5.755141073905023,0.0,0.0,0.0,0.0,0.3126552725994184,-8.525788735087982,1.0062531054519883,False,False,5
321,12,100.0,11.5,0.25,20.0,300.0,0.02,29.932453716560556,42.59414352956107,60.10032673347312,5.297841964486378,5.756135295092127,0.0,0.0,0.0,0.0,0.31375054536620567,-8.525611954001224,1.0062750109073242,False,False,4
322,12,100.0,11.5,0.25,20.0,300.0,0.02,29.927066457847655,42.59234584603338,60.10667013090114,5.2983797630598115,5.755222892443541,0.0,0.0,0.0,0.0,0.31266962839299545,-8.52579872244613,1.0062533925678598,False,False,5
323,12,100.0,11.5,0.25,20.0,300.0,0.02,29.93236720546656,42.59414214759225,60.100285689059966,5.297815986510314,5.756142963384986,0.0,0.0,0.0,0.0,0.31375735175265174,-8.525613388217842,1.006275147035053,False,False,5
324,12,100.0,11.5,0.25,20.0,300.0,0.02,29.927098655170624,42.59234769310777,60.106777867386974,5.298367613973287,5.755303754077866,0.0,0.0,0.0,0.0,0.31268438190710024,-8.525808800607159,1.006253687638142,False,False,6
325,12,100.0,11.5,0.25,20.0,300.0,0.02,29.93227965506861,42.59414095955602,60.1002437375832,5.297790214533936,5.756151326179742,0.0,0.0,0.0,0.0,0.31376429921093735,-8.525614889710369,1.0062752859842188,False,False,6
326,12,100.0,11.5,0.25,20.0,300.0,0.02,29.927126491172285,42.59234935313412,60.106885929241706,5.298355489800142,5.755383689439717,0.0,0.0,0.0,0.0,0.31269951374454186,-8.525818969171967,1.0062539902748908,False,False,5
327,12,100.0,11.5,0.25,20.0,300.0,0.02,29.932191044282064,42.594139961347786,60.100200876217095,5.297764643268248,5.756160367276446,0.0,0.0,0.0,0.0,0.3137713897741958,-8.525616459004745,1.006275427795484,False,False,5
328,12,100.0,11.5,0.25,20.0,300.0,0.02,29.92715003242581,42.59235083021742,60.10699434281442,5.298343391385971,5.755462728363565,0.0,0.0,0.0,0.0,0.31271500546900527,-8.525829227960987,1.00625430010938,False,False,4
329,12,100.0,11.5,0.25,20.0,300.0,0.02,29.932101352612225,42.594139148982144,60.100157102217146,5.297739267540565,5.756170071016288,0.0,0.0,0.0,0.0,0.31377862540225177,-8.525618096157082,1.006275572508045,False,False,4
330,12,100.0,11.5,0.25,20.0,300.0,0.02,29.927169343751572,42.592352128348146,60.107103133789934,5.298331319517254,5.755540899920882,0.0,0.0,0.0,0.0,0.31273083994965883,-8.525839576840058,1.0062546167989932,False,False,4
331,12,100.0,11.5,0.25,20.0,300.0,0.02,29.932010560135037,42.59413851858944,60.1001124129148,5.297714082289465,5.756180422258339,0.0,0.0,0.0,0.0,0.313786007912241,-8.525619802021325,1.0062757201582448,False,False,5
332,12,100.0,11.5,0.25,20.0,300.0,0.02,29.927184488261627,42.59235325140537,60.107212327211485,5.298319274925279,5.755618232450904,0.0,0.0,0.0,0.0,0.3127470012787592,-8.525850015392422,1.0062549400255751,False,False,5
333,12,100.0,11.5,0.25,20.0,300.0,0.02,29.931918647478206,42.59413806641258,60.100066805712544,5.29768908256034,5.756191406359093,0.0,0.0,0.0,0.0,0.31379353936773546,-8.525621576549003,1.0062758707873547,False,False,6
334,12,100.0,11.5,0.25,20.0,300.0,0.02,29.92719552740279,42.5923542031599,60.10732194750231,5.298307258289619,5.755694753588964,0.0,0.0,0.0,0.0,0.3127634743955864,-8.525860543482093,1.0062552694879117,False,False,6
335,12,100.0,11.5,0.25,20.0,300.0,0.02,29.931825595802856,42.59413778880387,60.10002027807924,5.297664263501397,5.75620300915342,0.0,0.0,0.0,0.0,0.3138012218566505,-8.525623420128953,1.006276024437133,False,False,4
336,12,100.0,11.5,0.25,20.0,300.0,0.02,29.927202520998097,42.592354987277325,60.107432018486364,5.298295270241005,5.75577049029177,0.0,0.0,0.0,0.0,0.3127802456917708,-8.525871161105998,1.0062556049138354,False,False,6
337,12,100.0,11.5,0.25,20.0,300.0,0.02,29.931731386785565,42.59413768222205,60.09997282754577,5.297639620360145,5.756215216937549,0.0,0.0,0.0,0.0,0.31380905726754843,-8.525625332997517,1.006276181145351,False,False,4
338,12,100.0,11.5,0.25,20.0,300.0,0.02,29.927205527287104,42.59235560732082,60.10754256340819,5.2982833113641545,5.755845468861559,0.0,0.0,0.0,0.0,0.3127973025376858,-8.525881867941145,1.0062559460507536,False,False,4
339,12,100.0,11.5,0.25,20.0,300.0,0.02,29.931636002600968,42.59413774322936,60.09992445170082,5.297615148480065,5.756228016453295,0.0,0.0,0.0,0.0,0.31381704771221247,-8.525627315427498,1.0062763409542443,False,False,5
340,12,100.0,11.5,0.25,20.0,300.0,0.02,29.92720460296483,42.59235606675396,60.10765360495189,5.298271382199942,5.755919714967802,0.0,0.0,0.0,0.0,0.3128146332545012,-8.525892664107834,1.00625629266509,False,False,4
341,12,100.0,11.5,0.25,20.0,300.0,0.02,29.93153942590473,42.59413796848886,60.099875148186975,5.297590843297658,5.75624139487306,0.0,0.0,0.0,0.0,0.31382519520016744,-8.525629367523429,1.0062765039040034,False,False,5
342,12,100.0,11.5,0.25,20.0,300.0,0.02,29.927199803219555,42.592356368943435,60.107765165259515,5.298259483247624,5.755993253667747,0.0,0.0,0.0,0.0,0.31283222725944304,-8.525903549378848,1.0062566445451888,False,False,5
343,12,100.0,11.5,0.25,20.0,300.0,0.02,29.93144163981701,42.5941383547616,60.099824914696896,5.29756670033967,5.756255339786253,0.0,0.0,0.0,0.0,0.3138335019009924,-8.525631489614746,1.00627667003802,False,False,5
344,12,100.0,11.5,0.25,20.0,300.0,0.02,29.92719118176951,42.5923565171616,60.10787726594871,5.298247614966738,5.756066109426193,0.0,0.0,0.0,0.0,0.3128500747144683,-8.525914523811807,1.0062570014942893,False,False,5
345,12,100.0,11.5,0.25,20.0,300.0,0.02,29.931342627906268,42.594138898904106,60.099773748969746,5.297542715220462,5.756269839186381,0.0,0.0,0.0,0.0,0.3138419698247963,-8.525633681785054,1.006276839396496,False,False,5
346,12,100.0,11.5,0.25,20.0,300.0,0.02,29.927178790898495,42.59235651458901,60.107989928129776,5.298235777778911,5.756138306133354,0.0,0.0,0.0,0.0,0.31286816668469786,-8.52592558721576,1.006257363333694,False,False,5
347,12,100.0,11.5,0.25,20.0,300.0,0.02,29.931242374173696,42.59413959786582,60.09972164878767,5.297518883639627,5.756284881458806,0.0,0.0,0.0,0.0,0.313850601062058,-8.525635944054581,1.0062770120212412,False,False,5
348,12,100.0,11.5,0.25,20.0,300.0,0.02,29.92716268149048,42.59235636431695,60.10810317242219,5.29822397206945,5.756209867122523,0.0,0.0,0.0,0.0,0.31288649516569544,-8.52593673982687,1.006257729903314,False,False,5
349,12,100.0,11.5,0.25,20.0,300.0,0.02,29.931140863037907,42.59414044868665,60.099668611972575,5.297495201379706,5.756300455369029,0.0,0.0,0.0,0.0,0.3138593979646785,-8.525638276812716,1.0062771879592936,False,False,5
0,8,100.0,11.5,0.25,20.0,300.0,0.02,13.994722350043928,41.36459918432091,63.015220617934204,205.00524158010677,422.7752135153488,9.587268102685874,157.5169774457586,0.3286691244771643,0.9999979734420776,15.294358072381703,-72.77055767412389,1.3058871614476342,False,False,3
1,8,100.0,11.5,0.25,20.0,300.0,0.02,18.257059964177476,42.20723627326057,63.99656921413183,136.91456285961917,213.37204800054758,7.992340826738313,131.52930270664336,0.27571416127799253,0.99996018409729,9.548078605660331,-74.40429475697205,1.1909615721132067,False,False,2
2,8,100.0,11.5,0.25,20.0,300.0,0.02,20.324522904516257,42.5019462617228,66.10518450126378,111.15963758845007,192.3066035838632,6.719425674288653,112.29408571170671,0.23224648885415358,0.999489963054657,6.244305660630069,-77.08922528858065,1.1248861132126013,False,False,2
3,8,100.0,11.5,0.25,20.0,300.0,0.02,20.28063908584002,42.483735209110634,67.451723709276,89.27505874638527,154.88343864404635,5.6112918276523365,95.17292845303001,0.19427891231653893,0.9992305040359497,5.0124680418170575,-77.53996204545041,1.100249360836341,False,False,2
4,8,100.0,11.5,0.25,20.0,300.0,0.02,21.158528492392385,42.43405134386477,66.88977608758638,71.69255207762387,129.06312899269753,4.80029603340578,81.7161721841322,0.1664473983928176,0.9993659257888794,4.381862444908206,-75.92624739331525,1.087637248898164,False,False,2
5,8,100.0,11.5,0.25,20.0,300.0,0.02,22.47758171289201,42.379501456576584,66.00365395159186,58.58111029496297,103.86659286378314,4.266039954976886,72.8661399014976,0.14813353233107734,0.9993706941604614,3.4051129859856055,-72.27261388380285,1.068102259719712,False,False,2
6,8,100.0,11.5,0.25,20.0,300.0,0.02,23.719391733002265,42.34220485422083,64.99290068928384,48.27964524280456,77.8692945159321,3.960338341939398,67.9101111561975,0.13768167411024623,0.9993388652801514,2.7692872200470675,-72.65350934663286,1.0553857444009414,False,False,2
7,8,100.0,11.5,0.25,20.0,300.0,0.02,23.966444776458623,42.31921741998146,64.12221914437409,38.53848565525907,63.954205511634264,3.82602766320249,65.23373921487101,0.13312004433058144,0.999183714389801,2.290372686368054,-76.08812607228487,1.0458074537273612,False,False,2
8,8,100.0,11.5,0.25,20.0,300.0,0.02,22.977300306663746,42.3031667114019,64.4620495335427,31.630466562769044,48.79268356320033,3.7551479078128773,63.51969893029507,0.13072034011799727,0.9988614320755005,1.9969271995377202,-76.61026177442565,1.0399385439907545,False,False,2
9,8,100.0,11.5,0.25,20.0,300.0,0.02,22.50127084276939,42.29754065644625,64.87975713472461,26.640709912408077,34.01221262673697,3.6861134957385673,62.27787344702991,0.12836240568644583,0.998191237449646,1.6708314449485693,-76.49789563314798,1.0334166288989715,False,False,2
10,8,100.0,11.5,0.25,20.0,300.0,0.02,22.361093574276044,42.28672547758396,65.19235189782556,23.73821518910967,34.623684337889365,3.615229486080447,61.25198213199007,0.12592605904098833,0.9973740577697754,1.590105308938592,-74.6069443449479,1.0318021061787719,False,False,1
11,8,100.0,11.5,0.25,20.0,300.0,0.02,22.4299894154459,42.28135512134126,65.52997416285939,23.455590473566073,32.317564445187834,3.544027522821353,60.15557805506861,0.1234719532710123,0.9963535070419312,1.813126284285454,-69.78128440780397,1.036262525685709,False,False,1
12,8,100.0,11.5,0.25,20.0,300.0,0.02,22.71312093503438,42.27275794110399,65.73294835665796,22.365378284678947,33.84580020869323,3.4665745215205863,58.84040126813337,0.12079892072831458,0.9963639378547668,1.9127149061453812,-65.7012161533663,1.0382542981229077,False,False,1
13,8,100.0,11.5,0.25,20.0,300.0,0.02,23.17825857782327,42.272599034146864,65.93454217078703,20.634980959328402,33.886448927771134,3.3839067740016398,57.30584133616412,0.11793839814150078,0.9964743852615356,2.0779827658373398,-63.05152651137891,1.0415596553167468,False,False,1
14,8,100.0,11.5,0.25,20.0,300.0,0.02,23.677014639746105,42.26504689029371,66.23165079894869,21.124793007563525,29.799168048249662,3.292389175721601,55.52927303487876,0.11476472234695059,0.9962177872657776,2.1395411455371236,-61.86166311917026,1.0427908229107425,False,False,1
15,8,100.0,11.5,0.25,20.0,300.0,0.02,24.26210534986203,42.275838996960104,66.50680467421189,19.252431446753732,28.021179897835662,3.2026668363561095,53.74616030986266,0.1116533354601065,0.9960485100746155,2.0481807822728486,-62.39611604120433,1.040963615645457,False,False,1
16,8,100.0,11.5,0.25,20.0,300.0,0.02,24.855407772005456,42.27626461697314,66.61299212931117,17.704276043107328,26.271271089478525,3.117166071440681,52.04308202981659,0.10868217634722314,0.9958701729774475,1.7407378016200432,-62.73370648632235,1.0348147560324008,False,False,1
17,8,100.0,11.5,0.25,20.0,300.0,0.02,25.380019218822575,42.28421401099846,66.72339691041496,16.384573264904965,23.39630208740181,3.0313557748817948,50.380242369694066,0.10569821827210307,0.9955262541770935,1.490319333164937,-62.740930164882904,1.0298063866632987,False,False,1
18,8,100.0,11.5,0.25,20.0,300.0,0.02,25.862704405615403,42.28897682234288,66.79017548188692,15.53720707814944,23.031177158513458,2.949371810149869,48.83272614946605,0.10284482671197015,0.9953916668891907,1.31445387587355,-63.05424679682519,1.026289077517471,False,False,1
19,8,100.0,11.5,0.25,20.0,300.0,0.02,26.308003921362765,42.29663677352975,66.83535575978846,14.3248988142232,22.34869111588129,2.868341453659229,47.324732857481045,0.10002461871792259,0.9952525496482849,1.195813438146257,-63.40425384305938,1.023916268762925,False,False,1
20,8,100.0,11.5,0.25,20.0,300.0,0.02,26.748966320570297,42.305984721305364,66.85155973186858,13.358303960080839,22.15976214677984,2.7900720272726063,45.93980711616721,0.09729950955686664,0.9950649738311768,1.0538064997914365,-63.853371359399745,1.0210761299958286,False,False,1
21,8,100.0,11.5,0.25,20.0,300.0,0.02,27.13209210234094,42.31650050259304,66.87415153341414,12.605313465881295,21.587423202219142,2.7221209859261633,44.713931607329286,0.09493436890574952,0.9950196743011475,0.9620256128591262,-64.02626728238677,1.0192405122571826,False,False,1
22,8,100.0,11.5,0.25,20.0,300.0,0.02,27.4818604587922,42.32934634958849,66.89447218208724,11.781473718908627,20.96513345011349,2.659497533467331,43.59110754152041,0.09275481978081214,0.994613766670227,0.8519325916052086,-64.3520463761355,1.0170386518321042,False,False,1
23,8,100.0,11.5,0.25,20.0,300.0,0.02,27.798836859993358,42.34185346534955,66.90000836916016,11.792930826620948,27.582630339027315,2.6006269530836015,42.56627222861131,0.09070640394918614,0.9946193099021912,0.9013660469236039,-62.84435964057304,1.018027320938472,False,False,1
24,8,100.0,11.5,0.25,20.0,300.0,0.02,28.025591443763776,42.3412941657783,66.74471234599778,11.679553034149302,24.225077916429573,2.5415021372969755,41.5275078931131,0.08865046052208489,0.9943785071372986,0.9079770664137761,-61.97594880238768,1.0181595413282756,False,False,1
25,8,100.0,11.5,0.25,20.0,300.0,0.02,28.332990096583995,42.36578748164221,66.80973900281481,11.33736692121669,21.188410164504145,2.4903013594221055,40.575615384061884,0.08687128268768167,0.9944947957992554,0.8776214139963842,-61.54335881106278,1.0175524282799278,False,False,1
26,8,100.0,11.5,0.25,20.0,300.0,0.02,28.630787614459663,42.38669888838761,66.87173716513881,13.561285540944917,28.9924962546089,2.449627162305063,39.87320148913904,0.08545816819604851,0.994032084941864,0.9787599623940859,-60.90668755709375,1.0195751992478816,False,False,1
27,8,100.0,11.5,0.25,20.0,300.0,0.02,28.94546394402667,42.414357239204655,67.07527131897237,12.570426458508967,23.945191600797074,2.3999495527553565,39.03657512928858,0.0837375465776363,0.9942177534103394,0.9718235908979149,-61.04455262572806,1.0194364718179583,False,False,1
28,8,100.0,11.5,0.25,20.0,300.0,0.02,29.184022606342726,42.436763024354626,67.10919050679951,11.751090856733997,22.19987805527498,2.372511044339769,38.58977976580781,0.08278962750939758,0.9935351014137268,0.9707256946090131,-60.54959553565538,1.0194145138921802,False,False,1
29,8,100.0,11.5,0.25,20.0,300.0,0.02,29.424627145074073,42.46424047195688,67.22787816869149,11.6472867502059,27.14358460937451,2.3383272898458545,38.03328491695534,0.08160792024766308,0.9938775897026062,1.0179453089315007,-60.705266067124185,1.02035890617863,False,False,1
30,8,100.0,11.5,0.25,20.0,300.0,0.02,29.659519167211062,42.49168661101159,67.35191976368418,12.650057827739676,22.755863934496357,2.317064765852623,37.706133250791304,0.08087816889637751,0.99370938539505,1.0381416414836364,-60.93009376317634,1.0207628328296727,False,False,1
31,8,100.0,11.5,0.25,20.0,300.0,0.02,29.905928263271488,42.52383762101851,67.48160392539242,12.93835974540013,27.192965858566822,2.3029023050459143,37.55995805862357,0.08039707082898087,0.9935289621353149,1.0529479809755804,-59.3118776593268,1.0210589596195117,False,False,1
32,8,100.0,11.5,0.25,20.0,300.0,0.02,30.153324444748154,42.5545211596737,67.60291059010048,12.064415823006094,22.97567914144572,2.295024059208746,37.53913717520244,0.08013705038381568,0.9935514330863953,1.0773833746919843,-59.255156330251246,1.0215476674938397,False,False,1
33,8,100.0,11.5,0.25,20.0,300.0,0.02,30.405584829297286,42.58618364238466,67.78560316261043,11.688449824034699,19.675020540390634,2.292577433916019,37.61158739458787,0.08006488811755026,0.9934532046318054,1.1175381844855155,-59.21128789787446,1.0223507636897102,False,False,1
34,8,100.0,11.5,0.25,20.0,300.0,0.02,30.72040943052193,42.6228835675801,67.9359978328755,12.41844616453548,23.49010531728905,2.2950158633801294,37.77809816806372,0.08016284925704016,0.9933363199234009,1.1247484838335535,-59.07704450439638,1.022494969676671,False,False,1
35,8,100.0,11.5,0.25,20.0,300.0,0.02,31.012237469266477,42.654998025567735,68.02003492895803,12.007582250372138,19.434764262388878,2.303764263666656,38.06940501272545,0.08048268328698373,0.9932054877281189,1.0855379420771971,-59.21933401689934,1.021710758841544,False,False,1
36,8,100.0,11.5,0.25,20.0,300.0,0.02,31.308525946135887,42.687307043041756,68.16567774153758,11.29765248791656,17.25407592586829,2.3226607301284012,38.48052997209654,0.08115476932322241,0.9928824305534363,1.0674541096817514,-58.74833172449258,1.021349082193635,False,False,1
37,8,100.0,11.5,0.25,20.0,300.0,0.02,31.285160676620553,42.718971791518776,68.28810889146953,11.193734166884717,20.690961136689783,2.340717305359593,38.86923824754786,0.08179726153182622,0.9926636219024658,1.0249184507391604,-60.17001734245409,1.0204983690147833,False,False,1
38,8,100.0,11.5,0.25,20.0,300.0,0.02,30.963862333808322,42.74976345968865,68.40337808395327,10.594071611536233,17.482691760604716,2.3613811643240648,39.31261982430384,0.08253044128820637,0.9923775792121887,0.9962424277632946,-60.87033171549895,1.0199248485552659,False,False,1
39,8,100.0,11.5,0.25,20.0,300.0,0.02,30.686289173891037,42.77700531344111,68.51031169869636,9.560274242230175,15.159625633507547,2.383300451289195,39.75511531179549,0.0833063027165068,0.9920063018798828,0.92491329826278,-62.30537698542295,1.0184982659652555,False,False,1
40,8,100.0,11.5,0.25,20.0,300.0,0.02,30.398908099491525,42.80951020062156,68.59014954912202,10.481640087457121,18.577573249415455,2.4048018588787485,40.140452079720646,0.08406612548558286,0.9915300607681274,0.8373047826779553,-63.89438586792569,1.016746095653559,False,False,1
41,8,100.0,11.5,0.25,20.0,300.0,0.02,30.144544114837412,42.8377015290984,68.66687196482286,9.460252186996279,15.17583922827784,2.4344474872074207,40.649776005047215,0.0851120490179005,0.9912185072898865,0.7567068293280864,-64.62908491829339,1.0151341365865618,False,False,1
42,8,100.0,11.5,0.25,20.0,300.0,0.02,29.929772483267307,42.865069227313526,68.74239804222466,9.076899679490497,13.467704347549837,2.464954578549738,41.10387401507772,0.08618590728495348,0.9906660318374634,0.6462017145542631,-65.09368018430155,1.0129240342910852,False,False,1
43,8,100.0,11.5,0.25,20.0,300.0,0.02,29.74483331436152,42.888949093918185,68.81297339497563,8.187366488410444,12.164839653851702,2.495247638782563,41.51511886542295,0.08725145274900872,0.9900210499763489,0.5865210567924184,-65.61306778325425,1.0117304211358484,False,False,1
44,8,100.0,11.5,0.25,20.0,300.0,0.02,29.558796714093223,42.913242571566514,68.8793390071949,8.230854939929362,15.689866232390969,2.522674923869801,41.85024547796053,0.08821559192244434,0.9892908334732056,0.4887110758199858,-65.94264941233786,1.0097742215163996,False,False,1
45,8,100.0,11.5,0.25,20.0,300.0,0.02,29.409793933620044,42.93484092438076,68.95139748387587,7.451666354059511,13.676705301543311,2.5512330958542573,42.19817542010617,0.08921895392127112,0.9887062907218933,0.3316452139477872,-66.4452205445406,1.0066329042789557,False,False,1
46,8,100.0,11.5,0.25,20.0,300.0,0.02,29.295869220883446,42.95366524064338,69.02756785810071,6.852564651703564,12.019938572613267,2.577328928308976,42.46298522534329,0.09013498981576465,0.9880307912826538,0.17642221074424932,-67.95651844107658,1.003528444214885,False,False,1
47,8,100.0,11.5,0.25,20.0,300.0,0.02,29.15945011179756,42.976772919132976,69.06333557471963,7.416705145602394,12.051955894752368,2.600745089708596,42.647036539277565,0.09095625009740825,0.9872276782989502,-0.04522795013671774,-69.59964790818029,0.9990954409972657,True,True,0
48,8,100.0,11.5,0.25,20.0,300.0,0.02,29.050201749511324,43.003647610343315,69.17616154312407,7.505627961073609,13.0999394885378,2.6319167402644967,42.92068917639817,0.09204968028062879,0.9867464900016785,-0.23836195646826616,-70.64260672107743,0.9952327608706347,True,True,0
49,8,100.0,11.5,0.25,20.0,300.0,0.02,28.960691826712143,43.026999504472705,69.2633245861374,6.813556612640896,11.937208663884507,2.6708041948434644,43.283331933241655,0.0934121595764347,0.985773503780365,-0.33394947799152785,-70.28025742403739,0.9933210104401694,True,True,0
50,8,100.0,11.5,0.25,20.0,300.0,0.02,28.886958072135815,43.04725712635576,69.35263723688162,6.3315611254575135,10.401569816718403,2.7032178673265954,43.56018210965819,0.09454782413048202,0.9847502112388611,-0.42210714274864874,-70.39050582728638,0.991557857145027,True,True,0
51,8,100.0,11.5,0.25,20.0,300.0,0.02,28.830212391707597,43.06465748488763,69.42899175698142,5.915758448821787,9.544818846382357,2.7313249405582405,43.7839368446442,0.09553173478845797,0.9835261106491089,-0.5236974855504948,-70.33027260239405,0.9895260502889901,True,True,0
52,8,100.0,11.5,0.25,20.0,300.0,0.02,28.789579456712104,43.07954509040639,69.49993995937393,5.5646885470584415,8.708046272678457,2.7542090075208727,43.944512385938715,0.09633231914256002,0.9827852845191956,-0.6119765343364568,-69.92251964367742,0.9877604693132709,True,True,0
53,8,100.0,11.5,0.25,20.0,300.0,0.02,28.765124747042844,43.09206502686822,69.56491202230545,5.296028051664665,8.012500833965996,2.7727702979934388,44.048669807942574,0.09698104750442532,0.981961727142334,-0.7065216276843884,-69.70880595774666,0.9858695674463123,True,True,0
54,8,100.0,11.5,0.25,20.0,300.0,0.02,28.753703582494595,43.10248907153228,69.62728060052437,4.939117917683491,7.327014877907611,2.7849694427388867,44.05048195985617,0.09740661408044274,0.9809989929199219,-0.8181939807742081,-69.64200178743266,0.9836361203845159,True,True,0
55,8,100.0,11.5,0.25,20.0,300.0,0.02,28.75475723561656,43.11468152865943,69.68262656766544,5.112415696700645,9.867614483595906,2.793742552485006,44.01381971027291,0.09771201194397822,0.979770302772522,-0.9157622398305115,-69.80281685252547,0.9816847552033898,True,True,0
56,8,100.0,11.5,0.25,20.0,300.0,0.02,28.770109896238765,43.13321452220261,69.75925934078913,5.415874658934053,9.162276479484861,2.8038713681901535,44.01392710358036,0.09806492947337347,0.9784093499183655,-1.0265391977956515,-69.39706753384083,0.9794692998293146,True,True,0
57,8,100.0,11.5,0.25,20.0,300.0,0.02,28.7770388446332,43.14865986194484,69.82654074767136,5.02082747110196,7.765284956708408,2.8194942431883168,44.129785647997885,0.09861071791676704,0.9775291085243225,-1.08563387918849,-69.20506651510932,0.9782873943325768,True,True,0
58,8,100.0,11.5,0.25,20.0,300.0,0.02,28.778562288769166,43.162049032703045,69.89190307582567,4.77930985553353,7.214591378942196,2.8325918186095818,44.21149255318595,0.099067449843002,0.9761270880699158,-1.1168763549534977,-69.19602788967842,0.97766247290093,True,True,0
59,8,100.0,11.5,0.25,20.0,300.0,0.02,28.78483505337724,43.173288583408684,69.94134943094892,4.546103225117227,6.703931007233161,2.8425024418268325,44.242387235187394,0.09941230500613535,0.9746394753456116,-1.132604815298572,-69.01367202463939,0.9773479036940286,True,True,0
60,8,100.0,11.5,0.25,20.0,300.0,0.02,28.80167986405767,43.182704591425576,69.9867777794162,4.3946874402986325,6.3435311559063905,2.849757114947697,44.232509066769964,0.09966390189619934,0.9737218022346497,-1.1571844492715022,-68.9174501671439,0.9768563110145699,True,True,0
61,8,100.0,11.5,0.25,20.0,300.0,0.02,28.82466769059097,43.19076260035001,70.02793915058037,4.219527562389709,5.880893386268173,2.854418340623945,44.18102618671618,0.09982449424235731,0.9728318452835083,-1.2010680253601187,-68.83462744286585,0.9759786394927976,True,True,0
62,8,100.0,11.5,0.25,20.0,300.0,0.02,28.855155195265212,43.19739380424793,70.06386149505609,4.045027372422748,5.561293246712063,2.8568471040782417,44.09654995178513,0.09990674168656219,0.9717477560043335,-1.2310107480060422,-68.64561960328388,0.9753797850398791,True,True,0
63,8,100.0,11.5,0.25,20.0,300.0,0.02,28.88691836565663,43.202746027810385,70.10654578258102,3.856902002140891,5.190505895250984,2.857316932417592,43.981068265501186,0.09992029686543244,0.9705286622047424,-1.269373023753709,-68.39645625773164,0.9746125395249258,True,True,0
64,8,100.0,11.5,0.25,20.0,300.0,0.02,28.917418888529863,43.20683139646172,70.14298329807599,3.746652242899389,5.035670330320955,2.856205775410396,43.84135833852904,0.09987841479311471,0.9691601991653442,-1.2786970994709566,-68.20713279754,0.9744260580105809,True,True,0
65,8,100.0,11.5,0.25,20.0,300.0,0.02,28.953608988808625,43.20979524301311,70.16921279403344,3.596849566666976,4.599454225321667,2.85347949364872,43.67635104419397,0.09977992467866142,0.9681034684181213,-1.288452444267979,-68.20433288214655,0.9742309511146404,True,True,0
66,8,100.0,11.5,0.25,20.0,300.0,0.02,28.993547344056612,43.212097533225084,70.19296506213732,3.4347784483417145,4.360897447697625,2.849510346998695,43.49284917324141,0.09963788319329073,0.9671455025672913,-1.3575779579946439,-68.02962496431252,0.9728484408401071,True,True,0
67,8,100.0,11.5,0.25,20.0,300.0,0.02,29.03637937246708,43.2136777979401,70.21248611208574,3.393450892557244,4.518026961029694,2.844469318849893,43.29351588368155,0.09945833461477067,0.9660581946372986,-1.356029125398486,-67.82548187087988,0.9728794174920303,True,True,0
68,8,100.0,11.5,0.25,20.0,300.0,0.02,29.081389446179372,43.21435727603158,70.22939293772002,3.239031323424223,4.097217320130192,2.838270216452088,43.07333179895649,0.09923818040431111,0.9648525714874268,-1.3581653880001034,-67.67422703228249,0.9728366922399979,True,True,0
69,8,100.0,11.5,0.25,20.0,300.0,0.02,29.128297656148575,43.21467514753347,70.24391066841393,3.0998039010860925,3.8888072837973886,2.8313344318628064,42.84382507851146,0.09899224948546356,0.9634823799133301,-1.37665985372895,-67.5325119140484,0.972466802925421,True,True,0
70,8,100.0,11.5,0.25,20.0,300.0,0.02,29.177388549698083,43.21455779935342,70.26555519233001,3.0330767952311013,3.8258822338147396,2.823632963634369,42.604811504962605,0.09871958996513704,0.9620756506919861,-1.3929508244159974,-67.4449277134824,0.9721409835116801,True,True,0
71,8,100.0,11.5,0.25,20.0,300.0,0.02,29.228755349910042,43.21405089114397,70.2821529154524,2.907940468498315,3.4965755304580863,2.815251523399212,42.35533246311442,0.09842310621061069,0.960454523563385,-1.4657463237712116,-67.19476562672654,0.9706850735245758,True,True,0
72,8,100.0,11.5,0.25,20.0,300.0,0.02,29.34097550813281,43.213132482399324,70.29817218384233,3.0893399049964043,5.151406519141411,2.8063291624028164,42.09870940041791,0.09810777924039275,0.9596154689788818,-1.4513854261800272,-67.12954107622352,0.9709722914763994,True,True,0
73,8,100.0,11.5,0.25,20.0,300.0,0.02,29.413317776286643,43.21279899009021,70.33260564834558,2.870213644620407,3.8854094561962715,2.792772471342345,41.75004584273258,0.0976303150122815,0.958646297454834,-1.4477667319455558,-67.12204779003184,0.9710446653610889,True,True,0
74,8,100.0,11.5,0.25,20.0,300.0,0.02,29.48819182749019,43.21160089156839,70.35636202725233,2.7182786653430933,3.599048780633802,2.7792927438734267,41.40793318576352,0.09715565042265734,0.9572703838348389,-1.43120893200194,-67.05671518982396,0.9713758213599611,True,True,0
75,8,100.0,11.5,0.25,20.0,300.0,0.02,29.562096843807485,43.21024071332665,70.37768207079786,2.5736947628110647,3.3733917414098364,2.766049426261875,41.07016130123432,0.09668933138378658,0.9558510184288025,-1.4098940868897132,-66.87684941362394,0.9718021182622057,True,True,0
76,8,100.0,11.5,0.25,20.0,300.0,0.02,29.633681971996598,43.20852802270396,70.39413456418951,2.4389510170302797,3.185533044518706,2.7529332091469736,40.73825784164215,0.0962275816444402,0.9543681144714355,-1.4186659087023634,-66.71062610747032,0.9716266818259527,True,True,0
77,8,100.0,11.5,0.25,20.0,300.0,0.02,29.70253851859889,43.20630438802777,70.40742090606945,2.375893712537961,2.998634235226129,2.7399731257356446,40.41284738735916,0.0957714169241238,0.9528475403785706,-1.4583166938430385,-66.5245162692579,0.9708336661231393,True,True,0
78,8,100.0,11.5,0.25,20.0,300.0,0.02,29.77620906723935,43.204278580117936,70.42134897008485,2.39368932443373,3.4795323029214393,2.727039569359984,40.09007462156905,0.0953162286202105,0.9516439437866211,-1.4646954314067995,-66.39570276890505,0.970706091371864,True,True,0
79,8,100.0,11.5,0.25,20.0,300.0,0.02,29.846433943012084,43.20263715929616,70.43100560083033,2.3680492002552125,3.097984865187028,2.713894672991294,39.763781252459005,0.09485361224292488,0.9506468772888184,-1.4670907400330775,-66.36419186585417,0.9706581851993384,True,True,0
80,8,100.0,11.5,0.25,20.0,300.0,0.02,29.914977020288212,43.20021253917975,70.43518634735302,2.235954799834184,3.029811970654734,2.7006897636195437,39.43675926157854,0.09438895904537686,0.9499613046646118,-1.4405402554960272,-66.23620290594465,0.9711891948900795,True,True,0
81,8,100.0,11.5,0.25,20.0,300.0,0.02,29.980625617553756,43.19780424196269,70.43823122148984,2.1268979222270423,2.8055431534273683,2.6876982218613783,39.11783310105488,0.09393188411286414,0.9490206241607666,-1.448801838937125,-66.23784410158285,0.9710239632212575,True,True,0
82,8,100.0,11.5,0.25,20.0,300.0,0.02,30.043809226975615,43.19520888943466,70.44010390511174,2.0176248065146063,2.641833404967187,2.6749031405522663,38.80581918142857,0.09348182200125489,0.9480625987052917,-1.5033065527193983,-66.24149342537493,0.9699338689456121,True,True,0
83,8,100.0,11.5,0.25,20.0,300.0,0.02,30.105212286441695,43.19285349217083,70.44146438353798,1.9913855277232289,2.6023308211916634,2.6624190309510216,38.50147327312463,0.09304276542640509,0.9470497965812683,-1.4767511309045454,-66.15352061395663,0.9704649773819091,True,True,0
84,8,100.0,11.5,0.25,20.0,300.0,0.02,30.168027725256046,43.18989106774338,70.43995013079278,1.8854070324989798,2.4445401817940877,2.6500062258466928,38.198744301950434,0.09260624832400402,0.9460153579711914,-1.4577490584954578,-66.14171398464086,0.9708450188300909,True,True,0
85,8,100.0,11.5,0.25,20.0,300.0,0.02,30.229645160131895,43.18703389555535,70.43984971586895,1.7900295022959027,2.2982654238896294,2.6378875866328615,37.904889588274365,0.09218013705660545,0.944858193397522,-1.4797451087208775,-66.06229160322253,0.9704050978255825,True,True,0
86,8,100.0,11.5,0.25,20.0,300.0,0.02,30.294592011372135,43.183783477671774,70.43075515702634,1.7650571285332632,2.1882397615681164,2.62605507552566,37.6191409592559,0.09176416991108376,0.9437354803085327,-1.4533518487726453,-66.00666939270204,0.9709329630245471,True,True,0
87,8,100.0,11.5,0.25,20.0,300.0,0.02,30.354980313282272,43.180573430606515,70.42548635873035,1.6695093831618437,2.116105859939743,2.6143565284641808,37.33652714484359,0.0913529229583556,0.9426103830337524,-1.4331371440340879,-65.97611357217554,0.9713372571193183,True,True,0
88,8,100.0,11.5,0.25,20.0,300.0,0.02,30.41333935861943,43.17733541577665,70.41928061987178,1.5846341085619242,1.9632555804820584,2.6029435845268285,37.06323160200429,0.09095179235358879,0.9414302706718445,-1.4177963269184055,-65.91455344526413,0.9716440734616318,True,True,0
89,8,100.0,11.5,0.25,20.0,300.0,0.02,30.469656177853956,43.17414788682396,70.41392794902488,1.5031046237505508,1.8624529413123816,2.5917935262164304,36.79862534846115,0.09055998429088384,0.9402910470962524,-1.4059728303807173,-65.9055608904339,0.9718805433923856,True,True,0
90,8,100.0,11.5,0.25,20.0,300.0,0.02,30.523763429458448,43.1709859271708,70.41516781694847,1.4265114240785817,1.7535725279617937,2.5809640089263,36.54288754580641,0.09017950763700873,0.9391637444496155,-1.3826916722807363,-65.84685902771517,0.9723461665543853,True,True,0
91,8,100.0,11.5,0.25,20.0,300.0,0.02,30.57576022178521,43.16787777956622,70.41774772767954,1.3538539228519006,1.6563174134187308,2.5704392370587468,36.296149185115155,0.08980980614049626,0.9380634427070618,-1.370284067770509,-65.81392779890186,0.9725943186445898,True,True,0
92,8,100.0,11.5,0.25,20.0,300.0,0.02,30.625635645597015,43.16482264806757,70.42001804125125,1.2851180551189025,1.5631131652682928,2.560234797408667,36.0583859889238,0.0894514186563956,0.9369896650314331,-1.351884506884495,-65.78651581331415,0.9729623098623101,True,True,0
93,8,100.0,11.5,0.25,20.0,300.0,0.02,30.673265249680963,43.16183089836017,70.42207179021875,1.2200850514569668,1.4707753318065437,2.550387063059856,35.8294236610317,0.08910560848393753,0.9359462261199951,-1.3733671160822098,-65.72090616286953,0.9725326576783558,True,True,0
94,8,100.0,11.5,0.25,20.0,300.0,0.02,30.71877121706406,43.158580004960506,70.41407049056137,1.2261671596895902,1.6851825744639417,2.5408720281229953,35.60932765161644,0.0887715368539765,0.9349363446235657,-1.3635529064091705,-65.68080985939747,0.9727289418718166,True,True,0
95,8,100.0,11.5,0.25,20.0,300.0,0.02,30.761166536465105,43.15545211495904,70.41013436237571,1.1581495125657695,1.391908077460321,2.5315113850537427,35.39167428203884,0.08844285344706808,0.9339601397514343,-1.3580206935240886,-65.62275832256833,0.9728395861295183,True,True,0
96,8,100.0,11.5,0.25,20.0,300.0,0.02,30.802461225939037,43.152391696880365,70.40521853742851,1.0994578919967024,1.304900632236227,2.5224920646309665,35.18318328295751,0.08812620006793581,0.9329752326011658,-1.3391931113235922,-65.62199301843197,0.9732161377735281,True,True,0
97,8,100.0,11.5,0.25,20.0,300.0,0.02,30.842244749925996,43.14946211507618,70.4014665203869,1.0432536550693405,1.2509798475357357,2.513804019242809,34.98262571827402,0.08782122040174185,0.9320734143257141,-1.3431382233886013,-65.67852538247614,0.973137235532228,True,True,0
98,8,100.0,11.5,0.25,20.0,300.0,0.02,30.88051925442326,43.14662586943778,70.39799160254182,0.9910191655062892,1.1853432663892443,2.5054503170984366,34.79016016994175,0.08752801712734583,0.9311912655830383,-1.33851307509358,-65.6824771432683,0.9732297384981284,True,True,0
99,8,100.0,11.5,0.25,20.0,300.0,0.02,30.917250196922698,43.14389684504431,70.39496572907369,0.9415232753180584,1.1262529177158525,2.497408699692863,34.6056739163519,0.08724580773933173,0.9303433895111084,-1.355057780492623,-65.5660304164561,0.9728988443901475,True,True,0
100,8,100.0,11.5,0.25,20.0,300.0,0.02,30.9524280517741,43.141490447470055,70.392346751414,1.5950734860484177,6.364744842146352,2.4896870562810496,34.42896200860983,0.08697486602567263,0.9297253489494324,-1.3416340090285928,-65.47688475328795,0.9731673198194282,True,True,0
101,8,100.0,11.5,0.25,20.0,300.0,0.02,30.990101668126123,43.14065809488255,70.42007564184463,1.6424600158227611,4.200716215644349,2.476072428278946,34.124425175567985,0.08649787739181519,0.9287394881248474,-1.3268822274005996,-65.45964434086287,0.973462355451988,True,True,0
102,8,100.0,11.5,0.25,20.0,300.0,0.02,31.024496665782294,43.13892780317019,70.433485627915,1.4614088931652351,3.5634900750701823,2.4631852961306615,33.838719364933596,0.08604640636763557,0.9272040724754333,-1.3324658202582185,-65.39249348011519,0.9733506835948357,True,True,0
103,8,100.0,11.5,0.25,20.0,300.0,0.02,31.059522803066542,43.13774818115012,70.45696267499872,1.4881803904025972,2.9703567059449765,2.4510332873541447,33.569461663209516,0.08562067554839559,0.9266750812530518,-1.3176356104841596,-65.49102669928497,0.9736472877903168,True,True,0
104,8,100.0,11.5,0.25,20.0,300.0,0.02,31.094297456457937,43.136239435408626,70.4817953656916,1.3795194491759055,2.846727085937157,2.439274632055802,33.30736350433943,0.08520864035054254,0.9261236190795898,-1.3287641821049434,-65.3886031112338,0.9734247163579012,True,True,0
105,8,100.0,11.5,0.25,20.0,300.0,0.02,31.13076008245913,43.134958347444815,70.50714264630793,2.0416899380009843,6.988286733676888,2.428075493910483,33.05872363279348,0.08481625503780127,0.9253003001213074,-1.2949516088673956,-65.30462325440489,0.9741009678226521,True,True,0
106,8,100.0,11.5,0.25,20.0,300.0,0.02,31.194649826803282,43.13501792584033,70.56013943026387,2.0936063870888355,4.717150322591852,2.4112011724933615,32.68743392063554,0.0842254996142053,0.9234079718589783,-1.278077829888244,-65.23983354312574,0.9744384434022351,True,True,0
107,8,100.0,11.5,0.25,20.0,300.0,0.02,31.259447464104177,43.133925915999534,70.59639339377489,1.8473640476615638,3.94800224927604,2.395310907428204,32.340036792523776,0.0836692131863523,0.9228571653366089,-1.2686937531915965,-65.29974445108809,0.9746261249361681,True,True,0
108,8,100.0,11.5,0.25,20.0,300.0,0.02,31.321644975224395,43.13272970428121,70.62790427260698,1.7303553453068297,3.268060970533719,2.380443644954328,32.01493891880114,0.08314871241628345,0.9219872355461121,-1.249096575165307,-65.20609588084216,0.9750180684966938,True,True,0
109,8,100.0,11.5,0.25,20.0,300.0,0.02,31.37975177785122,43.131167788748876,70.6522103752828,1.6035855365164478,2.8300774509715465,2.3664992442443213,31.709655976395624,0.08266053014311395,0.9210752248764038,-1.2270661116628967,-65.19848207882399,0.9754586777667421,True,True,0
110,8,100.0,11.5,0.25,20.0,300.0,0.02,31.4340099201966,43.12943745770427,70.67214167409347,1.4993645649237748,2.4944480069448542,2.353321068190527,31.423338876461994,0.08219919218024103,0.920063853263855,-1.2451548919078872,-65.06246687467367,0.9750969021618423,True,True,0
111,8,100.0,11.5,0.25,20.0,300.0,0.02,31.4849087337331,43.12165539467271,70.6484338171386,2.1564798941842254,7.297999084391016,2.340864309234383,31.15449762687907,0.08176313973204877,0.9190539121627808,-1.2605601721439024,-65.02991692329846,0.9747887965571219,True,True,0
112,8,100.0,11.5,0.25,20.0,300.0,0.02,31.649605318955214,43.109906680412855,70.65377701116472,2.9555508308934555,7.02054176671427,2.3224717963644337,30.762294710718074,0.08111968690612094,0.9175243377685547,-1.2702425386311391,-64.98366247448809,0.9745951492273772,True,True,0
113,8,100.0,11.5,0.25,20.0,300.0,0.02,31.87746992033598,43.09815102324921,70.64187291746275,3.585668837342176,7.990863153000413,2.298958721486719,30.257116295753605,0.08029733826369324,0.9163311123847961,-1.2734585639028457,-64.88285889010515,0.9745308287219431,True,True,0
114,8,100.0,11.5,0.25,20.0,300.0,0.02,31.994088818443593,43.08861150480065,70.65331042294997,3.9448836559556213,7.43443726906963,2.2705009041254844,29.656301194128474,0.07930231970207753,0.9146483540534973,-1.2448912619671157,-64.87634998228748,0.9751021747606576,True,True,0
115,8,100.0,11.5,0.25,20.0,300.0,0.02,32.102231691327674,43.07958878952805,70.6666881745451,3.700346279819687,5.751497240017966,2.238116219051841,28.976613296641766,0.07817008152791595,0.9119060039520264,-1.2204397700400627,-64.79220287612176,0.9755912045991988,True,True,0
116,8,100.0,11.5,0.25,20.0,300.0,0.02,32.208495434918284,43.07122550442851,70.67264927023633,3.3969499678170276,5.013685413256977,2.2084454080349167,28.35356439753908,0.07713273326198454,0.9084398150444031,-1.1953001433753427,-64.92659945622606,0.9760939971324931,True,True,0
117,8,100.0,11.5,0.25,20.0,300.0,0.02,32.31278837977315,43.06351348330901,70.68152853954817,3.156018865615123,4.349351393547389,2.181108443391675,27.78077084635899,0.07617698491351833,0.9051988124847412,-1.1699664994120196,-64.98708113843912,0.9766006700117597,True,True,0
118,8,100.0,11.5,0.25,20.0,300.0,0.02,32.41299543012449,43.056349822636946,70.68807994686178,2.9306934961417435,3.8548130689735722,2.1556983869916113,27.253535601029085,0.07528863342297178,0.9021906852722168,-1.1813646269550573,-64.55605639714122,0.9763727074608989,True,True,0
119,8,100.0,11.5,0.25,20.0,300.0,0.02,32.613054540205106,43.040490456193105,70.69351102126218,4.8680147672317124,8.16126219162717,2.13204840878891,26.767383102183004,0.07446199589834489,0.8993220329284668,-1.1753779374811426,-64.63913953014593,0.9764924412503772,True,True,0
120,8,100.0,11.5,0.25,20.0,300.0,0.02,32.7700242601007,43.026971836564776,70.70294973906742,4.592485948149142,6.396074544076153,2.0925581502703046,25.959917818440537,0.07308223175025966,0.8955449461936951,-1.1610612260573951,-64.55265063063726,0.9767787754788521,True,True,0
121,8,100.0,11.5,0.25,20.0,300.0,0.02,32.99187279036948,43.014501644466506,70.68965016059664,4.867291897263396,8.465800432269399,2.0565383522819047,25.231190380668384,0.07182372133614565,0.8914592862129211,-1.1519552883076698,-64.7358930138938,0.9769608942338466,True,True,0
122,8,100.0,11.5,0.25,20.0,300.0,0.02,33.144515375553965,43.00336247914264,70.6882790107216,4.505446021669537,6.207803970939129,2.017991385763102,24.461023905525007,0.07047703325323179,0.8872250914573669,-1.1308921281658537,-64.63578701238981,0.9773821574366829,True,True,0
123,8,100.0,11.5,0.25,20.0,300.0,0.02,33.28838652088924,42.99331963832872,70.69347156765049,4.125539473207249,5.3471815713980115,1.9829503170221316,23.766349373469883,0.06925281781775093,0.8829448223114014,-1.1195033855186933,-64.60601769406603,0.9776099322896261,True,True,0
124,8,100.0,11.5,0.25,20.0,300.0,0.02,33.423220039101686,42.9806499162928,70.70213458562023,4.426964748032871,8.207571465987934,1.9509997124258451,23.138207126708487,0.06813657864392032,0.8792544007301331,-1.1394296392997016,-64.37080655360809,0.977211407214006,True,True,0
125,8,100.0,11.5,0.25,20.0,300.0,0.02,33.72094397242329,42.966947913708076,70.6855877074273,5.8947276483217985,8.742569394152842,1.9166024449128178,22.47510756662003,0.06693519124700924,0.8737778663635254,-1.11347907327065,-64.44419482117425,0.977730418534587,True,True,0
126,8,100.0,11.5,0.25,20.0,300.0,0.02,33.90473401012676,42.955120071691205,70.6961779400937,5.409949805011263,6.419531105219727,1.8712452482012238,21.608755373990565,0.06535132138094277,0.8704230189323425,-1.0968423175821869,-64.56466788217341,0.9780631536483563,True,True,0
127,8,100.0,11.5,0.25,20.0,300.0,0.02,34.06854348391552,42.94468774237463,70.69642016191425,4.875269365721262,5.834079750026592,1.8306470510862505,20.845022923767083,0.06393357537895676,0.865376353263855,-1.082971901839397,-64.6557273706079,0.9783405619632121,True,True,0
128,8,100.0,11.5,0.25,20.0,300.0,0.02,34.22517422071706,42.93547560750223,70.70277397359526,4.443721637673865,4.9936173409938265,1.7940663494870186,20.169352968448536,0.06265606565915237,0.8614823818206787,-1.0913629610405196,-64.55372396173702,0.9781727407791896,True,True,0
129,8,100.0,11.5,0.25,20.0,300.0,0.02,34.444384592959956,42.92518495641406,70.70507768644947,5.064715562205096,7.807124309670404,1.7609946620202988,19.569303370534488,0.061501144833380816,0.8574823141098022,-1.0940081601893632,-65.26278576792923,0.9781198367962127,True,True,0
130,8,100.0,11.5,0.25,20.0,300.0,0.02,34.61953017314793,42.91307849531069,70.71010003273474,5.116927167704774,7.203964983835414,1.72354264574419,18.896328461876664,0.060193525927871465,0.8531222939491272,-1.096673685279017,-65.92252698412659,0.9780665262944197,True,True,0
131,8,100.0,11.5,0.25,20.0,300.0,0.02,34.83088311726053,42.903217754072884,70.70287170421831,5.126212980867058,7.464839382207224,1.686274041277741,18.241609159945295,0.05889232677716493,0.848074734210968,-1.0870594336776622,-66.59543360667794,0.9782588113264468,True,True,0
132,8,100.0,11.5,0.25,20.0,300.0,0.02,34.996039960629474,42.8948169658899,70.70241145601759,4.639172533185851,5.653783677562345,1.649445253921105,17.608403045031583,0.05760645630685849,0.8425127863883972,-1.077004962052587,-67.22129783724718,0.9784599007589483,True,True,0
133,8,100.0,11.5,0.25,20.0,300.0,0.02,35.14609448801757,42.88751615990805,70.70533409115315,4.188105218661983,4.954432613323993,1.6165105442938883,17.05474509492577,0.05645646683000091,0.8363009691238403,-1.066040694755334,-67.73648926767481,0.9786791861048934,True,True,0
134,8,100.0,11.5,0.25,20.0,300.0,0.02,35.28519220622462,42.88118692094064,70.70857680806412,3.8011888403238876,4.300397616854522,1.587029572410617,16.568802448667917,0.055427009785489784,0.8314473032951355,-1.1204954636707845,-68.39297780462846,0.9775900907265843,True,True,0
135,8,100.0,11.5,0.25,20.0,300.0,0.02,35.40080652267208,42.87258725007105,70.7063053255485,5.113336324213061,6.775264343950414,1.5605259983603406,16.140361348274812,0.054501638767910233,0.8270992636680603,-1.1062667388118876,-69.04097608330062,0.9778746652237622,True,True,0
136,8,100.0,11.5,0.25,20.0,300.0,0.02,35.42405766686968,42.86534758792432,70.70747392447345,4.670200024663254,5.165775000675009,1.5251822081978956,15.580025112910597,0.05326777204927844,0.8207571506500244,-1.0944374632890588,-69.67459109305912,0.9781112507342188,True,True,0
137,8,100.0,11.5,0.25,20.0,300.0,0.02,35.397981725031094,42.858831046997736,70.70410246518641,4.15972317828063,4.734379463750656,1.4939173532579644,15.095984361391771,0.0521762081592555,0.816437304019928,-1.0855806109465298,-70.17318559909121,0.9782883877810694,True,True,0
138,8,100.0,11.5,0.25,20.0,300.0,0.02,35.37718119188787,42.85339703930468,70.70790958435066,3.765775766778866,4.159309479800443,1.4660598059628407,14.677387013661354,0.051203507766331514,0.81168532371521,-1.0786548235429294,-70.70610010779771,0.9784269035291414,True,True,0
139,8,100.0,11.5,0.25,20.0,300.0,0.02,35.364737157329564,42.84838810928286,70.70409473553899,3.4067967926094997,3.7350105746964775,1.4412213458997583,14.312376251157065,0.05033616880826278,0.8075459003448486,-1.111123449248288,-71.33181047041222,0.9777775310150343,True,True,0
140,8,100.0,11.5,0.25,20.0,300.0,0.02,35.393093746056074,42.84356176480474,70.70925244965427,3.787315042277835,5.8560377403910975,1.4189795212577647,13.993242076660227,0.04955950462574111,0.8032684922218323,-1.0993004889252347,-71.79651433220721,0.9780139902214953,True,True,0
141,8,100.0,11.5,0.25,20.0,300.0,0.02,35.3964473404229,42.838961284966054,70.70495221833114,3.4495626073077665,4.646945103482223,1.3945398943229614,13.647349873356312,0.04870615748186852,0.7994117736816406,-1.113857722776415,-72.21381148423413,0.9777228455444718,True,True,0
142,8,100.0,11.5,0.25,20.0,300.0,0.02,35.384253832874776,42.83332188690365,70.70454929179212,3.452713468255111,5.085275551653654,1.37268332743495,13.347542669639754,0.04794296662732802,0.7936182618141174,-1.1294499872303818,-72.80787059330032,0.9774110002553924,True,True,0
143,8,100.0,11.5,0.25,20.0,300.0,0.02,35.35959967788069,42.828826051602746,70.69439141286664,3.47827081918628,5.109176810282394,1.351043555175678,13.05889828362194,0.047187343315870385,0.7884589433670044,-1.117615089554941,-73.29344123546949,0.9776476982089012,True,True,0
144,8,100.0,11.5,0.25,20.0,300.0,0.02,35.33370314984452,42.825651417330604,70.70084692956073,3.131676923068315,3.734470137049063,1.3296992033819361,12.78206042929956,0.04644199678687199,0.7840633988380432,-1.106801175263904,-73.64954231342978,0.9778639764947219,True,True,0
145,8,100.0,11.5,0.25,20.0,300.0,0.02,35.321578292712026,42.82276651625512,70.70266536657606,2.8285993055056617,3.3106798562762667,1.31063965401634,12.54221159156608,0.04577637510816946,0.7823742032051086,-1.100704754399831,-74.22147085567121,0.9779859049120034,True,True,0
146,8,100.0,11.5,0.25,20.0,300.0,0.02,35.31189002111514,42.82031306825645,70.70724831947082,2.566442426120777,2.949928122254316,1.2936525282290923,12.333220750628263,0.04518308301102044,0.7796610593795776,-1.0935457018367631,-74.49652326453614,0.9781290859632648,True,True,0
147,8,100.0,11.5,0.25,20.0,300.0,0.02,35.30787211459399,42.8180772563228,70.70634639488556,2.3319523803708413,2.6031384225047742,1.2783863163755365,12.150657620295986,0.04464986186633961,0.7773324251174927,-1.0866602730480432,-74.83841579293966,0.9782667945390391,True,True,0
148,8,100.0,11.5,0.25,20.0,300.0,0.02,35.303532041550135,42.81606194704375,70.70700750763686,2.122643551102025,2.3789465067984645,1.2646218058630734,11.990607626484456,0.044169063138105924,0.7748310565948486,-1.1393753993383025,-75.32143158952667,0.9772124920132339,True,True,0
149,8,100.0,11.5,0.25,20.0,300.0,0.02,35.32298951644583,42.812351740301416,70.70588699722671,2.795104518588993,4.412797454174401,1.2523236581364872,11.849517685162901,0.04373950395989475,0.7728238105773926,-1.159880047244004,-75.69122371840005,0.9768023990551199,True,True,0
150,8,100.0,11.5,0.25,20.0,300.0,0.02,35.352994868489326,42.810128302477814,70.70607059155142,2.870147930478102,3.9298258364163132,1.2362272004178494,11.671302471476533,0.04317735509854073,0.7697636485099792,-1.146411248518642,-76.07364915548293,0.9770717750296272,True,True,0
151,8,100.0,11.5,0.25,20.0,300.0,0.02,35.329473787607235,42.80815701677341,70.70083674152036,2.5682222503867083,2.9655344370682486,1.2203472113255815,11.499665208874672,0.042622734832292904,0.7657552361488342,-1.1394804022947982,-76.52176860041735,0.9772103919541041,True,True,0
152,8,100.0,11.5,0.25,20.0,300.0,0.02,35.32412630753255,42.80675818144213,70.7069161920299,2.3160825717988516,2.664173642113841,1.2061658490467095,11.35247833107507,0.04212738426132294,0.7614791989326477,-1.1350084271956402,-76.85879561847983,0.9772998314560872,True,True,0
153,8,100.0,11.5,0.25,20.0,300.0,0.02,35.31700314962953,42.805243854564864,70.70722198996322,2.0962589115407493,2.3866038786789705,1.1935528572005936,11.224898723252029,0.04168678075827119,0.7582233548164368,-1.1276104529654845,-77.05598864690768,0.9774477909406903,True,True,0
154,8,100.0,11.5,0.25,20.0,300.0,0.02,35.31632312913312,42.803946692191964,70.70613697014878,1.9051356002869737,2.1285722779050076,1.1821962806457509,11.114304554729047,0.04129003973444219,0.7553038001060486,-1.1254478215244124,-76.80511168364,0.9774910435695118,True,True,0
155,8,100.0,11.5,0.25,20.0,300.0,0.02,35.30853037559863,42.80249600448824,70.70366005708313,1.741431327689901,1.9396410235350183,1.1720741386448787,11.017639902272492,0.04093639966534759,0.7526291012763977,-1.1168281591833438,-76.34929216053459,0.9776634368163332,True,True,0
156,8,100.0,11.5,0.25,20.0,300.0,0.02,35.31282092456955,42.80169781347828,70.70675840275392,1.5903826041663565,1.8468805647860909,1.1632596070603107,10.932362986467036,0.04062843087930128,0.7498565912246704,-1.1084776150638667,-75.83865169009614,0.9778304476987226,True,True,0
157,8,100.0,11.5,0.25,20.0,300.0,0.02,35.30603966000937,42.800538385184495,70.70228114387714,1.4613837399429077,1.6299167955432943,1.1554121247676379,10.85712728253993,0.04035423879686889,0.7480848431587219,-1.1122398915192317,-75.7899301185536,0.9777552021696153,True,True,0
158,8,100.0,11.5,0.25,20.0,300.0,0.02,35.31172599834345,42.79995561804024,70.70751913738631,1.339267293005097,1.576092042297996,1.1483932655290299,10.790524022600179,0.04010898989283787,0.7455538511276245,-1.1337365274964908,-75.77240871168253,0.9773252694500701,True,True,0
159,8,100.0,11.5,0.25,20.0,300.0,0.02,35.334244049165626,42.79814557328179,70.6870094235163,1.4640279757356545,2.9399303827084213,1.1421261526407547,10.731286586997923,0.03989000127048335,0.744178831577301,-1.1483457274805036,-75.7723730231905,0.9770330854503899,True,True,0
160,8,100.0,11.5,0.25,20.0,300.0,0.02,35.3436028941926,42.797863395343875,70.69455481273239,1.6018352781615857,3.234921137954269,1.1352101544359967,10.667791735979883,0.039648367521299584,0.7410117387771606,-1.1453404814178754,-75.1419312564432,0.9770931903716424,True,True,0
161,8,100.0,11.5,0.25,20.0,300.0,0.02,35.33494910229902,42.797005544455246,70.700710290469,1.4758850278817497,2.355832658203158,1.1277848081666624,10.601812995654493,0.03938894003853052,0.7385333776473999,-1.1358197252705777,-74.01835160959259,0.9772836054945885,True,True,0
162,8,100.0,11.5,0.25,20.0,300.0,0.02,35.32603432163197,42.796271387191915,70.69967248045533,1.3465325489244226,2.1817986448142945,1.1214032582931315,10.543794040983473,0.0391659670537356,0.7351387739181519,-1.1384274398714258,-73.48543892326765,0.9772314512025715,True,True,0
163,8,100.0,11.5,0.25,20.0,300.0,0.02,35.32554024134418,42.79560734352652,70.70308012635344,1.252718262087892,1.9131824203916064,1.1158407453041552,10.492276282338828,0.03897160746011373,0.7334576845169067,-1.138344222025116,-73.2417676029543,0.9772331155594977,True,True,0
164,8,100.0,11.5,0.25,20.0,300.0,0.02,35.321018312455955,42.7953405106057,70.70538381093226,1.1538277453504344,1.8339618184964739,1.11094519203895,10.446444825572035,0.038800546976254714,0.7321218848228455,-1.143759974708362,-73.04692046905208,0.9771248005058327,True,True,0
165,8,100.0,11.5,0.25,20.0,300.0,0.02,35.32099669326569,42.79477661396417,70.70675560037468,1.0610963040864236,1.6194799194375806,1.1065653955837689,10.405636570259384,0.038647505277657035,0.7302349805831909,-1.144848257000867,-72.84202362388035,0.9771030348599826,True,True,0
166,8,100.0,11.5,0.25,20.0,300.0,0.02,35.31796196997113,42.794200377917505,70.70802708593754,0.9822001239851769,1.5689777078643652,1.102635554596667,10.36924670213692,0.03851018225008294,0.7296567559242249,-1.151440691858607,-72.71586508777399,0.9769711861628279,True,True,0
167,8,100.0,11.5,0.25,20.0,300.0,0.02,35.31806965756591,42.79361687046161,70.70103789955702,0.914321682317148,1.5773031573839964,1.0990791474261052,10.336737098715624,0.03838590541133575,0.7282950282096863,-1.1691289061416645,-72.51092372644175,0.9766174218771667,True,True,0
168,8,100.0,11.5,0.25,20.0,300.0,0.02,35.31704412456733,42.792457170080745,70.70778243314702,1.0704187607790572,2.114072884548437,1.0958900860725818,10.307522483313456,0.03827446758004548,0.7277125120162964,-1.1734496629745428,-72.46387153937714,0.9765310067405092,True,True,0
169,8,100.0,11.5,0.25,20.0,300.0,0.02,35.310026603420425,42.79076986547962,70.70277302771834,1.0135704128056156,1.507274006571054,1.092283836240466,10.274264062225262,0.03814845666348243,0.7240872383117676,-1.1785214340800836,-72.30481908194155,0.9764295713183984,True,True,0
170,8,100.0,11.5,0.25,20.0,300.0,0.02,35.29686695078876,42.78955418433305,70.69922192503763,0.906879300655952,1.276719530871845,1.0890221320395932,10.244669395176377,0.03803447701174965,0.7236728668212891,-1.1956336751293664,-72.19231370568455,0.9760873264974127,True,True,0
171,8,100.0,11.5,0.25,20.0,300.0,0.02,35.28915698228434,42.788880728124845,70.69058495014816,1.0593828443813122,2.1778238637021463,1.086097883110118,10.218213104588806,0.037932287350566536,0.7220194935798645,-1.197281878068286,-72.12474161183594,0.9760543624386343,True,True,0
172,8,100.0,11.5,0.25,20.0,300.0,0.02,35.27841884677454,42.78872161152718,70.69502066500527,0.9780090642775958,1.4483992147483025,1.0827262562330062,10.188133851922803,0.03781447166552469,0.7212275862693787,-1.195464914213494,-71.78096827288266,0.9760907017157301,True,True,0
173,8,100.0,11.5,0.25,20.0,300.0,0.02,35.27578257113615,42.78863048526456,70.69758698296765,0.8956721701997308,1.281723016549587,1.0796599376213263,10.161360229011601,0.03770731697754346,0.7196683287620544,-1.2029584437199785,-71.69533069157342,0.9759408311256004,True,True,0
174,8,100.0,11.5,0.25,20.0,300.0,0.02,35.27182116118634,42.788483676207115,70.70217176916698,0.8314767704710352,1.15373952957783,1.0769675369371794,10.137312613658947,0.03761322551529708,0.7180304527282715,-1.2115951473247908,-71.54592573167776,0.9757680970535042,True,True,0
175,8,100.0,11.5,0.25,20.0,300.0,0.02,35.272246994352706,42.78844685905359,70.70414771509459,0.7699211758199305,1.0485397415962758,1.0745853287355667,10.115662984141736,0.03752997167776923,0.7165494561195374,-1.2105213432811357,-71.34522479393587,0.9757895731343773,True,True,0
176,8,100.0,11.5,0.25,20.0,300.0,0.02,35.27010602989145,42.78828702446648,70.70781871369792,0.7145123763875443,0.9761453109492666,1.072408274528323,10.096273669107998,0.037453886227034015,0.7151555418968201,-1.2106806624270763,-71.28477354944874,0.9757863867514585,True,True,0
177,8,100.0,11.5,0.25,20.0,300.0,0.02,35.27147335895427,42.7881219355577,70.70428133132955,0.6744449229430178,0.8867012134606643,1.0704164322343401,10.078905360715137,0.03738427156798602,0.7138150334358215,-1.2097235044361159,-71.07409429832252,0.9758055299112777,True,True,0
178,8,100.0,11.5,0.25,20.0,300.0,0.02,35.26975721547551,42.78802433674265,70.70937743910386,0.6254544777518665,0.9047836226939736,1.0685991447001415,10.063270881497614,0.03732075596024318,0.7128875255584717,-1.2130557406714706,-70.42631722243635,0.9757388851865706,True,True,0
179,8,100.0,11.5,0.25,20.0,300.0,0.02,35.27139763351077,42.78788744686947,70.70603252457302,0.5711976786772136,0.7723772600754695,1.0669634651765336,10.049113129548486,0.03726358847564022,0.7114074230194092,-1.2225255331236806,-70.18499453765133,0.9755494893375264,True,True,0
180,8,100.0,11.5,0.25,20.0,300.0,0.02,35.27252858807836,42.78787199568881,70.70888042471586,0.5306175775479909,0.6685966808722316,1.0655290503789394,10.036188918473895,0.037213454919023115,0.7108696699142456,-1.2251818466887814,-69.89509708607505,0.9754963630662243,True,True,0
181,8,100.0,11.5,0.25,20.0,300.0,0.02,35.27321675183143,42.787655428540454,70.70718918270451,0.4943296503202276,0.6613342793624248,1.0642634990198476,10.024399897749234,0.03716922251973149,0.7098912596702576,-1.2310509995942622,-69.77967105943561,0.9753789800081147,True,True,0
182,8,100.0,11.5,0.25,20.0,300.0,0.02,35.27103274580123,42.787265151514056,70.70428398022457,0.47362801581295977,0.658165421953367,1.063131532348212,10.01366066888806,0.03712965859751957,0.709632158279419,-1.231175730987161,-69.50506889651936,0.9753764853802568,True,True,0
183,8,100.0,11.5,0.25,20.0,300.0,0.02,35.27226389884755,42.78744165298043,70.70757789470083,0.4363505616509157,0.5720925341804937,1.0621036391551164,10.003889410625971,0.037093730543590026,0.7083889842033386,-1.2316373593683754,-69.39298594037209,0.9753672528126325,True,True,0
184,8,100.0,11.5,0.25,20.0,300.0,0.02,35.27312253811429,42.787349855456036,70.7080386964361,0.3947507974232158,0.5141882597240566,1.061150492093436,9.994991651086133,0.03706041620945183,0.7085539698600769,-1.2284910754796143,-69.21991880137364,0.9754301784904077,True,True,0
185,8,100.0,11.5,0.25,20.0,300.0,0.02,35.27359669061285,42.78720490666229,70.7079450567304,0.36982784655550627,0.5017906708879267,1.0602795465799202,9.986890182649,0.03702997336267043,0.7076679468154907,-1.226124915377177,-69.0193602586724,0.9754775016924565,True,True,0
186,8,100.0,11.5,0.25,20.0,300.0,0.02,35.271242725926385,42.78679739493958,70.70347776089918,0.36455487141114873,0.5302555849214267,1.0594868131685544,9.979470620057942,0.03700226425386753,0.7075816988945007,-1.2244734856307642,-68.73113769601453,0.9755105302873848,True,True,0
187,8,100.0,11.5,0.25,20.0,300.0,0.02,35.27238049621146,42.787059012708816,70.70856915269204,0.33480496149998823,0.43642491904035946,1.0587492136897991,9.97269850273383,0.03697648067238983,0.7064718008041382,-1.225922657517579,-68.60872096614739,0.9754815468496484,True,True,0
188,8,100.0,11.5,0.25,20.0,300.0,0.02,35.273118807961815,42.78692023663774,70.70709092871327,0.2968910593114209,0.4029877455159303,1.0580719450324758,9.966455244915124,0.03695280748250931,0.7067535519599915,-1.22994748766128,-68.57419558938724,0.9754010502467744,True,True,0
189,8,100.0,11.5,0.25,20.0,300.0,0.02,35.27351574719393,42.78684905694143,70.70894813435267,0.28156283832584766,0.38751652015645793,1.0574603287083757,9.960715629608488,0.036931427830934935,0.7059932947158813,-1.2308482191142154,-68.42074641925723,0.9753830356177157,True,True,0
190,8,100.0,11.5,0.25,20.0,300.0,0.02,35.27102748388872,42.78639532916685,70.70257744955165,0.28836449850945756,0.44154103723153054,1.0569004739517718,9.955427813818142,0.03691185762699523,0.7060127854347229,-1.2366876077275144,-68.49630954662669,0.9752662478454497,True,True,0
191,8,100.0,11.5,0.25,20.0,300.0,0.02,35.27207383907398,42.786694997100874,70.70923182535763,0.26527684591457545,0.3393947339569508,1.0563911162102941,9.950545452331117,0.03689405131275006,0.7050089240074158,-1.240399810256212,-68.35747725078161,0.9751920037948758,True,True,0
192,8,100.0,11.5,0.25,20.0,300.0,0.02,35.26978987267249,42.78633944187413,70.70641268762712,0.25177537543605055,0.4074783545581021,1.0559316906107707,9.945994321849364,0.0368779918833416,0.7053912878036499,-1.2403801688219258,-68.36492838263811,0.9751923966235615,True,True,0
193,8,100.0,11.5,0.25,20.0,300.0,0.02,35.27111130133857,42.78641704952674,70.70653388553308,0.23630582318878746,0.3353667874554292,1.0555074369274537,9.941823375407743,0.03686315991576988,0.704430341720581,-1.2440896812213347,-68.34385349785765,0.9751182063755733,True,True,0
194,8,100.0,11.5,0.25,20.0,300.0,0.02,35.268710727233675,42.78624102045303,70.70824329095106,0.22549664840033468,0.3633344492056443,1.055122707314662,9.937935805038183,0.036849711207840856,0.7048276662826538,-1.2455113343043211,-68.28379417440419,0.9750897733139136,True,True,0
195,8,100.0,11.5,0.25,20.0,300.0,0.02,35.269794252635606,42.78630574586851,70.70749502062496,0.19409160870553122,0.2974204136776288,1.0547669624937057,9.934356874295856,0.036837273991186525,0.7042233347892761,-1.2454289370967457,-68.22144184025774,0.975091421258065,True,True,0
196,8,100.0,11.5,0.25,20.0,300.0,0.02,35.270387689504446,42.78620899388175,70.70569824361145,0.19941277013969072,0.2890673644341939,1.0544368445927494,9.93101447520409,0.03682573351218721,0.703969419002533,-1.2453282886242574,-68.17606921291164,0.9750934342275148,True,True,0
197,8,100.0,11.5,0.25,20.0,300.0,0.02,35.27074525249214,42.7862089940989,70.70714438983437,0.18810355994619277,0.2749165599125005,1.054125670829089,9.927953226789786,0.036814854777616715,0.7037457227706909,-1.2450281351838723,-68.10177702235458,0.9750994372963225,True,True,0
198,8,100.0,11.5,0.25,20.0,300.0,0.02,35.27101536450092,42.78621945499162,70.70903363561521,0.165785444781234,0.23628546295385544,1.0538369896823774,9.925099158788798,0.036804762372203904,0.7035953998565674,-1.2434571877347325,-2087.8258209524206,40.75651641904841,True,False,0
199,8,100.0,11.5,0.25,20.0,300.0,0.02,35.2684505669787,42.7857238123518,70.70258505855891,0.1920686383581708,0.307677443704551,1.053567520911159,9.92245970848922,0.0367953416738859,0.7037463188171387,-1.244955764468075,-68.05944612245071,0.9751008847106385,True,True,0
200,8,100.0,11.5,0.25,20.0,300.0,0.02,35.269523905531756,42.78605683393588,70.7087278132966,0.17600741386115573,0.2611481550311675,1.0533132067000037,9.920016308206797,0.036786449640741625,0.7028946876525879,-1.2449734039461489,-67.99389092244753,0.975100531921077,True,True,0
201,8,100.0,11.5,0.25,20.0,300.0,0.02,35.267208743726414,42.785727405979195,70.7064689510411,0.18042980740113415,0.3201292533546699,1.05307847683232,9.917710854057669,0.036778243999956085,0.7034165263175964,-1.2450461819194831,-68.00230194885992,0.9750990763616103,True,True,0
202,8,100.0,11.5,0.25,20.0,300.0,0.02,35.26857066683572,42.78588541228304,70.70698888846994,0.15701956870961137,0.23001338055454723,1.0528514830199813,9.915610237048933,0.03677030705613799,0.7025923132896423,-1.2453333902262789,-67.93758482979638,0.9750933321954744,True,True,0
203,8,100.0,11.5,0.25,20.0,300.0,0.02,35.26906564642141,42.78578035583357,70.70785426684039,0.14842387814651628,0.22215017494169612,1.052647833778452,9.913618409473221,0.03676318784593543,0.7031034231185913,-1.24747034577517,-67.97254873988288,0.9750505930844966,True,True,0
204,8,100.0,11.5,0.25,20.0,300.0,0.02,35.26643770876129,42.78555184608492,70.70568660591852,0.17181307403849663,0.33087317981374964,1.052453830671709,9.911790380886321,0.0367564048070114,0.7025821208953857,-1.2474326486754697,-67.93653896348293,0.9750513470264907,True,True,0
205,8,100.0,11.5,0.25,20.0,300.0,0.02,35.26759030429314,42.785645253166535,70.70535572407996,0.16483826131074614,0.297729527763392,1.05227186721661,9.91007509964259,0.03675004230968923,0.7025434374809265,-1.2471581344806912,-67.85348771188615,0.9750568373103862,True,True,0
206,8,100.0,11.5,0.25,20.0,300.0,0.02,35.268215787229515,42.78569540984055,70.70698848615564,0.13038985384127882,0.23034877317444669,1.0521044233246277,9.908453960665005,0.03674418851777458,0.7023191452026367,-1.2468229957723593,-67.7222211501525,0.9750635400845528,True,True,0
207,8,100.0,11.5,0.25,20.0,300.0,0.02,35.268557969914134,42.78574203211259,70.70919276536792,0.11183035734447867,0.17457749020623783,1.0519470080423152,9.906950749445047,0.03673868488637939,0.7022718787193298,-1.246038920857765,-67.69810788795628,0.9750792215828447,True,True,0
208,8,100.0,11.5,0.25,20.0,300.0,0.02,35.26895083836901,42.785426130049196,70.70241175318813,0.13564814768902894,0.26444060844816303,1.0518059865416816,9.905541378595519,0.03673375446785936,0.7025116086006165,-1.2441013649521597,-67.64645826203473,0.9751179727009568,True,True,0
209,8,100.0,11.5,0.25,20.0,300.0,0.02,35.266322625111535,42.78550696440637,70.70969488183948,0.17439729409462218,0.31758657588624906,1.0516586838505688,9.90426003571104,0.0367286036969901,0.7017004489898682,-1.250500283640608,-67.56594890593321,0.9749899943271878,True,True,0
210,8,100.0,11.5,0.25,20.0,300.0,0.02,35.26750522103366,42.78442642677146,70.70029507673961,0.33562258558706815,1.5034150840867622,1.0515403200894726,9.903010751942958,0.036724467206295255,0.7024191617965698,-1.2491362924055398,-67.58884923831009,0.9750172741518892,True,True,0
211,8,100.0,11.5,0.25,20.0,300.0,0.02,35.26716477076713,42.784135632070594,70.69988868279978,0.3688944722743628,1.0635363059506733,1.0510980002253822,9.899081926108675,0.03670901458261463,0.7015016078948975,-1.2552386057182343,-67.46967735827796,0.9748952278856353,True,True,0
212,8,100.0,11.5,0.25,20.0,300.0,0.02,35.2837351874323,42.78431133874351,70.69543193281005,0.5413424240434765,1.8349823198457325,1.0507335967264815,9.895576320595643,0.03669628457704358,0.7013731598854065,-1.2629838312617503,-67.51425440109506,0.974740323374765,True,True,0
213,8,100.0,11.5,0.25,20.0,300.0,0.02,35.295485644963485,42.78459410844262,70.69762663833171,0.5276552550371041,1.1643583386938987,1.0501647714170204,9.88972654105859,0.03667642348748476,0.6999921798706055,-1.2640216164146811,-67.54852672642593,0.9747195676717064,True,True,0
214,8,100.0,11.5,0.25,20.0,300.0,0.02,35.29613475349803,42.784599742672654,70.69984477061516,0.48206925247252363,1.0734815452619095,1.0496764830072942,9.884745328363387,0.036659369869784075,0.6997430920600891,-1.2642096668513791,-67.54496798988151,0.9747158066629724,True,True,0
215,8,100.0,11.5,0.25,20.0,300.0,0.02,35.29654285965351,42.784609943483645,70.70151598861186,0.4601015279496494,0.9601515375275959,1.0492272298703544,9.880453758171997,0.03664367743524217,0.6989208459854126,-1.2656501215429268,-67.58242138295074,0.9746869975691415,True,True,0
216,8,100.0,11.5,0.25,20.0,300.0,0.02,35.292611270669674,42.784553179199584,70.70210392299309,0.44814946260407473,0.8942929012786363,1.048802865093537,9.876722281543943,0.036628853386193566,0.6988776922225952,-1.264969897684737,-67.50203840302564,0.9747006020463053,True,True,0
217,8,100.0,11.5,0.25,20.0,300.0,0.02,35.29304687764262,42.784612459192644,70.70526452724023,0.41963171662028553,0.8383670539130336,1.0484226373890098,9.873421981881455,0.03661557074707423,0.6982098817825317,-1.2640359605519924,-67.40480665100709,0.9747192807889602,True,True,0
218,8,100.0,11.5,0.25,20.0,300.0,0.02,35.2892299184261,42.78449223399191,70.70406736828127,0.4114837822049729,0.7848276399440789,1.0480811374418608,9.870510117567298,0.03660364100930983,0.6983146071434021,-1.2649425258018587,-67.43338978712008,0.9747011494839628,True,True,0
219,8,100.0,11.5,0.25,20.0,300.0,0.02,35.28982522754693,42.784602808691226,70.70864103746331,0.38426917752018785,0.7479171227092943,1.0477719587349663,9.86792756681329,0.03659284013885808,0.6977027058601379,-1.2607096776570295,-66.99623492191193,0.9747858064468594,True,True,0
220,8,100.0,11.5,0.25,20.0,300.0,0.02,35.28612681074106,42.784418019445546,70.7056982488283,0.3773676314670015,0.6995562336433623,1.047500251590778,9.865627378444843,0.03658334884538678,0.6978578567504883,-1.264133224852085,-67.10378343020112,0.9747173355029582,True,True,0
221,8,100.0,11.5,0.25,20.0,300.0,0.02,35.286772872766804,42.784502333120365,70.70959405975329,0.35260366989911024,0.6703626127205801,1.0472703112930597,9.8635466964407,0.03657531661773211,0.6972771883010864,-1.261113512693417,-67.03549535554927,0.9747777297461316,True,True,0
222,8,100.0,11.5,0.25,20.0,300.0,0.02,35.28892751670067,42.7842775781172,70.70554001186666,0.34421316341350877,0.628132141637139,1.0470685155356536,9.861689021418073,0.03656826794821584,0.6974593997001648,-1.2614989240696495,-66.98130746334826,0.974770021518607,True,True,0
223,8,100.0,11.5,0.25,20.0,300.0,0.02,35.28448677313128,42.78425599655396,70.70660497593867,0.337526815778305,0.586081520676149,1.0468797140839765,9.860055882624152,0.03656167265976968,0.6968914866447449,-1.2623203439433792,-67.00925892188393,0.9747535931211324,True,True,0
224,8,100.0,11.5,0.25,20.0,300.0,0.02,35.28492553674479,42.78429319797301,70.70953359048,0.31169191142378877,0.571181457107473,1.0467070633093947,9.858583862669757,0.03655564182715491,0.6967182755470276,-1.2646026303767763,-67.10695538740956,0.9747079473924645,True,True,0
225,8,100.0,11.5,0.25,20.0,300.0,0.02,35.28415153459863,42.783945873537576,70.70191701373712,0.3096958712938708,0.5413860711162504,1.0465465960742868,9.857291981858754,0.036550036311365566,0.696895182132721,-1.26533000237471,-67.12127769588596,0.9746933999525058,True,True,0
226,8,100.0,11.5,0.25,20.0,300.0,0.02,35.2839939785504,42.78420972547339,70.71039813300736,0.2960470982160637,0.5116648152152021,1.0464069813056511,9.856128265966063,0.03654515900208983,0.6959607601165771,-1.2674580390722447,-2074.2087134503863,40.484174269007724,True,False,0
227,8,100.0,11.5,0.25,20.0,300.0,0.02,35.28023080527911,42.78394869056719,70.70556663826237,0.2861473640011123,0.4875815669034992,1.0462781107194496,9.855077977590895,0.03654065773000449,0.6965503096580505,-1.2684802533832131,-67.17443820065841,0.9746303949323357,True,True,0
228,8,100.0,11.5,0.25,20.0,300.0,0.02,35.28386298479505,42.78392519534134,70.70625380911873,0.279856368505923,0.4762956853562082,1.0461603538843045,9.854147059640567,0.03653654401106508,0.6959909796714783,-1.2694261289181388,-67.20014985332851,0.9746114774216372,True,True,0
229,8,100.0,11.5,0.25,20.0,300.0,0.02,35.28244817539885,42.78396802119573,70.70915538659209,0.24980852594912933,0.4509080780845845,1.046055169710655,9.85331365734292,0.036532869865463745,0.6958240270614624,-1.2699661424203341,-67.22628663332847,0.9746006771515933,True,True,0
230,8,100.0,11.5,0.25,20.0,300.0,0.02,35.27883908166665,42.78380159508278,70.706685159496,0.25663574948845264,0.42706094992351096,1.0459571966452248,9.8525728439002,0.03652944748055953,0.696056604385376,-1.2715854416046732,-67.24963340043709,0.9745682911679066,True,True,0
231,8,100.0,11.5,0.25,20.0,300.0,0.02,35.28253761515125,42.7837486310763,70.70642272773702,0.25157957347198395,0.4172709571588951,1.0458819807255095,9.851869762829141,0.03652682025371951,0.6955102682113647,-1.2723916268855617,-67.28513098659963,0.9745521674622888,True,True,0
232,8,100.0,11.5,0.25,20.0,300.0,0.02,35.278235180272425,42.783697140518825,70.7065638094481,0.24170944727894528,0.3973211888503401,1.0458006460751181,9.851272401030045,0.036523979185262824,0.6953579187393188,-1.2705101286429639,-67.13065857960657,0.9745897974271407,True,True,0
233,8,100.0,11.5,0.25,20.0,300.0,0.02,35.27891672824395,42.783743419854424,70.70949650409882,0.22350728024146355,0.37672782916323844,1.0457353818430173,9.850704572262753,0.03652169970268119,0.6952158212661743,-1.2713654582144693,-67.14734833586877,0.9745726908357106,True,True,0
234,8,100.0,11.5,0.25,20.0,300.0,0.02,35.278372689559,42.78340605751986,70.70192421170802,0.23087259862988652,0.39826464006416656,1.0456653257487394,9.85022449038831,0.03651925268341286,0.6954453587532043,-1.2660991099072392,-66.87145379764128,0.9746780178018553,True,True,0
235,8,100.0,11.5,0.25,20.0,300.0,0.02,35.278444766570736,42.783679158127036,70.71040556885309,0.22128469847784293,0.366856327856661,1.045618980580092,9.84975686243426,0.03651763384193933,0.6945300698280334,-1.267162306880904,-66.92608572524806,0.9746567538623819,True,True,0
236,8,100.0,11.5,0.25,20.0,300.0,0.02,35.27772348812271,42.78326503843719,70.7010890077636,0.2181697151390745,0.3887256492649707,1.0455602047856176,9.84935198538444,0.03651558135255276,0.6951684951782227,-1.2657686535567987,-66.82729182058587,0.974684626928864,True,True,0
237,8,100.0,11.5,0.25,20.0,300.0,0.02,35.27780057958245,42.783559477784614,70.71012543512457,0.2091442334628667,0.3602107697302622,1.0455249834822975,9.848962526921657,0.03651435107994947,0.6942463517189026,-1.266046914026023,-2073.719128683315,40.4743825736663,True,False,0
238,8,100.0,11.5,0.25,20.0,300.0,0.02,35.27423293308233,42.783324137575555,70.7057534520577,0.19778673943574054,0.2967355232531839,1.0454741329155661,9.848629996455717,0.03651257544050778,0.6948934197425842,-1.265817969621639,-66.8057336004376,0.9746836406075672,True,True,0
239,8,100.0,11.5,0.25,20.0,300.0,0.02,35.27807446758626,42.783283802085236,70.7056553735442,0.19608195854095634,0.305837349981011,1.045440318587483,9.84830723371538,0.03651139443021972,0.6943626999855042,-1.265591525179162,-66.7504851466864,0.9746881694964168,True,True,0
240,8,100.0,11.5,0.25,20.0,300.0,0.02,35.27685699969439,42.78335365940432,70.70903357297867,0.17057687279363426,0.28901354841907057,1.0454049211869003,9.848027579372927,0.036510158379101154,0.6942384839057922,-1.2639482272289064,-66.69048777046348,0.9747210354554219,True,True,0
241,8,100.0,11.5,0.25,20.0,300.0,0.02,35.273430115363965,42.78320310950473,70.70670363927147,0.18131245916126557,0.26616790270993995,1.0453662874209828,9.847784492521914,0.03650880907682567,0.6944999098777771,-1.2637874503111723,-66.68517077023242,0.9747242509937766,True,True,0
242,8,100.0,11.5,0.25,20.0,300.0,0.02,35.27729937798766,42.78315801047692,70.7063666788537,0.18029842208650734,0.2989149762222556,1.045342772458853,9.847527489689364,0.036507987892349256,0.6939858794212341,-1.2653912304045964,-2075.214030118329,40.50428060236658,True,False,0
243,8,100.0,11.5,0.25,20.0,300.0,0.02,35.276107716146086,42.783176505713996,70.70820267735206,0.15580082139721474,0.2656516099436303,1.0453194048191694,9.847304843678131,0.03650717213208174,0.6938667893409729,-1.2647435665869797,-66.66682670461068,0.9747051286682604,True,True,0
244,8,100.0,11.5,0.25,20.0,300.0,0.02,35.272697623967545,42.78308702814498,70.70747606260662,0.16735503102304328,0.2363262408944091,1.0452905099693168,9.847116189191405,0.0365061630258187,0.6941370964050293,-1.264960837935176,-2074.8502321238957,40.49700464247791,True,False,0
245,8,100.0,11.5,0.25,20.0,300.0,0.02,35.27658717924779,42.78299582666387,70.70573903490767,0.16677505821536937,0.2921035666774426,1.0452729751562613,9.8469138754812,0.036505550700216445,0.6936304569244385,-1.265454648918601,-66.67517480708037,0.974690907021628,True,True,0
246,8,100.0,11.5,0.25,20.0,300.0,0.02,35.27247899037751,42.78297558318611,70.70637799218748,0.161053539935263,0.26669232782835706,1.045255568332876,9.846740083658434,0.03650494312286304,0.6935184001922607,-1.2653827104148108,-66.7248257780567,0.9746923457917038,True,True,0
247,8,100.0,11.5,0.25,20.0,300.0,0.02,35.27333840622763,42.78304974632609,70.70965742475204,0.14706619247879377,0.22938426697795894,1.0452320591090403,9.84658294435897,0.0365041218858617,0.693402111530304,-1.26531507690554,-66.74113352188199,0.9746936984618892,True,True,0
248,8,100.0,11.5,0.25,20.0,300.0,0.02,35.272965449514786,42.78271331813762,70.70171282205075,0.16356206290224812,0.3510853492847887,1.0452124806279808,9.846445585086618,0.03650343830438807,0.6936865448951721,-1.2652192548344885,-66.67073198877361,0.9746956149033102,True,True,0
249,8,100.0,11.5,0.25,20.0,300.0,0.02,35.273252047728135,42.783006237798524,70.71031506305863,0.15608550140946476,0.31749635160816675,1.0452084888275077,9.846291174323117,0.03650329893285135,0.6927950978279114,-1.265120580261853,-66.63005023672723,0.974697588394763,True,True,0
250,8,100.0,11.5,0.25,20.0,300.0,0.02,35.26985378175485,42.78277096725389,70.70555827940674,0.14352084428268627,0.20623736278948018,1.045179723024535,9.846186167741438,0.03650229439839086,0.6934738755226135,-1.2630390478916653,-66.56594461248794,0.9747392190421666,True,True,0
251,8,100.0,11.5,0.25,20.0,300.0,0.02,35.27387151697214,42.78276375191918,70.7060076751869,0.14599960671607642,0.2826947490263666,1.0451697405058897,9.84606144255345,0.036501945678217865,0.692979097366333,-1.2648928555464838,-66.60265035922717,0.9747021428890703,True,True,0
252,8,100.0,11.5,0.25,20.0,300.0,0.02,35.272832538520184,42.78283996850161,70.70917378062514,0.12377608713233125,0.2384832377304637,1.0451605721822874,9.845950573320387,0.0365016258787839,0.6928837895393372,-1.2629114428141832,-66.53339122440235,0.9747417711437163,True,True,0
253,8,100.0,11.5,0.25,20.0,300.0,0.02,35.269550137653546,42.782693679055235,70.70657241699995,0.1347030100296131,0.20337533814587017,1.0451425384176,9.845867890614942,0.036500995996903374,0.6931784749031067,-1.2628417803831429,-66.53294463458596,0.9747431643923371,True,True,0
254,8,100.0,11.5,0.25,20.0,300.0,0.02,35.273573003642944,42.78267457983386,70.70656366752466,0.13704208517220445,0.27646003853758194,1.0451336371845539,9.845764915197266,0.03650068500017646,0.6926979422569275,-1.26293464412122,-2075.083287859904,40.50166575719808,True,False,0
255,8,100.0,11.5,0.25,20.0,300.0,0.02,35.272544509357935,42.78270250589886,70.7082657839728,0.1153328430216065,0.23044487266412167,1.0451247626127713,9.845678841263188,0.03650037537906893,0.6926062703132629,-1.2631501397915184,-66.48554496428387,0.9747369972041696,True,True,0
256,8,100.0,11.5,0.25,20.0,300.0,0.02,35.26926290954092,42.78262345433976,70.70743344696305,0.12677451419989214,0.19990648215133672,1.045110137949634,9.845612323798566,0.03649986459936578,0.6929084062576294,-1.262982767046542,-66.52756823274194,0.9747403446590691,True,True,0
257,8,100.0,11.5,0.25,20.0,300.0,0.02,35.27328562699483,42.78254817362855,70.70575646076101,0.12928362255012232,0.2705057400368521,1.0451011666013492,9.845530179905065,0.036499551020519105,0.6924347877502441,-1.2632791535179744,-66.47775967495689,0.9747344169296405,True,True,0
258,8,100.0,11.5,0.25,20.0,300.0,0.02,35.26933431559948,42.78254584283373,70.70648333971896,0.12326733279282125,0.24522243988597306,1.0450972597614232,9.845453736754056,0.03649941506621235,0.692349374294281,-1.2631568070694017,-66.4849218826734,0.9747368638586119,True,True,0
259,8,100.0,11.5,0.25,20.0,300.0,0.02,35.2703064817028,42.782625691490615,70.70954960748763,0.11194663023158888,0.20114721311079894,1.0450814504039942,9.845394518571144,0.03649886250321116,0.6922586560249329,-1.2632861650127225,-66.48094177241376,0.9747342766997455,True,True,0
260,8,100.0,11.5,0.25,20.0,300.0,0.02,35.27006442920722,42.78231190450665,70.70182810734377,0.1325018300128085,0.3223193097760755,1.0450738310843923,9.845337435671482,0.0364985967073664,0.6925801634788513,-1.2634612257855016,-66.49224802488833,0.97473077548429,True,True,0
261,8,100.0,11.5,0.25,20.0,300.0,0.02,35.27048618991135,42.78260997356946,70.71019918741807,0.12733181564575702,0.2887246421920893,1.0450717954235451,9.845273938174747,0.03649852526362415,0.691710352897644,-1.2634358450033116,-66.4950633770532,0.9747312830999337,True,True,0
262,8,100.0,11.5,0.25,20.0,300.0,0.02,35.26720233786585,42.7823983211482,70.70570547406595,0.11227161383166719,0.18776599732912566,1.0450579298994627,9.845225383993357,0.03649804145200244,0.6924199461936951,-1.2634410795074262,-66.49544374527751,0.9747311784098515,True,True,0
263,8,100.0,11.5,0.25,20.0,300.0,0.02,35.2713223229923,42.782400994687514,70.70609096435575,0.1172665200184837,0.2634845172082885,1.0450503331767276,9.84517600150398,0.036497775696199816,0.6919537782669067,-1.2633852079697245,-66.49321505093546,0.9747322958406055,True,True,0
264,8,100.0,11.5,0.25,20.0,300.0,0.02,35.27042095210395,42.78248106216629,70.70896279026752,0.09633382100861276,0.21104360701766944,1.0450498345792991,9.845120929820698,0.036497758810649664,0.6918836236000061,-1.2634834714983318,-66.49575377646255,0.9747303305700333,True,True,0
265,8,100.0,11.5,0.25,20.0,300.0,0.02,35.26724769123779,42.78236414721994,70.7068121833735,0.10781807859109074,0.18837964464143644,1.0450380953481995,9.845093048251295,0.03649734871476759,0.6922059059143066,-1.2652037747244447,-66.54839979372483,0.9746959245055111,True,True,0
266,8,100.0,11.5,0.25,20.0,300.0,0.02,35.271361154508874,42.78233905853555,70.7063232196229,0.11178194390935932,0.25826134835895015,1.045031904425902,9.8450472337203,0.03649713213619384,0.6917487382888794,-1.2654888977517906,-66.55284129066578,0.9746902220449641,True,True,0
267,8,100.0,11.5,0.25,20.0,300.0,0.02,35.267516892347345,42.782311559298584,70.70609308800859,0.10477787516320222,0.23174021111594828,1.045031122991854,9.845002553015977,0.03649710528735279,0.6916804909706116,-1.2654435860691484,-66.55242930897447,0.974691128278617,True,True,0
268,8,100.0,11.5,0.25,20.0,300.0,0.02,35.26857348736396,42.78242595464406,70.70991597587633,0.09519627097736995,0.18705931638985157,1.0450208588600134,9.844967955179467,0.036496746448179226,0.6916060447692871,-1.2656741227583057,-2073.6985504122904,40.47397100824581,True,False,0
269,8,100.0,11.5,0.25,20.0,300.0,0.02,35.2684206172477,42.78209444469052,70.7014679993614,0.11803878424747591,0.3063558833935531,1.0450130127644828,9.84494495592927,0.03649647256341032,0.6919476389884949,-1.2653184297068618,-66.55244971303966,0.9746936314058627,True,True,0
270,8,100.0,11.5,0.25,20.0,300.0,0.02,35.26891877334145,42.78241845118511,70.71037919689637,0.11644264463593164,0.273898434380012,1.0450183003710247,9.844897382910215,0.03649665699373007,0.6910884380340576,-1.2653350545415336,-66.55279624633842,0.9746932989091693,True,True,0
271,8,100.0,11.5,0.25,20.0,300.0,0.02,35.268652541012194,42.78233341569785,70.70921179625495,0.07093107357196786,0.10373728008755707,1.045003013220165,9.844880958923877,0.03649612335090153,0.6918193101882935,-1.2653625028185402,-66.55276060006713,0.9746927499436292,True,True,0
272,8,100.0,11.5,0.25,20.0,300.0,0.02,35.268601601192515,42.78205773038696,70.70204467556307,0.11535250950900458,0.3031590577505131,1.044999794852491,9.844861580988404,0.036496010849411446,0.6917691230773926,-1.2653211000587707,-66.55285026576556,0.9746935779988246,True,True,0
273,8,100.0,11.5,0.25,20.0,300.0,0.02,35.2690901288784,42.782332617394665,70.7094957220824,0.11378009224424877,0.26892643626880436,1.045005393973145,9.844815987237867,0.03649620619038531,0.6909186840057373,-1.2653036037710854,-66.55173279536282,0.9746939279245783,True,True,0
274,8,100.0,11.5,0.25,20.0,300.0,0.02,35.265872567410845,42.78218065895588,70.70638563407196,0.0941020480473995,0.1807094441581578,1.0449904316135257,9.844804509849764,0.036495683893443535,0.6916514039039612,-1.2653826274365703,-66.55273997361503,0.9746923474512685,True,True,0
275,8,100.0,11.5,0.25,20.0,300.0,0.02,35.270044902821596,42.7821735279123,70.70625298641514,0.09965288115253403,0.2482677738940418,1.0449889749249108,9.844774940287948,0.03649563264632433,0.6912016868591309,-1.265268785420034,-66.55292701129513,0.9746946242915994,True,True,0
276,8,100.0,11.5,0.25,20.0,300.0,0.02,35.26920342434689,42.78223407953311,70.70832264896447,0.07899197022471392,0.1912753724186485,1.0449895483935223,9.844748721063853,0.036495653065703466,0.6911515593528748,-1.2653762668800752,-66.56670232963268,0.9746924746623985,True,True,0
277,8,100.0,11.5,0.25,20.0,300.0,0.02,35.26608492096865,42.78216894326524,70.70737469042015,0.0918345365092679,0.18405525114559168,1.0449792824087984,9.844746543077674,0.03649529435886411,0.6914947628974915,-1.2656610830413755,-2074.678199339856,40.49356398679712,True,False,0
278,8,100.0,11.5,0.25,20.0,300.0,0.02,35.26738972144366,42.78222101967951,70.70882670259601,0.08134657190171901,0.1710135177269431,1.044978085126551,9.844717231045545,0.03649525222258816,0.691053569316864,-1.2654033534888185,-66.5673169890211,0.9746919329302236,True,True,0
279,8,100.0,11.5,0.25,20.0,300.0,0.02,35.267310709646026,42.781971527925215,70.70247100122974,0.10725039950915007,0.2948389860883686,1.0449715820820402,9.844708827338142,0.03649502529808429,0.691407322883606,-1.2654152437518003,-66.56685426140699,0.974691695124964,True,True,0
280,8,100.0,11.5,0.25,20.0,300.0,0.02,35.26786387059122,42.78225368774029,70.71003935805258,0.10930162372282815,0.25937702981971655,1.0449781916742789,9.844676909838812,0.03649525582206553,0.690557599067688,-1.2653510455807857,-66.56692790561277,0.9746929790883843,True,True,0
281,8,100.0,11.5,0.25,20.0,300.0,0.02,35.26756571101739,42.781909017556465,70.70144007562386,0.10490566713445955,0.28782653662992547,1.0449642776627375,9.844675133652048,0.03649477014824322,0.6913044452667236,-1.2654068333586903,-66.56523300498756,0.9746918633328262,True,True,0
282,8,100.0,11.5,0.25,20.0,300.0,0.02,35.26808358138335,42.78222115147567,70.7098425164074,0.10795171317787983,0.259264256660239,1.0449710371528602,9.844648373354843,0.036495005840639826,0.6904581785202026,-1.265155932155271,-66.49800899635356,0.9746968813568946,True,True,0
283,8,100.0,11.5,0.25,20.0,300.0,0.02,35.26491358454643,42.78205001417725,70.70606883916672,0.0855695665032173,0.17662799431666187,1.0449574563131614,9.844648018729204,0.03649453177799752,0.6912097930908203,-1.2654293297545625,-66.56584982890666,0.9746914134049087,True,True,0
284,8,100.0,11.5,0.25,20.0,300.0,0.02,35.26913336189484,42.782041640304975,70.70577481692798,0.09085678694548349,0.24025211067019747,1.0449568790227395,9.844629908476726,0.03649451121124858,0.6907700300216675,-1.265541303740998,-66.55077550586657,0.9746891739251801,True,True,0
285,8,100.0,11.5,0.25,20.0,300.0,0.02,35.268337865623614,42.78213296914364,70.7085850142986,0.0708590773697555,0.18054245240137065,1.0449586751937476,9.844613176406702,0.03649457433562799,0.6907313466072083,-1.264610338902913,-66.4769490682738,0.9747077932219418,True,True,0
286,8,100.0,11.5,0.25,20.0,300.0,0.02,35.26526324963322,42.78204772459732,70.7069538192535,0.08417326675184036,0.18063082159127256,1.0449503982800623,9.844618345034872,0.036494285131632304,0.6910868287086487,-1.2652551033553319,-66.55409769102863,0.9746948979328933,True,True,0
287,8,100.0,11.5,0.25,20.0,300.0,0.02,35.266607531358886,42.78213317782223,70.70922925497233,0.07321478219300201,0.16400097458609605,1.0449492613723972,9.844599963216716,0.03649424504813113,0.6906555891036987,-1.2642744762241613,-66.48040144348646,0.9747145104755168,True,True,0
288,8,100.0,11.5,0.25,20.0,300.0,0.02,35.26656902376321,42.781860084241586,70.70209788855172,0.10066421424920916,0.28486561691420437,1.0449450880243332,9.844596800256635,0.036494099550488636,0.6910209655761719,-1.2649612653231332,-66.54388393397733,0.9747007746935373,True,True,0
289,8,100.0,11.5,0.25,20.0,300.0,0.02,35.267157755607954,42.78217201202394,70.71039954434372,0.10465666531622998,0.2508961470165178,1.0449514977364132,9.844575105184939,0.03649432303885039,0.690179169178009,-1.2642572773831051,-66.48083741128218,0.9747148544523379,True,True,0
290,8,100.0,11.5,0.25,20.0,300.0,0.02,35.2668961003028,42.78180660231643,70.70111226582335,0.0990088256070136,0.27829296050820307,1.0449404765000423,9.844576292356088,0.036493938491622635,0.6909370422363281,-1.2653381020369312,-66.5370342054942,0.9746932379592613,True,True,0
291,8,100.0,11.5,0.25,20.0,300.0,0.02,35.267445512978114,42.78213854088515,70.7099794101132,0.10360652912636688,0.2511788199750958,1.0449471147277873,9.844558427232574,0.036494169909441126,0.6900991797447205,-1.2645925069712487,-2073.5649656806686,40.47129931361337,True,False,0
292,8,100.0,11.5,0.25,20.0,300.0,0.02,35.26430912867003,42.78196182136353,70.70594891870424,0.07983713528584088,0.17371541693458456,1.0449363606907467,9.844560107955534,0.03649379466997435,0.6908608078956604,-1.2657770697493824,-2075.2028666429815,40.50405733285963,True,False,0
293,8,100.0,11.5,0.25,20.0,300.0,0.02,35.26855545211675,42.78195063450839,70.7054924257702,0.08452474609697634,0.2337831146475377,1.0449350258573518,9.844551137032354,0.036493747573686064,0.6904305815696716,-1.2631312937021373,-66.40885978827261,0.9747373741259573,True,True,0
294,8,100.0,11.5,0.25,20.0,300.0,0.02,35.267791391305444,42.78205831596335,70.70867347959191,0.06586932994342354,0.17219213139228942,1.0449391549231648,9.844536627985645,0.036493892255662394,0.6904001235961914,-1.2632096315792103,-66.40749404463232,0.9747358073684158,True,True,0
295,8,100.0,11.5,0.25,20.0,300.0,0.02,35.2647457527501,42.78196429745891,70.70670711070692,0.07897480318819097,0.17826427872899805,1.0449322261075837,9.844545528067352,0.03649365016157097,0.6907647848129272,-1.2648594389194021,-66.49983451964283,0.974702811221612,True,True,0
296,8,100.0,11.5,0.25,20.0,300.0,0.02,35.26611241176783,42.78206979240141,70.70947058081087,0.06737787253420388,0.1586178835864561,1.04493031660648,9.844535087630094,0.036493583035851054,0.6903417110443115,-1.2634555919587052,-2073.7608234757136,40.47521646951427,True,False,0
297,8,100.0,11.5,0.25,20.0,300.0,0.02,35.266101640039764,42.781783223814195,70.70187585591937,0.0962028809622423,0.27733387374538954,1.0449287082608343,9.84453257062013,0.036493527201395315,0.6907160878181458,-1.264308849823265,-66.47842135198621,0.9747138230035347,True,True,0
298,8,100.0,11.5,0.25,20.0,300.0,0.02,35.266712532472255,42.782110879490276,70.71055141067424,0.10144010663212144,0.24418297328859104,1.04493500975568,9.844516702469427,0.03649374689485868,0.6898803114891052,-1.2633678384259617,-2073.3399239590062,40.46679847918013,True,False,0
299,8,100.0,11.5,0.25,20.0,300.0,0.02,35.26941195459087,42.78186704872793,70.70459002151722,0.07980418492431461,0.2144266499090894,1.0449263973454896,9.84451819018522,0.036493446549212785,0.690646767616272,-1.263136503947077,-66.39143890363475,0.9747372699210585,True,True,0
300,8,100.0,11.5,0.25,20.0,300.0,0.02,35.26574509600714,42.781923585011604,70.70610044600318,0.07652723671636924,0.2090332379855585,1.0449324480240938,9.844512159529362,0.036493657875871124,0.6902251243591309,-1.263953004151227,-66.44108889807356,0.9747209399169755,True,True,0
301,8,100.0,11.5,0.25,20.0,300.0,0.02,35.26687872917061,42.78205323060443,70.70991398318348,0.0653987105754054,0.15868057880768593,1.0449238046276628,9.844509901116325,0.03649335558818986,0.6901900172233582,-1.26342129186213,-2073.639510376816,40.47279020753632,True,False,0
302,8,100.0,11.5,0.25,20.0,300.0,0.02,35.26394813667818,42.78190179956586,70.70607855459885,0.07475578997822079,0.17262635131367396,1.0449232848588184,9.84450899641931,0.036493337726336644,0.6905712485313416,-1.2635324581534157,-66.39910749765366,0.9747293508369317,True,True,0
303,8,100.0,11.5,0.25,20.0,300.0,0.02,35.26822605138768,42.781928678045176,70.70659582993105,0.08024627216585671,0.22864335840173533,1.0449210551278458,9.844504322673723,0.03649325937201054,0.6901469826698303,-1.2631344391083408,-66.38695969290464,0.9747373112178331,True,True,0
304,8,100.0,11.5,0.25,20.0,300.0,0.02,35.26748157640546,42.781994465496226,70.7085299128555,0.06241257332074626,0.16333910506614388,1.044927333474578,9.844489737205407,0.03649347919629025,0.690121591091156,-1.2631057787696454,-66.38399512669665,0.9747378844246071,True,True,0
305,8,100.0,11.5,0.25,20.0,300.0,0.02,35.264447841184406,42.781927514852995,70.70726249673707,0.07450245796600934,0.17758583974955328,1.0449209937285435,9.844501930869393,0.036493257703723685,0.6904942393302917,-1.2632286660546506,-66.39020535234759,0.974735426678907,True,True,0
306,8,100.0,11.5,0.25,20.0,300.0,0.02,35.268682720054315,42.781886359958044,70.70586350890345,0.07889524436621392,0.22515069342189276,1.044918639442727,9.844496696856455,0.036493174986220143,0.6900777220726013,-1.2635336369471042,-66.37112931753666,0.9747293272610579,True,True,0
307,8,100.0,11.5,0.25,20.0,300.0,0.02,35.264969775666415,42.781905668546315,70.70647053759713,0.0738297059409811,0.20198603992287253,1.0449250432760062,9.844482860246988,0.036493399182709135,0.6900520324707031,-1.2637184787145561,-66.32383503167009,0.9747256304257089,True,True,0
308,8,100.0,11.5,0.25,20.0,300.0,0.02,35.266140365229006,42.78201044524989,70.70957286742444,0.06285642636680172,0.15573642043044839,1.0449173956211855,9.844485205100165,0.03649313163438889,0.6900166273117065,-1.2634463710689035,-66.32351758314691,0.9747310725786219,True,True,0
309,8,100.0,11.5,0.25,20.0,300.0,0.02,35.26610574495373,42.78171909020502,70.70180205703656,0.09211441123344918,0.2695233451109642,1.0449168663864552,9.844487554149863,0.03649311343172079,0.6904063820838928,-1.264469448414964,-66.39025997009502,0.9747106110317008,True,True,0
310,8,100.0,11.5,0.25,20.0,300.0,0.02,35.26670730554372,42.78203411017815,70.7100560699034,0.09870587690506735,0.23736722712741923,1.0449224078267587,9.8444773597099,0.03649330651922284,0.6895774006843567,-1.2659698799317336,-66.31644225051596,0.9746806024013653,True,True,0
311,8,100.0,11.5,0.25,20.0,300.0,0.02,35.26361346622496,42.781857611686405,70.70589658884252,0.07263203587237892,0.17042723206510899,1.0449166513544526,9.844476535578849,0.036493106043701685,0.6903528571128845,-1.2633541337120626,-66.31869793719125,0.9747329173257587,True,True,0
312,8,100.0,11.5,0.25,20.0,300.0,0.02,35.267889446219804,42.78187154606172,70.70603820874575,0.07690765559677959,0.22426329355176713,1.0449148345100876,9.844476324414385,0.036493042046695075,0.6899357438087463,-1.2661645281642888,-66.30577297966221,0.9746767094367143,True,True,0
313,8,100.0,11.5,0.25,20.0,300.0,0.02,35.26716313416608,42.78196457574942,70.70869315666052,0.06083316185210856,0.15894032121805476,1.04492184930677,9.844462963010875,0.03649328761404515,0.6899175643920898,-1.2656277405540832,-66.34898800634011,0.9746874451889184,True,True,0
314,8,100.0,11.5,0.25,20.0,300.0,0.02,35.2641457704734,42.78188862266781,70.70711388636077,0.07235877796715481,0.17593967537124486,1.0449177447453386,9.844472663818317,0.03649314429504168,0.6902961134910583,-1.2637141928939337,-2074.720093066434,40.49440186132868,True,False,0
315,8,100.0,11.5,0.25,20.0,300.0,0.02,35.268391396319025,42.78185916082623,70.70600692711005,0.07599954635669429,0.22134714174598605,1.0449143899885434,9.84447202756959,0.03649302657212495,0.6898847818374634,-1.2692387035916517,-66.36092692217197,0.9746152282491265,True,True,0
316,8,100.0,11.5,0.25,20.0,300.0,0.02,35.26469954298997,42.78185959505153,70.70603576429724,0.07204160770802567,0.19812293742388473,1.044922424512755,9.844457005573123,0.03649330779771036,0.6898640990257263,-1.2633121647300112,-66.37465302838432,0.9747337567053997,True,True,0
317,8,100.0,11.5,0.25,20.0,300.0,0.02,35.26587864254574,42.78199590131356,70.70998534589357,0.060116793209199715,0.15337873585102782,1.044914045776104,9.844463054631014,0.03649301466063642,0.6898332238197327,-1.2697403384436647,-66.415638078764,0.9746051946137765,True,True,0
318,8,100.0,11.5,0.25,20.0,300.0,0.02,35.265861962379766,42.781677705688445,70.70141666323151,0.09044688073603187,0.2650350652826797,1.0449152424642463,9.844463848349292,0.036493056812633436,0.6902288794517517,-1.2663498956797357,-66.3766052086293,0.9746730020864053,True,True,0
319,8,100.0,11.5,0.25,20.0,300.0,0.02,35.26647214176632,42.78201104292372,70.71015892215595,0.09724620146012315,0.23400786451102878,1.0449191731842786,9.844458974579394,0.036493193555083264,0.6894032955169678,-1.2698066829010548,-2073.3982579309486,40.46796515861897,True,False,0
320,8,100.0,11.5,0.25,20.0,300.0,0.02,35.26339634771993,42.781829542070376,70.70581065265932,0.07108850761053301,0.16880272445292793,1.0449156901966261,9.844455299783775,0.036493072578734506,0.6901841759681702,-1.2662900440965872,-66.43966240577122,0.9746741991180683,True,True,0
321,8,100.0,11.5,0.25,20.0,300.0,0.02,35.26767898389778,42.781835688599664,70.70571281880682,0.07455212027706,0.22100756938380525,1.044912483688965,9.844459644847568,0.03649295996144245,0.6897711157798767,-1.2692442183528865,-66.3606514932535,0.9746151179447939,True,True,0
322,8,100.0,11.5,0.25,20.0,300.0,0.02,35.26696819616778,42.78194435608331,70.70876665186572,0.05965484996337663,0.15544642503361583,1.044921360463084,9.844444062152526,0.03649327064611954,0.6897573471069336,-1.2698111910539978,-66.41561222691638,0.9746037773127422,True,True,0
323,8,100.0,11.5,0.25,20.0,300.0,0.02,35.26396094132603,42.78185976606125,70.70691147676757,0.07085855971100835,0.1748313773169683,1.0449171592954303,9.844455139626913,0.03649312394314917,0.6901405453681946,-1.2693808761210101,-2074.7773020231643,40.49554604046329,True,False,0
324,8,100.0,11.5,0.25,20.0,300.0,0.02,35.26535693118765,42.781955667194154,70.70929175112641,0.05810435177377505,0.14858915937706935,1.0449130549541326,9.844457645043283,0.03649297999123499,0.6897330284118652,-1.2692539451550433,-66.36191060232404,0.9746149237521282,True,True,0
325,8,100.0,11.5,0.25,20.0,300.0,0.02,35.26538941716912,42.7816865328926,70.70205103659694,0.0893081187909559,0.2640330361613649,1.0449147231899867,9.844455902877796,0.03649303872485956,0.6901245713233948,-1.2687187111099987,-66.27950010283223,0.974625626599795,True,True,0
326,8,100.0,11.5,0.25,20.0,300.0,0.02,35.266028125034296,42.78200890223,70.71047224412547,0.09698489444133551,0.23074542150602187,1.0449189706926707,9.844451095193676,0.03649318652995203,0.6893004179000854,-1.269732558725312,-2073.294872609534,40.46589745219068,True,False,0
327,8,100.0,11.5,0.25,20.0,300.0,0.02,35.26583319324009,42.78164721351438,70.70106752907418,0.08913576142651766,0.25844638744124226,1.0449152889200375,9.844448965831083,0.03649305861931248,0.6900838613510132,-1.2671161252427061,-66.32173880269418,0.9746576774951459,True,True,0
328,8,100.0,11.5,0.25,20.0,300.0,0.02,35.26642496216723,42.78198628169737,70.70997679349088,0.09645581234560544,0.2320485305902188,1.044919554983065,9.844447233776316,0.03649320700815779,0.689264178276062,-1.2694787103240583,-2073.491295391222,40.46982590782444,True,False,0
329,8,100.0,11.5,0.25,20.0,300.0,0.02,35.266286226011026,42.781946010857176,70.70955677892925,0.04021818122205365,0.05730771235334865,1.044915950471839,9.844444762159622,0.03649308176077319,0.6900503635406494,-1.2692468285318101,-2073.761127524437,40.475222550488745,True,False,0
330,8,100.0,11.5,0.25,20.0,300.0,0.02,35.26634320404084,42.781662427009636,70.70171125809624,0.08957846740742566,0.26230341586873035,1.0449169134084642,9.844453041025286,0.036493115309541684,0.6900528073310852,-1.2664373174388999,-66.32708664873856,0.974671253651222,True,True,0
331,8,100.0,11.5,0.25,20.0,300.0,0.02,35.26692737432885,42.781943294909134,70.70892617451611,0.09633043211901934,0.22995919662742964,1.0449204719364626,9.844446409590475,0.03649323909806294,0.6892350912094116,-1.269586828710227,-66.41161617523244,0.9746082641666308,True,True,0
332,8,100.0,11.5,0.25,20.0,300.0,0.02,35.2638243878564,42.78183361849163,70.70654054100284,0.06987689327722628,0.16982156611886906,1.0449167034762674,9.844443464241548,0.03649310814021656,0.6900166869163513,-1.2687063195747372,-66.4043965559646,0.9746258736085053,True,True,0
333,8,100.0,11.5,0.25,20.0,300.0,0.02,35.26522157721231,42.78194789595519,70.70943204572522,0.05688377657028129,0.1475964652713064,1.0449131615456806,9.844448821032103,0.03649298378322843,0.6896084547042847,-1.2693677660037364,-66.40926859306006,0.9746126449867402,True,True,0
334,8,100.0,11.5,0.25,20.0,300.0,0.02,35.26819691955657,42.781799306226205,70.7055535452669,0.07362669361088425,0.20290322746844688,1.0449148731786773,9.844448174268665,0.03649304402419843,0.6900075078010559,-1.2691602972189355,-66.3579783875895,0.974616796014129,True,True,0
335,8,100.0,11.5,0.25,20.0,300.0,0.02,35.26461734132602,42.781854301343266,70.7068589892654,0.07111676722637872,0.195647826870359,1.0449235142348339,9.844440292423391,0.03649334601720974,0.6895978450775146,-1.269172823902317,-66.40380524233173,0.9746165436583861,True,True,0
336,8,100.0,11.5,0.25,20.0,300.0,0.02,35.26580395058398,42.78193656311041,70.70923200861847,0.05671754665215551,0.14823023321988002,1.0449140511246855,9.844447019943091,0.03649301501916602,0.6895768642425537,-1.269658533457474,-66.41206591990746,0.9746068301855128,True,True,0
337,8,100.0,11.5,0.25,20.0,300.0,0.02,35.26579043952655,42.78167223452125,70.7021242901814,0.08779109253361907,0.26024388865756914,1.04491587344228,9.84444816985584,0.03649307905523408,0.689976155757904,-1.2683490157326902,-66.27291863171223,0.9746330197904675,True,True,0
338,8,100.0,11.5,0.25,20.0,300.0,0.02,35.266399821625285,42.78197041076346,70.70984266696314,0.09637861411094698,0.22762910638967854,1.0449203860533038,9.844443606118963,0.03649323611664789,0.6891560554504395,-1.2695325294407191,-66.40755052118611,0.9746093500565693,True,True,0
339,8,100.0,11.5,0.25,20.0,300.0,0.02,35.26332726134816,42.781812678232235,70.70611550135554,0.06888833733003459,0.16901656559491232,1.0449164525514871,9.844442272214332,0.03649309939587619,0.6899434924125671,-1.2692250583620899,-66.40391219783635,0.9746154990110802,True,True,0
340,8,100.0,11.5,0.25,20.0,300.0,0.02,35.267609988250676,42.78183015612164,70.70629889882503,0.0721384995074694,0.21598817579254953,1.0449129341489016,9.844448843116021,0.03649297584881297,0.6895365715026855,-1.2689591039640604,-66.35892123236513,0.974620820402358,True,True,0
341,8,100.0,11.5,0.25,20.0,300.0,0.02,35.26690206544097,42.78190924803342,70.7084861581675,0.05782341848594642,0.14877593100533928,1.044922337086588,9.844433569949203,0.036493304932066026,0.6895286440849304,-1.2695506699786416,-66.40861540896054,0.9746089871656903,True,True,0
342,8,100.0,11.5,0.25,20.0,300.0,0.02,35.26389579520625,42.78185053979355,70.70732005909058,0.0685575553597304,0.1746481695408472,1.0449181025350862,9.844446036495784,0.03649315706125397,0.6899182200431824,-1.2689855409619009,-2074.622312477367,40.49244624954734,True,False,0
343,8,100.0,11.5,0.25,20.0,300.0,0.02,35.26814952472353,42.7818085961518,70.70580786917506,0.07193771741492354,0.21370633038987252,1.0449139518449593,9.844449897776881,0.03649301146973241,0.6895157098770142,-1.2691335040526954,-66.36934710628081,0.9746173314762339,True,True,0
344,8,100.0,11.5,0.25,20.0,300.0,0.02,35.26447114560596,42.78182557306365,70.70623829837032,0.06934471637251265,0.19175029993924256,1.0449232584641965,9.844434669360531,0.03649333717866292,0.6895043253898621,-1.2692260763386285,-66.40444694740634,0.9746154784773082,True,True,0
345,8,100.0,11.5,0.25,20.0,300.0,0.02,35.26565944668161,42.78194996034333,70.70979722744997,0.055962582744822416,0.1481119056178702,1.0449143374210992,9.844443813215285,0.03649302505744681,0.6894821524620056,-1.269485562300484,-66.40893565787547,0.974610289352574,True,True,0
346,8,100.0,11.5,0.25,20.0,300.0,0.02,35.26565324053799,42.781646733286685,70.70159358347713,0.08750718585023162,0.25771331182657914,1.0449163121803169,9.844445381941604,0.03649309441190399,0.6898881196975708,-1.2666583576300174,-66.32205600418061,0.9746668328473996,True,True,0
347,8,100.0,11.5,0.25,20.0,300.0,0.02,35.2662693684886,42.78196869501463,70.70997343718001,0.09584539313020925,0.2266528888369643,1.0449209353836824,9.844440907119141,0.036493255355178784,0.6890690326690674,-1.2694909940987165,-66.40879564442318,0.9746101807875229,True,True,0
348,8,100.0,11.5,0.25,20.0,300.0,0.02,35.263205872711985,42.78180236513065,70.70599479374937,0.06873392944223125,0.1683909605334486,1.0449168703611464,9.844440138007505,0.03649311401816613,0.6898592114448547,-1.2688444868767452,-66.40548586415636,0.9746231102624651,True,True,0
349,8,100.0,11.5,0.25,20.0,300.0,0.02,35.267495852116355,42.7818085721256,70.7058557246009,0.07129691418352811,0.21456711888471242,1.0449132560546526,9.844447097713186,0.036492987119255554,0.6894544959068298,-1.269518449829025,-66.40733726838577,0.9746096316914893,True,True,0
350,8,100.0,11.5,0.25,20.0,300.0,0.02,35.26679475365407,42.781907451834876,70.70859007241732,0.057326327570411596,0.14741619349523055,1.0449226892097292,9.844432009105324,0.03649331726194294,0.6894487738609314,-1.2695303755324232,-66.40859205808698,0.9746093929505045,True,True,0
351,8,100.0,11.5,0.25,20.0,300.0,0.02,35.26379498884495,42.78183515321758,70.707036430981,0.0683466846615887,0.17388235926959894,1.0449184980587725,9.84444450676801,0.036493170901544775,0.6898407936096191,-1.2693244508871586,-66.40647004729165,0.9746135114622605,True,True,0
352,8,100.0,11.5,0.25,20.0,300.0,0.02,35.26519805952318,42.78192381263881,70.70917530048142,0.055213072395818186,0.14461190178700556,1.0449142593373315,9.844448774615149,0.03649302223281834,0.6894400715827942,-1.269569969251727,-66.40956582260252,0.9746086011202997,True,True,0
353,8,100.0,11.5,0.25,20.0,300.0,0.02,35.265237214274904,42.78166402790864,70.70215965564634,0.0870583336491416,0.2578683902200352,1.0449160464788807,9.8444481180028,0.036493085125642664,0.6898401975631714,-1.2685353605464704,-66.27633661217075,0.974629293393024,True,True,0
354,8,100.0,11.5,0.25,20.0,300.0,0.02,35.265879767686805,42.781980145904356,70.71037591444177,0.09604099097210056,0.22477730999630213,1.0449210736444423,9.84444289538985,0.03649326018473939,0.6890214681625366,-1.2695141615544727,-66.40816763113096,0.9746097173335397,True,True,0
355,8,100.0,11.5,0.25,20.0,300.0,0.02,35.26569444330061,42.78162667982627,70.70116153759645,0.08754915531669732,0.2524835484531819,1.0449167559442478,9.844443089568017,0.036493110030511165,0.6898124814033508,-1.267196642448818,-66.33095384287289,0.9746560671510236,True,True,0
356,8,100.0,11.5,0.25,20.0,300.0,0.02,35.26628984902214,42.78195881590876,70.70984965997647,0.09557313713658451,0.22640071863679195,1.0449218294100249,9.844440739948228,0.036493286644145036,0.6889988780021667,-1.2694402852920625,-66.408475726171,0.9746111949968244,True,True,0
357,8,100.0,11.5,0.25,20.0,300.0,0.02,35.26322333967038,42.781800501761765,70.70608872838585,0.06874152025264615,0.16818777809824656,1.0449174895931326,9.844440639848218,0.03649313568102296,0.6897922158241272,-1.2685968229621185,-2075.100524357089,40.50201048714178,True,False,0
358,8,100.0,11.5,0.25,20.0,300.0,0.02,35.264653949278056,42.78190251440322,70.70862512836041,0.054886599837790914,0.14610638807025578,1.0449138867841932,9.844447490683564,0.036493009186197196,0.6893894672393799,-1.2694783531232199,-66.40016734806089,0.9746104331434334,True,True,0
359,8,100.0,11.5,0.25,20.0,300.0,0.02,35.267662502674824,42.78181022900345,70.70630776379645,0.07281721879719581,0.19803338178615368,1.0449156869126532,9.844447319415421,0.03649307252147996,0.689795196056366,-1.2689331585085335,-66.35386482275233,0.9746213385871988,True,True,0
360,8,100.0,11.5,0.25,20.0,300.0,0.02,35.26411403564812,42.78182528363589,70.70648116113634,0.0699833965421528,0.1908865731754491,1.0449243219377036,9.844439799496742,0.03649337431282318,0.6893906593322754,-1.2675217735013058,-66.33220956867727,0.9746495645299739,True,True,0
361,8,100.0,11.5,0.25,20.0,300.0,0.02,35.26532915463636,42.78193422283642,70.70958780461893,0.054670308118531505,0.14664283669280725,1.0449149027770643,9.844447678653463,0.036493044836698574,0.6893746852874756,-1.2695035330890985,-66.40838738842365,0.9746099298787387,True,True,0
362,8,100.0,11.5,0.25,20.0,300.0,0.02,35.265342999973015,42.781645758370466,70.701789292761,0.08678428667025839,0.2555467817799858,1.044916828135435,9.844449183839991,0.036493112475709355,0.6897799968719482,-1.268550222465337,-66.28258643543735,0.9746289968532431,True,True,0
363,8,100.0,11.5,0.25,20.0,300.0,0.02,35.26597581772626,42.78197678425413,70.71041863967467,0.09573438677550417,0.22424967824216185,1.044921878327012,9.844444178121712,0.036493288344020776,0.6889637112617493,-1.2695120541147187,-66.4091613397004,0.9746097595509584,True,True,0
364,8,100.0,11.5,0.25,20.0,300.0,0.02,35.262930039449216,42.78177997039434,70.70557939733169,0.06806380170918773,0.16803866138565093,1.0449174493642082,9.844444444973895,0.036493134284498636,0.689756453037262,-1.2675051086821905,-66.33301724592405,0.9746498978263561,True,True,0
365,8,100.0,11.5,0.25,20.0,300.0,0.02,35.26723482569813,42.78180691738286,70.70601721854663,0.07077062373940979,0.21324458184247883,1.0449139711139694,9.844451754474068,0.03649301213566841,0.6893545389175415,-1.2692087072077576,-66.37899266735786,0.9746158259395067,True,True,0
366,8,100.0,11.5,0.25,20.0,300.0,0.02,35.26654910905544,42.78191324144882,70.70895267242376,0.05670791919979453,0.1445271961791392,1.0449233365861796,9.844436624293117,0.036493339915461595,0.6893510222434998,-1.2694582505694472,-66.41066219907991,0.9746108356913474,True,True,0
367,8,100.0,11.5,0.25,20.0,300.0,0.02,35.26356320936447,42.78182279645025,70.70688540697988,0.06775003601526658,0.17321057290714392,1.0449191361697423,9.844449370512281,0.036493193232031124,0.6897460222244263,-1.2674906563768908,-66.3318521469219,0.9746501868724622,True,True,0
368,8,100.0,11.5,0.25,20.0,300.0,0.02,35.26783537814483,42.78181121592747,70.70621264180667,0.07078755222865285,0.2110419388893996,1.0449150689502125,9.844453645687555,0.03649305055581906,0.6893474459648132,-1.2686754808702252,-66.39973338093074,0.9746264903825955,True,True,0
369,8,100.0,11.5,0.25,20.0,300.0,0.02,35.26417567981653,42.78180628181882,70.70601656763002,0.06806438966602116,0.1881994985364187,1.0449242779218848,9.84443872377069,0.03649337285329002,0.6893401741981506,-1.2671582682038962,-66.3301224858998,0.9746568346359221,True,True,0
370,8,100.0,11.5,0.25,20.0,300.0,0.02,35.26537966018616,42.78194643942441,70.71000735715403,0.05449095611515564,0.14668689320177805,1.0449155929226133,9.844448004632763,0.03649306898105739,0.6893221139907837,-1.2692089035126113,-2073.4660822198343,40.469321644396686,True,False,0
371,8,100.0,11.5,0.25,20.0,300.0,0.02,35.26539011257749,42.78162914815921,70.70139684849546,0.08678476907684445,0.25405741495625717,1.0449173571687367,9.844450103548278,0.03649313097139523,0.6897326111793518,-1.2674067714847337,-66.32990686332366,0.9746518645703053,True,True,0
372,8,100.0,11.5,0.25,20.0,300.0,0.02,35.26601960050158,42.78196873285951,70.71026214079842,0.09545663356383485,0.22390418634602235,1.0449224877547103,9.844444815512468,0.03649330966266335,0.688916802406311,-1.269265367230028,-2073.3861751103996,40.467723502207996,True,False,0
373,8,100.0,11.5,0.25,20.0,300.0,0.02,35.265908327345535,42.78191009304198,70.70928576697435,0.03806585182978489,0.05048093444762018,1.044917928985144,9.844445252986949,0.03649315105123703,0.6897111535072327,-1.269468899193673,-66.40595898885779,0.9746106222600565,True,True,0
374,8,100.0,11.5,0.25,20.0,300.0,0.02,35.265985593536136,42.78164635466508,70.70196519726395,0.08658179599003678,0.2556081988928287,1.0449189027734713,9.844454743789699,0.03649318497533771,0.6897238492965698,-1.267306251183552,-66.33068750190358,0.9746538749763289,True,True,0
375,8,100.0,11.5,0.25,20.0,300.0,0.02,35.26658558756,42.781926250063044,70.70912946523019,0.09557626438073892,0.22285501751432069,1.044923459483701,9.844446914484031,0.036493343655923466,0.6889121532440186,-1.269490960464137,-66.40797494635493,0.97461018121285,True,True,0
376,8,100.0,11.5,0.25,20.0,300.0,0.02,35.26350389033789,42.781818501356305,70.70676353187936,0.06814932704617938,0.16962425729785896,1.0449187464344232,9.844446764928371,0.03649317966729386,0.689702570438385,-1.2688525258299865,-2074.837734647971,40.49675469295942,True,False,0
377,8,100.0,11.5,0.25,20.0,300.0,0.02,35.26491622624554,42.78191980877615,70.70926799754889,0.05453445252248046,0.14377076458600974,1.0449153493106285,9.844452898839036,0.03649306035871934,0.6893026232719421,-1.269306813849187,-66.39597954018404,0.974613864059142,True,True,0
378,8,100.0,11.5,0.25,20.0,300.0,0.02,35.26790851121981,42.78178337528251,70.70570079707556,0.07172796738872358,0.1954130066781214,1.0449168776669815,9.844453286507953,0.036493114191889914,0.6897100806236267,-1.2690442565710005,-66.35283216989978,0.9746191167701126,True,True,0
379,8,100.0,11.5,0.25,20.0,300.0,0.02,35.26434415011711,42.78184054797074,70.70704251844289,0.0700372059996613,0.19035500214855305,1.0449255139769362,9.844445985895899,0.036493416011664656,0.6893078088760376,-1.267194117287789,-66.32763696335851,0.9746561176542442,True,True,0
380,8,100.0,11.5,0.25,20.0,300.0,0.02,35.265543497906044,42.78191094445423,70.70906153767989,0.05411643185484518,0.14450664740200395,1.0449162328796202,9.844453005410106,0.03649309137129492,0.6892935633659363,-1.2695033259794544,-66.41075177211877,0.9746099339441783,True,True,0
381,8,100.0,11.5,0.25,20.0,300.0,0.02,35.265544049867856,42.78165936151262,70.70228529554755,0.08611082346878376,0.25445391957907476,1.044917869094085,9.84445506371475,0.0364931489001987,0.6897009015083313,-1.2686790746958498,-66.27660329790082,0.9746264187344938,True,True,0
382,8,100.0,11.5,0.25,20.0,300.0,0.02,35.2661632505953,42.78195570974306,70.70993562594937,0.09587686604980714,0.22187142642199506,1.0449231807539654,9.8444492566499,0.03649333389577439,0.688886284828186,-1.2693503290971642,-66.4004083001112,0.9746129937686872,True,True,0
383,8,100.0,11.5,0.25,20.0,300.0,0.02,35.263105476638174,42.78179273525652,70.7060354060858,0.06766576920790575,0.16907236735225328,1.0449184218845533,9.844449924450593,0.03649316831186829,0.6896809339523315,-1.2673404049413535,-66.32799508918683,0.9746531919011729,True,True,0
384,8,100.0,11.5,0.25,20.0,300.0,0.02,35.267397768578945,42.78181833311955,70.70642915134194,0.07063325691150395,0.21112969705938373,1.0449151330164232,9.844456556200031,0.036493052781766934,0.6892809271812439,-1.2688195689815451,-66.35157804289621,0.9746236101553142,True,True,0
385,8,100.0,11.5,0.25,20.0,300.0,0.02,35.26670232488451,42.781895699234106,70.70854535759699,0.056120548828897714,0.14224935175532133,1.0449242935859477,9.844441930931989,0.03649337338716375,0.6892789602279663,-1.2693471033576054,-66.40247075775753,0.974613058231863,True,True,0
386,8,100.0,11.5,0.25,20.0,300.0,0.02,35.263705895838974,42.781833726357135,70.70726964537191,0.0674214443408074,0.1738066726067935,1.044920009808382,9.844454754614798,0.036493223796334184,0.68967604637146,-1.2673205766661377,-66.3273922504068,0.9746535884666773,True,True,0
387,8,100.0,11.5,0.25,20.0,300.0,0.02,35.267967678308416,42.7817956442424,70.7058500419458,0.07066359071355999,0.20912209509556948,1.0449161355383314,9.84445840631773,0.03649308786414548,0.6892789602279663,-1.269118721577597,-66.3679630221387,0.9746176268094333,True,True,0
388,8,100.0,11.5,0.25,20.0,300.0,0.02,35.264299852260564,42.78181543274604,70.70633974618373,0.06775323600381919,0.18751766516958415,1.044925088470589,9.844443976153233,0.03649340120074088,0.6892731785774231,-1.2670373167965399,-66.32801235588968,0.9746592536640692,True,True,0
389,8,100.0,11.5,0.25,20.0,300.0,0.02,35.265494849353274,42.78193338086193,70.70970479957285,0.05412755530267693,0.14524927793752962,1.0449165955896145,9.84445244508271,0.03649310405187543,0.6892568469047546,-1.2693586763007993,-66.39590505655322,0.9746128265525607,True,True,0
390,8,100.0,11.5,0.25,20.0,300.0,0.02,35.26549827995796,42.78163729556197,70.70168227747055,0.08635530042118658,0.25302962856389927,1.0449181387444988,9.844454916443073,0.036493158310998294,0.6896689534187317,-1.2663816879987537,-66.31541580927276,0.974672366240025,True,True,0
391,8,100.0,11.5,0.25,20.0,300.0,0.02,35.26611996023531,42.781957024592614,70.70998847845223,0.09553766022265814,0.22218131595785817,1.0449234149282205,9.844449196896221,0.03649334208529141,0.6888545155525208,-1.268661002691797,-66.37309622599022,0.9746267799461641,True,True,0
392,8,100.0,11.5,0.25,20.0,300.0,0.02,35.263066091684045,42.7817905232596,70.70598671493939,0.06795608405491355,0.16854492104001859,1.0449186626642826,9.844449873513092,0.03649317671378242,0.6896504163742065,-1.2665805873067393,-66.31468110055202,0.9746683882538653,True,True,0
393,8,100.0,11.5,0.25,20.0,300.0,0.02,35.26736079800315,42.781799865904496,70.70592539382748,0.07037929167900499,0.21062491146454132,1.044915473537725,9.844456182787113,0.03649306468010783,0.689251184463501,-1.2692675540881044,-66.39228078374435,0.9746146490294827,True,True,0
394,8,100.0,11.5,0.25,20.0,300.0,0.02,35.26666858286147,42.7818967878493,70.70858787782535,0.056003280924643226,0.14234615904652648,1.0449244638503952,9.844441833913825,0.03649337933182453,0.6892499923706055,-1.2692096936103632,-66.39232099182517,0.9746158063233148,True,True,0
395,8,100.0,11.5,0.25,20.0,300.0,0.02,35.26367470984729,42.78182725200145,70.70709964766672,0.06769055746044078,0.1732662784532885,1.0449202015904477,9.844454509285494,0.03649323048719483,0.6896481513977051,-1.268797081975256,-2074.6851920637964,40.49370384127593,True,False,0
396,8,100.0,11.5,0.25,20.0,300.0,0.02,35.26508174136983,42.78191197164317,70.70911881263976,0.05434306705957531,0.1423661895161897,1.0449163916630484,9.844457870199118,0.036493096812345645,0.6892517805099487,-1.2684462796315725,-66.39614773699756,0.9746310744073685,True,True,0
397,8,100.0,11.5,0.25,20.0,300.0,0.02,35.2651280438165,42.781656694356265,70.70221479667413,0.08616285712420713,0.2539084851575141,1.0449176726649039,9.844458197930898,0.036493142001936436,0.6896569728851318,-1.2684489220460333,-66.26466742304406,0.974631021717358,True,True,0
398,8,100.0,11.5,0.25,20.0,300.0,0.02,35.26577401052105,42.7819693913774,70.71032761133972,0.09582743235605504,0.22110393463014752,1.0449232265718327,9.844451849184066,0.036493335479366715,0.6888421177864075,-1.2693293040421596,-66.39601652996286,0.9746134139952148,True,True,0
399,8,100.0,11.5,0.25,20.0,300.0,0.02,35.26559566570513,42.78161986298941,70.70120947451534,0.08704768361429056,0.2487230586459507,1.0449183406253582,9.844453026164045,0.03649316545219979,0.6896379590034485,-1.265928131824205,-66.3001673624915,0.9746814373635159,True,True,0
400,8,100.0,11.5,0.25,20.0,300.0,0.02,35.266194037434644,42.7819497478037,70.70982774462384,0.09537352095879996,0.2229011574957385,1.0449239497947262,9.84444950904889,0.03649336079826678,0.6888282299041748,-1.2689011826770735,-66.34186135444457,0.974621976490995,True,True,0
401,8,100.0,11.5,0.25,20.0,300.0,0.02,35.263133994229314,42.78179419777688,70.70613034918163,0.06824499042647562,0.16838683467013002,1.0449191728917473,9.844450178879049,0.03649319454851332,0.6896260976791382,-1.268576541428015,-2075.089134192164,40.501782683843274,True,False,0
402,8,100.0,11.5,0.25,20.0,300.0,0.02,35.264566928993226,42.78189586359343,70.7086520151577,0.05429843473005467,0.14518729785114046,1.0449159399368857,9.844456289761705,0.036493080987961335,0.6892277598381042,-1.269253331146577,-66.39646400170254,0.9746149335859002,True,True,0
403,8,100.0,11.5,0.25,20.0,300.0,0.02,35.26758142556472,42.78180199121603,70.70627786167928,0.0721262390880697,0.19389313403355987,1.044917222193026,9.844457011139156,0.03649312620950037,0.6896376609802246,-1.268739127459904,-66.33964701133587,0.9746252187850366,True,True,0
404,8,100.0,11.5,0.25,20.0,300.0,0.02,35.26403689261751,42.78181960672265,70.70651501032587,0.06973819833417848,0.1882815175474608,1.0449257732211568,9.844449546384851,0.03649342506104432,0.6892373561859131,-1.267084817464442,-66.32718450566946,0.9746583036507112,True,True,0
405,8,100.0,11.5,0.25,20.0,300.0,0.02,35.265253564558314,42.781926480612,70.70955888271266,0.05366828729687119,0.14480785953753458,1.044916779037229,9.844456448058573,0.03649311045020901,0.689224898815155,-1.2693674743438774,-66.39736782910208,0.9746126507170044,True,True,0
406,8,100.0,11.5,0.25,20.0,300.0,0.02,35.265272542723615,42.781640487469545,70.70181863339405,0.08619656490684319,0.25237797151861874,1.0449182198929052,9.844458749326428,0.036493161142355075,0.6896342039108276,-1.2681268566427346,-66.25469711752464,0.9746374633053272,True,True,0
407,8,100.0,11.5,0.25,20.0,300.0,0.02,35.26590708731115,42.7819693930748,70.71038405282002,0.09559764727831963,0.22136363502044543,1.0449236924120333,9.84445272991531,0.036493351779540044,0.6888211369514465,-1.2689733914897114,-66.3787489989437,0.9746205321702057,True,True,0
408,8,100.0,11.5,0.25,20.0,300.0,0.02,35.262866088444426,42.781775479307775,70.7056160180866,0.06770343159177698,0.16820387202008152,1.0449188029389154,9.844453749062962,0.03649318161426659,0.6896176338195801,-1.2665264632256947,-66.3138510079195,0.9746694707354862,True,True,0
409,8,100.0,11.5,0.25,20.0,300.0,0.02,35.267172104702475,42.78180202584982,70.70603847651765,0.07042079903141714,0.21055880593813395,1.0449157392272617,9.844460011352211,0.03649307396359203,0.6892193555831909,-1.2689927133478087,-66.38030310720849,0.9746201457330438,True,True,0
410,8,100.0,11.5,0.25,20.0,300.0,0.02,35.26649108980818,42.78190654676797,70.70891419804555,0.055921346608999736,0.14124683451522826,1.0449246473741614,9.844445683117552,0.036493385745293906,0.6892188191413879,-1.2691647124840029,-66.39191603447108,0.9746167057879593,True,True,0
411,8,100.0,11.5,0.25,20.0,300.0,0.02,35.26350758044397,42.78181906207334,70.7069241380326,0.06749614819097408,0.17286351821826493,1.044920406130438,9.844458380817752,0.03649323763653759,0.6896179914474487,-1.266895686507721,-66.32407496823576,0.9746620862698456,True,True,0
412,8,100.0,11.5,0.25,20.0,300.0,0.02,35.26778053102087,42.781804853015856,70.70617437177135,0.07046626707618837,0.20851837946553167,1.044916677646616,9.844461881224777,0.03649310680718088,0.6892222762107849,-1.2675239484254133,-66.38623337588777,0.9746495210314917,True,True,0
413,8,100.0,11.5,0.25,20.0,300.0,0.02,35.264124976397206,42.781802215251524,70.70603414851719,0.06733850391344415,0.1860588791834615,1.0449254714100258,9.844447534142045,0.036493414579822296,0.6892178058624268,-1.2663848242868305,-66.31225914654594,0.9746723035142634,True,True,0
414,8,100.0,11.5,0.25,20.0,300.0,0.02,35.26532961074976,42.78194133938443,70.70999316075077,0.05388518893871104,0.14630325720734155,1.0449171437188918,9.84445590463132,0.03649312320673041,0.6892030239105225,-1.2691598933958879,-66.39203888222391,0.9746168023179732,True,True,0
415,8,100.0,11.5,0.25,20.0,300.0,0.02,35.26534371572809,42.78162537672295,70.70141195403482,0.08638397422394284,0.25153151531448514,1.0449185310190243,9.844458585262764,0.036493172012139315,0.6896166205406189,-1.2660177147845082,-66.29989862500511,0.9746796457043099,True,True,0
416,8,100.0,11.5,0.25,20.0,300.0,0.02,35.26597401294582,42.78196366355636,70.7102383392241,0.09536928774892285,0.22198150300832145,1.0449240220993041,9.844452423379144,0.03649336331092698,0.6888033747673035,-1.268919182459134,-2073.3927773383134,40.467855546766266,True,False,0
417,8,100.0,11.5,0.25,20.0,300.0,0.02,35.26292977362272,42.78177999054185,70.70575300002224,0.06797037314823129,0.1680708163067676,1.044919141959764,9.844453292322793,0.03649319345973072,0.6896007061004639,-1.2666865585135958,-66.31301740914006,0.9746662688297281,True,True,0
418,8,100.0,11.5,0.25,20.0,300.0,0.02,35.267232196495506,42.78178956212569,70.70569893994035,0.07026783114066047,0.21005929613848573,1.0449160462313902,9.844459508689598,0.036493084695311685,0.6892029047012329,-1.2693288633601094,-66.39329213640315,0.9746134229703937,True,True,0
419,8,100.0,11.5,0.25,20.0,300.0,0.02,35.26654832347798,42.781901945666114,70.70879236964173,0.05588062642627086,0.14147123038529835,1.0449248365961494,9.844445302273977,0.03649339235643938,0.6892027258872986,-1.2688164272934257,-66.35513206534412,0.9746236714541315,True,True,0
420,8,100.0,11.5,0.25,20.0,300.0,0.02,35.26356169854179,42.78181801618929,70.70689997234084,0.06773651633688099,0.1726987123621847,1.0449206031160616,9.844457849917234,0.03649324451563831,0.6896025538444519,-1.2686061489911742,-2074.762014176904,40.49524028353808,True,False,0
421,8,100.0,11.5,0.25,20.0,300.0,0.02,35.264974815740665,42.78191660100304,70.70930738017903,0.05425423871012733,0.14294606536235085,1.0449169054271576,9.844461104444264,0.03649311476852023,0.6892071962356567,-1.2690393181241706,-66.39745984190546,0.9746192136375166,True,True,0
422,8,100.0,11.5,0.25,20.0,300.0,0.02,35.265028081183104,42.78164836773028,70.70203820703244,0.08616404866229964,0.2527285300620238,1.044918041965997,9.844461601237706,0.03649315490397718,0.6896136403083801,-1.2667396903591863,-66.24740416849096,0.9746652061928163,True,True,0
423,8,100.0,11.5,0.25,20.0,300.0,0.02,35.265679436152,42.781973342404335,70.7104947171114,0.09571341972178081,0.22120052476037586,1.044923745783561,9.84445491957935,0.03649335363067655,0.6887997984886169,-1.269247748897955,-2073.2921181263146,40.465842362526296,True,False,0
424,8,100.0,11.5,0.25,20.0,300.0,0.02,35.265507375723054,42.78161235254763,70.7010531598887,0.08708111407513082,0.24761711388608204,1.0449187011773877,9.844456408311062,0.03649317804913049,0.6895967721939087,-1.2659953174422656,-66.3006446068835,0.9746800936511547,True,True,0
425,8,100.0,11.5,0.25,20.0,300.0,0.02,35.26611048096797,42.78195232007538,70.7099534223106,0.09527193942421153,0.22307834367766363,1.0449244804437479,9.844452440922984,0.03649337934936903,0.6887880563735962,-1.2689414716625314,-2073.5093726181794,40.47018745236359,True,False,0
426,8,100.0,11.5,0.25,20.0,300.0,0.02,35.265992476221555,42.78191469227719,70.70955549378608,0.03819610702524757,0.0488903528288726,1.0449196009667034,9.844453297664504,0.03649320950768999,0.6895869970321655,-1.2689124728191317,-2073.767648664703,40.47535297329406,True,False,0
427,8,100.0,11.5,0.25,20.0,300.0,0.02,35.263208299400766,42.7817990095935,70.70637392692423,0.06614254157769654,0.17309891953009493,1.0449203422941968,9.84446283532193,0.03649323530165087,0.689603865146637,-1.266434712131259,-66.31383356011477,0.9746713057573748,True,True,0
428,8,100.0,11.5,0.25,20.0,300.0,0.02,35.26751643262715,42.78182336473775,70.70668010294072,0.07087641754549112,0.20932359056247812,1.044916444349814,9.844464218309664,0.03649309862739488,0.6892053484916687,-1.2687802764646487,-2074.767961290248,40.49535922580496,True,False,0
429,8,100.0,11.5,0.25,20.0,300.0,0.02,35.26387941100478,42.78181106933688,70.70627121059246,0.06733559565953776,0.1849528541269767,1.0449253269406356,9.844449393165426,0.036493409517213804,0.6891999840736389,-1.266384769644884,-66.31189741934654,0.9746723046071023,True,True,0
430,8,100.0,11.5,0.25,20.0,300.0,0.02,35.265098528345476,42.781931703704345,70.70971887578646,0.05378738643749117,0.1464806353884169,1.044917001939481,9.844458171472148,0.03649311823694434,0.689185619354248,-1.2691394131637543,-2073.592570334302,40.471851406686035,True,False,0
431,8,100.0,11.5,0.25,20.0,300.0,0.02,35.26806280482488,42.78176367715027,70.70528510644036,0.07137863188527632,0.19127360535351517,1.0449183741169255,9.844461041550177,0.036493166519368896,0.6895995736122131,-1.26866897999579,-66.34647955499429,0.9746266221160019,True,True,0
432,8,100.0,11.5,0.25,20.0,300.0,0.02,35.2644860483271,42.78182534705969,70.70674736890095,0.06989502397698436,0.18918835001485643,1.0449267946717118,9.844454209378283,0.03649346078939602,0.6892014741897583,-1.2672937591127371,-66.32847483077066,0.9746541248177453,True,True,0
433,8,100.0,11.5,0.25,20.0,300.0,0.02,35.26567476163623,42.78191653822673,70.70934084326484,0.05370583264521981,0.1442021227848067,1.0449179004961733,9.844459853824736,0.0364931496836011,0.6891898512840271,-1.2683022121891991,-66.3924852493762,0.974633955756216,True,True,0
434,8,100.0,11.5,0.25,20.0,300.0,0.02,35.26566821743486,42.78164606179873,70.70202409810439,0.08596963477594981,0.2518648081682692,1.0449191580470145,9.8444622898784,0.036493193961958534,0.6895999312400818,-1.2662494243227966,-66.27320541735185,0.9746750115135441,True,True,0
435,8,100.0,11.5,0.25,20.0,300.0,0.02,35.266278275746366,42.78194009523657,70.70960444132712,0.09566382261217372,0.22136488868633497,1.0449246399072343,9.844455829558996,0.036493384919691264,0.688787579536438,-1.268950714302321,-66.34171349697853,0.9746209857393481,True,True,0
436,8,100.0,11.5,0.25,20.0,300.0,0.02,35.2632146719384,42.781800566313635,70.70634949346515,0.06774527295169436,0.16933949520546113,1.0449196797280773,9.844456565996733,0.03649321228461103,0.6895849108695984,-1.266609086615708,-66.31426878201626,0.9746678182676858,True,True,0
437,8,100.0,11.5,0.25,20.0,300.0,0.02,35.26749896594198,42.78180725082648,70.70620898807339,0.07041643095070477,0.2088693348791364,1.0449165965010745,9.844462318618186,0.036493103952118404,0.6891874670982361,-1.2674594441188922,-66.39200830935772,0.9746508111176222,True,True,0
438,8,100.0,11.5,0.25,20.0,300.0,0.02,35.26679861836304,42.78188270464826,70.70826336991846,0.05571743440137304,0.14049212964728958,1.0449253333406523,9.844448386312495,0.03649340973351127,0.6891875267028809,-1.269042327250662,-66.3673287024108,0.9746191534723192,True,True,0
439,8,100.0,11.5,0.25,20.0,300.0,0.02,35.263795996892256,42.781833930485796,70.70735142774265,0.06754132337112434,0.1737459626139512,1.044921055894979,9.844460864631229,0.03649326036347968,0.6895875930786133,-1.2670227651155206,-66.32429444796128,0.9746595446976896,True,True,0
440,8,100.0,11.5,0.25,20.0,300.0,0.02,35.26519446184942,42.78190138058881,70.70888311496495,0.05431886364773375,0.1422140227009969,1.0449173782872339,9.84446365605091,0.03649313131424195,0.6891924738883972,-1.2691842828303357,-66.39302736323366,0.9746163144353772,True,True,0
441,8,100.0,11.5,0.25,20.0,300.0,0.02,35.26523399518577,42.78166267107141,70.70243732590856,0.08588434660270276,0.25293664153316653,1.044918455529353,9.844464263977265,0.0364931693782066,0.6895991563796997,-1.2666235041193707,-66.24568286834398,0.9746675299176126,True,True,0
442,8,100.0,11.5,0.25,20.0,300.0,0.02,35.26587247723349,42.781960104955935,70.71011941698616,0.095910526721245,0.2208991344082197,1.0449242295139103,9.844457219249959,0.03649337054587279,0.6887855529785156,-1.2691782932735358,-66.39218249359038,0.9746164343930376,True,True,0
443,8,100.0,11.5,0.25,20.0,300.0,0.02,35.265688227712765,42.78162520349726,70.70140622744867,0.08685792878818828,0.24778202576911187,1.0449190734632725,9.84445871200882,0.03649319107791373,0.6895827651023865,-1.265807547263625,-66.3001623518175,0.9746838490547275,True,True,0
444,8,100.0,11.5,0.25,20.0,300.0,0.02,35.26627991687862,42.7819398647912,70.70959577284368,0.09544805117383036,0.22283910449719654,1.044924871588785,9.844454561712086,0.03649339302724131,0.6887743473052979,-1.2683544932215587,-66.34052263804455,0.9746329101355689,True,True,0
445,8,100.0,11.5,0.25,20.0,300.0,0.02,35.26321466082206,42.78179898222846,70.70630443161258,0.06811052424010551,0.16889659243676886,1.0449199276257302,9.844455344706775,0.03649322093929308,0.6895735263824463,-1.2685661662307515,-2075.0110460697397,40.50022092139479,True,False,0
446,8,100.0,11.5,0.25,20.0,300.0,0.02,35.26464177053222,42.781901909726976,70.70885968730174,0.054298058690472314,0.1453183326322663,1.0449167786928797,9.844461028323678,0.03649311031613387,0.689176619052887,-1.2687587226704564,-66.39523068670442,0.9746248255465909,True,True,0
447,8,100.0,11.5,0.25,20.0,300.0,0.02,35.26765170578976,42.78179373445648,70.70608123333403,0.07183118967658382,0.19242991445548965,1.044917855900242,9.844462040260723,0.03649314836703703,0.6895877122879028,-1.26868291253336,-66.33472109993198,0.9746263429760796,True,True,0
448,8,100.0,11.5,0.25,20.0,300.0,0.02,35.26410248624336,42.781823638091154,70.70665989426925,0.06979147137180162,0.1877466593792794,1.0449264074492075,9.8444544926553,0.03649344723230488,0.6891887784004211,-1.2664462921106183,-66.31510066455883,0.9746710741577876,True,True,0
449,8,100.0,11.5,0.25,20.0,300.0,0.02,35.26531414332221,42.78192055102419,70.70942357716154,0.053564450116157694,0.1448892876943917,1.0449175222510945,9.844460866161599,0.03649313643645029,0.689177393913269,-1.269212231579112,-66.39160031857476,0.9746157553900567,True,True,0
450,8,100.0,11.5,0.25,20.0,300.0,0.02,35.26532950324255,42.781644067866985,70.70194657669715,0.0860218625468543,0.25153638306929477,1.0449187980218761,9.84446343117302,0.03649318135529312,0.6895878911018372,-1.2682381563009555,-66.24874036108426,0.9746352369953506,True,True,0
451,8,100.0,11.5,0.25,20.0,300.0,0.02,35.26595974489166,42.78196281349748,70.71022625418975,0.09564583171627188,0.2217375545522894,1.0449244507424214,9.844456847913369,0.036493378291073963,0.6887757778167725,-1.2688788394425299,-66.34591468456924,0.9746224232111494,True,True,0
452,8,100.0,11.5,0.25,20.0,300.0,0.02,35.26291555805035,42.78177996936437,70.70576535863229,0.06760686816258843,0.16855259984301385,1.0449193900271334,9.844458033103626,0.036493202140161496,0.6895734667778015,-1.266520096637623,-66.31302499686635,0.9746695980672475,True,True,0
453,8,100.0,11.5,0.25,20.0,300.0,0.02,35.267217680443714,42.781804980838395,70.70614420399802,0.07044533111432925,0.20950678241238468,1.044916414494944,9.844463976288115,0.036493097572807276,0.6891763806343079,-1.2690167949756428,-66.3721612191445,0.974619664741066,True,True,0
454,8,100.0,11.5,0.25,20.0,300.0,0.02,35.26653412939667,42.781901016571496,70.70877995236413,0.0558202972277235,0.14009998977832253,1.0449251459472493,9.844449844098177,0.03649340317266044,0.6891767382621765,-1.2685685412040395,-66.37884555324064,0.9746286291759192,True,True,0
455,8,100.0,11.5,0.25,20.0,300.0,0.02,35.2635475047256,42.78182290682293,70.70705113052944,0.06743523755411435,0.17310083197535614,1.0449209012642084,9.844462459791902,0.03649325494627654,0.6895772218704224,-1.2665299827585164,-66.3135404814326,0.9746694003448296,True,True,0
456,8,100.0,11.5,0.25,20.0,300.0,0.02,35.267817163124136,42.78179989741125,70.70605429761804,0.07047699300090261,0.20754795399942905,1.044917286044345,9.844465472665151,0.03649312807778585,0.6891823410987854,-1.2681946136767241,-66.37693532828841,0.9746361077264655,True,True,0
457,8,100.0,11.5,0.25,20.0,300.0,0.02,35.26415953017255,42.78180458902688,70.70611736708378,0.06732160857730649,0.18554315279087394,1.0449259241301954,9.84445142027087,0.03649343040365778,0.6891787648200989,-1.2664016668792568,-66.29121827017521,0.9746719666624148,True,True,0
458,8,100.0,11.5,0.25,20.0,300.0,0.02,35.26536129672446,42.78193798774732,70.70991568078261,0.053822853036195384,0.14652094829339882,1.0449177209895955,9.844459279137137,0.036493143388653414,0.6891650557518005,-1.2691624757667663,-66.39146652319825,0.974616750569671,True,True,0
459,8,100.0,11.5,0.25,20.0,300.0,0.02,35.265373545992,42.78162747488226,70.70148539015305,0.08626676073461705,0.2508187163953476,1.0449189661493516,9.844462201580736,0.0364931872231914,0.6895795464515686,-1.2659704824858047,-66.30039194768719,0.9746805903502839,True,True,0
460,8,100.0,11.5,0.25,20.0,300.0,0.02,35.26600134007484,42.78195967828606,70.71014120968171,0.09539711091549052,0.22253892581074672,1.044924585875305,9.844455644397325,0.03649338301945661,0.68876713514328,-1.2683512302585256,-66.34257626619242,0.9746329753948295,True,True,0
461,8,100.0,11.5,0.25,20.0,300.0,0.02,35.26295551565396,42.78178282966411,70.70584509627709,0.06790635266895655,0.1682967455102933,1.0449195957926607,9.844456595607088,0.03649320932483785,0.6895654201507568,-1.2666687961017022,-66.31405239404211,0.974666624077966,True,True,0
462,8,100.0,11.5,0.25,20.0,300.0,0.02,35.26725569796957,42.7817912658618,70.70575939163763,0.07028809345810318,0.20926185705323785,1.044916557553126,9.844462481809336,0.03649310257099159,0.6891685724258423,-1.2688997957392814,-66.3932831700582,0.9746220040852144,True,True,0
463,8,100.0,11.5,0.25,20.0,300.0,0.02,35.266570591098414,42.781898570474034,70.70870920810746,0.055825270108520814,0.14058441566018084,1.0449252133685543,9.844448612198851,0.03649340552470367,0.6891691088676453,-1.2687562979037623,-66.34157791289252,0.9746248740419248,True,True,0
464,8,100.0,11.5,0.25,20.0,300.0,0.02,35.263582227848914,42.781819565150705,70.70695387487075,0.06770081143498075,0.17288985682862243,1.0449210201326116,9.844460986456973,0.036493259093146664,0.6895700097084045,-1.2664666818566412,-66.31434927467416,0.9746706663628671,True,True,0
465,8,100.0,11.5,0.25,20.0,300.0,0.02,35.26499350369301,42.781914426424585,70.70925728455532,0.05425477089686177,0.14313920041613387,1.0449173746797407,9.84446390713303,0.036493131173044153,0.6891753673553467,-1.268613959816234,-66.39181076179288,0.9746277208036753,True,True,0
466,8,100.0,11.5,0.25,20.0,300.0,0.02,35.26504568932576,42.78164972309604,70.70208579497378,0.08607582371133801,0.25210935404802853,1.044918388506112,9.84446460185713,0.036493167016850986,0.6895825862884521,-1.266935714314553,-66.246565515959,0.9746612857137089,True,True,0
467,8,100.0,11.5,0.25,20.0,300.0,0.02,35.26569539101928,42.78197142111002,70.71045061781882,0.09573082839948974,0.22168433853586694,1.0449242153915506,9.844457587188113,0.036493370046544196,0.6887694001197815,-1.2690223356016128,-66.37608391369751,0.9746195532879678,True,True,0
468,8,100.0,11.5,0.25,20.0,300.0,0.02,35.26552247269034,42.781613543533396,70.70109516904222,0.08702329143182089,0.24702677965914757,1.044919027664377,9.844459226677936,0.03649318946088343,0.6895671486854553,-1.2659319152777646,-66.30025504529402,0.9746813616944447,True,True,0
469,8,100.0,11.5,0.25,20.0,300.0,0.02,35.266124098373865,42.78195023937946,70.70990399537351,0.09528787500049132,0.22354734301137652,1.044924915785138,9.844454939779773,0.036493394567318475,0.6887590885162354,-1.2688855865821052,-2073.5138768187026,40.47027753637405,True,False,0
470,8,100.0,11.5,0.25,20.0,300.0,0.02,35.2630688960193,42.78178848283198,70.70602885708236,0.06820395936790524,0.16828861973340636,1.0449199471633601,9.844455839665072,0.03649322160895541,0.6895588040351868,-1.2685243351954627,-2075.1223536468046,40.50244707293609,True,False,0
471,8,100.0,11.5,0.25,20.0,300.0,0.02,35.26450475163557,42.781891455186816,70.7085875061019,0.054263588958962564,0.14598209453244493,1.0449168283470205,9.84446163095795,0.03649311204201998,0.6891623735427856,-1.269274905580145,-66.39408806258365,0.9746145020093421,True,True,0
472,8,100.0,11.5,0.25,20.0,300.0,0.02,35.26752349143551,42.78180209754358,70.70633672810536,0.07208938834809765,0.1922520042168798,1.0449178486003337,9.844462768435012,0.03649314809943101,0.6895738840103149,-1.2686513320763761,-66.33504157701107,0.974626974703914,True,True,0
473,8,100.0,11.5,0.25,20.0,300.0,0.02,35.263982254938114,42.78181464101226,70.70643035341662,0.06968851707087484,0.18714318562726848,1.0449263801638753,9.84445512111106,0.0364934462721243,0.6891753673553467,-1.266362124509952,-66.31267863633768,0.974672757509801,True,True,0
474,8,100.0,11.5,0.25,20.0,300.0,0.02,35.265201127576056,42.78192743714488,70.70963961236973,0.05350115335569257,0.14545869160521707,1.044917590010549,9.844461443126512,0.03649313879767979,0.6891643404960632,-1.2689794883921277,-66.39150274937039,0.9746204102321574,True,True,0
475,8,100.0,11.5,0.25,20.0,300.0,0.02,35.265223673376674,42.78163598722411,70.70174367958572,0.0861312452340327,0.2509939353313398,1.044918815075023,9.844464111775345,0.036493181941664336,0.6895752549171448,-1.268053089615151,-66.2558634878597,0.9746389385180099,True,True,0
476,8,100.0,11.5,0.25,20.0,300.0,0.02,35.26586019113133,42.78196906875838,70.71042577021532,0.09553902413969156,0.2222439066458172,1.0449245062606152,9.844457477711451,0.036493380229696504,0.6887634992599487,-1.2684609015519086,-66.34181649056887,0.9746307819689618,True,True,0
477,8,100.0,11.5,0.25,20.0,300.0,0.02,35.26282251581391,42.78177243251635,70.70557813960804,0.06766703641256189,0.16815528523777756,1.0449194504500157,9.844458713101963,0.036493204244443474,0.6895615458488464,-1.2667084216082312,-66.31208990125603,0.9746658315678354,True,True,0
478,8,100.0,11.5,0.25,20.0,300.0,0.02,35.26713031872855,42.781798054745586,70.7059748290206,0.07039614998375346,0.20957812682940147,1.044916494401049,9.844464666408344,0.036493100360459566,0.6891648769378662,-1.267764183973845,-66.38208648356951,0.9746447163205231,True,True,0
479,8,100.0,11.5,0.25,20.0,300.0,0.02,35.266452298075635,42.78190604080911,70.70894505469411,0.05585461038338679,0.14003611864011128,1.0449251791287926,9.844450584900018,0.036493404328320454,0.689165472984314,-1.2689743709151533,-66.35981365331091,0.9746205126759775,True,True,0
480,8,100.0,11.5,0.25,20.0,300.0,0.02,35.26347080461693,42.781816502742664,70.70689613951589,0.06749947039666064,0.1727828118297813,1.0449209517890854,9.84446314471644,0.036493256705989706,0.6895663738250732,-1.2666117327903983,-66.31389537208298,0.9746677653441921,True,True,0
481,8,100.0,11.5,0.25,20.0,300.0,0.02,35.2677451192033,42.78180421751979,70.70619982711428,0.07043132397960264,0.20758338907233873,1.0449173760166555,9.844466206039138,0.03649313121857275,0.6891717910766602,-1.267352673451769,-66.38387177377464,0.9746529465309646,True,True,0
482,8,100.0,11.5,0.25,20.0,300.0,0.02,35.26409214512125,42.78179899686172,70.70598488774887,0.06724939989151339,0.1851542618995231,1.0449259707349077,9.844452138138978,0.036493432029552096,0.6891684532165527,-1.2663303617657826,-66.2747731328746,0.9746733927646843,True,True,0
483,8,100.0,11.5,0.25,20.0,300.0,0.02,35.26529789561125,42.781941585961484,70.71004042243143,0.05378631896609416,0.1468742174754823,1.0449178339000669,9.844459950280381,0.03649314733236076,0.689155101776123,-1.2691333630271997,-2073.4584857747104,40.46916971549421,True,False,0
484,8,100.0,11.5,0.25,20.0,300.0,0.02,35.26531421954084,42.78162244923526,70.70136829929403,0.08632784571667707,0.2504553263473589,1.044919015594715,9.84446291864932,0.036493188946530336,0.689569890499115,-1.2660062098055742,-66.30033344186084,0.9746798758038885,True,True,0
485,8,100.0,11.5,0.25,20.0,300.0,0.02,35.265945530261526,42.781962075850835,70.71023190887483,0.09533429343126056,0.22287359073710122,1.0449246812647708,9.844456306374903,0.03649338635327319,0.6887577176094055,-1.2689080251244595,-2073.3992599193493,40.46798519838699,True,False,0
486,8,100.0,11.5,0.25,20.0,300.0,0.02,35.26583966345814,42.781905808442026,70.7093116218807,0.03784521828847841,0.048034152850902574,1.0449196719101175,9.84445727458007,0.03649321198156833,0.6895562410354614,-1.2684415682911694,-66.3914369463094,0.9746311686341766,True,True,0
487,8,100.0,11.5,0.25,20.0,300.0,0.02,35.2659200949742,42.78164042189213,70.70194077015411,0.08582130184448739,0.253110071546391,1.044920465688044,9.844466956694646,0.03649323961088613,0.6895738840103149,-1.2658845501766558,-66.30064032244346,0.9746823089964669,True,True,0
488,8,100.0,11.5,0.25,20.0,300.0,0.02,35.26652130545203,42.78192023476338,70.70910045727095,0.09546426430000701,0.22098575362402004,1.0449254410404762,9.844457942460892,0.03649341293434853,0.6887648701667786,-1.2682588589417552,-66.34259556285821,0.9746348228211649,True,True,0
489,8,100.0,11.5,0.25,20.0,300.0,0.02,35.26344424710373,42.7818130710926,70.70674135039178,0.06792336632687762,0.16981586612211316,1.0449203711629733,9.844458193006206,0.03649323646448591,0.689559280872345,-1.2686152035209488,-2074.8346696134854,40.49669339226971,True,False,0
490,8,100.0,11.5,0.25,20.0,300.0,0.02,35.26485769031466,42.78191635214574,70.70929999828797,0.05435686573558168,0.14456969951887882,1.0449172379129303,9.844463510519935,0.03649312638620938,0.6891631484031677,-1.2691458517574234,-2073.740692983239,40.474813859664785,True,False,0
491,8,100.0,11.5,0.25,20.0,300.0,0.02,35.26785422544106,42.78177784195297,70.70566675671833,0.07137794904212917,0.19180016116445703,1.044918269817061,9.844464602505719,0.036493162855233435,0.6895741820335388,-1.2686386060123962,-66.33453453216819,0.9746272290560999,True,True,0
492,8,100.0,11.5,0.25,20.0,300.0,0.02,35.26429243335524,42.78183571171558,70.70702361079096,0.06995290242210322,0.1881578376035994,1.0449268525764293,9.844457133730522,0.03649346280153595,0.689175546169281,-1.2671651858859374,-66.32503840906595,0.9746566962822812,True,True,0
493,8,100.0,11.5,0.25,20.0,300.0,0.02,35.26549223466709,42.781907563302994,70.70908179524226,0.0536223198203533,0.14434305476754763,1.0449179222860243,9.844463079112186,0.03649315043358672,0.689164400100708,-1.2691987171309016,-66.39253852437943,0.9746160257317419,True,True,0
494,8,100.0,11.5,0.25,20.0,300.0,0.02,35.26549652800634,42.78165490440718,70.70226818125342,0.08581020494757224,0.2516890703353368,1.04491915013906,9.844465779769891,0.036493193678635905,0.6895751357078552,-1.2663938951260665,-66.2478573124663,0.9746721220974787,True,True,0
495,8,100.0,11.5,0.25,20.0,300.0,0.02,35.26611638961553,42.78195062912657,70.70989958093142,0.0958037964097882,0.2215198954391061,1.0449248586232243,9.844458856559319,0.03649339255429085,0.6887632608413696,-1.2690110986435168,-66.34866807684931,0.9746197782474308,True,True,0
496,8,100.0,11.5,0.25,20.0,300.0,0.02,35.263062199826315,42.78179052278808,70.70607272425121,0.06749083589595672,0.16922283888158712,1.0449196993789351,9.84446011200781,0.03649321296636274,0.6895611882209778,-1.2667026085392663,-66.31260953435745,0.9746659478292147,True,True,0
497,8,100.0,11.5,0.25,20.0,300.0,0.02,35.26735494271918,42.78181422881456,70.70641225796682,0.0705354149739429,0.2088174999841096,1.0449167413087828,9.844465842840366,0.0364931090068517,0.689164400100708,-1.268829414761317,-66.3512028369359,0.9746234132608993,True,True,0
498,8,100.0,11.5,0.25,20.0,300.0,0.02,35.26666299864626,42.78189104822194,70.7085070788469,0.05574777423222403,0.13949253819177762,1.044925457605055,9.844451736754117,0.03649341407223511,0.689164936542511,-1.2681452124759265,-66.38109139208086,0.9746370957504815,True,True,0
499,8,100.0,11.5,0.25,20.0,300.0,0.02,35.26366805536263,42.781831916669866,70.707307839585,0.06733623782101418,0.1736704631832872,1.0449211700540908,9.844464349115984,0.03649326435167397,0.6895656585693359,-1.2664639400579876,-66.31520822007855,0.9746707211988402,True,True,0
500,8,100.0,11.5,0.25,20.0,300.0,0.02,35.267929966075094,42.78179117485295,70.70581260792704,0.0705526679834843,0.20694628659308473,1.044917567820609,9.844467194060565,0.0364931379350198,0.6891710162162781,-1.2688837958880832,-66.35782708846938,0.9746223248582027,True,True,0
501,8,100.0,11.5,0.25,20.0,300.0,0.02,35.264265246845575,42.78181206819568,70.70632753545543,0.06741809620894884,0.18570247588316777,1.0449261705705795,9.844453140098686,0.03649343902190312,0.6891676783561707,-1.266406993604379,-66.29399561897847,0.9746718601279124,True,True,0
502,8,100.0,11.5,0.25,20.0,300.0,0.02,35.26546031754555,42.7819309613144,70.70971826666148,0.05384797343636541,0.14623558621314614,1.0449179801254163,9.84446081332038,0.03649315245329982,0.6891542077064514,-1.2686954757594688,-66.39080021719627,0.9746260904848106,True,True,0
503,8,100.0,11.5,0.25,20.0,300.0,0.02,35.26546637948897,42.78163418395009,70.70167118140454,0.0861379082870905,0.25083410308617815,1.0449191865019911,9.844463770871696,0.03649319493279446,0.6895689368247986,-1.2653838310502707,-66.29491192697579,0.9746923233789946,True,True,0
504,8,100.0,11.5,0.25,20.0,300.0,0.02,35.26608825804032,42.781952987547776,70.70995071437301,0.0954900486093731,0.222472367742975,1.0449248264816533,9.844457023838023,0.03649339143195289,0.6887567043304443,-1.2689288359839244,-66.3410669742665,0.9746214232904509,True,True,0
505,8,100.0,11.5,0.25,20.0,300.0,0.02,35.26303691027335,42.78178938601076,70.70602443222728,0.06783353437415393,0.1686949826504647,1.0449197943258688,9.844457950949469,0.03649321627062748,0.6895551681518555,-1.2667867170280105,-66.31248328816926,0.9746642656594398,True,True,0
506,8,100.0,11.5,0.25,20.0,300.0,0.02,35.26733179749923,42.781796972209044,70.70591411415137,0.07034136498733601,0.2087971542293093,1.04491677588164,9.844463763663065,0.03649311020751023,0.68915855884552,-1.268766372589793,-66.39098455930915,0.9746246725482042,True,True,0
507,8,100.0,11.5,0.25,20.0,300.0,0.02,35.266642013682024,42.78189309810402,70.70854996644911,0.05578337366907429,0.14015875259739624,1.0449253908687914,9.844449951859778,0.03649341173107084,0.6891593337059021,-1.268926285497088,-66.3423940315645,0.9746214743069385,True,True,0
508,8,100.0,11.5,0.25,20.0,300.0,0.02,35.26364900686293,42.7818246927841,70.70709087574699,0.06764069254153722,0.17323125813510065,1.044921189370628,9.844462207210954,0.036493265013440426,0.6895604133605957,-1.2667409161144951,-66.31458408739267,0.9746651816777101,True,True,0
509,8,100.0,11.5,0.25,20.0,300.0,0.02,35.2650559895507,42.78191008266511,70.70912864052603,0.054278970457472174,0.14296544375106401,1.0449175645963926,9.844465070572536,0.03649313781504462,0.6891660094261169,-1.2691799258486218,-66.39108217319023,0.9746164015573722,True,True,0
510,8,100.0,11.5,0.25,20.0,300.0,0.02,35.26510426121716,42.78165431755627,70.7022068942603,0.08598699156574456,0.2520685337268171,1.044918543830971,9.844465795568212,0.03649317244992071,0.6895734667778015,-1.2662829312587256,-66.24566604737828,0.9746743413748254,True,True,0
511,8,100.0,11.5,0.25,20.0,300.0,0.02,35.26575019309727,42.78196764186636,70.71033686620622,0.0957923281864019,0.22167809611601705,1.0449244117808194,9.844458615760267,0.03649337691193582,0.6887604594230652,-1.268851667416743,-66.37557323123556,0.9746229666516651,True,True,0
512,8,100.0,11.5,0.25,20.0,300.0,0.02,35.26557381569855,42.78161766012648,70.70120225904697,0.0869526949439268,0.24697841233538784,1.0449191704893024,9.844460318231864,0.03649319445639509,0.6895583868026733,-1.2660026399873592,-66.29984172362362,0.9746799472002529,True,True,0
513,8,100.0,11.5,0.25,20.0,300.0,0.02,35.26617210695439,42.78194655287437,70.70979249611894,0.09534327335565178,0.22355678346313362,1.044925083226016,9.844455968868001,0.03649340042057564,0.6887505054473877,-1.268908132969302,-66.34144773183313,0.9746218373760507,True,True,0
514,8,100.0,11.5,0.25,20.0,300.0,0.02,35.263113843486785,42.78179217449161,70.70612366252003,0.06815948063189267,0.1685268587122191,1.0449200811007808,9.84445682672313,0.03649322629331802,0.6895503997802734,-1.2685504572386372,-2075.0836322444256,40.501672644888515,True,False,0
515,8,100.0,11.5,0.25,20.0,300.0,0.02,35.26454676845387,42.78189529679899,70.70868649815195,0.05428206403462825,0.1458754408760179,1.044916975367059,9.844462455772307,0.036493117183299804,0.6891541481018066,-1.2691767193715144,-66.3917372561501,0.974616465866688,True,True,0
516,8,100.0,11.5,0.25,20.0,300.0,0.02,35.26756282782926,42.7817990807583,70.70624348375817,0.07198092750343336,0.19197070567683955,1.0449179654010767,9.844463611616275,0.03649315218436825,0.689565896987915,-1.2686999376817631,-66.33516471897997,0.9746260024565442,True,True,0
517,8,100.0,11.5,0.25,20.0,300.0,0.02,35.264019053347205,42.78181777535248,70.70650926631947,0.06972757158518307,0.18714810148760014,1.0449265043577933,9.844456032810236,0.0364934506133466,0.6891675591468811,-1.2665963616866889,-66.31322237580783,0.9746680727662662,True,True,0
518,8,100.0,11.5,0.25,20.0,300.0,0.02,35.26523547472735,42.78192510230339,70.70956559070827,0.05350338621919319,0.14538537999592888,1.0449177227113857,9.844462263437713,0.03649314343764193,0.689156711101532,-1.269131752800146,-66.39095353400396,0.9746173649439971,True,True,0
519,8,100.0,11.5,0.25,20.0,300.0,0.02,35.265255862119865,42.781638786749916,70.7018133912949,0.08607737355777317,0.2509227333746229,1.0449189177509082,9.84446493260152,0.03649318553214798,0.6895678043365479,-1.2682032712926707,-66.25188157940502,0.9746359346104202,True,True,0
520,8,100.0,11.5,0.25,20.0,300.0,0.02,35.26589025250063,42.78196674456644,70.71035213334467,0.09557554595352442,0.22228065685572573,1.0449246422066647,9.844458189101228,0.03649338498156523,0.6887561678886414,-1.268870394606568,-66.34141916250007,0.9746225922530181,True,True,0
521,8,100.0,11.5,0.25,20.0,300.0,0.02,35.26285064501456,42.78177521319198,70.70564747637994,0.06763650248792463,0.1683138419463887,1.0449195493257826,9.844459456420813,0.03649320770182861,0.6895543932914734,-1.2665906925792312,-66.31323826131623,0.9746681861484153,True,True,0
522,8,100.0,11.5,0.25,20.0,300.0,0.02,35.26715652646732,42.78180041834759,70.70603275773973,0.07041991672898382,0.20933642575207242,1.0449166092918927,9.844465385866203,0.03649310437740159,0.6891579031944275,-1.26834667309528,-66.37802981891852,0.9746330665380945,True,True,0
523,8,100.0,11.5,0.25,20.0,300.0,0.02,35.266476901090236,42.78190413431126,70.70888340462302,0.05584074664767332,0.139799250586321,1.0449252647907543,9.844451341024786,0.03649340732215008,0.6891586184501648,-1.2685259807912594,-66.3564806892227,0.9746294803841749,True,True,0
524,8,100.0,11.5,0.25,20.0,300.0,0.02,35.26349375565496,42.78181886442019,70.70695417762866,0.06747543964208737,0.17292140486973698,1.044921039328219,9.844463821254624,0.03649325976669444,0.6895596981048584,-1.2667963461627103,-66.31267249697837,0.9746640730767457,True,True,0
525,8,100.0,11.5,0.25,20.0,300.0,0.02,35.26776648294037,42.78180254268142,70.70614513779772,0.07045055151107592,0.20736734155288788,1.0449174752215509,9.844466768079853,0.036493134687014275,0.6891652941703796,-1.267447227492311,-66.38084694411133,0.9746510554501537,True,True,0
526,8,100.0,11.5,0.25,20.0,300.0,0.02,35.26411217179217,42.78180089291374,70.70603028732182,0.06727178019145542,0.18512094827618572,1.0449260470919997,9.844452794101086,0.03649343469803311,0.6891621351242065,-1.2664510432106846,-66.27268845518128,0.9746709791357863,True,True,0
527,8,100.0,11.5,0.25,20.0,300.0,0.02,35.26531654879243,42.78194033212839,70.70999786995544,0.053784251945515144,0.14685039463449284,1.0449179337744556,9.84446051756763,0.03649315082400603,0.6891488432884216,-1.2692197431102032,-66.39158229089645,0.9746156051654765,True,True,0
528,8,100.0,11.5,0.25,20.0,300.0,0.02,35.2653317100201,42.781624142576845,70.70140840343254,0.08629402907363526,0.25037571406364156,1.0449190868034641,9.844463528887312,0.03649319143597499,0.6895638108253479,-1.2659135219336959,-66.30154647425543,0.974681729561326,True,True,0
529,8,100.0,11.5,0.25,20.0,300.0,0.02,35.26596180662608,42.78196158402112,70.71021115181351,0.09535563704969127,0.22292624194867333,1.0449247736352159,9.844456843543664,0.03649338958168967,0.688751757144928,-1.2688569080574177,-2073.401223014527,40.46802446029054,True,False,0
530,8,100.0,11.5,0.25,20.0,300.0,0.02,35.262918601708556,42.78177992692631,70.70577968508736,0.06792219641271285,0.168167537067035,1.0449197451520478,9.844457888330703,0.036493214541930934,0.6895504593849182,-1.2666640974315482,-66.31394438071214,0.9746667180513691,True,True,0
531,8,100.0,11.5,0.25,20.0,300.0,0.02,35.26722086956091,42.78178838483566,70.70569492324812,0.07027692905151425,0.20908970602385396,1.0449167310871759,9.844463703308206,0.03649310863458173,0.6891540288925171,-1.2684084668460545,-66.39159551269543,0.9746318306630789,True,True,0
532,8,100.0,11.5,0.25,20.0,300.0,0.02,35.26653803532781,42.78190005204037,70.70876637544663,0.05583613673966646,0.14032147715920465,1.0449253284023856,9.844449922308,0.036493409542870656,0.6891549229621887,-1.2683419552849995,-66.34210371290422,0.9746331608943,True,True,0
533,8,100.0,11.5,0.25,20.0,300.0,0.02,35.263551628215446,42.781816989276244,70.70689704594652,0.06772551700377527,0.1727978967259309,1.04492116200212,9.844462132869937,0.036493264049281084,0.6895563006401062,-1.2665971537134089,-66.31294887736769,0.9746680569257318,True,True,0
534,8,100.0,11.5,0.25,20.0,300.0,0.02,35.26496457437811,42.781915788517004,70.70931093668877,0.05424863101959519,0.14337727705768738,1.044917542096771,9.844465072339103,0.036493137023246185,0.6891619563102722,-1.268583140879077,-66.3910627096341,0.9746283371824185,True,True,0
535,8,100.0,11.5,0.25,20.0,300.0,0.02,35.26501863236641,42.78164739553347,70.70203557683588,0.0860906352554714,0.25175885357634914,1.0449185036928796,9.844465814983227,0.036493171040067364,0.6895695924758911,-1.2666876340811688,-66.24639532247653,0.9746662473183766,True,True,0
536,8,100.0,11.5,0.25,20.0,300.0,0.02,35.26566977553437,42.781972583231685,70.71049814138036,0.09570309909597659,0.2219855144072931,1.0449243757429627,9.84445864193002,0.03649337565127093,0.6887567043304443,-1.2690005599473073,-2073.2871655777353,40.46574331155471,True,False,0
537,8,100.0,11.5,0.25,20.0,300.0,0.02,35.26549856946736,42.78161144701546,70.70105072911623,0.08704017525453148,0.24669879930556243,1.0449191456508524,9.844460376548875,0.03649319358240721,0.689554750919342,-1.265757875357919,-66.29999512103325,0.9746848424928416,True,True,0
538,8,100.0,11.5,0.25,20.0,300.0,0.02,35.26610147725651,42.781951094484846,70.70994221742255,0.0952635757172793,0.22382951733503237,1.0449250767154978,9.84445601265602,0.03649340019226353,0.6887470483779907,-1.2688853132644087,-2073.515291879351,40.47030583758702,True,False,0
539,8,100.0,11.5,0.25,20.0,300.0,0.02,35.263047794627525,42.78178659268396,70.70598948529032,0.06821180342529785,0.16822161232183633,1.0449200778978538,9.844456968030627,0.03649322617656766,0.689547061920166,-1.2686414554585212,-2075.1359874127693,40.50271974825539,True,False,0
540,8,100.0,11.5,0.25,20.0,300.0,0.02,35.26448476889707,42.78188978084622,70.70855421479716,0.05426410669082375,0.14616458734277418,1.0449169768118907,9.844462669822045,0.03649311723035814,0.6891509294509888,-1.2691951614240429,-66.3912769133756,0.9746160968742024,True,True,0
541,8,100.0,11.5,0.25,20.0,300.0,0.02,35.26750484625221,42.78180273655389,70.7063676922203,0.07211465712910341,0.19198398286487575,1.0449179514814089,9.844463793115661,0.03649315169341121,0.6895627975463867,-1.268676534910697,-66.33589993816857,0.9746264709510016,True,True,0
542,8,100.0,11.5,0.25,20.0,300.0,0.02,35.2639647266379,42.78181301533493,70.70639756737287,0.06967560386238146,0.1869167309393107,1.044926478313343,9.844456116723107,0.036493449701442575,0.6891645789146423,-1.266568587889133,-66.31267928938392,0.9746686282422173,True,True,0
543,8,100.0,11.5,0.25,20.0,300.0,0.02,35.26518450788562,42.781928095560595,70.70967061926164,0.053482684060665905,0.14562842174138338,1.0449177300834118,9.84446239402581,0.03649314369304556,0.689153790473938,-1.269233457972173,-66.39093497304471,0.9746153308663228,True,True,0
544,8,100.0,11.5,0.25,20.0,300.0,0.02,35.265208149366906,42.78163452270269,70.701714700843,0.08613759243625152,0.2507327902431516,1.0449189132027408,9.844465076086157,0.03649318536983862,0.6895650029182434,-1.2680880079269272,-66.2575262782206,0.9746382401513951,True,True,0
545,8,100.0,11.5,0.25,20.0,300.0,0.02,35.2658454498265,42.78196948116927,70.71044924687787,0.09552265145611716,0.22246704204463988,1.044924644342128,9.844458396299014,0.03649338505615894,0.6887534856796265,-1.2688495905231698,-2073.296931658926,40.465938633178524,True,False,0
546,8,100.0,11.5,0.25,20.0,300.0,0.02,35.26280879778735,42.78177125226001,70.70555631882029,0.06767064072288445,0.16811410470262075,1.0449195600899583,9.844459564349634,0.03649320807552499,0.689551830291748,-1.2666240859173958,-66.31332778961804,0.9746675182816521,True,True,0
547,8,100.0,11.5,0.25,20.0,300.0,0.02,35.26711730421398,42.78179678475631,70.70595049732987,0.07039411154599419,0.20943374113222363,1.0449166216757726,9.844465534524252,0.036493104808608755,0.6891553997993469,-1.2677264967977893,-66.38442728531746,0.9746454700640442,True,True,0
548,8,100.0,11.5,0.25,20.0,300.0,0.02,35.26644017649337,42.78190633165607,70.70896388131786,0.05585711634887766,0.13984361885614574,1.0449252692658304,9.844451515228108,0.0364934074777209,0.689156174659729,-1.2689344489200916,-66.35120903587364,0.9746213112079302,True,True,0
549,8,100.0,11.5,0.25,20.0,300.0,0.02,35.26345937756168,42.7818155079515,70.70687857486294,0.06750972766540352,0.17275897280546285,1.044921057276983,9.844463988111166,0.03649326039212283,0.6895574331283569,-1.2665414020496624,-66.31426405256046,0.9746691719590067,True,True,0
550,8,100.0,11.5,0.25,20.0,300.0,0.02,35.26773427098,42.781804433443696,70.70621612548236,0.07042797542711281,0.20744408315760293,1.044917494907436,9.844466972812373,0.0364931353738903,0.6891630291938782,-1.267540618083996,-66.38323960552597,0.9746491876383201,True,True,0
551,8,100.0,11.5,0.25,20.0,300.0,0.02,35.26408204239194,42.7817979715572,70.70596596092295,0.06723647450567004,0.18498173065288,1.0449260565876637,9.844452983369935,0.036493435029450044,0.6891599297523499,-1.2663700512122926,-66.26859963627305,0.9746725989757541,True,True,0
552,8,100.0,11.5,0.25,20.0,300.0,0.02,35.2652882660414,42.781941886432726,70.71005837261276,0.05377282985668777,0.1469945680174715,1.0449179643602866,9.844460734577503,0.03649315189227981,0.6891467571258545,-1.2690999887991825,-2073.4573866427736,40.469147732855475,True,False,0
553,8,100.0,11.5,0.25,20.0,300.0,0.02,35.26530524784087,42.781621524078034,70.70135157241347,0.0863287225292019,0.25025774062152517,1.0449190987501231,9.844463754700646,0.03649319185196651,0.6895617842674255,-1.2658900208677066,-66.30020942854262,0.9746821995826459,True,True,0
554,8,100.0,11.5,0.25,20.0,300.0,0.02,35.265936972264136,42.781961184392806,70.71021600489871,0.09532465339949578,0.22304115732474072,1.0449247950269869,9.844457044912245,0.036493390329822364,0.6887497901916504,-1.2689334893808173,-2073.400266542142,40.46800533084284,True,False,0
555,8,100.0,11.5,0.25,20.0,300.0,0.02,35.26583169100785,42.781906033364166,70.70932643979035,0.03786324202877401,0.04794651091942827,1.044919764132419,9.84445805144134,0.036493215204241924,0.6895485520362854,-1.2692334105818017,-66.39164574543884,0.9746153318589856,True,True,0
556,8,100.0,11.5,0.25,20.0,300.0,0.02,35.265912591304726,42.7816396272097,70.70192685076923,0.08583287802815776,0.25323987886189603,1.0449205439836615,9.844467712157542,0.036493242346595095,0.689566433429718,-1.2659789979077654,-66.30030696267151,0.9746804200418447,True,True,0
557,8,100.0,11.5,0.25,20.0,300.0,0.02,35.266514143542864,42.78192028321583,70.70911002809456,0.09545572592333583,0.22114052887745592,1.0449255463895273,9.844458604621192,0.03649341661686126,0.6887575387954712,-1.2690001506636959,-66.34161581373233,0.9746199971001527,True,True,0
558,8,100.0,11.5,0.25,20.0,300.0,0.02,35.26343758236475,42.78181235546218,70.70672901319361,0.0679241531436269,0.16980273649569083,1.0449204556683802,9.84445884616088,0.03649323941763498,0.6895521879196167,-1.2685666004709342,-2074.838950351558,40.496779007031165,True,False,0
559,8,100.0,11.5,0.25,20.0,300.0,0.02,35.264851331415144,42.78191578820879,70.70929184764826,0.054358936747160205,0.1446585717642085,1.0449173358612802,9.844464175235132,0.03649312980961119,0.6891562342643738,-1.2686036118623933,-66.3909953859417,0.9746279277627521,True,True,0
560,8,100.0,11.5,0.25,20.0,300.0,0.02,35.267848300025115,42.78177784897365,70.70567422580739,0.07138187884926253,0.19162836002692774,1.0449183419822183,9.8444653273599,0.03649316537681587,0.6895674467086792,-1.2686812038865911,-66.33547332214332,0.9746263772217011,True,True,0
561,8,100.0,11.5,0.25,20.0,300.0,0.02,35.26428684620583,42.781835093108604,70.70701333329546,0.06994930103102708,0.18803772519754977,1.0449269207869474,9.844457784444153,0.036493465185146866,0.6891689896583557,-1.2669223545210513,-66.32216591033574,0.974661552909579,True,True,0
562,8,100.0,11.5,0.25,20.0,300.0,0.02,35.265486874809724,42.781907665026736,70.70909156026426,0.053613304744188725,0.14442839160119617,1.0449180091313612,9.844463762379199,0.036493153468830794,0.6891579627990723,-1.268159878329697,-66.39197042766972,0.974636802433406,True,True,0
563,8,100.0,11.5,0.25,20.0,300.0,0.02,35.26549154149434,42.78165434640719,70.70225909301207,0.08580934372551796,0.2515427492900696,1.04491921504269,9.84446637722593,0.036493195946582985,0.6895688772201538,-1.2664737711750322,-66.24694156625114,0.9746705245764994,True,True,0
564,8,100.0,11.5,0.25,20.0,300.0,0.02,35.266111605265365,42.78195059060334,70.70990494536773,0.09579832469405258,0.22164402031532998,1.0449249471833133,9.84445942360231,0.036493395649948246,0.6887571811676025,-1.2689397582775066,-66.34557205844462,0.974621204992207,True,True,0
565,8,100.0,11.5,0.25,20.0,300.0,0.02,35.26305776354381,42.78179013337297,70.70606782849572,0.0674903056007963,0.16921549795380866,1.0449197707779787,9.844460670371237,0.03649321546155114,0.6895552277565002,-1.2664886024902526,-66.3135540439121,0.974670227950195,True,True,0
566,8,100.0,11.5,0.25,20.0,300.0,0.02,35.26735069755585,42.78181374056387,70.70640457767651,0.07053693500057474,0.2087167477328269,1.044916821724047,9.844466358182185,0.03649311181759848,0.6891586184501648,-1.2687997646308935,-66.350928346405,0.974624006307488,True,True,0
567,8,100.0,11.5,0.25,20.0,300.0,0.02,35.2666590589431,42.78189099014296,70.70851110943391,0.05574771442788756,0.13936604902037836,1.0449255163922697,9.844452353275877,0.03649341612644248,0.6891592741012573,-1.2685410166035822,-66.37694819120979,0.9746291796679284,True,True,0
568,8,100.0,11.5,0.25,20.0,300.0,0.02,35.26366432350159,42.78183159001359,70.70730416195987,0.06733971276879137,0.1736704060623248,1.0449212301563047,9.844464948171694,0.03649326645183364,0.6895601749420166,-1.2665669342082282,-66.31280393883712,0.9746686613158354,True,True,0
569,8,100.0,11.5,0.25,20.0,300.0,0.02,35.26792637334348,42.78179110312136,70.70581597253005,0.07055235013603711,0.2068495640573259,1.0449176437585461,9.844467700193183,0.03649314058924826,0.6891657114028931,-1.268883004332828,-66.35638938966893,0.974622340732417,True,True,0
570,8,100.0,11.5,0.25,20.0,300.0,0.02,35.264261916926245,42.7818116746058,70.70632158699222,0.06741346299916402,0.18560760190502462,1.044926227893084,9.84445373384001,0.03649344102491721,0.6891624927520752,-1.2663345712282637,-66.28901749492204,0.9746733085754348,True,True,0
571,8,100.0,11.5,0.25,20.0,300.0,0.02,35.265457105363865,42.78193098614521,70.70972394876893,0.05384157161535186,0.14629872695290225,1.0449180514154195,9.844461233821828,0.036493154945158576,0.6891490817070007,-1.2684561369833964,-66.391617473305,0.974630877260332,True,True,0
572,8,100.0,11.5,0.25,20.0,300.0,0.02,35.26546339579352,42.78163382759391,70.70166591792386,0.08613559593460118,0.25071995288763704,1.0449192377199408,9.844464213185947,0.036493196722585296,0.6895639896392822,-1.2654548528064828,-66.29364477873933,0.9746909029438704,True,True,0
573,8,100.0,11.5,0.25,20.0,300.0,0.02,35.266085378532296,42.78195290051166,70.70995293363931,0.09548704886880298,0.22256796534185067,1.0449248977955985,9.844457488662464,0.03649339392473799,0.6887518763542175,-1.2689279180246333,-66.34131610424747,0.9746214416676293,True,True,0
574,8,100.0,11.5,0.25,20.0,300.0,0.02,35.26303424466407,42.78178916014081,70.70602245960542,0.0678327368178211,0.16869404489002088,1.044919852879016,9.844458465006138,0.03649321831683112,0.6895504593849182,-1.2664092550183088,-66.31338649109671,0.9746718148996338,True,True,0
575,8,100.0,11.5,0.25,20.0,300.0,0.02,35.26732922242303,42.78179665787561,70.70590963696435,0.07034321013162761,0.20871459874992213,1.0449168409983323,9.844464210332637,0.03649311248346388,0.6891540288925171,-1.2692416405749665,-66.390207099476,0.9746151672251083,True,True,0
576,8,100.0,11.5,0.25,20.0,300.0,0.02,35.266639629347914,42.781893006777054,70.70855149157542,0.05578329891747665,0.14005704353889467,1.0449254368980134,9.844450382063211,0.036493413339537734,0.689154863357544,-1.2689605239652653,-66.34079040672981,0.9746207895503944,True,True,0
577,8,100.0,11.5,0.25,20.0,300.0,0.02,35.26364674546098,42.7818244146112,70.70708698158788,0.06764277905029277,0.17323481111300257,1.044921242114531,9.844462605213494,0.03649326685676446,0.6895561218261719,-1.2665606315746274,-66.31402428403962,0.9746687873685075,True,True,0
578,8,100.0,11.5,0.25,20.0,300.0,0.02,35.26505379377989,42.781910076897866,70.70913236831089,0.054279947573612444,0.14301363498502379,1.04491762474944,9.844465474842421,0.036493139917532336,0.6891617774963379,-1.268959713390722,-66.39235114718734,0.9746208057321856,True,True,0
579,8,100.0,11.5,0.25,20.0,300.0,0.02,35.265102226753086,42.78165406413761,70.70220345903358,0.08598427255878702,0.25197425590503886,1.0449185908717777,9.84446629920408,0.036493174093683925,0.689569354057312,-1.2663416038425088,-66.24628997890831,0.9746731679231498,True,True,0
580,8,100.0,11.5,0.25,20.0,300.0,0.02,35.265748209173566,42.78196763085183,70.71034018010897,0.095790181976012,0.22175605834234677,1.04492447049686,9.844458976493005,0.036493378964401524,0.6887564063072205,-1.2690954883006866,-66.37143056347062,0.9746180902581979,True,True,0
581,8,100.0,11.5,0.25,20.0,300.0,0.02,35.2655719857522,42.781617429773426,70.70119921319112,0.08695175013810072,0.2468894549617642,1.0449192134565262,9.844460718706994,0.03649319595785461,0.6895544528961182,-1.2659722725148617,-66.30047123336492,0.9746805545497028,True,True,0
582,8,100.0,11.5,0.25,20.0,300.0,0.02,35.266170319252204,42.78194645450775,70.7097930930963,0.09534133884325185,0.2236308439403697,1.0449251371135488,9.844456245647251,0.03649340230431061,0.6887466907501221,-1.2679929354629114,-66.34294179229859,0.9746401412907417,True,True,0
583,8,100.0,11.5,0.25,20.0,300.0,0.02,35.26311220076948,42.78179196669884,70.70612095747298,0.0681581941093449,0.16852856170130845,1.0449201262784604,9.844457181252775,0.03649322787215245,0.6895467042922974,-1.2685563608325445,-2075.0840295752773,40.50168059150555,True,False,0
584,8,100.0,11.5,0.25,20.0,300.0,0.02,35.264545163117965,42.781895173343024,70.70868613945662,0.054284082936431034,0.1459143348233421,1.0449170288165053,9.844462846679447,0.03649311905142228,0.6891505718231201,-1.2691272948925416,-66.39082642824519,0.97461745444568,True,True,0
585,8,100.0,11.5,0.25,20.0,300.0,0.02,35.267561339579295,42.781798984410464,70.70624371666287,0.07197917349218712,0.19187844506168727,1.0449180041991186,9.844463988203204,0.036493153540140134,0.6895623803138733,-1.2685564939192961,-66.33298731672583,0.9746288716833489,True,True,0
586,8,100.0,11.5,0.25,20.0,300.0,0.02,35.26401764713634,42.781817593597445,70.7065070077882,0.06972748638687695,0.18709067787520894,1.04492654001689,9.84445634539139,0.03649345185948547,0.6891641020774841,-1.266571550567654,-66.31366394559859,0.974668568988647,True,True,0
587,8,100.0,11.5,0.25,20.0,300.0,0.02,35.26523409616014,42.78192508100766,70.70956776513175,0.053499412002710314,0.14542377307944457,1.0449177677644803,9.844462515738725,0.03649314501248977,0.6891533732414246,-1.2684849142715608,-66.39240160312777,0.9746303017145688,True,True,0
588,8,100.0,11.5,0.25,20.0,300.0,0.02,35.265254580824475,42.781638621895866,70.70181139472668,0.08607519798352602,0.2508491937024644,1.0449189521426525,9.844465230792927,0.03649318673398325,0.6895645260810852,-1.2681323631033412,-66.25176027706107,0.9746373529292168,True,True,0
589,8,100.0,11.5,0.25,20.0,300.0,0.02,35.265888996551006,42.78196664982773,70.71035206977048,0.09557420370745354,0.22234119544692543,1.0449246896515072,9.844458489459669,0.03649338663995716,0.6887530088424683,-1.2679578957605822,-66.34202012512351,0.9746408420847884,True,True,0
590,8,100.0,11.5,0.25,20.0,300.0,0.02,35.26284949474049,42.78177513266454,70.70564762201992,0.0676352167176652,0.16831559474541688,1.0449195872575523,9.84445975168494,0.036493209027487775,0.6895512938499451,-1.2663349926881402,-66.31338268552072,0.9746733001462372,True,True,0
591,8,100.0,11.5,0.25,20.0,300.0,0.02,35.267155390457454,42.78180027110755,70.70603104145526,0.07042146338856618,0.20927923192470993,1.0449166519622264,9.844465666971955,0.036493105868840955,0.689154863357544,-1.269187600541756,-66.37843870888936,0.9746162480396753,True,True,0
592,8,100.0,11.5,0.25,20.0,300.0,0.02,35.26647586595331,42.781904043416375,70.70888312411452,0.055840268059288156,0.1397302948798854,1.0449252935541533,9.844451556024834,0.036493408327306215,0.689155638217926,-1.2689166617751841,-66.35455323745295,0.9746216668782329,True,True,0
593,8,100.0,11.5,0.25,20.0,300.0,0.02,35.26349276611286,42.781818798482526,70.70695448452942,0.06747633712450203,0.17292628530909132,1.044921075255901,9.844464125247002,0.03649326102230288,0.6895568370819092,-1.2668473017432758,-66.31385249255135,0.9746630539651345,True,True,0
594,8,100.0,11.5,0.25,20.0,300.0,0.02,35.267765502193,42.781802453425215,70.70614479260249,0.0704512875259739,0.20731360260297035,1.0449175153260402,9.8444670367469,0.03649313608877237,0.6891624927520752,-1.267430360031386,-66.38018436926663,0.9746513927993723,True,True,0
595,8,100.0,11.5,0.25,20.0,300.0,0.02,35.264111263044576,42.78180077344497,70.70602897633775,0.06727044511519945,0.18507420347156608,1.0449260759814551,9.84445305899463,0.03649343570759581,0.6891593933105469,-1.2661867974281313,-66.27146390320173,0.9746762640514374,True,True,0
596,8,100.0,11.5,0.25,20.0,300.0,0.02,35.265315653795064,42.78194030734507,70.70999915910558,0.05378096472101559,0.14687981892766705,1.0449179768348436,9.844460799428917,0.03649315232911493,0.6891462206840515,-1.268350546051937,-66.39217402398884,0.9746329890789612,True,True,0
597,8,100.0,11.5,0.25,20.0,300.0,0.02,35.26533088107718,42.781624032706496,70.70140723651286,0.08629182555504655,0.2503180525412422,1.0449191159920654,9.844463802980066,0.03649319245592701,0.6895612478256226,-1.2658920545418915,-66.29983884272647,0.9746821589091622,True,True,0
598,8,100.0,11.5,0.25,20.0,300.0,0.02,35.26596098552601,42.78196149935399,70.71021066436121,0.09535504491461717,0.2229742981430023,1.0449248100772635,9.844457080424478,0.03649339085549786,0.6887492537498474,-1.2689049941625594,-2073.3991930072907,40.467983860145814,True,False,0
599,8,100.0,11.5,0.25,20.0,300.0,0.02,35.26291784692672,42.78177988323697,70.7057801974091,0.06792102070279835,0.1681703804174051,1.0449197744174823,9.844458095247736,0.03649321556478055,0.6895480155944824,-1.2666537152881396,-66.31355497922087,0.9746669256942372,True,True,0
600,8,100.0,11.5,0.25,20.0,300.0,0.02,35.26722011736551,42.78178828629462,70.70569390048286,0.07027841888612209,0.20904417265277245,1.044916766967821,9.844463963359384,0.03649310988864816,0.6891516447067261,-1.268614562165403,-66.39240016169282,0.9746277087566919,True,True,0
601,8,100.0,11.5,0.25,20.0,300.0,0.02,35.266537349276476,42.781899973522115,70.70876580738725,0.055835989280730636,0.14026676576353486,1.0449253517634385,9.844450125359153,0.03649341035923516,0.6891525387763977,-1.2684951933845978,-66.34225612670778,0.974630096132308,True,True,0
602,8,100.0,11.5,0.25,20.0,300.0,0.02,35.26355096797621,42.78181690313446,70.70689618081632,0.06772605663328167,0.17280255776737907,1.044921189131423,9.844462332207241,0.03649326499742682,0.68955397605896,-1.2667144802029744,-66.31403197672768,0.9746657103959405,True,True,0
603,8,100.0,11.5,0.25,20.0,300.0,0.02,35.26496391426792,42.78191576288371,70.70931179496698,0.05424940469662789,0.14339998881552862,1.0449175752265074,9.844465316912535,0.03649313818113217,0.6891597509384155,-1.2686926775976375,-66.39187460561297,0.9746261464480472,True,True,0
604,8,100.0,11.5,0.25,20.0,300.0,0.02,35.265018024247084,42.781647315756224,70.7020348160863,0.08608838246188646,0.251710361928524,1.0449185259163436,9.844466013393326,0.03649317181667264,0.6895673871040344,-1.2665540246472724,-66.24649510215254,0.9746689195070546,True,True,0
605,8,100.0,11.5,0.25,20.0,300.0,0.02,35.265669163257584,42.781972558171,70.71049890812266,0.0957023972625088,0.22202484760788346,1.0449244086514446,9.844458882091038,0.036493376801484866,0.6887545585632324,-1.268996651304966,-2073.2868984253473,40.46573796850695,True,False,0
606,8,100.0,11.5,0.25,20.0,300.0,0.02,35.26549800787486,42.78161137336162,70.7010500487368,0.08703910486866524,0.2466530591074859,1.0449191703325362,9.844460569914734,0.036493194444970206,0.6895527243614197,-1.265830106751895,-66.29959774277306,0.974683397864962,True,True,0
607,8,100.0,11.5,0.25,20.0,300.0,0.02,35.26610091985242,42.78195102258163,70.70994158421138,0.09526308895715391,0.22386687830860005,1.0449251070794217,9.844456207405816,0.036493401253561784,0.6887450218200684,-1.2688951217160769,-2073.514691415985,40.470293828319704,True,False,0
608,8,100.0,11.5,0.25,20.0,300.0,0.02,35.263047286614835,42.78178652573738,70.70598887166818,0.06821083838054892,0.16822444616794174,1.0449200992580605,9.844457099932345,0.03649322692308102,0.6895450949668884,-1.2685472609983364,-2075.1368048887816,40.50273609777563,True,False,0
609,8,100.0,11.5,0.25,20.0,300.0,0.02,35.264484261616616,42.78188975814647,70.70855486472426,0.05426551802308807,0.14618367960619252,1.0449170021718577,9.844462816259284,0.03649311811679585,0.689149022102356,-1.2691186867433857,-66.3919028579896,0.9746176264686498,True,True,0
610,8,100.0,11.5,0.25,20.0,300.0,0.02,35.267504370617765,42.78180267019048,70.70636704235253,0.07211291374793188,0.1919346462274881,1.0449179714004648,9.844463987161147,0.03649315238946968,0.6895609498023987,-1.2686562633529395,-66.33572405757408,0.974626876463643,True,True,0
611,8,100.0,11.5,0.25,20.0,300.0,0.02,35.26396427844629,42.781812955458356,70.7063970643888,0.06967592349820201,0.18688742758881705,1.0449264985008422,9.844456327359477,0.03649345040685637,0.6891627311706543,-1.2665771522331641,-66.31403244796486,0.9746684569553368,True,True,0
612,8,100.0,11.5,0.25,20.0,300.0,0.02,35.26518404910038,42.78192807215366,70.70967113318481,0.05348059118553073,0.1456469668250517,1.0449177548297102,9.844462560187813,0.03649314455795772,0.6891520619392395,-1.2691649642088847,-66.39059152090827,0.9746167009895711,True,True,0
613,8,100.0,11.5,0.25,20.0,300.0,0.02,35.26520772758396,42.78163446803702,70.70171424540979,0.08613597546842881,0.25069483789836905,1.0449189326204127,9.844465266573035,0.03649318604839178,0.6895632743835449,-1.2681037951154264,-66.2565363812578,0.974637924322196,True,True,0
614,8,100.0,11.5,0.25,20.0,300.0,0.02,35.26584503170843,42.781969419111405,70.71044859914528,0.09552238643579064,0.22249817490321572,1.0449246688351463,9.844458569822985,0.03649338591229412,0.6887518167495728,-1.2688749215268469,-2073.2976103330348,40.465952206660695,True,False,0
615,8,100.0,11.5,0.25,20.0,300.0,0.02,35.26280841044312,42.78177123972809,70.70555696015477,0.06766992223531694,0.16811648542918622,1.044919581843213,9.844459775574355,0.036493208835699335,0.6895501613616943,-1.266632007546675,-66.3128613932231,0.9746673598490665,True,True,0
616,8,100.0,11.5,0.25,20.0,300.0,0.02,35.267116919153175,42.78179673382739,70.70595008571186,0.07039537241235191,0.20940319449854888,1.044916645864334,9.844465717688397,0.03649310565401321,0.689153790473938,-1.2678395472459432,-66.38189947639682,0.9746432090550812,True,True,0
617,8,100.0,11.5,0.25,20.0,300.0,0.02,35.26643981911681,42.7819062742098,70.70896322891939,0.05585685843455292,0.1398068323036434,1.0449252838496068,9.844451638011314,0.036493407987338744,0.6891546249389648,-1.2689578349714692,-66.35055340686924,0.9746208435135891,True,True,0
618,8,100.0,11.5,0.25,20.0,300.0,0.02,35.263459034922995,42.7818154984464,70.70687920747288,0.06750985385830245,0.1727624232260222,1.0449210751816278,9.844464132124997,0.03649326101788768,0.6895558834075928,-1.2666423685891444,-66.31396713185025,0.9746671526282171,True,True,0
619,8,100.0,11.5,0.25,20.0,300.0,0.02,35.26773392044175,42.78180437867525,70.70621550414499,0.07042849909208791,0.2074150974630692,1.0449175152849444,9.844467115833764,0.03649313608610884,0.6891615986824036,-1.2675049945578885,-66.38273558751358,0.9746499001088422,True,True,0
620,8,100.0,11.5,0.25,20.0,300.0,0.02,35.26408172178335,42.78179792992738,70.70596565056127,0.06723601560510054,0.1849578200347055,1.0449260708698895,9.844453101992933,0.03649343552856454,0.6891584992408752,-1.2664225375512772,-66.26861969918326,0.9746715492489745,True,True,0
621,8,100.0,11.5,0.25,20.0,300.0,0.02,35.26528794033645,42.78194186800334,70.71005868518077,0.0537712153023403,0.14700958901665948,1.0449179847213912,9.844460834035855,0.03649315260400084,0.6891453266143799,-1.2691469864862395,-2073.457323589544,40.469146471790886,True,False,0
622,8,100.0,11.5,0.25,20.0,300.0,0.02,35.265304950340116,42.78162148570754,70.70135129969104,0.08632734943506878,0.2502279812713713,1.0449191127765516,9.844463875051616,0.036493192342090454,0.6895604729652405,-1.2658754884564953,-66.29997062809129,0.9746824902308701,True,True,0
623,8,100.0,11.5,0.25,20.0,300.0,0.02,35.2659366715937,42.7819611456008,70.71021572407633,0.09532454143400491,0.22306612887599325,1.0449248147347665,9.84445718301889,0.036493391018629986,0.6887484788894653,-1.268889446782362,-2073.4001012059043,40.468002024118086,True,False,0
624,8,100.0,11.5,0.25,20.0,300.0,0.02,35.265831418866775,42.781906015559365,70.70932667876083,0.03786294296948298,0.047927222647705305,1.0449197800748433,9.844458189187831,0.036493215761368894,0.6895472407341003,-1.2685253492825734,-66.39162505639659,0.9746294930143485,True,True,0
625,8,100.0,11.5,0.25,20.0,300.0,0.02,35.26591232457825,42.781639592571075,70.70192661741724,0.08583382773236156,0.2532656511973481,1.0449205571565539,9.844467838987068,0.0364932428069575,0.6895651817321777,-1.2658735334920561,-66.30048551878517,0.9746825293301589,True,True,0
626,8,100.0,11.5,0.25,20.0,300.0,0.02,35.26651386972354,42.78192023646149,70.70910945069919,0.09545553839665258,0.2211638654652599,1.0449255630931789,9.844458678815093,0.03649341720075876,0.6887563467025757,-1.2685103827233732,-66.34174485261693,0.9746297923455325,True,True,0
627,8,100.0,11.5,0.25,20.0,300.0,0.02,35.26343733168686,42.781812324007845,70.70672880872148,0.06792349958396562,0.16980483035940555,1.0449204709248452,9.844459001038759,0.036493239950772104,0.6895509958267212,-1.2686098021924896,-2074.839211999225,40.4967842399845,True,False,0
628,8,100.0,11.5,0.25,20.0,300.0,0.02,35.26485107421858,42.781915783778054,70.70929241173624,0.05435973416707604,0.14466988628132027,1.0449173508976362,9.844464264526646,0.03649313033520004,0.6891550421714783,-1.2692071271298375,-66.39175816020062,0.9746158575369077,True,True,0
629,8,100.0,11.5,0.25,20.0,300.0,0.02,35.26784806434728,42.781777806324826,70.70567366479881,0.07138063507236381,0.19159784625777815,1.044918355680558,9.844465486886756,0.03649316585543093,0.6895663142204285,-1.2686147602957862,-66.33345511735914,0.9746277061952404,True,True,0
630,8,100.0,11.5,0.25,20.0,300.0,0.02,35.2642866213894,42.781835064826055,70.70701316154891,0.06994953658636786,0.18802019461444036,1.0449269333312357,9.844457914458228,0.036493465623458836,0.6891679167747498,-1.2670160675832751,-66.32248247410402,0.9746596786483345,True,True,0
631,8,100.0,11.5,0.25,20.0,300.0,0.02,35.2654866381518,42.78190764863849,70.70909174191543,0.05361210726173623,0.14443988655888068,1.0449180239225893,9.844463892209571,0.03649315398580069,0.6891568899154663,-1.2691378316488011,-66.39132569350308,0.9746172434858379,True,True,0
632,8,100.0,11.5,0.25,20.0,300.0,0.02,35.26549132425832,42.7816543199915,70.70225894180007,0.08580831676752428,0.25151962368824,1.0449192270802021,9.844466503865236,0.03649319636720024,0.6895678043365479,-1.2665614575334505,-66.24656952504596,0.974668770849331,True,True,0
633,8,100.0,11.5,0.25,20.0,300.0,0.02,35.26611138710121,42.7819505508852,70.70990442041264,0.09579827611561938,0.22166284929570945,1.0449249661373112,9.844459604272458,0.036493396312306185,0.6887561678886414,-1.2689318870706674,-66.34513738840377,0.9746213623666904,True,True,0
634,8,100.0,11.5,0.25,20.0,300.0,0.02,35.26305756046461,42.78179013229419,70.70606833732724,0.06748989411639081,0.16921737212251,1.04491978223932,9.844460757472318,0.036493215862101205,0.6895542740821838,-1.2665202804597935,-66.3128225168686,0.9746695943908041,True,True,0
635,8,100.0,11.5,0.25,20.0,300.0,0.02,35.267350489787916,42.781813715902445,70.70640442536067,0.07053765137717624,0.20869753317318415,1.0449168339179564,9.844466405158311,0.03649311224383002,0.6891576051712036,-1.268800035531499,-66.34929398430732,0.9746240010578406,True,True,0
636,8,100.0,11.5,0.25,20.0,300.0,0.02,35.266658875546064,42.78189095350351,70.70851060715945,0.05574755182242798,0.13934342245247458,1.0449255252804979,9.844452411457402,0.03649341643704771,0.6891583204269409,-1.2684413123446086,-66.37632811153014,0.9746311737531078,True,True,0
637,8,100.0,11.5,0.25,20.0,300.0,0.02,35.263664144872166,42.78183158992051,70.70730465439462,0.06733981279063547,0.17367282428098882,1.0449212404353132,9.844465049717797,0.036493266811001325,0.689559280872345,-1.2666086150857163,-66.31298414767247,0.9746678276982856,True,True,0
638,8,100.0,11.5,0.25,20.0,300.0,0.02,35.2679261898955,42.78179106830567,70.70581549322343,0.07055272189590289,0.206831569480495,1.0449176573056154,9.844467801255163,0.03649314106270908,0.6891648173332214,-1.2689137765903624,-66.35729533398128,0.9746217249941593,True,True,0
639,8,100.0,11.5,0.25,20.0,300.0,0.02,35.264261750367005,42.78181165387382,70.70632148103749,0.06741321535296638,0.18559306982125462,1.0449262358784766,9.844453772081254,0.03649344130399586,0.6891615986824036,-1.2662636927991076,-66.28672341947345,0.9746747261440178,True,True,0
640,8,100.0,11.5,0.25,20.0,300.0,0.02,35.265456931331926,42.78193097377681,70.70972406150604,0.053840538345540784,0.1463077140923305,1.0449180661641495,9.844461367382253,0.03649315546063326,0.6891482472419739,-1.2685531117022826,-66.39196950033732,0.9746289377659544,True,True,0
641,8,100.0,11.5,0.25,20.0,300.0,0.02,35.2654632325563,42.781633808495464,70.70166583102356,0.0861346176653248,0.2507015882209357,1.0449192474153406,9.84446433254335,0.036493197061383216,0.6895631551742554,-1.2653202211065164,-66.29284598215645,0.9746935955778697,True,True,0
642,8,100.0,11.5,0.25,20.0,300.0,0.02,35.26608521347017,42.781952869087775,70.70995249423777,0.09548691546142246,0.22258299333069992,1.0449249096091158,9.844457552717474,0.03649339433768062,0.6887510418891907,-1.2682143430436812,-66.3420993420615,0.9746357131391263,True,True,0
643,8,100.0,11.5,0.25,20.0,300.0,0.02,35.263034096486095,42.78178916144988,70.7060228911529,0.06783224509228558,0.16869553795314077,1.0449198628028273,9.844458535100442,0.03649321866364795,0.6895496845245361,-1.2665556248330798,-66.31346729583836,0.9746688875033384,True,True,0
644,8,100.0,11.5,0.25,20.0,300.0,0.02,35.26732906426195,42.781796639984954,70.70590955333071,0.07034377054473034,0.2086992639752625,1.0449168510072502,9.844464260652442,0.036493112833351306,0.689153254032135,-1.2684592591229504,-66.39177004008336,0.974630814817541,True,True,0
645,8,100.0,11.5,0.25,20.0,300.0,0.02,35.266639492001715,42.781892977349436,70.70855106707118,0.055783012098876504,0.14003880304755922,1.04492544370389,9.844450434248488,0.03649341357733899,0.6891540884971619,-1.268083627163267,-66.34188870943643,0.9746383274567346,True,True,0
646,8,100.0,11.5,0.25,20.0,300.0,0.02,35.26364660539075,42.781824398509094,70.70708690655958,0.06764294621994284,0.17323686494203805,1.0449212522689884,9.844462708110449,0.03649326721158531,0.6895553469657898,-1.266445239081002,-66.3126379211484,0.9746710952183799,True,True,0
647,8,100.0,11.5,0.25,20.0,300.0,0.02,35.26505365275637,42.78191006676027,70.7091324511024,0.05428032358767257,0.14302057780263266,1.0449176357557493,9.844465548903164,0.0364931403022216,0.6891610622406006,-1.2691342130534302,-66.3902400171643,0.974617315844155,True,True,0
648,8,100.0,11.5,0.25,20.0,300.0,0.02,35.26510209216324,42.781654048620204,70.70220338722798,0.08598362875028548,0.25195897212501245,1.04491859586242,9.844466296099547,0.0364931742681321,0.6895686388015747,-1.266508384091831,-66.24712565807792,0.9746698323181634,True,True,0
649,8,100.0,11.5,0.25,20.0,300.0,0.02,35.265748074545456,42.78196762112067,70.71034026100133,0.0957901869769944,0.22176876486922895,1.0449244800612207,9.844459022070653,0.03649337929870664,0.6887557506561279,-1.2681012462313186,-66.37133093427879,0.9746379750753736,True,True,0
650,8,100.0,11.5,0.25,20.0,300.0,0.02,35.26557186291343,42.78161741571302,70.70119914979776,0.08695135617239888,0.24687509120953008,1.0449192189213834,9.844460749359733,0.03649319614884596,0.6895537972450256,-1.266026733801366,-66.30053391096048,0.9746794653239726,True,True,0
651,8,100.0,11.5,0.25,20.0,300.0,0.02,35.266170195924374,42.78194642926159,70.70979272710171,0.09534142575379288,0.22364289433085174,1.044925147061953,9.844456321206565,0.03649340265201845,0.6887460350990295,-1.2680737242096476,-66.34280164198498,0.9746385255158071,True,True,0
652,8,100.0,11.5,0.25,20.0,300.0,0.02,35.263112089019764,42.781791953506946,70.70612089783522,0.06815791395448483,0.16852972166111274,1.0449201343813437,9.844457256089074,0.03649322815534669,0.6895460486412048,-1.2685583981388544,-2075.0836502585007,40.50167300517001,True,False,0
653,8,100.0,11.5,0.25,20.0,300.0,0.02,35.26454504960571,42.781895174332355,70.70868649316844,0.05428465833691306,0.1459205453926711,1.0449170374541237,9.844462900523377,0.03649311935331852,0.6891499161720276,-1.2692082785534415,-66.39257739172122,0.9746158347452792,True,True,0
654,8,100.0,11.5,0.25,20.0,300.0,0.02,35.2675612359,42.781798961174324,70.7062433680234,0.07197849459143185,0.19186256738838248,1.0449180106249576,9.844464080649749,0.03649315376467558,0.6895617842674255,-1.2686096279332717,-66.33406178335893,0.9746278087389416,True,True,0
655,8,100.0,11.5,0.25,20.0,300.0,0.02,35.26401753746316,42.78181758167953,70.70650696349958,0.06972776781276419,0.18708164995988963,1.044926546758209,9.844456410734436,0.03649345209501669,0.6891635060310364,-1.2664611729197899,-66.31228472651084,0.9746707765416042,True,True,0
656,8,100.0,11.5,0.25,20.0,300.0,0.02,35.265233988349436,42.781925072593694,70.70956782917652,0.053498799665843325,0.14542954811220096,1.04491777801479,9.844462622179993,0.03649314537066192,0.6891527771949768,-1.2692159724309602,-66.3910629803288,0.9746156807641916,True,True,0
657,8,100.0,11.5,0.25,20.0,300.0,0.02,35.265254481185714,42.781638610504004,70.70181134825489,0.08607459815479132,0.25083713935532753,1.0449189585169056,9.844465312008818,0.03649318695670214,0.6895639896392822,-1.2681755242824537,-66.25173266576107,0.9746364897210055,True,True,0
658,8,100.0,11.5,0.25,20.0,300.0,0.02,35.26588889014,42.78196662876403,70.71035175931377,0.0955742522975264,0.22235148036442373,1.0449246969194848,9.84445852762265,0.03649338689402528,0.6887524724006653,-1.2681204721513828,-66.34193029486454,0.9746375905569723,True,True,0
659,8,100.0,11.5,0.25,20.0,300.0,0.02,35.26284939610942,42.78177513413698,70.70564792417906,0.0676350178694494,0.16831662578673787,1.0449195924066599,9.84445978124478,0.036493209207427386,0.6895507574081421,-1.2666524997768374,-66.31251933073595,0.9746669500044632,True,True,0
660,8,100.0,11.5,0.25,20.0,300.0,0.02,35.267155292803956,42.78180026017608,70.70603099281996,0.07042191223835613,0.20926907273333673,1.0449166577701172,9.8444656776409,0.036493106071867884,0.689154326915741,-1.2687944968035594,-66.37803442581618,0.9746241100639288,True,True,0
661,8,100.0,11.5,0.25,20.0,300.0,0.02,35.26647577674488,42.78190402441503,70.70888283257398,0.05584020658837781,0.13971827265514408,1.0449252994868716,9.844451642864193,0.036493408534592243,0.6891551613807678,-1.2681130025749396,-66.35463178627381,0.9746377399485012,True,True,0
662,8,100.0,11.5,0.25,20.0,300.0,0.02,35.26349267099839,42.78181879990949,70.70695476059157,0.06747652323579928,0.1729276919267817,1.0449210804549554,9.84446417011536,0.03649326120398879,0.689556360244751,-1.26661742016423,-66.31298774871468,0.9746676515967154,True,True,0
663,8,100.0,11.5,0.25,20.0,300.0,0.02,35.26776540722393,42.78180243502196,70.70614452384693,0.07045155519080297,0.20730415745461706,1.044917522661667,9.844467092880489,0.0364931363451227,0.689162015914917,-1.267638416878381,-66.38010903485721,0.9746472316624324,True,True,0
664,8,100.0,11.5,0.25,20.0,300.0,0.02,35.264111182748756,42.781800764103075,70.70602894581921,0.06727017174767207,0.18506624977604852,1.0449260806120637,9.844453101577018,0.03649343586943073,0.6891589164733887,-1.2661970324582845,-66.27150587403624,0.9746760593508343,True,True,0
665,8,100.0,11.5,0.25,20.0,300.0,0.02,35.26531556770525,42.78194030072723,70.70999919435818,0.053780332569725066,0.14688455834028782,1.0449179837201703,9.844460826808929,0.03649315256981881,0.6891457438468933,-1.2692107956404655,-66.39096397582028,0.9746157840914814,True,True,0
666,8,100.0,11.5,0.25,20.0,300.0,0.02,35.26533080013167,42.78162402403748,70.7014072083292,0.08629142412365215,0.25030858603861045,1.0449191193830765,9.844463830749751,0.03649319257443023,0.6895608305931091,-1.2657172548686544,-66.30091049793123,0.9746856549026269,True,True,0
667,8,100.0,11.5,0.25,20.0,300.0,0.02,35.2659609007545,42.78196148257084,70.71021041616507,0.09535496842277777,0.22298221487861908,1.0449248165543361,9.84445708579531,0.03649339108193501,0.688748836517334,-1.2688833632543304,-2073.400583406307,40.46801166812614,True,False,0
668,8,100.0,11.5,0.25,20.0,300.0,0.02,35.26291776981295,42.78177988513098,70.70578044315539,0.06792075589806076,0.1681711127293789,1.0449197797888,9.844458159269738,0.03649321575241453,0.689547598361969,-1.2665205754190274,-66.31373213932409,0.9746695884916194,True,True,0
669,8,100.0,11.5,0.25,20.0,300.0,0.02,35.26722004225008,42.78178827794456,70.7056938766827,0.07027885804092064,0.2090361177075304,1.044916772675346,9.844464001940269,0.03649311008812026,0.6891512274742126,-1.2684355953424256,-66.39177202663654,0.9746312880931515,True,True,0
670,8,100.0,11.5,0.25,20.0,300.0,0.02,35.26653728087264,42.78189995773975,70.70876556483348,0.055835793106287376,0.140256990818467,1.044925355087452,9.84445013951883,0.036493410475404026,0.689152181148529,-1.2683931711593641,-66.34217176775402,0.9746321365768127,True,True,0
671,8,100.0,11.5,0.25,20.0,300.0,0.02,35.263550899430655,42.78181689548935,70.7068961570501,0.06772610189437807,0.17280366979727982,1.0449211938218514,9.844462385979504,0.03649326516133214,0.6895536184310913,-1.2666452974669824,-66.31342531981959,0.9746670940506603,True,True,0
672,8,100.0,11.5,0.25,20.0,300.0,0.02,35.26496384276276,42.78191575727034,70.70931182448145,0.05424951412338437,0.14340346866758377,1.0449175783213511,9.844465295800362,0.03649313828937688,0.6891593933105469,-1.2691306337195507,-66.3911559483094,0.9746173874909941,True,True,0
673,8,100.0,11.5,0.25,20.0,300.0,0.02,35.26501796065429,42.7816473089765,70.7020347962656,0.08608789314784945,0.2517018443179407,1.0449185305422488,9.84446606091065,0.03649317197831129,0.6895670294761658,-1.266428851674881,-66.2460585106521,0.9746714229665023,True,True,0
674,8,100.0,11.5,0.25,20.0,300.0,0.02,35.265669094575635,42.781972552940715,70.71049893851539,0.09570233610603476,0.22203108580726133,1.0449244117925554,9.844458855242262,0.03649337691135561,0.6887542009353638,-1.2689962917980375,-2073.2868022493562,40.465736044987125,True,False,0
675,8,100.0,11.5,0.25,20.0,300.0,0.02,35.26549794625334,42.781611367014065,70.70105001948616,0.08703890859375393,0.24664533823904616,1.044919172768546,9.844460556137953,0.036493194530199294,0.689552366733551,-1.265834445466253,-66.30073056687453,0.974683311090675,True,True,0
676,8,100.0,11.5,0.25,20.0,300.0,0.02,35.26610085541657,42.7819510094317,70.70994138269815,0.09526311400708823,0.22387316115535266,1.0449251113865425,9.844456216773562,0.036493401404142596,0.6887446641921997,-1.268879819960882,-2073.5149496561125,40.47029899312225,True,False,0
677,8,100.0,11.5,0.25,20.0,300.0,0.02,35.26304723024903,42.78178651975145,70.70598885050995,0.06821059296287649,0.16822504382667014,1.0449201047420444,9.844457151834096,0.036493227114748075,0.6895447373390198,-1.2686013952397328,-2075.1364224064064,40.50272844812813,True,False,0
678,8,100.0,11.5,0.25,20.0,300.0,0.02,35.264484198937225,42.781889759304114,70.70855505508705,0.05426570271315613,0.14618670908964598,1.044917008009114,9.844462878409018,0.036493118320756315,0.6891487240791321,-1.269149237101355,-66.39082982877956,0.9746170153364888,True,True,0
679,8,100.0,11.5,0.25,20.0,300.0,0.02,35.26750431408993,42.78180265849982,70.70636685186905,0.07211249639212508,0.19192622693148376,1.0449179753544522,9.844464023283594,0.03649315252761744,0.68956059217453,-1.2686172450438717,-66.3344227639927,0.9746276568305,True,True,0
680,8,100.0,11.5,0.25,20.0,300.0,0.02,35.263964226518844,42.78181294986247,70.70639704128824,0.06967600108308422,0.18688265337638674,1.0449264998895866,9.844456318959624,0.03649345045543702,0.6891624331474304,-1.2663298469223896,-66.31328702655001,0.9746734030615523,True,True,0
681,8,100.0,11.5,0.25,20.0,300.0,0.02,35.26518399792276,42.7819280686332,70.7096711580745,0.05348026675465746,0.14565000480540605,1.0449177622891344,9.84446266784157,0.036493144818607465,0.6891517639160156,-1.2691963401346023,-66.39156915864969,0.9746160733700747,True,True,0
682,8,100.0,11.5,0.25,20.0,300.0,0.02,35.26520767838784,42.78163446294269,70.7017142350978,0.0861355597029403,0.25068821087395965,1.044918935317448,9.844465304352363,0.03649318614264479,0.689562976360321,-1.2681395040601207,-66.25679671367197,0.9746372099897502,True,True,0
683,8,100.0,11.5,0.25,20.0,300.0,0.02,35.26584497277771,42.781969408550474,70.71044843271758,0.09552227447977452,0.22250329014483095,1.0449246738612339,9.844458609533074,0.036493386087972056,0.6887515187263489,-1.268887280315643,-2073.297270424062,40.46594540848124,True,False,0
684,8,100.0,11.5,0.25,20.0,300.0,0.02,35.2628083594772,42.78177124126553,70.7055571305005,0.0676696548497397,0.16811677358882324,1.0449195832233766,9.844459760744686,0.036493208883994,0.6895499229431152,-1.2664226429252414,-66.31325658975943,0.9746715471414952,True,True,0
685,8,100.0,11.5,0.25,20.0,300.0,0.02,35.26711686459786,42.78179672902422,70.70595006704394,0.07039551869512073,0.2093977279831951,1.0449166499352687,9.844465750074104,0.03649310579628789,0.6891535520553589,-1.2678437522835864,-66.38150298038455,0.9746431249543283,True,True,0
686,8,100.0,11.5,0.25,20.0,300.0,0.02,35.26643977579481,42.78190626484583,70.7089630647298,0.05585683320016699,0.13980047236034104,1.044925287467794,9.844451693277373,0.03649340811378437,0.6891543865203857,-1.2689866956925113,-66.35100643623883,0.9746202662640719,True,True,0
687,8,100.0,11.5,0.25,20.0,300.0,0.02,35.26345898931162,42.7818154999946,70.70687936430865,0.06751004371318328,0.17276333500555432,1.0449210792467827,9.84446418103203,0.03649326115994529,0.6895556449890137,-1.2668001902071933,-66.31359458640033,0.9746639961958561,True,True,0
688,8,100.0,11.5,0.25,20.0,300.0,0.02,35.26773386997885,42.781804369034376,70.70621535392155,0.07042859924007987,0.20741000158038458,1.044917519678366,9.844467143986773,0.03649313623967348,0.6891613006591797,-1.2677726279068513,-66.3825285198561,0.974644547441863,True,True,0
689,8,100.0,11.5,0.25,20.0,300.0,0.02,35.2640816787568,42.781797925681296,70.70596564183809,0.06723588093981195,0.18495363205460688,1.044926074552583,9.844453152315152,0.03649343565718388,0.6891582012176514,-1.2662318802975467,-66.26850277762333,0.9746753623940491,True,True,0
690,8,100.0,11.5,0.25,20.0,300.0,0.02,35.26528789313535,42.78194186459108,70.71005870163859,0.05377082174115784,0.1470119465235444,1.0449179897428411,9.84446088974266,0.036493152779477,0.6891450881958008,-1.269178964934524,-2073.4572073111613,40.46914414622323,True,False,0
691,8,100.0,11.5,0.25,20.0,300.0,0.02,35.26530490865106,42.78162148147494,70.70135129036896,0.08632704105520815,0.2502228885926307,1.044919114340164,9.844463876143273,0.03649319239675045,0.6895602345466614,-1.2659535585489345,-66.30015651689936,0.9746809288290214,True,True,0
692,8,100.0,11.5,0.25,20.0,300.0,0.02,35.265936624985535,42.78196114091613,70.71021570333284,0.0953244179940446,0.22307010931412327,1.044924817882165,9.844457190767502,0.0364933911286338,0.6887482404708862,-1.2689093690588684,-2073.400593097669,40.468011861953386,True,False,0
693,8,100.0,11.5,0.25,20.0,300.0,0.02,35.26583138198288,42.78190601236726,70.70932668646378,0.03786279637819846,0.04792399261826051,1.04491978344369,9.844458221914762,0.03649321587909963,0.689547061920166,-1.2687441148969791,-66.39084161267404,0.9746251177020604,True,True,0
694,8,100.0,11.5,0.25,20.0,300.0,0.02,35.26591228907488,42.781639588846936,70.7019266124393,0.08583389932140982,0.25326995929073853,1.0449205588767032,9.844467844570357,0.036493242867031275,0.6895649433135986,-1.2658891440527071,-66.30099623470493,0.9746822171189459,True,True,0
695,8,100.0,11.5,0.25,20.0,300.0,0.02,35.266513826881436,42.78192022830217,70.70910932616749,0.0954553652047729,0.2211676742917934,1.0449255639951405,9.844458640313707,0.03649341723234214,0.6887561082839966,-1.2680696142909504,-66.34201818161972,0.974638607714181,True,True,0
696,8,100.0,11.5,0.25,20.0,300.0,0.02,35.26343729616096,42.78181232080546,70.70672879844388,0.06792332587749128,0.16980515089734466,1.0449204734832838,9.844459017780624,0.03649324004017913,0.6895507574081421,-1.2686526437431738,-2074.837506496836,40.49675012993672,True,False,0
697,8,100.0,11.5,0.25,20.0,300.0,0.02,35.264851039634166,42.78191578522061,70.70929254123706,0.054359965184953854,0.14467191090245834,1.0449173534624485,9.844464292316571,0.036493130424883745,0.689154863357544,-1.268539253610972,-66.39179595897272,0.9746292149277805,True,True,0
698,8,100.0,11.5,0.25,20.0,300.0,0.02,35.26784803087035,42.78177779871199,70.70567354860457,0.07138023738098055,0.19159242416144945,1.0449183549047023,9.844465408961556,0.03649316582842185,0.6895660758018494,-1.2686949585133502,-66.33544475938328,0.9746261020368184,True,True,0
699,8,100.0,11.5,0.25,20.0,300.0,0.02,35.26428658518008,42.78183506128637,70.70701315078986,0.0699495195516059,0.1880171503396539,1.04492693530083,9.844457928319125,0.036493465692286245,0.6891676783561707,-1.266786304561274,-66.32178782488884,0.9746642739087745,True,True,0
700,8,100.0,11.5,0.25,20.0,300.0,0.02,35.265486601425934,42.78190764641435,70.70909176076682,0.05361187320424784,0.14444173811648103,1.0449180233756459,9.844463846695827,0.0364931539667938,0.689156711101532,-1.2681935631834287,-66.39121864011672,0.9746361287363314,True,True,0
701,8,100.0,11.5,0.25,20.0,300.0,0.02,35.265491297689046,42.78165431704406,70.702258931495,0.08580800924334737,0.2515157100100354,1.0449192299304724,9.844466535659446,0.036493196466780994,0.6895676255226135,-1.2665353863506228,-66.24567336890776,0.9746692922729876,True,True,0
702,8,100.0,11.5,0.25,20.0,300.0,0.02,35.266111352599616,42.781950544646875,70.70990431542403,0.09579828121683291,0.22166628426023935,1.0449249659537692,9.844459561246628,0.03649339630597172,0.688755989074707,-1.268937825829387,-66.34428260154984,0.9746212436370579,True,True,0
703,8,100.0,11.5,0.25,20.0,300.0,0.02,35.26305753143466,42.781790133511414,70.706068445813,0.06748972638259394,0.16921748386215593,1.0449197842727833,9.844460773872756,0.036493215933133163,0.6895540952682495,-1.266743201989411,-66.31356782141563,0.9746651359602118,True,True,0
704,8,100.0,11.5,0.25,20.0,300.0,0.02,35.26735046416043,42.78181371269519,70.70640441631352,0.07053786860186172,0.20869446816014633,1.0449168369310826,9.8444664427115,0.036493112349113406,0.6891574859619141,-1.268761631915676,-66.3494196631733,0.9746247690828169,True,True,0
705,8,100.0,11.5,0.25,20.0,300.0,0.02,35.26665884750809,42.78189094767534,70.70851050790391,0.05574765067197937,0.13933952403497818,1.044925527625516,9.844452447925168,0.03649341651895514,0.6891582012176514,-1.268574162029227,-66.3760628189693,0.9746285167594154,True,True,0
706,8,100.0,11.5,0.25,20.0,300.0,0.02,35.26366411498004,42.78183159063995,70.7073047505498,0.06733987646062357,0.17367329173403964,1.0449212401926866,9.844465003556248,0.03649326680262327,0.6895591020584106,-1.266607683677827,-66.31411262519605,0.9746678463264434,True,True,0
707,8,100.0,11.5,0.25,20.0,300.0,0.02,35.267926156803654,42.78179106221803,70.70581539948535,0.07055277645876772,0.20682848402487486,1.0449176589955125,9.844467806401195,0.03649314112177559,0.6891646385192871,-1.2688823343359572,-66.35769470818656,0.9746223540752295,True,True,0
708,8,100.0,11.5,0.25,20.0,300.0,0.02,35.26426172014418,42.78181165121153,70.70632147395433,0.06741322301498931,0.18559067338104435,1.0449262386650073,9.844453820569923,0.036493441401326224,0.6891614198684692,-1.26637363622554,-66.2865075908658,0.9746725272754893,True,True,0
709,8,100.0,11.5,0.25,20.0,300.0,0.02,35.26545689834316,42.78193097193836,70.7097240729737,0.05384030505834774,0.14630914630100586,1.0449180692005149,9.844461377201752,0.03649315556675349,0.6891481280326843,-1.2691580581279949,-66.39212629958247,0.9746168389449467,True,True,0
710,8,100.0,11.5,0.25,20.0,300.0,0.02,35.26546320844033,42.781633806192964,70.7016658285933,0.0861343302658,0.2506984110448465,1.044919247850532,9.844464315409265,0.03649319707655857,0.689562976360321,-1.2654045743736642,-66.29454360460164,0.9746919085125267,True,True,0
711,8,100.0,11.5,0.25,20.0,300.0,0.02,35.26608518552389,42.78195286312549,70.70995240549288,0.09548680249234716,0.22258539941769073,1.0449249111222956,9.844457560182258,0.03649339439055962,0.6887509226799011,-1.2687798366525809,-66.34139823179491,0.9746244032669484,True,True,0
712,8,100.0,11.5,0.25,20.0,300.0,0.02,35.263034067809826,42.781789162034066,70.70602297233286,0.06783216661959496,0.16869576377196244,1.0449198630434418,9.844458528233744,0.03649321867209333,0.6895495653152466,-1.2665665355289504,-66.31390590791868,0.974668669289421,True,True,0
713,8,100.0,11.5,0.25,20.0,300.0,0.02,35.26732904079618,42.78179663732506,70.70590954403791,0.07034393079830129,0.20869678346327925,1.0449168524390986,9.844464263285753,0.036493112883359505,0.6891531348228455,-1.2683799825883395,-66.39107083847888,0.9746324003482332,True,True,0
714,8,100.0,11.5,0.25,20.0,300.0,0.02,35.266639467274686,42.78189297231875,70.7085509892138,0.05578305710403075,0.14003574631340082,1.0449254464810265,9.844450485980238,0.0364934136744214,0.6891539692878723,-1.2689416221843652,-66.34285996818751,0.9746211676052455,True,True,0
715,8,100.0,11.5,0.25,20.0,300.0,0.02,35.26364658354805,42.781824396238,70.70708690433514,0.067642941717418,0.17323731576114998,1.044921254852493,9.844462747248192,0.03649326730182693,0.6895552277565002,-1.2665579171587453,-66.31233020055429,0.9746688416568251,True,True,0
716,8,100.0,11.5,0.25,20.0,300.0,0.02,35.26505362948797,42.781910064491555,70.70913246043364,0.05428033759110878,0.14302174617513883,1.0449176358722856,9.84446554309176,0.036493140306351896,0.689160943031311,-1.2681363331097326,-66.39191934724818,0.9746372733378054,True,True,0
717,8,100.0,11.5,0.25,20.0,300.0,0.02,35.265102068693835,42.78165404654307,70.70220338853578,0.08598334482614652,0.25195613779547765,1.0449185969510253,9.844466318549415,0.03649317430618739,0.6895685195922852,-1.267012447212122,-66.24585563582869,0.9746597510557575,True,True,0
718,8,100.0,11.5,0.25,20.0,300.0,0.02,35.265748051565005,42.781967619718976,70.71034027592111,0.09578999034303656,0.22177046383221316,1.044924481694996,9.844459047209664,0.03649337935580403,0.6887556314468384,-1.268459074297241,-66.3718079464474,0.9746308185140552,True,True,0
719,8,100.0,11.5,0.25,20.0,300.0,0.02,35.26557184210307,42.78161741378367,70.70119914595574,0.08695113247803586,0.24687228664787397,1.0449192190584031,9.844460740364203,0.036493196153616986,0.6895536780357361,-1.2658902533482423,-66.30158446323605,0.9746821949330351,True,True,0
720,8,100.0,11.5,0.25,20.0,300.0,0.02,35.26617016997074,42.78194642535738,70.7097926656133,0.09534140140225869,0.22364498031926872,1.0449251482388493,9.844456324002921,0.03649340269312575,0.68874591588974,-1.268980020920583,-66.34122487293682,0.974620399622387,True,True,0
721,8,100.0,11.5,0.25,20.0,300.0,0.02,35.263112065084215,42.781791951718546,70.70612090000985,0.06815776347760719,0.16852988247899128,1.0449201342724341,9.844457233048212,0.0364932281515745,0.6895459294319153,-1.2685708434601155,-2075.083120441468,40.50166240882936,True,False,0
722,8,100.0,11.5,0.25,20.0,300.0,0.02,35.26454502667359,42.781895175130785,70.70868655715228,0.05428467113998928,0.14592132898038285,1.0449170380675559,9.84446289418363,0.03649311937476707,0.689149796962738,-1.2687871968065527,-66.39250144462812,0.9746242560638689,True,True,0
723,8,100.0,11.5,0.25,20.0,300.0,0.02,35.26756121637302,42.78179895761845,70.70624330731955,0.07197833067666143,0.19185970780198422,1.0449180102191398,9.844464024944465,0.03649315375054288,0.689561665058136,-1.268694372696501,-66.33540652176772,0.9746261135500398,True,True,0
724,8,100.0,11.5,0.25,20.0,300.0,0.02,35.264017522210224,42.781817580270406,70.70650696033876,0.06972775862535689,0.18707998078194576,1.0449265483009051,9.844456447620978,0.03649345214890622,0.6891634464263916,-1.2666499195839411,-66.31460656134604,0.9746670016083212,True,True,0
725,8,100.0,11.5,0.25,20.0,300.0,0.02,35.26523396708492,42.78192507101924,70.70956783451497,0.05349869326766911,0.14543061098125962,1.044917779190145,9.844462618144654,0.036493145411771254,0.6891526579856873,-1.2688580578083988,-66.39129143635112,0.974622838843832,True,True,0
726,8,100.0,11.5,0.25,20.0,300.0,0.02,35.26525446664962,42.78163860947364,70.70181134765886,0.08607439479221721,0.2508349037746161,1.0449189597115398,9.8444653189872,0.03649318699842885,0.6895638704299927,-1.2681502475657465,-66.2523775786102,0.9746369954153138,True,True,0
727,8,100.0,11.5,0.25,20.0,300.0,0.02,35.26588887585713,42.78196662538279,70.71035169732865,0.09557422043546798,0.2223529367252441,1.0449246992031576,9.844458533882422,0.03649338697379863,0.6887523531913757,-1.268739303561536,-66.3416666435345,0.9746252139287693,True,True,0
728,8,100.0,11.5,0.25,20.0,300.0,0.02,35.26284938313401,42.781775134738815,70.7056479771898,0.0676349884167219,0.16831684101779912,1.0449195929204984,9.844459760345904,0.0364932092254362,0.6895506978034973,-1.2664959233572628,-66.31327625774084,0.9746700815328547,True,True,0
729,8,100.0,11.5,0.25,20.0,300.0,0.02,35.26715527978812,42.781800258419125,70.70603098910588,0.07042204883307986,0.20926745476435754,1.0449166587563206,9.844465671697016,0.03649310610633529,0.6891542673110962,-1.2686965592531227,-66.37873800563221,0.9746260688149375,True,True,0
730,8,100.0,11.5,0.25,20.0,300.0,0.02,35.26647575958213,42.78190402143927,70.70888278040185,0.05584024277145849,0.13971607539899383,1.0449253015998803,9.844451695744828,0.03649340860839167,0.689155101776123,-1.2690321076008595,-66.35473006008797,0.9746193580113844,True,True,0
731,8,100.0,11.5,0.25,20.0,300.0,0.02,35.263492657026724,42.7818188004328,70.70695480978485,0.06747646251784419,0.17292793402466672,1.0449210818197883,9.844464176232476,0.03649326125165463,0.6895563006401062,-1.26661458757493,-66.31328723955605,0.9746677082485014,True,True,0
732,8,100.0,11.5,0.25,20.0,300.0,0.02,35.26776539242535,42.78180243193704,70.70614447157601,0.07045163036384525,0.207302638844215,1.044917523666414,9.844467101710572,0.03649313638024986,0.6891619563102722,-1.2675894819611289,-66.38019031903151,0.9746482103607774,True,True,0
733,8,100.0,11.5,0.25,20.0,300.0,0.02,35.26411116617771,42.78180076268537,70.70602894167729,0.06727014832909133,0.18506498767740587,1.0449260815259827,9.84445310893913,0.03649343590134579,0.6891587972640991,-1.266290842284542,-66.27164984996998,0.9746741831543092,True,True,0
734,8,100.0,11.5,0.25,20.0,300.0,0.02,35.26531555380156,42.781940299377766,70.7099991991924,0.053780316465495095,0.14688544864670058,1.0449179849912593,9.84446083863816,0.03649315261422882,0.6891456842422485,-1.2686543869637334,-66.39193698442355,0.9746269122607253,True,True,0
735,8,100.0,11.5,0.25,20.0,300.0,0.02,35.2653307835792,42.7816240223931,70.70140720431183,0.08629137738188071,0.2503069949048674,1.0449191220189906,9.844463889973648,0.036493192666540684,0.6895607113838196,-1.2658716036989173,-66.30199364910382,0.9746825679260217,True,True,0
736,8,100.0,11.5,0.25,20.0,300.0,0.02,35.2659608871583,42.78196147985491,70.71021036859922,0.09535502889055136,0.22298345012513132,1.0449248180982313,9.844457120533209,0.03649339113587104,0.6887487173080444,-1.2688477492384398,-2073.4000969917934,40.468001939835865,True,False,0
737,8,100.0,11.5,0.25,20.0,300.0,0.02,35.262917758669,42.78177988551495,70.70578049246546,0.06792069357380774,0.16817106980858065,1.0449197813458821,9.844458174492738,0.03649321580683213,0.6895474791526794,-1.2665314592953973,-66.31331296278017,0.9746693708140921,True,True,0
738,8,100.0,11.5,0.25,20.0,300.0,0.02,35.26722002309766,42.781788276279755,70.70569386380261,0.07027872207052807,0.209034594556359,1.044916773045884,9.844464003571938,0.03649311010107563,0.6891511678695679,-1.2692508975817578,-66.39277097037652,0.9746149821099396,True,True,0
739,8,100.0,11.5,0.25,20.0,300.0,0.02,35.26653727016107,42.781899954900936,70.70876551750962,0.05583582898896939,0.14025554010497515,1.0449253566864767,9.844450186100165,0.03649341053125931,0.6891520619392395,-1.2683783181013921,-66.34114290804199,0.9746324336379721,True,True,0
740,8,100.0,11.5,0.25,20.0,300.0,0.02,35.2635508885172,42.78181689380682,70.70689614993844,0.06772626524884667,0.17280391435511486,1.0449211948239854,9.844462378788624,0.036493265196360224,0.6895535588264465,-1.2665447865740804,-66.31490562966674,0.9746691042685184,True,True,0
741,8,100.0,11.5,0.25,20.0,300.0,0.02,35.26496383286985,42.78191575610442,70.70931182361817,0.05424962387014453,0.14340441277729837,1.0449175786222138,9.84446529034978,0.03649313829990034,0.6891592741012573,-1.2691714170333712,-66.39126101022836,0.9746165716718859,True,True,0
742,8,100.0,11.5,0.25,20.0,300.0,0.02,35.265017948272764,42.781647307429054,70.70203479184212,0.08608799954783276,0.25170110276565966,1.0449185302839452,9.844466066623278,0.03649317196930806,0.689566969871521,-1.2666134886881537,-66.24669073847264,0.9746677302262369,True,True,0
743,8,100.0,11.5,0.25,20.0,300.0,0.02,35.265669082634474,42.781972551804564,70.71049893710192,0.09570250638024415,0.22203277393086873,1.044924414384942,9.844458892797277,0.036493377001936535,0.688754141330719,-1.2690031617440238,-2073.286147559047,40.46572295118094,True,False,0
744,8,100.0,11.5,0.25,20.0,300.0,0.02,35.26549793902696,42.781611366104116,70.70105002416302,0.08703885725956462,0.24664418652827858,1.0449191758727512,9.844460639042,0.0364931946386017,0.6895523071289062,-1.2660468926734363,-66.30109714488076,0.9746790621465313,True,True,0
745,8,100.0,11.5,0.25,20.0,300.0,0.02,35.266100843717616,42.78195100709233,70.70994134976635,0.09526310673036843,0.22387416432200533,1.044925112760815,9.844456246654973,0.036493401452157105,0.6887446045875549,-1.2688871405425384,-2073.515667938319,40.47031335876638,True,False,0
746,8,100.0,11.5,0.25,20.0,300.0,0.02,35.263047218296244,42.781786518722875,70.70598884945899,0.06821060020565076,0.1682251667731942,1.04492010524478,9.84445717895864,0.03649322713232461,0.689544677734375,-1.2686596026739938,-2075.1362584699036,40.502725169398076,True,False,0
747,8,100.0,11.5,0.25,20.0,300.0,0.02,35.26448418797738,42.78188975957982,70.70855509050023,0.05426575830404852,0.14618717894266056,1.044917010563095,9.844462921905754,0.03649311841001828,0.6891486644744873,-1.2691359993942881,-66.39185165654524,0.9746172803506673,True,True,0
748,8,100.0,11.5,0.25,20.0,300.0,0.02,35.26750430917007,42.78180265607271,70.70636681407899,0.07211238953693157,0.19192481682273993,1.0449179757896627,9.844464037843645,0.03649315254284065,0.6895605325698853,-1.2686410933229437,-66.33566234342554,0.9746271798139466,True,True,0
749,8,100.0,11.5,0.25,20.0,300.0,0.02,35.26396421416286,42.78181294887894,70.70639703978046,0.0696760663463938,0.1868820120236026,1.0449265013770772,9.8444563466194,0.036493450507439636,0.6891623735427856,-1.2663260789820785,-66.31283460821996,0.9746734784203585,True,True,0
750,8,100.0,11.5,0.25,20.0,300.0,0.02,35.26518398688588,42.78192806720625,70.70967115503227,0.05348034754569331,0.14565089719077656,1.0449177602825723,9.844462606601546,0.03649314474852798,0.6891517043113708,-1.2687011852956083,-66.39141924743176,0.9746259762940879,True,True,0
751,8,100.0,11.5,0.25,20.0,300.0,0.02,35.26520766897018,42.78163446176404,70.70171422905224,0.08613568245511906,0.25068740273180296,1.044918935854621,9.844465301177552,0.036493186161383015,0.6895629167556763,-1.2680864784495913,-66.25596334405068,0.9746382707533544,True,True,0
752,8,100.0,11.5,0.25,20.0,300.0,0.02,35.265844966349874,42.78196940640914,70.71044840048505,0.09552238685330328,0.22250427665685782,1.0449246729794908,9.844458577182147,0.036493386057176516,0.6887514591217041,-1.2688910265475324,-2073.297615303189,40.465952306063784,True,False,0
753,8,100.0,11.5,0.25,20.0,300.0,0.02,35.26280834688962,42.781771241474935,70.70555715911502,0.06766978314973554,0.16811709055745214,1.0449195856832434,9.84445982519243,0.0364932089698688,0.6895498633384705,-1.266525913447325,-66.31345097233122,0.9746694817310535,True,True,0
754,8,100.0,11.5,0.25,20.0,300.0,0.02,35.26711685598566,42.78179672802874,70.70595006583908,0.07039563762940053,0.20939691880533953,1.0449166493743645,9.844465735380453,0.03649310577671974,0.6891534924507141,-1.2678820692459836,-66.38303389697927,0.9746423586150803,True,True,0
755,8,100.0,11.5,0.25,20.0,300.0,0.02,35.26643976328309,42.781906262879254,70.70896304224338,0.05585688054059334,0.13979948201418763,1.0449252878315516,9.84445169620194,0.036493408126459646,0.689154326915741,-1.2689017850435285,-66.35065656258041,0.9746219644840863,True,True,0
756,8,100.0,11.5,0.25,20.0,300.0,0.02,35.26345897675239,42.78181550003958,70.70687938865893,0.06751001229892975,0.17276333935701088,1.044921079029151,9.844464167348661,0.036493261152325915,0.6895555853843689,-1.266573913884802,-66.31343190421093,0.974668521722304,True,True,0
757,8,100.0,11.5,0.25,20.0,300.0,0.02,35.2677338620579,42.781804367916074,70.70621533015103,0.07042869591225949,0.20740916481412675,1.0449175198309297,9.84446715145837,0.03649313624499498,0.6891613006591797,-1.2674761076703343,-66.3832599231273,0.9746504778465933,True,True,0
758,8,100.0,11.5,0.25,20.0,300.0,0.02,35.26408167392551,42.781797925020676,70.70596563699597,0.06723587197555037,0.18495306418395216,1.044926073737647,9.84445312473736,0.03649343562874831,0.6891582012176514,-1.2663409885297985,-66.2695540337827,0.9746731802294041,True,True,0
759,8,100.0,11.5,0.25,20.0,300.0,0.02,35.26528788447973,42.781941863628425,70.71005870427707,0.05377087650961823,0.14701236715955904,1.0449179895949314,9.844460873071949,0.03649315277433187,0.6891450881958008,-1.2691372404731753,-2073.457301817227,40.46914603634454,True,False,0
760,8,100.0,11.5,0.25,20.0,300.0,0.02,35.26530490083369,42.781621480948054,70.70135129391251,0.08632696371772604,0.25022191468966193,1.044919118647558,9.844463975807106,0.0364931925472009,0.6895601749420166,-1.2660216291531168,-66.30068474414642,0.9746795674169376,True,True,0
761,8,100.0,11.5,0.25,20.0,300.0,0.02,35.26593661916251,42.78196114038609,70.71021570453756,0.09532447868489172,0.22307090704037177,1.0449248179498636,9.844457169953145,0.03649339113107564,0.6887481808662415,-1.2688913932123074,-2073.400095250011,40.46800190500022,True,False,0
762,8,100.0,11.5,0.25,20.0,300.0,0.02,35.26583137403488,42.78190601185281,70.70932669578643,0.03786291661288435,0.04792325886642138,1.044919782882483,9.844458208118537,0.03649321585953298,0.6895470023155212,-1.2691119480027955,-66.39167237195488,0.974617761201951,True,True,0
763,8,100.0,11.5,0.25,20.0,300.0,0.02,35.26591227703182,42.78163958827871,70.701926610328,0.08583381370246895,0.2532706492474402,1.0449205586130927,9.844467829621628,0.03649324285786206,0.6895649433135986,-1.2658497346169877,-66.29883157116409,0.9746830053076603,True,True,0
764,8,100.0,11.5,0.25,20.0,300.0,0.02,35.26651382423482,42.78192022696948,70.70910930400682,0.0954554803092789,0.22116831679074575,1.04492556701472,9.84445870961363,0.03649341733778423,0.6887561082839966,-1.2688650667376187,-66.3419082358359,0.9746226988565767,True,True,0
765,8,100.0,11.5,0.25,20.0,300.0,0.02,35.26343729112688,42.78181231963024,70.70672880066323,0.06792331930516146,0.16980514831898405,1.044920471449597,9.844458956176076,0.03649323996916951,0.6895507574081421,-1.2685722540516275,-2074.838165433742,40.496763308674836,True,False,0
766,8,100.0,11.5,0.25,20.0,300.0,0.02,35.26485102395595,42.781915784491666,70.70929255034325,0.05435976943004772,0.144671897756159,1.0449173547325954,9.844464291550647,0.03649313046926064,0.6891548037528992,-1.2686026331081184,-66.3915522594211,0.9746279473378376,True,True,0
767,8,100.0,11.5,0.25,20.0,300.0,0.02,35.26784802402336,42.78177779748135,70.705673525936,0.07138029999889556,0.19159190155960135,1.0449183544959786,9.844465398917967,0.036493165814123214,0.6895660758018494,-1.268615735629183,-66.33471677642129,0.9746276868083443,True,True,0
768,8,100.0,11.5,0.25,20.0,300.0,0.02,35.264286579971184,42.78183506091457,70.70701315126126,0.06994963252660094,0.18801678528018242,1.0449269345292138,9.844457903994016,0.036493465665354496,0.6891676783561707,-1.266950374136458,-66.32145937805959,0.9746609925172708,True,True,0
769,8,100.0,11.5,0.25,20.0,300.0,0.02,35.26548659551249,42.781907645615725,70.70909176089532,0.053611864898981246,0.1444420808371243,1.044918026042861,9.844463878691064,0.03649315405995532,0.6891566514968872,-1.268233332788881,-66.39168526142447,0.9746353333442224,True,True,0
770,8,100.0,11.5,0.25,20.0,300.0,0.02,35.265491283714496,42.78165431595433,70.70225892620921,0.0858081327425598,0.2515152049418859,1.0449192309588549,9.844466566152146,0.03649319650272218,0.6895676255226135,-1.2665213965183637,-66.24570750323679,0.9746695720696327,True,True,0
771,8,100.0,11.5,0.25,20.0,300.0,0.02,35.26611134863976,42.78195054276564,70.70990429116952,0.09579821657846052,0.2216668064981683,1.0449249652288541,9.844459533603642,0.03649339628070122,0.6887559294700623,-1.2688904385334867,-66.34391943460143,0.9746221912969267,True,True,0
772,8,100.0,11.5,0.25,20.0,300.0,0.02,35.26305753066729,42.78179013387775,70.70606846412082,0.06748949603295143,0.1692174811597596,1.0449197844290146,9.844460755621167,0.03649321593865897,0.6895540356636047,-1.2664632023378914,-66.31332411807891,0.9746707359532422,True,True,0
773,8,100.0,11.5,0.25,20.0,300.0,0.02,35.267350453186914,42.78181371217026,70.70640441968348,0.07053771976619941,0.20869363064899377,1.0449168387277576,9.844466472618457,0.03649311241189977,0.6891574263572693,-1.2687977386635816,-66.35165883202633,0.9746240469345224,True,True,0
774,8,100.0,11.5,0.25,20.0,300.0,0.02,35.2666588470277,42.78189094676518,70.70851049017578,0.05574757585805516,0.13933884755923714,1.044925528093009,9.8444524558697,0.0364934165353,0.6891581416130066,-1.2691111824712324,-66.37687204201245,0.9746177763543944,True,True,0
775,8,100.0,11.5,0.25,20.0,300.0,0.02,35.263664109686246,42.781831590527645,70.70730475920118,0.06733998283550328,0.17367354079776665,1.0449212407502146,9.844465038645259,0.036493266822053394,0.6895591020584106,-1.2666097748780631,-66.31416591316858,0.9746678045024387,True,True,0
776,8,100.0,11.5,0.25,20.0,300.0,0.02,35.26792615605107,42.781791061281304,70.70581538416147,0.07055292502891207,0.20682811944575624,1.0449176593761975,9.844467802794526,0.03649314113510454,0.6891646385192871,-1.2689714085069008,-66.35684001714229,0.974620572333225,True,True,0
777,8,100.0,11.5,0.25,20.0,300.0,0.02,35.264261715965155,42.78181165044043,70.70632147182373,0.06741313876278743,0.18559018823466933,1.044926238537346,9.844453807979825,0.036493441396932925,0.6891614198684692,-1.2663400567682692,-66.28718201995135,0.9746731988646347,True,True,0
778,8,100.0,11.5,0.25,20.0,300.0,0.02,35.265456895049624,42.78193097198658,70.70972407506335,0.05384019806073051,0.14630941315355028,1.044918070689682,9.844461416154578,0.036493155618754713,0.6891480684280396,-1.268928936441332,-66.39177454641545,0.9746214212711733,True,True,0
779,8,100.0,11.5,0.25,20.0,300.0,0.02,35.26546320379719,42.78163380579896,70.70166582310232,0.08613439573237466,0.2506979455617731,1.0449192497891007,9.844464358520828,0.03649319714427097,0.689562976360321,-1.2653728008204292,-66.29434081221177,0.9746925439835914,True,True,0
780,8,100.0,11.5,0.25,20.0,300.0,0.02,35.266085181732336,42.781952862603944,70.70995239436103,0.09548696197970447,0.22258606255237517,1.0449249112586652,9.844457548214512,0.03649339439537182,0.6887509226799011,-1.2684180147287887,-66.3423993654605,0.9746316397054242,True,True,0
781,8,100.0,11.5,0.25,20.0,300.0,0.02,35.26303406363478,42.78178916234924,70.70602298260638,0.06783213759113375,0.1686958692164766,1.0449198648571285,9.844458563876254,0.03649321873545729,0.6895495057106018,-1.2665634770172483,-66.31305189252603,0.9746687304596551,True,True,0
782,8,100.0,11.5,0.25,20.0,300.0,0.02,35.267329034226556,42.78179663716945,70.70590954375838,0.07034390538363203,0.20869627092864262,1.0449168499779844,9.844464191762254,0.03649311279745475,0.6891530752182007,-1.2685331391797614,-66.39018688707537,0.9746293372164048,True,True,0
783,8,100.0,11.5,0.25,20.0,300.0,0.02,35.266639458306415,42.781892972364645,70.7085509830042,0.055783002411813755,0.14003509863618294,1.0449254472091913,9.844450497308301,0.036493413699779674,0.6891539692878723,-1.2688590150225354,-66.34148159881984,0.9746228197474041,True,True,0
784,8,100.0,11.5,0.25,20.0,300.0,0.02,35.263646580114695,42.78182439621759,70.70708690113551,0.0676428373558453,0.1732370984519856,1.0449212541848003,9.844462730852433,0.03649326727854474,0.6895552277565002,-1.2667720579531054,-66.31444311705837,0.974664558840938,True,True,0
785,8,100.0,11.5,0.25,20.0,300.0,0.02,35.26505362940014,42.781910064747954,70.7091324615243,0.054280378030006224,0.14302194475318594,1.0449176360997856,9.844465520383004,0.036493140314314214,0.6891608834266663,-1.2691854472983266,-66.38991116418433,0.9746162912303129,True,True,0
786,8,100.0,11.5,0.25,20.0,300.0,0.02,35.265102067922534,42.7816540464927,70.70220338163219,0.08598340709761136,0.2519557275407069,1.0449185974823358,9.844466317331674,0.03649317432473963,0.6895684599876404,-1.2666821874270493,-66.24624726281222,0.974666356251459,True,True,0
787,8,100.0,11.5,0.25,20.0,300.0,0.02,35.26574804809787,42.781967619368075,70.71034027170514,0.09579007318012009,0.22177097448272845,1.044924482532208,9.84445905065176,0.036493379385059595,0.6887555718421936,-1.268360274026794,-66.37041449331967,0.9746327945194642,True,True,0
788,8,100.0,11.5,0.25,20.0,300.0,0.02,35.265571834467444,42.78161741316986,70.70119914230324,0.0869512739242269,0.246871900413875,1.0449192205925233,9.84446077190595,0.0364931962072092,0.6895536780357361,-1.2658084061248154,-66.29979633662128,0.9746838318775037,True,True,0
789,8,100.0,11.5,0.25,20.0,300.0,0.02,35.26617016853358,42.78194642492633,70.7097926565584,0.09534152731968673,0.223645266762637,1.0449251496213594,9.844456358869687,0.0364934027414287,0.68874591588974,-1.2686839289973415,-66.34209481661128,0.9746263214200531,True,True,0
790,8,100.0,11.5,0.25,20.0,300.0,0.02,35.263112065138024,42.78179195154577,70.70612089561669,0.06815778250865644,0.1685298309348485,1.0449201365992338,9.844457303715032,0.036493228232848875,0.6895459294319153,-1.2686119778149352,-2075.0833501751886,40.50166700350377,True,False,0
791,8,100.0,11.5,0.25,20.0,300.0,0.02,35.26454502153174,42.781895175302076,70.70868656530695,0.054284602004540376,0.1459213071148672,1.044917038051205,9.844462887623912,0.03649311937423239,0.689149796962738,-1.2691428138504055,-66.39268118594052,0.9746171439868432,True,True,0
792,8,100.0,11.5,0.25,20.0,300.0,0.02,35.26756121438313,42.781798957112095,70.70624329530459,0.07197811819301551,0.191859143924203,1.0449180113369407,9.844464070448888,0.036493153789592524,0.6895616054534912,-1.268623913400551,-66.33421340540363,0.9746275230192116,True,True,0
793,8,100.0,11.5,0.25,20.0,300.0,0.02,35.26401751714198,42.78181758000371,70.70650696372367,0.06972772125546166,0.18707962790326085,1.0449265463041135,9.844456392767793,0.03649345207919382,0.6891633868217468,-1.266698333878935,-66.31329258277545,0.9746660333224213,True,True,0
794,8,100.0,11.5,0.25,20.0,300.0,0.02,35.26523396104858,42.78192507027611,70.70956782918329,0.053498658893918645,0.14543080329045308,1.0449177781520285,9.844462595315132,0.03649314537550552,0.6891526579856873,-1.2691554629022122,-66.39137035290169,0.974616890827486,True,True,0
795,8,100.0,11.5,0.25,20.0,300.0,0.02,35.265254458962204,42.781638608556875,70.70181134106079,0.08607457835055991,0.2508349679102943,1.0449189581777678,9.844465283460487,0.036493186944895346,0.6895638704299927,-1.2681312528715742,-66.2515551894797,0.9746373751944428,True,True,0
796,8,100.0,11.5,0.25,20.0,300.0,0.02,35.26588886712114,42.78196662506518,70.71035169820692,0.0955742824712214,0.22235349984907404,1.0449246985511766,9.844458540921204,0.036493386951026115,0.6887523531913757,-1.268862030250963,-66.34187080306462,0.974622759514828,True,True,0
797,8,100.0,11.5,0.25,20.0,300.0,0.02,35.26284937463552,42.781775134823,70.70564798313573,0.06763486101168262,0.168316694158168,1.0449195942342966,9.844459809533603,0.036493209271303506,0.6895506381988525,-1.2666776425876247,-66.31331394545698,0.9746664471482475,True,True,0
798,8,100.0,11.5,0.25,20.0,300.0,0.02,35.26715527042079,42.78180025805146,70.7060309857511,0.07042205461149134,0.2092672890929792,1.0449166605021258,9.844465709952589,0.03649310616734575,0.6891542673110962,-1.2691348841019503,-66.37771294769273,0.974617302518307,True,True,0
