step,N,grid_size,k_attr,k_rep,sigma_rep,amp_rep,eta,min_spacing,mean_spacing,max_spacing,mean_force_norm,max_force_norm,mean_potential,var_potential,mean_need,max_need,lambda_max_real,lambda_min_real,spectral_radius_I_plus_etaJ,continuous_stable,discrete_stable,num_eig_pos_real
0,8,100.0,10.0,0.25,20.0,300.0,0.02,19.231540190544884,41.06292765707604,58.654977824868425,345.3183811729226,540.458288467026,10.604225672747448,179.20599408499606,0.35606070883734253,1.0,11.414832832796948,-57.129270622945356,1.228296656655939,False,False,4
1,8,100.0,10.0,0.25,20.0,300.0,0.02,17.237307515491217,42.30795775909854,62.399330487819554,190.546016860482,377.82797070749604,6.925178988372255,128.23489616535664,0.23655451178643822,0.9999950528144836,7.278758001759591,-65.07056540443129,1.1455751600351918,False,False,3
2,8,100.0,10.0,0.25,20.0,300.0,0.02,17.645121754925945,42.626415948335804,60.91529960749077,102.20230841813455,162.32950046321022,5.630766611559962,99.92509705095756,0.19484192051274413,0.9999479055404663,5.664226330335945,-61.202231182175,1.1132845266067188,False,False,2
3,8,100.0,10.0,0.25,20.0,300.0,0.02,18.878690974095232,42.900954358142734,60.442414085894455,58.493805330390224,116.3168370058798,5.045444486935679,90.14060144143797,0.17525828265869123,0.9999480843544006,4.361505652129299,-53.13262782728009,1.0872301130425859,False,False,2
4,8,100.0,10.0,0.25,20.0,300.0,0.02,20.26262838380197,43.016913338718034,60.81153044478699,39.141163714290755,81.84956738061514,4.828183874623522,87.57708315560464,0.16801496012745556,0.9999048709869385,3.266342373647206,-52.36852690896715,1.065326847472944,False,False,2
5,8,100.0,10.0,0.25,20.0,300.0,0.02,21.548352905870956,43.1012008059205,61.22279259635208,33.45836274904093,68.93548870237568,4.747594471558957,86.54821675365815,0.16534138439479718,0.999818742275238,2.266676869301579,-52.42133968065599,1.0453335373860315,False,False,2
6,8,100.0,10.0,0.25,20.0,300.0,0.02,22.65623753975117,43.133857543468665,61.60786333793247,28.067924066168565,53.323131899591004,4.678013341833895,85.70245779471014,0.16300730367150398,0.9997773766517639,1.6051943160303053,-53.21354309113548,1.032103886320606,False,False,2
7,8,100.0,10.0,0.25,20.0,300.0,0.02,23.640703807458387,43.171393622635826,61.83621974337935,25.088972319826325,42.435980908561845,4.6273384427047635,84.97229946381621,0.16130295935088676,0.9997720122337341,1.2875200818246582,-53.87236342826796,1.0257504016364931,False,False,1
8,8,100.0,10.0,0.25,20.0,300.0,0.02,24.514107154164485,43.21556341795344,62.10327016748178,21.392547416134406,34.80678105790228,4.591283457671166,84.44427143146208,0.16008887212723977,0.9997649192810059,1.0355650618028145,-55.09337381239358,1.0207113012360562,False,False,1
9,8,100.0,10.0,0.25,20.0,300.0,0.02,24.929670262537808,43.247846842754996,62.333826746100286,18.182439401662997,28.779694840505925,4.568639423298934,84.08393176597488,0.15933093173923818,0.9997429847717285,0.9210115592272246,-55.67326593699747,1.0184202311845445,False,False,1
10,8,100.0,10.0,0.25,20.0,300.0,0.02,25.173653334544504,43.261194985620804,62.58151484138465,15.628867381130231,23.44271101291657,4.552968718300774,83.79740724785643,0.1588068791691177,0.9997401833534241,0.8581515230572602,-56.044633050698906,1.0171630304611452,False,False,1
11,8,100.0,10.0,0.25,20.0,300.0,0.02,25.33370999120698,43.262110593328764,62.87157951378271,14.048627910753419,21.816321115894194,4.54150609740849,83.54349865654041,0.15842450264392113,0.999721348285675,0.7598326447664736,-56.716763188344885,1.0151966528953296,False,False,1
12,8,100.0,10.0,0.25,20.0,300.0,0.02,25.496629879773973,43.26121180880255,63.0051887343435,13.711735644601928,18.154823456902047,4.5267248014365995,83.2013220232899,0.15792332840575446,0.9996925592422485,0.6823981410176443,-57.80440395649211,1.013647962820353,False,False,1
13,8,100.0,10.0,0.25,20.0,300.0,0.02,25.640095033529622,43.25580598051035,63.16013979551385,13.016377092018537,16.830491301177933,4.508137007556045,82.76760551695098,0.1572879374898048,0.9996789693832397,0.6363335208803911,-58.14823078393931,1.0127266704176079,False,False,1
14,8,100.0,10.0,0.25,20.0,300.0,0.02,25.703455302581485,43.246876336603854,63.258351109215674,11.59373262424581,18.062222331626828,4.488492884800326,82.30490508934881,0.15661535958511713,0.9996626377105713,0.6453475550822277,-58.37989557723427,1.0129069511016446,False,False,1
15,8,100.0,10.0,0.25,20.0,300.0,0.02,25.759546167626837,43.236158004736474,63.413566885224824,10.689777421531584,16.749836134273366,4.4671700007069335,81.76768379901938,0.15588181783073604,0.9996286034584045,0.655917274501293,-58.78666742849077,1.0131183454900259,False,False,1
16,8,100.0,10.0,0.25,20.0,300.0,0.02,25.82539976054914,43.23379671195557,63.60997668016546,10.883606074805371,14.620757150123257,4.443931381121593,81.17729641696432,0.155080335137377,0.9996111989021301,0.5346024650450439,-59.272350328192466,1.0106920493009008,False,False,1
17,8,100.0,10.0,0.25,20.0,300.0,0.02,25.881448638448795,43.23032675098214,63.79849674529003,10.748364712638812,15.471222149427268,4.420461145819358,80.59729692001858,0.1542712393230697,0.9995934367179871,0.47291439809858626,-59.893895478804865,1.0094582879619718,False,False,1
18,8,100.0,10.0,0.25,20.0,300.0,0.02,25.890275884688123,43.22511600183606,63.97868469550728,11.074210824266926,14.873905431725051,4.3927686513290585,79.91988410454482,0.1533157414978506,0.9995561242103577,0.29007098224970645,-60.270138685443754,1.005801419644994,False,False,1
19,8,100.0,10.0,0.25,20.0,300.0,0.02,25.840433719672344,43.22076505264209,64.15972468236887,10.877930477691791,17.093533504326274,4.3646183694387855,79.21038078264887,0.15234466999404653,0.9994986653327942,0.2440702426644396,-60.36014651707013,1.0048814048532888,False,False,1
20,8,100.0,10.0,0.25,20.0,300.0,0.02,25.833507112589473,43.214270039980526,64.36110455296414,10.864246680722218,16.057040924460452,4.332922021841722,78.42558268200465,0.15125040013554147,0.9994615912437439,0.06462035565975785,-60.7120279302913,1.0012924071131952,False,False,1
21,8,100.0,10.0,0.25,20.0,300.0,0.02,25.838349422131408,43.21054376165646,64.55513079540299,11.022530077584898,16.562811683985498,4.296290958136472,77.54037916258399,0.14998415428530223,0.999407947063446,-0.041440595769839064,-60.47772364987527,0.9991711880846033,True,True,0
22,8,100.0,10.0,0.25,20.0,300.0,0.02,25.832610185175618,43.2071432269234,64.74789131416452,10.846079578460264,15.72250027473906,4.256987967388575,76.58632783480094,0.14862554859657032,0.9993412494659424,-0.22567683727422852,-60.45177123054813,0.9954864632545154,True,True,0
23,8,100.0,10.0,0.25,20.0,300.0,0.02,25.833781264631902,43.206387743158515,64.93995214625217,11.676992670840209,19.203469896067823,4.214959629096462,75.56401157943908,0.1471721004991739,0.9993178248405457,-0.39525451614106555,-61.158606728521924,0.9920969833757487,True,True,0
24,8,100.0,10.0,0.25,20.0,300.0,0.02,25.843150725503417,43.21188676023386,65.26175005470056,12.690540083713557,17.292350593654326,4.173346157265578,74.52547090163058,0.14573471283946116,0.9992423057556152,-0.42913639855387836,-61.53488138918793,0.9914196311009584,True,True,0
25,8,100.0,10.0,0.25,20.0,300.0,0.02,25.839952149075536,43.21930189962627,65.52353128347393,11.834706209609422,17.73263838113097,4.129776583188017,73.46514749684404,0.1442317280501878,0.9991630911827087,-0.4985189968289781,-61.53919087887982,0.9900316567634182,True,True,0
26,8,100.0,10.0,0.25,20.0,300.0,0.02,25.849932179382865,43.22880268886119,65.76438005988031,11.603581323353218,19.86141506377712,4.085581588217916,72.40031643258928,0.14270570501187943,0.9991474747657776,-0.4853910512451646,-61.58646962365373,0.9902927916969408,True,True,0
27,8,100.0,10.0,0.25,20.0,300.0,0.02,25.87005463045822,43.238781241913216,66.00072121149215,11.300568353570519,18.666795012242485,4.036959165628927,71.25018892903641,0.14102477933115024,0.9990668892860413,-0.31377157390510696,-61.57513703085709,0.9937245685218978,True,True,0
28,8,100.0,10.0,0.25,20.0,300.0,0.02,25.906996969634246,43.25059041205447,66.22179052762996,11.208037304342236,18.055823918066324,3.9853290299920023,70.05125556223535,0.13923817113243475,0.9989534616470337,-0.12665206318686273,-61.94965618515485,0.9974669587362628,True,True,0
29,8,100.0,10.0,0.25,20.0,300.0,0.02,25.93751710429908,43.27102494524589,66.42999152055283,11.762636241319841,19.27096697553795,3.9316910173706754,68.8227539888961,0.13738144382728004,0.9989355802536011,0.07188592368979503,-62.351777132597974,1.001437718473796,False,False,1
30,8,100.0,10.0,0.25,20.0,300.0,0.02,25.986854621805506,43.29045344989207,66.65044202797323,11.18480557232171,18.214304473054415,3.8807210970075765,67.66160207865651,0.13561899814442607,0.9988481998443604,1420.3262412053232,-62.1822333413805,29.406524824106466,False,False,2
31,8,100.0,10.0,0.25,20.0,300.0,0.02,26.029708802783347,43.315107013101446,66.95481492286012,11.51978773473384,18.666630186928842,3.8292623541510054,66.51669390852683,0.1338381033163174,0.998735249042511,0.3943206024944071,-62.540810869052436,1.007886412049888,False,False,1
32,8,100.0,10.0,0.25,20.0,300.0,0.02,26.069565244422748,43.33613032399622,67.21237607779031,10.854753968683863,17.309999544093376,3.7811081867695475,65.45449388105158,0.13217391215241592,0.998730480670929,0.6095266717148757,-62.496199631949224,1.0121905334342975,False,False,1
33,8,100.0,10.0,0.25,20.0,300.0,0.02,26.155241659403877,43.35614482127397,67.44702169751596,10.30730326882205,16.73721156079879,3.7322195302332375,64.4105108628483,0.13048199193065868,0.9986556768417358,0.8096060218454441,-62.59754670308285,1.0161921204369089,False,False,1
34,8,100.0,10.0,0.25,20.0,300.0,0.02,26.227880320270636,43.3761675722534,67.65501564114669,9.810827129726468,16.784207103500307,3.6788754895400735,63.32902432264079,0.1286320948450439,0.9985120296478271,0.973166046972189,-62.74969822384882,1.0194633209394437,False,False,1
35,8,100.0,10.0,0.25,20.0,300.0,0.02,26.29978481153726,43.40061791245818,67.85658627109324,9.96175375017635,15.52264094997835,3.6255557401008796,62.2988254072749,0.1267817339596263,0.998509407043457,1.1183675198743472,-62.84350414241223,1.022367350397487,False,False,1
36,8,100.0,10.0,0.25,20.0,300.0,0.02,26.37080288220646,43.4242360302708,68.04719806903384,9.358869663785349,14.743236731428444,3.576453565679092,61.38533049560222,0.12507857976722697,0.9984619617462158,1.249120765757985,-63.05881685472647,1.0249824153151597,False,False,1
37,8,100.0,10.0,0.25,20.0,300.0,0.02,26.446545568009377,43.44662925175427,68.22140916298403,8.734094311619252,14.103013873360792,3.5262587066563973,60.501091535759066,0.12333530437749418,0.9983549118041992,1.419831508465206,-63.35356039193022,1.0283966301693042,False,False,1
38,8,100.0,10.0,0.25,20.0,300.0,0.02,26.5062405358238,43.46802330119883,68.38885740895311,8.298353352749034,13.9188448530916,3.477440318944847,59.69226285572549,0.12163856074175187,0.9982394576072693,1.5331611834578212,-63.58794633464494,1.0306632236691564,False,False,1
39,8,100.0,10.0,0.25,20.0,300.0,0.02,26.53969369774983,43.48677360026021,68.5519255654339,7.8008070975806,12.011006032565467,3.429608549147306,58.9485455858625,0.11997503704174146,0.9982373118400574,1.6470947382517218,-64.03966582614794,1.0329418947650344,False,False,1
40,8,100.0,10.0,0.25,20.0,300.0,0.02,26.58413149195318,43.502830648755584,68.69754844148035,7.114991311520406,11.943116557844402,3.3832904977090106,58.274743295481116,0.118363294309864,0.9982598423957825,1.7499352676059738,-63.06017966378114,1.0349987053521195,False,False,1
41,8,100.0,10.0,0.25,20.0,300.0,0.02,26.630375457864176,43.51839351315114,68.82900748233982,6.568728261238176,10.988343453692162,3.3389373236298576,57.654000070617066,0.116818627517875,0.9981949925422668,1.8642467680139247,-62.82306764260592,1.0372849353602784,False,False,1
42,8,100.0,10.0,0.25,20.0,300.0,0.02,26.671893973880714,43.53334005363861,68.94758452260578,6.305368276070047,10.437755861090409,3.2976328386598106,57.10629976412137,0.11537961772732301,0.9980912804603577,1.9424185603460564,-62.88158488466149,1.0388483712069212,False,False,1
43,8,100.0,10.0,0.25,20.0,300.0,0.02,26.710274942120705,43.54750995434857,69.05160942902005,5.844769692425627,9.769211818966921,3.2561975196848367,56.58511588212806,0.11393515223415931,0.9979971051216125,2.049606524707548,-62.914504879864836,1.040992130494151,False,False,1
44,8,100.0,10.0,0.25,20.0,300.0,0.02,26.747491402894344,43.563013979609075,69.14864504768002,5.630592971647575,8.927306113815376,3.218052433028616,56.137194353623386,0.11260504155312874,0.9979845881462097,2.0815605505441668,-62.45665683338943,1.0416312110108834,False,False,1
45,8,100.0,10.0,0.25,20.0,300.0,0.02,26.77686866323202,43.57722352791045,69.23772362979439,5.08857241290368,8.596326417450822,3.18503931405947,55.78462940678996,0.11145419558607002,0.9979778528213501,2.1333150801096155,-61.87228325150271,1.0426663016021922,False,False,1
46,8,100.0,10.0,0.25,20.0,300.0,0.02,26.824386685842732,43.589492428315346,69.31993644707008,4.7196790168676195,7.875154641206475,3.1555352119690547,55.481745276680755,0.1104253697973022,0.9979479312896729,2.18017959566106,-61.152990881873514,1.0436035919132212,False,False,1
47,8,100.0,10.0,0.25,20.0,300.0,0.02,26.82934358160098,43.60250544174612,69.41872105749493,4.498646800429,7.252947471269761,3.127860808925977,55.2033167866103,0.10945987617260765,0.9978958368301392,2.2331753621231454,-61.0288998093225,1.0446635072424628,False,False,1
48,8,100.0,10.0,0.25,20.0,300.0,0.02,26.841683146301474,43.61416083216455,69.49962353432277,4.119308383969026,6.698145950461536,3.1043039290759045,54.98325092978835,0.10863825058073034,0.9978396892547607,2.27787553922178,-60.6247099818644,1.0455575107844357,False,False,1
49,8,100.0,10.0,0.25,20.0,300.0,0.02,26.86039734502892,43.62517268936578,69.57333484363618,3.8138887201532343,6.1744954787955075,3.0832318117737927,54.79275248154125,0.10790310865366932,0.9977607727050781,450.61376046219283,-61.124542851848275,10.012275209243857,False,False,2
50,8,100.0,10.0,0.25,20.0,300.0,0.02,26.883320222949827,43.63527809462668,69.63800191233938,3.501110038865141,5.781565463250241,3.0644075688061982,54.62505460086245,0.1072462659395394,0.9976946115493774,2.349851814055305,-58.87418985125808,1.046997036281106,False,False,1
51,8,100.0,10.0,0.25,20.0,300.0,0.02,26.925769774022992,43.644612360437186,69.69671351040978,3.301934690724109,5.444957061595677,3.0482298256364206,54.475023660259325,0.1066817130929692,0.9976550936698914,2.3758916749959966,-58.105283299471736,1.04751783349992,False,False,1
52,8,100.0,10.0,0.25,20.0,300.0,0.02,26.9624571590296,43.6531151447467,69.75055913473584,3.0164255964680384,5.269874953555636,3.033253176450092,54.32405474007154,0.10615885418016115,0.997608482837677,2.3885738654871855,-57.89086052285525,1.0477714773097437,False,False,1
53,8,100.0,10.0,0.25,20.0,300.0,0.02,26.994288108480625,43.66102900479031,69.80284732173281,2.808647826592619,4.9611652228050085,3.020398809235724,54.18951440450158,0.10571004151549673,0.9975626468658447,2.4125786963924525,-57.46632913290697,1.048251573927849,False,False,1
54,8,100.0,10.0,0.25,20.0,300.0,0.02,27.022157331592332,43.6682896494493,69.85233787497262,2.609936359676385,4.703446068524326,3.0089592280701463,54.07001230005154,0.10531058101211115,0.9975139498710632,2.416991349305224,-56.920359854003095,1.0483398269861044,False,False,1
55,8,100.0,10.0,0.25,20.0,300.0,0.02,27.04706454686999,43.675017047772194,69.89857806113244,2.44109534387214,4.479221428782893,2.998994827430133,53.96254807280037,0.10496258956695269,0.9974637627601624,2.4304757019794465,-56.46353669994944,1.048609514039589,False,False,1
56,8,100.0,10.0,0.25,20.0,300.0,0.02,27.069817720859795,43.68108916536471,69.9412665917055,2.2681917379447967,4.287668440062781,2.990283468240485,53.86552219941821,0.10465833847417996,0.9974250793457031,2.4313798331582905,-56.17668847518305,1.0486275966631657,False,False,1
57,8,100.0,10.0,0.25,20.0,300.0,0.02,27.090936371718982,43.68654384074436,69.98113796100067,2.155440481914736,4.188761955243811,2.9826604213733803,53.77810151611421,0.10439206877856111,0.9974040389060974,2.4309963178707843,-56.039033660655655,1.0486199263574156,False,False,1
58,8,100.0,10.0,0.25,20.0,300.0,0.02,27.110616440838434,43.691413681091774,70.01851136555534,2.020518839295997,3.969845916332335,2.975891411068391,53.69786551375385,0.10415561861780348,0.9973761439323425,2.4335878958037225,-55.71791330820087,1.0486717579160745,False,False,1
59,8,100.0,10.0,0.25,20.0,300.0,0.02,27.128986319644177,43.69571134648741,70.05349973453775,1.8962594045084642,3.784532770240899,2.9698568402195504,53.62540686598368,0.1039447978868226,0.9973445534706116,2.420387957615949,-55.72135277839004,1.0484077591523189,False,False,1
60,8,100.0,10.0,0.25,20.0,300.0,0.02,27.14601982966307,43.69947110963959,70.08664962937911,1.7879394109551563,3.610837966112651,2.964546282423192,53.55918375078119,0.10375924741045162,0.9973088502883911,2.4132204049962542,-55.57982629713079,1.048264408099925,False,False,1
61,8,100.0,10.0,0.25,20.0,300.0,0.02,27.162015464773777,43.70269335005362,70.11778300902442,1.6898036544180255,3.460125154015746,2.959823624222564,53.498483911440275,0.10359420723869925,0.9972695708274841,2.4132582527183932,-55.242954375463526,1.048265165054368,False,False,1
62,8,100.0,10.0,0.25,20.0,300.0,0.02,27.177078979505787,43.70539507189291,70.14710592770311,1.6026417857374673,3.329872188927323,2.9557151143980698,53.44205686784077,0.10345060950368738,0.9972265362739563,2.411886044189254,-55.0261325483623,1.048237720883785,False,False,1
63,8,100.0,10.0,0.25,20.0,300.0,0.02,27.19115668174602,43.70760400619165,70.18455961455217,1.528707261575378,3.206027480669998,2.9521157572602443,53.38935834780795,0.1033247869090512,0.9971798658370972,2.411938676980135,-54.838458250977865,1.0482387735396026,False,False,1
64,8,100.0,10.0,0.25,20.0,300.0,0.02,27.204443923912542,43.70937359085984,70.22293328122616,1.468293553923369,3.096483473511226,2.948940481390012,53.33982449203831,0.10321376686154836,0.9971299767494202,2.401218520687979,-54.89674797381129,1.0480243704137595,False,False,1
65,8,100.0,10.0,0.25,20.0,300.0,0.02,27.21708381349656,43.710681048849615,70.25908369047018,1.411837929814879,2.9953335539541652,2.9461042572549614,53.29316666326071,0.10311458199758743,0.9970767498016357,2.390621558300776,-54.831702980028055,1.0478124311660155,False,False,1
66,8,100.0,10.0,0.25,20.0,300.0,0.02,27.22905152273958,43.71152320036176,70.2928883871565,1.361990570018837,2.9122885969938883,2.943629750342491,53.248388363663494,0.10302802587195667,0.9970203042030334,2.38228929499503,-54.87381090394483,1.0476457858999007,False,False,1
67,8,100.0,10.0,0.25,20.0,300.0,0.02,27.24037113357979,43.71198037395841,70.34031202916862,1.3832891769569322,2.8378521783380277,2.9413999379767524,53.20548844211839,0.10295000767654323,0.9969602823257446,2.372697337246302,-54.89482927542778,1.047453946744926,False,False,1
68,8,100.0,10.0,0.25,20.0,300.0,0.02,27.250427587771302,43.711787797632475,70.3795509761095,1.3594156904469388,2.7658788567203247,2.9381487859909248,53.14562497114935,0.10283612842001828,0.996896505355835,2.3653470018796385,-54.77556750913158,1.0473069400375927,False,False,1
69,8,100.0,10.0,0.25,20.0,300.0,0.02,27.259878818421846,43.71126438942666,70.41491574581725,1.4607176144138168,2.717040275811373,2.935338053164746,53.08905843592315,0.10273763917320125,0.9968299865722656,2.362654696333978,-54.633995160156076,1.0472530939266795,False,False,1
70,8,100.0,10.0,0.25,20.0,300.0,0.02,27.270121534308196,43.710152558364776,70.44172900030293,1.4627515823954882,2.784642900137898,2.9315047912328684,53.015047571188774,0.10260325162700056,0.99677973985672,2.358065505566476,-54.57713380933208,1.0471613101113295,False,False,1
71,8,100.0,10.0,0.25,20.0,300.0,0.02,27.28134933091409,43.70865968612246,70.46528202119188,1.4657054318044211,2.6958775653535216,2.9281977249918567,52.94584021021285,0.10248727957018584,0.9967173337936401,2.3511684799871473,-54.466340567379206,1.0470233695997428,False,False,1
72,8,100.0,10.0,0.25,20.0,300.0,0.02,27.293342620513375,43.70677891817953,70.48643888777865,1.4872117244144283,2.715152197230805,2.92526543858966,52.88030422576419,0.10238442750326975,0.9966511726379395,2.3345127510996684,-54.61321132641272,1.0466902550219934,False,False,1
73,8,100.0,10.0,0.25,20.0,300.0,0.02,27.305882396498188,43.704533097801274,70.50614834619078,1.509203368772886,2.6521261573911663,2.922663074791222,52.81730712715625,0.10229312234192009,0.9965792298316956,2.321835161453895,-54.701546337334506,1.046436703229078,False,False,1
74,8,100.0,10.0,0.25,20.0,300.0,0.02,27.31868649962575,43.70188895637371,70.52427659734239,1.5393599432238718,2.622252675060786,2.920332569246678,52.756367089137434,0.10221133066474274,0.9965038299560547,2.3090142101956865,-54.66521243818601,1.0461802842039136,False,False,1
75,8,100.0,10.0,0.25,20.0,300.0,0.02,27.331589086653096,43.69884567715569,70.54109037361147,1.5796717036377834,2.604416535957992,2.9182309903288077,52.69689416732973,0.10213754849071816,0.9964234828948975,558.3573789574635,-52.96995068544904,12.16714757914927,False,False,2
76,8,100.0,10.0,0.25,20.0,300.0,0.02,27.344455807919026,43.695411502737976,70.55686519805617,1.6301366552067313,2.5916832644196868,2.916364396111738,52.63797934139557,0.10207198226892462,0.9963374733924866,2.2702980224545755,-55.053450747679804,1.0454059604490915,False,False,1
77,8,100.0,10.0,0.25,20.0,300.0,0.02,27.35733595658894,43.69166628087088,70.57156409976713,1.8027284727274488,2.5952261566298356,2.9147313661032035,52.57883543009859,0.10201458015814184,0.9962455630302429,2.250812439270532,-55.09736155459991,1.0450162487854107,False,False,1
78,8,100.0,10.0,0.25,20.0,300.0,0.02,27.372976872775546,43.68733843174483,70.58364644418522,1.8190374133905667,2.608654300835563,2.9120180460339355,52.50007145801014,0.10191926331763995,0.9961470365524292,2.2376809781539833,-55.20856352980779,1.0447536195630798,False,False,1
79,8,100.0,10.0,0.25,20.0,300.0,0.02,27.389800796389796,43.68268822698989,70.59677193089246,1.8663376171230626,2.62106915865901,2.9096253290625085,52.4229372874704,0.10183515683015221,0.9960381984710693,2.2140642345454977,-55.38066756665478,1.04428128469091,False,False,1
80,8,100.0,10.0,0.25,20.0,300.0,0.02,27.406973836989685,43.67760583282991,70.60900173964666,1.9341388593606634,2.645942511119487,2.907509701695614,52.34616652736941,0.10176074086065133,0.9959231615066528,2.1858453233046817,-55.57895414068936,1.0437169064660936,False,False,1
81,8,100.0,10.0,0.25,20.0,300.0,0.02,27.42410487923982,43.672194640444445,70.6216743138524,2.0024257832385266,2.6598375572232302,2.9056267290395863,52.26886070391476,0.10169445909382957,0.9957969784736633,2.1602389786655087,-55.63342227325141,1.0432047795733101,False,False,1
82,8,100.0,10.0,0.25,20.0,300.0,0.02,27.440927684955547,43.66642634583065,70.63463570265796,2.0812560310715047,2.7011718104714957,2.9039083726391715,52.19065392709491,0.10163393155248786,0.9956627488136292,2.124125754557147,-55.94198974416448,1.042482515091143,False,False,1
83,8,100.0,10.0,0.25,20.0,300.0,0.02,27.457394142027137,43.66023371146108,70.64696950253675,2.1680218612455415,2.750926399883577,2.902328520517487,52.110727766252644,0.10157824069427623,0.9955177903175354,2.091361447721422,-56.12314725006613,1.0418272289544284,False,False,1
84,8,100.0,10.0,0.25,20.0,300.0,0.02,27.473905905786374,43.65360664778463,70.65834197610867,2.2686783210060364,2.8070866171666733,2.900921401376316,52.028032223975906,0.10152857730377879,0.9953604340553284,2.061205729572062,-56.19484065503825,1.0412241145914412,False,False,1
85,8,100.0,10.0,0.25,20.0,300.0,0.02,27.49032897161647,43.64654290346914,70.66902869335883,2.3693877606164895,2.8743494001159675,2.899647889339536,51.9417412325402,0.10148356692882114,0.995189368724823,2.002461242544885,-56.863257738323455,1.0400492248508977,False,False,1
86,8,100.0,10.0,0.25,20.0,300.0,0.02,27.50699620914723,43.63911432011372,70.67860126040516,2.4682374185530436,2.9426792140264526,2.8985282936096124,51.851110406640025,0.1014439156965912,0.9950029850006104,1.959454151416367,-57.23842224123637,1.0391890830283272,False,False,1
87,8,100.0,10.0,0.25,20.0,300.0,0.02,27.52399908700907,43.63115701159599,70.68175869509443,2.563778679499279,3.009614642330363,2.8975696305031926,51.75566250999523,0.10140986194993673,0.9947981238365173,1.9040131856982543,-57.88371266382772,1.038080263713965,False,False,1
88,8,100.0,10.0,0.25,20.0,300.0,0.02,27.54151815859246,43.622830531740554,70.6870325197917,2.660659193816824,3.0827347222493713,2.89675821879239,51.655123920891164,0.10138092694501809,0.9945744872093201,1.8570780127468929,-58.284527389874036,1.0371415602549379,False,False,1
89,8,100.0,10.0,0.25,20.0,300.0,0.02,27.559194193557083,43.61409182623805,70.69023015886432,2.7618184572731277,3.0794532922453,2.8961496854755135,51.54886798236724,0.1013590462661184,0.9943196177482605,1.7788046273930178,-59.16643131596096,1.0355760925478603,False,False,1
90,8,100.0,10.0,0.25,20.0,300.0,0.02,27.577798012723775,43.60483776751715,70.69214302198874,2.8675977877103778,3.2381496165692383,2.895781044440183,51.43569624804856,0.10134551378945121,0.9940509796142578,1.6929970452058094,-60.306270143195334,1.0338599409041163,False,False,1
91,8,100.0,10.0,0.25,20.0,300.0,0.02,27.59757165175634,43.59536601522177,70.69370730624946,2.9669594080923654,3.2830096654349084,2.89587041804753,51.31391458471097,0.10134794382204322,0.9937489032745361,1.6017608707938142,-61.50995826008484,1.0320352174158762,False,False,1
92,8,100.0,10.0,0.25,20.0,300.0,0.02,27.618761573313016,43.58566620388956,70.69550621582613,3.0636149260087455,3.3619809208184788,2.8964362482656205,51.183335389565485,0.10136698312154958,0.9934230446815491,1.4717127220193316,-63.07676002888434,1.0294342544403867,False,False,1
93,8,100.0,10.0,0.25,20.0,300.0,0.02,27.641288764627028,43.575796469487976,70.69758319958568,3.156686682225725,3.4399833287571595,2.8976862685409444,51.042598276271946,0.10140988776100343,0.9930856227874756,1.3787152817043293,-63.81803971455189,1.0275743056340867,False,False,1
94,8,100.0,10.0,0.25,20.0,300.0,0.02,27.66465910824282,43.56581381829113,70.6999763481673,3.2457599153266443,3.5242695509455526,2.899434247121913,50.89274627132591,0.10147013759504545,0.9927288889884949,1.3099022370840279,-64.01268137390554,1.0261980447416805,False,False,1
95,8,100.0,10.0,0.25,20.0,300.0,0.02,27.688686054367917,43.555722449801046,70.70192882513169,3.332076576943813,3.5899696133079066,2.901424152589402,50.73532188844004,0.10153877160190289,0.992335855960846,1.248088304602363,-63.89111439036809,1.0249617660920474,False,False,1
96,8,100.0,10.0,0.25,20.0,300.0,0.02,27.713700519136708,43.54549810335636,70.70316893317303,3.416712722836341,3.6514242214136727,2.903355176990519,50.572054769091785,0.10160527179136022,0.9919048547744751,1.1867576103206328,-63.889985637571854,1.0237351522064126,False,False,1
97,8,100.0,10.0,0.25,20.0,300.0,0.02,27.73990323720639,43.53515153688704,70.70344854115329,3.4994333196199454,3.711373222546975,2.9051401104306116,50.40330401001292,0.10166658746486197,0.9914320111274719,1.1235472270500506,-228.3381806837927,3.566763613675854,False,False,1
98,8,100.0,10.0,0.25,20.0,300.0,0.02,27.76734876635588,43.524550443796734,70.69856602581724,3.580933420474027,3.7753514208478447,2.906735834775717,50.22911839841095,0.10172120557283261,0.990913987159729,1.0513270249673543,-63.7717804299465,1.021026540499347,False,False,1
99,8,100.0,10.0,0.25,20.0,300.0,0.02,27.797001360514304,43.51415867697527,70.70104931986886,3.681963125807574,3.8139879989126806,2.9081191993969986,50.04955209182563,0.10176831587051718,0.9904330968856812,0.9897621518278253,-63.65780071812442,1.0197952430365564,False,False,1
100,8,100.0,10.0,0.25,20.0,300.0,0.02,27.827725316784946,43.50341660989818,70.70223595579192,3.7564947689023636,3.9000001044896333,2.9092992751818976,49.86312509378349,0.10180822320364032,0.9899352192878723,0.9155247228824978,-63.5417028604064,1.01831049445765,False,False,1
101,8,100.0,10.0,0.25,20.0,300.0,0.02,27.859639048066448,43.49282931510403,70.70258067134091,3.8699953388971373,3.9758756333003538,2.9102472647559945,49.671030873918916,0.10183992448156907,0.9893638491630554,0.8452134788695321,-228.29836796458235,3.5659673592916468,False,False,1
102,8,100.0,10.0,0.25,20.0,300.0,0.02,27.89279527055992,43.48184222437909,70.69756414368548,3.9546326298099834,4.043082276146725,2.9109392752943846,49.471107538221325,0.10186256685040423,0.9887576699256897,0.7647019934138,-63.40175518566723,1.015294039868276,False,False,1
103,8,100.0,10.0,0.25,20.0,300.0,0.02,27.927458147435004,43.47128538435881,70.69899566755657,4.031971506855937,4.13317563473844,2.9113583100061113,49.264630633639925,0.1018755524794106,0.9880499839782715,0.6858955615839847,-63.29884458800727,1.0137179112316796,False,False,1
104,8,100.0,10.0,0.25,20.0,300.0,0.02,27.963759156224924,43.460596405309936,70.69998120839723,4.103515479599292,4.302322191636089,2.9114292028279256,49.051654447352355,0.10187625398309783,0.9874037504196167,0.5999233980550553,-63.21030247393669,1.0119984679611012,False,False,1
105,8,100.0,10.0,0.25,20.0,300.0,0.02,28.000916237844258,43.45009465874388,70.69944610612076,4.156602415321288,4.232801459663722,2.911163041733413,48.83236157302143,0.10186505063438783,0.9867432713508606,0.521845582716711,-63.01244473545669,1.0104369116543341,False,False,1
106,8,100.0,10.0,0.25,20.0,300.0,0.02,28.04025743188618,43.439710816777215,70.69890754493703,4.202302789908557,4.316256726084978,2.9105371497776784,48.6070638992673,0.10184115259180185,0.98603755235672,0.441216744353576,-230.73732255169335,3.6147464510338674,False,False,1
107,8,100.0,10.0,0.25,20.0,300.0,0.02,28.080708479528216,43.42941469964432,70.69796150583618,4.243129160340419,4.295186459248196,2.9095273817551437,48.376126429421554,0.1018037120459457,0.9852181077003479,0.3484169701147982,-62.71868335525447,1.006968339402296,False,False,1
108,8,100.0,10.0,0.25,20.0,300.0,0.02,28.12349707663889,43.41941255674299,70.69699247484989,4.2759151855165465,4.359467575193511,2.9081013214362987,48.13945155779266,0.10175159961440737,0.9843327403068542,0.2659705862992863,-62.51173192670163,1.0053194117259858,False,False,1
109,8,100.0,10.0,0.25,20.0,300.0,0.02,28.167298170354805,43.409663699069476,70.69592601820982,4.301829247208886,4.350064789869053,2.9062891704395346,47.897023359005516,0.10168586350003322,0.9833203554153442,0.18328086904615676,-230.3357188914727,3.606714377829454,False,False,1
110,8,100.0,10.0,0.25,20.0,300.0,0.02,28.212386267219344,43.399923575737226,70.69475047120255,4.321738268590659,4.354137388861532,2.904023232289032,47.648996888264286,0.10160414236275306,0.9822213053703308,0.09211531563900362,-62.03528269070151,1.0018423063127802,False,False,1
111,8,100.0,10.0,0.25,20.0,300.0,0.02,28.259679815843324,43.390502693424345,70.69383089015588,4.378107537442109,4.539223332866355,2.901417709208533,47.394886099155876,0.10151042339083233,0.981436014175415,-0.005666877420242136,-61.9538382500224,0.9998866624515952,True,True,0
112,8,100.0,10.0,0.25,20.0,300.0,0.02,28.30849074861875,43.38139311829503,70.69276395354494,4.381441343861877,4.49720928949888,2.8983764901273292,47.132859713522734,0.10140132904482708,0.9805905818939209,-0.09954065895970184,-230.04712725590116,3.6009425451180235,True,False,0
113,8,100.0,10.0,0.25,20.0,300.0,0.02,28.360744346240782,43.37212883245537,70.69124639099198,4.482897049573992,4.641266662190025,2.89482411783448,46.8656486826799,0.10127425734938893,0.9796605706214905,-0.1963063421384088,-61.56374887882894,0.9960738731572318,True,True,0
114,8,100.0,10.0,0.25,20.0,300.0,0.02,28.41371221299236,43.36331121560341,70.68954107709722,4.469296682824086,4.560216623839842,2.890688920113376,46.58779827900018,0.10112664332772016,0.9786404967308044,-0.3074452460556435,-61.47525187809918,0.9938510950788871,True,True,0
115,8,100.0,10.0,0.25,20.0,300.0,0.02,28.467373358734992,43.354712150597535,70.68810956143933,4.473732312696664,4.587923008134293,2.886103750175144,46.30451063640763,0.10096318414670581,0.9775469899177551,-0.409215599151242,-230.00840185678973,3.600168037135795,True,False,0
116,8,100.0,10.0,0.25,20.0,300.0,0.02,28.522407019148396,43.34629669130654,70.68776671943282,4.46973133201322,4.548258466778572,2.8809770603319786,46.01470889636936,0.10078066669904313,0.9763611555099487,-0.5108832553263171,-61.08766605226698,0.9897823348934737,True,True,0
117,8,100.0,10.0,0.25,20.0,300.0,0.02,28.57993519543241,43.33833822864085,70.68599570928184,4.42850968526642,4.472377577885351,2.8753023581151864,45.71878887701817,0.10057886810950144,0.9750599265098572,-0.6241571687786699,-229.83593166755026,3.5967186333510055,True,False,0
118,8,100.0,10.0,0.25,20.0,300.0,0.02,28.637986429304,43.330698838705054,70.68469313756466,4.378770394608862,4.420565119693374,2.8691183283379535,45.4182085393633,0.10035916461877951,0.9735683798789978,-0.7279650767130044,-60.99124545575056,0.9854406984657399,True,True,0
119,8,100.0,10.0,0.25,20.0,300.0,0.02,28.69667064606437,43.323261644350644,70.68303584053972,4.32119266173475,4.35851215269439,2.8624393022152805,45.11322328259609,0.1001220611451915,0.9723958969116211,-0.8284364370671566,-60.940022072246464,0.9834312712586568,True,True,0
120,8,100.0,10.0,0.25,20.0,300.0,0.02,28.75696583953282,43.3162108333035,70.68109397082779,4.255036047636674,4.3082689292659655,2.855260937810686,44.8043987353227,0.09986741806552077,0.97115558385849,1242.6248787422778,-230.05881878844588,25.852497574845557,False,False,1
121,8,100.0,10.0,0.25,20.0,300.0,0.02,28.817677072652746,43.30931444001532,70.67909586515704,4.181535840270455,4.245382589250837,2.847592513150674,44.49222510601229,0.09959557140606393,0.9697318077087402,-1.0164932039183308,-60.48980703418353,0.9796701910419946,True,True,0
122,8,100.0,10.0,0.25,20.0,300.0,0.02,28.929321865702583,43.30295993477806,70.67720819575135,4.209719622751651,5.0175961832023415,2.839477155165341,44.176758193374084,0.09930804759608916,0.9685491323471069,-1.0292485458365561,-60.313710455406664,0.9794150290832688,True,True,0
123,8,100.0,10.0,0.25,20.0,300.0,0.02,29.026959234086352,43.29740594094479,70.68918099133717,4.166191006031557,4.526011503747328,2.8279030513744834,43.80063489802983,0.09889937434170075,0.9671650528907776,-1.0852337041779263,-60.187494696319945,0.9782953259164415,True,True,0
124,8,100.0,10.0,0.25,20.0,300.0,0.02,29.11746805520087,43.291758352833206,70.69741698924105,4.103837717257502,4.358690802173176,2.816056826224702,43.421431494470994,0.09848110276491506,0.9654135704040527,-1.1468897677474557,-229.2849898903081,3.5856997978061624,True,False,0
125,8,100.0,10.0,0.25,20.0,300.0,0.02,29.207577818232828,43.28642612590108,70.70552396595033,4.125595816523231,4.439179520302132,2.803981296788052,43.04018428072291,0.09805479393257632,0.9641083478927612,-1.1491145683217836,-229.0689030948866,3.5813780618977322,True,False,0
126,8,100.0,10.0,0.25,20.0,300.0,0.02,29.292065247745775,43.28080021154746,70.707459770678,4.0154348682781835,4.351699251986104,2.7915583029326925,42.651036564367246,0.0976162265973446,0.9630426168441772,-1.1957285690324273,-59.6155914614891,0.9760854286193514,True,True,0
127,8,100.0,10.0,0.25,20.0,300.0,0.02,29.37369867888822,43.27561198457694,70.70684784186284,3.9932141743855154,4.609406325979565,2.778900414139666,42.2623443269832,0.09716947177165489,0.961764395236969,-1.211933149595213,-59.49610529000968,0.9757613370080958,True,True,0
128,8,100.0,10.0,0.25,20.0,300.0,0.02,29.456096647692867,43.270505530168975,70.7064038057267,3.8769866773899913,4.334153033815343,2.765853447412779,41.86834810444497,0.09670906702817358,0.9604151248931885,-1.2105734339924428,-231.6907664606631,3.6338153292132622,True,False,0
129,8,100.0,10.0,0.25,20.0,300.0,0.02,29.539157202465972,43.265689453410964,70.70601516279741,3.7540689004435794,4.218298626502078,2.752629531459839,41.4750699968257,0.09624250438463769,0.9587941765785217,-1.2054563564817948,-232.3798613532705,3.6475972270654102,True,False,0
130,8,100.0,10.0,0.25,20.0,300.0,0.02,29.620779563409037,43.261051293948455,70.70948701248527,3.6289305404268744,4.0135200636091355,2.7391830477392864,41.08334801109139,0.09576821078104028,0.9572558999061584,-1.1924571898777254,-244.6354280883018,3.892708561766036,True,False,0
131,8,100.0,10.0,0.25,20.0,300.0,0.02,29.70291423354166,43.25606300209636,70.70613717116422,3.5014914791307796,3.943755476775923,2.7255637804714903,40.693666920659844,0.09528793817477865,0.9556345343589783,-1.1845411532722725,-231.63365912656695,3.632673182531339,True,False,0
132,8,100.0,10.0,0.25,20.0,300.0,0.02,29.78310982884648,43.25159452451242,70.70685655049544,3.3745061670871896,3.788690176410716,2.7118266114156055,40.30654845967878,0.09480361693694749,0.9537644386291504,-1.1688032521116571,-227.06556138481983,3.5413112276963963,True,False,0
133,8,100.0,10.0,0.25,20.0,300.0,0.02,29.85959781611362,43.24712010201294,70.7063531681181,3.2459890999486327,3.53035200012297,2.697978876831313,39.92275111317334,0.09431551742473052,0.9518337249755859,-1.189150352722344,-244.08786087124747,3.8817572174249495,True,False,0
134,8,100.0,10.0,0.25,20.0,300.0,0.02,29.93922173243846,43.24269537392446,70.70834340894257,3.117311692271614,3.508100117677778,2.6840818660789885,39.5427850634162,0.09382579051114058,0.9497755169868469,-1.1822678083720641,-227.14103753442868,3.5428207506885734,True,False,0
135,8,100.0,10.0,0.25,20.0,300.0,0.02,30.015158585494007,43.23826782057613,70.70948282435182,2.9917837792045203,3.1985253102579407,2.670175742408252,39.167229606636376,0.09333584798081554,0.9476780891418457,-1.1893886468849126,-231.5829244309438,3.631658488618876,True,False,0
136,8,100.0,10.0,0.25,20.0,300.0,0.02,30.090538295982366,43.23389585322256,70.70865074132399,2.8674375348961725,3.0735421917644734,2.656268987341297,38.79676897266482,0.09284599800780256,0.9461516737937927,-1.2167962194891087,-58.489399258064495,0.9756640756102178,True,True,0
137,8,100.0,10.0,0.25,20.0,300.0,0.02,30.16463539579086,43.22970286188956,70.70930198236859,2.8668353819002537,3.1586962960037437,2.642407125389386,38.43187205431497,0.092357839827931,0.9453829526901245,-1.219947188971519,-231.59810667681097,3.631962133536219,True,False,0
138,8,100.0,10.0,0.25,20.0,300.0,0.02,30.239583162172885,43.22550484784547,70.70825141435891,2.7414899124535648,2.8945686681070293,2.628389432018882,38.063984365249375,0.09186421904062313,0.9446551203727722,-1.199605124921211,-58.386474290619205,0.9760078975015758,True,True,0
139,8,100.0,10.0,0.25,20.0,300.0,0.02,30.31150032195308,43.22149109662548,70.70907867825136,2.619561931016031,2.778688532658024,2.6144499471049847,37.70197672252277,0.09137345907445146,0.9437398314476013,-1.3024359688721994,-231.65418246799905,3.633083649359981,True,False,0
140,8,100.0,10.0,0.25,20.0,300.0,0.02,30.38255390239848,43.21744916518721,70.70802229225004,2.7557600065706835,3.161987324745213,2.6006589592948544,37.34626129415783,0.09088804578539218,0.9426844716072083,-1.2881366927203537,-58.09793624556279,0.9742372661455929,True,True,0
141,8,100.0,10.0,0.25,20.0,300.0,0.02,30.457528301234774,43.213540630471826,70.7088825228468,2.6308083982546213,2.826644702468117,2.5864525725926937,36.977942765503066,0.09038793634503764,0.9412955641746521,-1.3076063492460943,-231.68593413141625,3.6337186826283254,True,False,0
142,8,100.0,10.0,0.25,20.0,300.0,0.02,30.53675371267608,43.20962443002374,70.70794683304268,2.641435845447352,3.036838456981299,2.5723227547375482,36.61615031698067,0.08989064945927079,0.9401119351387024,-1.2800333439386928,-57.90080088397198,0.9743993331212262,True,True,0
143,8,100.0,10.0,0.25,20.0,300.0,0.02,30.610010167398162,43.20581120458762,70.70875122246866,2.5169430743504346,2.76810117133283,2.5579839524432963,36.25095701972029,0.08938605064915485,0.938667893409729,-1.2687517330661955,-231.72408093993894,3.6344816187987794,True,False,0
144,8,100.0,10.0,0.25,20.0,300.0,0.02,30.68241625010324,43.201995553331635,70.70802261120875,2.3975494204139327,2.61429486870838,2.5437367594780773,35.89327681723407,0.0888848073722203,0.9372091293334961,-1.2581416063887894,-57.87676019876122,0.9748371678722242,True,True,0
145,8,100.0,10.0,0.25,20.0,300.0,0.02,30.752219317988914,43.19827250179335,70.70865516717693,2.2827124051849816,2.4812027845879125,2.529608049004007,35.5436195489354,0.0883878618156531,0.9357126355171204,-1.230502352160609,-231.73894290099264,3.6347788580198532,True,False,0
146,8,100.0,10.0,0.25,20.0,300.0,0.02,30.821371269292232,43.194553080861716,70.70807610112261,2.17286685031343,2.357561452646124,2.515655713579797,35.20232262760246,0.08789723743021073,0.9341509342193604,-1.2227223378498928,-57.75091424025952,0.9755455532430022,True,True,0
147,8,100.0,10.0,0.25,20.0,300.0,0.02,30.887811879281614,43.19092365364673,70.70858939990218,2.067860182580425,2.241924582053517,2.501925981703423,34.86967784208004,0.08741454587407078,0.9325689673423767,-1.231162931695611,-231.785643529489,3.6357128705897797,True,False,0
148,8,100.0,10.0,0.25,20.0,300.0,0.02,30.95339049034416,43.187301320443,70.70810300584353,1.9678614914992303,2.1383010723493765,2.488513136425202,34.545675755121096,0.08694307658593867,0.9309532642364502,-1.2176997339922535,-57.84613881980791,0.9756460053201549,True,True,0
149,8,100.0,10.0,0.25,20.0,300.0,0.02,31.016405182733884,43.183770127521385,70.70853538872994,1.8724961351501364,2.0375670105370216,2.475412864697565,34.23071005333946,0.08648267907330914,0.9293381571769714,-1.2079937290194867,-231.7281641936399,3.634563283872798,True,False,0
150,8,100.0,10.0,0.25,20.0,300.0,0.02,31.07831085194344,43.180252419356826,70.70813397993972,1.7820299335612542,1.9421672571806894,2.4625944107222546,33.925219127848095,0.08603227837442824,0.9277063608169556,-1.2008340696954176,-57.61226513117363,0.9759833186060917,True,True,0
151,8,100.0,10.0,0.25,20.0,300.0,0.02,31.137717281642566,43.17682807870792,70.70849439465658,1.6961593391708574,1.8522611595117877,2.4501561491596773,33.62893114010347,0.0855953060270391,0.9260903000831604,-1.1744139887624936,-231.85997230249646,3.6371994460499293,True,False,0
152,8,100.0,10.0,0.25,20.0,300.0,0.02,31.19574982976525,43.17342487923596,70.7081541449116,1.614652915014593,1.7631203889830163,2.4380652268193983,33.342139029838066,0.0851706099101584,0.9244762659072876,-1.1491137139359575,-57.482399408808746,0.9770177257212809,True,True,0
153,8,100.0,10.0,0.25,20.0,300.0,0.02,31.251278995379355,43.17011796790954,70.70845430820593,1.5374880387796699,1.6797724006181376,2.4262750393943584,33.06514539043703,0.08475656099171244,0.922892689704895,-1.1262335157782013,-57.44508476961218,0.977475329684436,True,True,0
154,8,100.0,10.0,0.25,20.0,300.0,0.02,31.305406219542817,43.16683973125024,70.70816754850793,1.4645787334463722,1.6024632190043142,2.4147821528224114,32.797989442703276,0.08435303437745176,0.9213249087333679,-1.1033924156823116,-57.398433754408735,0.9779321516863537,True,True,0
155,8,100.0,10.0,0.25,20.0,300.0,0.02,31.35715862895514,43.16366169568115,70.70842225719994,1.3957248493403889,1.529360505367019,2.403594169366164,32.540597793982364,0.08396028973644573,0.920073390007019,-1.0810709801609617,-57.33459236207483,0.9783785803967807,True,True,0
156,8,100.0,10.0,0.25,20.0,300.0,0.02,31.407486356281048,43.160522185141176,70.70819306858616,1.330644151489707,1.4676130027600534,2.3927318753487574,32.2927868324411,0.08357904715418983,0.9192705750465393,-1.0887913134444682,-57.05894583816208,0.9782241737311106,True,True,0
157,8,100.0,10.0,0.25,20.0,300.0,0.02,31.455543398895564,43.15301244431977,70.70839935863879,2.5294901575286906,6.414489219979252,2.3821926003937093,32.05441452681988,0.0832092449617425,0.9184815883636475,-1.0797013232933712,-57.177629873114086,0.9784059735341326,True,True,0
158,8,100.0,10.0,0.25,20.0,300.0,0.02,31.527991063340483,43.14589303139208,70.70817692120977,2.4421504393896827,5.049093733348778,2.3609676248400215,31.58928459760706,0.08246597025939324,0.9163151979446411,-1.1497528832217125,-56.83637136821319,0.9770049423355658,True,True,0
159,8,100.0,10.0,0.25,20.0,300.0,0.02,31.767408501321892,43.1303586044544,70.70829099050565,4.834854637828998,7.382081140475215,2.340921836787772,31.150940042937194,0.08176410576681456,0.9145283699035645,-1.1133948381967296,-57.04083832968698,0.9777321032360654,True,True,0
160,8,100.0,10.0,0.25,20.0,300.0,0.02,31.915183008271956,43.1160958972845,70.70815088110959,4.579239149151226,5.93105918220208,2.2995443361314414,30.259110331578356,0.08031682427057037,0.9126231074333191,-1.076753026452999,-56.66811555575204,0.97846493947094,True,True,0
161,8,100.0,10.0,0.25,20.0,300.0,0.02,32.15376004727401,43.09890881510069,70.70828818775645,5.560416836848769,7.6273943158412365,2.2613071695706894,29.439839752127998,0.07897954062785084,0.9091050028800964,-1.053255161952762,-56.709945165957116,0.9789348967609448,True,True,0
162,8,100.0,10.0,0.25,20.0,300.0,0.02,32.35228179306125,43.08322201724434,70.70811203206293,5.145388014653176,6.291136323162689,2.214814345487501,28.456579617181553,0.07735404468236032,0.9063078165054321,-1.0303015655238206,-56.71636818015881,0.9793939686895236,True,True,0
163,8,100.0,10.0,0.25,20.0,300.0,0.02,32.536796762779325,43.06892521674536,70.70823970300485,4.8066476144040955,5.6928430575354625,2.171931637725686,27.556797504190076,0.07585482584584402,0.9028584361076355,-1.0106917328128036,-56.75486477204325,0.979786165343744,True,True,0
164,8,100.0,10.0,0.25,20.0,300.0,0.02,32.70849192193672,43.05583051676096,70.70808493568703,4.495039809276195,5.221180780126079,2.132290186208243,26.73131006855913,0.07446902303958944,0.8992582559585571,-0.9807381741735228,-56.730931413152405,0.9803852365165295,True,True,0
165,8,100.0,10.0,0.25,20.0,300.0,0.02,32.868591307209364,43.04386729531046,70.70820666620764,4.2053288009986085,4.8366163254428525,2.095418055232689,25.974066194973318,0.07318013253357099,0.8956477642059326,-0.9811268738992953,-56.826900231707825,0.9803774625220141,True,True,0
166,8,100.0,10.0,0.25,20.0,300.0,0.02,33.0181175532289,43.032878480129746,70.7080566530061,3.9356490693049713,4.493792017795269,2.0611757886480957,25.27832247829843,0.07198325695950926,0.8921039700508118,-0.9642202938143842,-56.92039432073105,0.9807155941237123,True,True,0
167,8,100.0,10.0,0.25,20.0,300.0,0.02,33.15726635031319,43.02281799168734,70.70817140255828,3.684421404277172,4.179899472581813,2.029560045224757,24.637878226207434,0.07087824477625784,0.8886538743972778,-0.9313830446846948,-56.93072740018914,0.9813723391063061,True,True,0
168,8,100.0,10.0,0.25,20.0,300.0,0.02,33.28730657518787,43.013556317231355,70.70804970987743,3.4500372180696206,3.8984201115575488,2.0002399845811025,24.04866368240155,0.0698535193900084,0.8853321671485901,-0.9166357022912657,-56.751378758913106,0.9816672859541747,True,True,0
169,8,100.0,10.0,0.25,20.0,300.0,0.02,33.411722993228715,43.002185729742806,70.70815142512332,4.334827265030863,7.5485497085413735,1.9728061850870708,23.507048798219614,0.06889485026483327,0.8823236227035522,-0.9468561372658424,-56.54209612844877,0.9810628772546831,True,True,0
170,8,100.0,10.0,0.25,20.0,300.0,0.02,33.65356326950372,42.986402366485414,70.707991026125,6.207928170039915,8.121027377964257,1.9386252316692776,22.84253021741798,0.06770085367958456,0.879153847694397,-0.935329917112514,-56.651776549351595,0.9812934016577497,True,True,0
171,8,100.0,10.0,0.25,20.0,300.0,0.02,33.853551598487435,42.97247405452149,70.70808483748148,5.703006841292419,6.6337817959472964,1.8906053384714419,21.916396290357493,0.06602409866859024,0.8754341006278992,-0.9336360760515994,-56.50276824986048,0.9813272784789681,True,True,0
172,8,100.0,10.0,0.25,20.0,300.0,0.02,34.10870534532493,42.95780440922016,70.70809730918334,6.20132558201769,7.806538007987748,1.847150006191483,21.093925928212876,0.06450688018984502,0.869881808757782,-0.9196942475673998,-56.60630469278315,0.981606115048652,True,True,0
173,8,100.0,10.0,0.25,20.0,300.0,0.02,34.32024125462086,42.944938553295586,70.70810844717057,5.65048704193514,6.533153411049379,1.8001462529142511,20.2209401831819,0.06286582628341424,0.8616987466812134,-0.9041522460481848,-56.99815197734499,0.9819169550790363,True,True,0
174,8,100.0,10.0,0.25,20.0,300.0,0.02,34.51502017206471,42.93360010424484,70.70813630576843,5.1652348732761855,5.883961864772662,1.7578660671514539,19.451766400342205,0.0613896239140199,0.855451226234436,-0.8979878960445544,-57.62029922033951,0.9820402420791089,True,True,0
175,8,100.0,10.0,0.25,20.0,300.0,0.02,34.69241766969267,42.92359660276606,70.70815142214403,4.728497075736941,5.323265332488137,1.7196753040776886,18.771755364478775,0.060056174274025695,0.8494025468826294,-0.895314768944718,-58.13944126346096,0.9820937046211057,True,True,0
176,8,100.0,10.0,0.25,20.0,300.0,0.02,34.85427522498687,42.91473457414804,70.70815916370763,4.332401711278235,4.843237008273154,1.6852459409963012,18.168829687724696,0.05885403095433216,0.8436363339424133,-0.8950710511857428,-58.566087423878585,0.9820985789762852,True,True,0
177,8,100.0,10.0,0.25,20.0,300.0,0.02,35.00222620699614,42.90687689934241,70.70819603153826,3.9733434904548774,4.427446129760703,1.6540225953919583,17.63376408907421,0.05776379491900692,0.8381196856498718,-0.8883525851189895,-58.98585614181955,0.9822329482976202,True,True,0
178,8,100.0,10.0,0.25,20.0,300.0,0.02,35.13786153934351,42.899878357543365,70.70820438061622,3.647082700536996,4.059578186573087,1.6257347329110003,17.157469878861633,0.05677603550070835,0.8328280448913574,-0.898614420268077,-59.3946574942307,0.9820277115946384,True,True,0
179,8,100.0,10.0,0.25,20.0,300.0,0.02,35.2654225908944,42.89227342326495,70.70821427068235,4.103542672440051,6.308723582925575,1.6000944954861451,16.732457588209186,0.055880797795092335,0.8277585506439209,-0.9426603813626335,-60.058913922048916,0.9811467923727474,True,True,0
180,8,100.0,10.0,0.25,20.0,300.0,0.02,35.463480203021874,42.882988459793296,70.7082314143368,5.231643511309417,6.611665789291024,1.571508365775761,16.268493236375065,0.05488281075948445,0.8229376077651978,-0.927141088143635,-60.50726177080072,0.9814571782371273,True,True,0
181,8,100.0,10.0,0.25,20.0,300.0,0.02,35.4294355745936,42.87494685779728,70.70820981332348,4.7583532013246925,5.50636136200703,1.5355902359073519,15.69705953564369,0.05362910809584754,0.8189659714698792,-0.9570005676178286,-61.190649579264715,0.9808599886476435,True,True,0
182,8,100.0,10.0,0.25,20.0,300.0,0.02,35.440797782307335,42.86686263959707,70.70829802596216,4.981923920410798,6.091001875042037,1.5034167781965262,15.200281114395102,0.05250609603132541,0.8119512796401978,-0.9518515129654984,-61.720637547651705,0.9809629697406901,True,True,0
183,8,100.0,10.0,0.25,20.0,300.0,0.02,35.44006735984523,42.85987996231164,70.70825848415457,4.514451632180678,5.133584442383312,1.4700638016709835,14.696867450426973,0.05134188262684283,0.8081072568893433,-0.9455843858021006,-62.215032178226394,0.981088312283958,True,True,0
184,8,100.0,10.0,0.25,20.0,300.0,0.02,35.43210420044167,42.85382024683993,70.70831271985712,4.09926879951458,4.641906928539379,1.4403644399931894,14.261245866107647,0.05030511260506465,0.8030439019203186,-0.9446238044371335,-62.65325445823315,0.9811075239112573,True,True,0
185,8,100.0,10.0,0.25,20.0,300.0,0.02,35.4262889375995,42.84854505562728,70.70829168453595,3.730751481506644,4.180004208561984,1.4137811380085656,13.8828309607122,0.04937704828806958,0.7984349131584167,-0.937385030432042,-63.03392507635179,0.9812522993913592,True,True,0
186,8,100.0,10.0,0.25,20.0,300.0,0.02,35.42159158191735,42.84393645687366,70.70835679648717,3.3997085220879693,3.793018003431208,1.3900058826360233,13.55264441621559,0.04854695976156025,0.7939842939376831,-0.9309474199537391,-63.324934619823544,0.9813810516009253,True,True,0
187,8,100.0,10.0,0.25,20.0,300.0,0.02,35.41754567064163,42.83989677443376,70.70832799456697,3.1021359373292885,3.4612730963394376,1.3686236559199232,13.263788551818353,0.04780037339601773,0.7897789478302002,-0.9321063225699072,-63.83595164153934,0.9813578735486018,True,True,0
188,8,100.0,10.0,0.25,20.0,300.0,0.02,35.413968273882354,42.83634158077099,70.70837163887263,2.83410555593945,3.1616416860777616,1.34937642596506,13.010210321267547,0.04712828857343388,0.7858424782752991,-0.9282860755564296,-64.02493811599317,0.9814342784888714,True,True,0
189,8,100.0,10.0,0.25,20.0,300.0,0.02,35.41067942187616,42.83320917952724,70.70834581410362,2.5917439045823785,2.8992757038295434,1.332053898395409,12.786925847642925,0.04652337575595545,0.7821353673934937,-0.9280897390640032,-64.29924785258797,0.9814382052187199,True,True,0
190,8,100.0,10.0,0.25,20.0,300.0,0.02,35.40778501196421,42.83043608028216,70.70836639956087,2.373032898106232,2.6650946319393958,1.3163423737373134,12.589955306965999,0.045974687665724046,0.7786767482757568,-0.9260499690977539,-64.65989879238539,0.9814790006180449,True,True,0
191,8,100.0,10.0,0.25,20.0,300.0,0.02,35.40513444519347,42.82797775495045,70.7083512940894,2.1745876783441047,2.446103176067898,1.3021792570138258,12.415428091191604,0.04548004749536901,0.7756608128547668,-0.9232569190222855,-64.84297733207177,0.9815348616195543,True,True,0
192,8,100.0,10.0,0.25,20.0,300.0,0.02,35.40269317390577,42.82579214314176,70.70838041876628,1.9943126454556224,2.2566722599464373,1.2893554089921508,12.260593055041424,0.04503215899477365,0.7729700803756714,-0.9457317423351834,-65.18144700914456,0.9810853651532964,True,True,0
193,8,100.0,10.0,0.25,20.0,300.0,0.02,35.379808639629225,42.82330772742335,70.7083628422224,2.345279942292571,3.9070762263285874,1.2776710774875406,12.122972097793912,0.04462409766260561,0.7704201936721802,-0.941105422313458,-65.5505656743308,0.9811778915537308,True,True,0
194,8,100.0,10.0,0.25,20.0,300.0,0.02,35.35711253449904,42.82111204667407,70.70839964793753,2.1668174227464254,3.176814454211111,1.2641009630902518,11.966373587729727,0.04415017702765061,0.7681866884231567,-1.0078795546557013,-65.79345641467471,0.979842408906886,True,True,0
195,8,100.0,10.0,0.25,20.0,300.0,0.02,35.3700598028655,42.81820557709675,70.70837565510223,2.968018617654249,4.0609778850812965,1.251793574001241,11.828035347272351,0.04372036843857217,0.7671047449111938,-0.9947067615891086,-66.17255818602736,0.9801058647682178,True,True,0
196,8,100.0,10.0,0.25,20.0,300.0,0.02,35.36299616636519,42.815680793997466,70.70837347387636,2.7315791085733556,3.297622109517929,1.2348600810099566,11.643609860880657,0.04312906047571376,0.7650659680366516,-0.9879769611394843,-66.61625069583977,0.9802404607772103,True,True,0
197,8,100.0,10.0,0.25,20.0,300.0,0.02,35.3494499492813,42.81348479391982,70.70837651938987,2.4708250346746903,3.0147759611708143,1.2198064766691685,11.483329757373323,0.04260335090389316,0.7606413960456848,-1.0265764841404348,-66.85402117719508,0.9794684703171913,True,True,0
198,8,100.0,10.0,0.25,20.0,300.0,0.02,35.3647167692769,42.81117346022727,70.708433505157,2.71746975591759,3.6037677148345404,1.2062207067567166,11.344704037000431,0.04212888298112936,0.7575653791427612,-1.0184879087360441,-67.25589979037824,0.9796302418252791,True,True,0
199,8,100.0,10.0,0.25,20.0,300.0,0.02,35.373928201488596,42.80917075434282,70.70841616284788,2.4765167941317108,2.9476452895361724,1.1914373440680246,11.196556849407399,0.04161258606008877,0.7520049810409546,-1.0110511993506566,-67.48552305453278,0.9797789760129869,True,True,0
0,8,100.0,10.0,0.25,20.0,300.0,0.02,18.428235538911895,41.02924706821499,60.40337106851048,307.5179576828231,474.0237112713055,10.837465403404986,199.87802263395432,0.3641751070825855,1.0,7.509374149279657,-61.94178506717773,1.1501874829855931,False,False,3
1,8,100.0,10.0,0.25,20.0,300.0,0.02,16.91986377255708,42.308268916687,62.98403677720918,186.76609410749325,370.6060077762426,7.617567686989844,158.86737303220397,0.25998672480626384,1.0,3174.9007771142255,-61.15963579999466,64.49801554228452,False,False,3
2,8,100.0,10.0,0.25,20.0,300.0,0.02,15.946277727867608,42.441286433700824,60.98841534410209,102.06630706592307,148.20202696562123,6.331408462692175,135.80583467315734,0.21884651078937892,1.0,2.151253782964969,-61.43234222830229,1.0430250756592994,False,False,1
3,8,100.0,10.0,0.25,20.0,300.0,0.02,15.901267229741455,42.69255138969462,60.834548131640396,61.206442622825065,94.93913828266255,5.738032203154222,125.2663132412794,0.1991000934487809,1.0,1.5779786188152096,-62.28803851234608,1.0315595723763042,False,False,2
4,8,100.0,10.0,0.25,20.0,300.0,0.02,16.22206717397541,42.87028066680966,61.4745997088518,44.27976690942974,71.58377865526897,5.485864293983483,120.3071902340979,0.19067997583942778,1.0,1.297773513618481,-60.995634444423786,1.0259554702723697,False,False,2
5,8,100.0,10.0,0.25,20.0,300.0,0.02,16.64700817013414,42.95569103583919,61.45291132906083,32.46152625816279,60.054651470774644,5.390782640375086,118.42926459238184,0.18755889701901826,1.0,1.3047849241922054,-60.45325752829389,1.026095698483844,False,False,2
6,8,100.0,10.0,0.25,20.0,300.0,0.02,17.144553231766704,43.00198145947864,61.55119630904231,29.08935588802639,65.27604139555875,5.357395630699688,117.79586943428312,0.18650503716297348,1.0,1.367760115233883,-58.226714765588596,1.0273552023046777,False,False,1
7,8,100.0,10.0,0.25,20.0,300.0,0.02,17.590163262581484,43.07501992912811,62.216397119248406,24.83684574780495,57.26830146338149,5.307632064113164,117.08876520761677,0.18486310967101957,1.0,1.3009066335076747,-59.11564412524869,1.0260181326701534,False,False,1
8,8,100.0,10.0,0.25,20.0,300.0,0.02,18.14792835693571,43.17221258900194,62.89622930237741,23.537792364860785,54.846331448616894,5.270731714878279,116.4311197205374,0.18365082329587745,1.0,1.0891181610306944,-58.43682387194117,1.021782363220614,False,False,1
9,8,100.0,10.0,0.25,20.0,300.0,0.02,18.634806394534433,43.25940320224215,63.49956990530994,21.07271204436325,51.83531130760617,5.248220467320706,116.06749151490568,0.18293971911723386,1.0,0.9451368942978534,-60.38882576160655,1.018902737885957,False,False,1
10,8,100.0,10.0,0.25,20.0,300.0,0.02,19.208076190977845,43.33717534769407,64.02502338635807,19.394749265596477,46.9934815937803,5.246532651400208,116.01238905845655,0.18294349316138592,1.0,1.011028239704699,-60.51633191046339,1.020220564794094,False,False,1
11,8,100.0,10.0,0.25,20.0,300.0,0.02,19.69889390109496,43.41458996831957,64.47985292974593,18.06573591044976,42.59316497413694,5.267035571195978,116.49384254046423,0.18371190978284624,1.0,0.7798259666258989,-62.771179144871525,1.015596519332518,False,False,1
12,8,100.0,10.0,0.25,20.0,300.0,0.02,20.250060271163708,43.49208969792757,64.89904017862246,16.843903055575865,38.84924552891593,5.306931030428219,117.0836634781488,0.1851541442800561,1.0,0.7786374853230819,-66.60569928751823,1.0155727497064617,False,False,1
13,8,100.0,10.0,0.25,20.0,300.0,0.02,20.683677665294358,43.5608271619708,65.24423412984756,15.7708876164944,35.62921239023293,5.360506965787879,117.89116138530602,0.18706704855989553,1.0,0.7680773481081379,-69.7715707886023,1.0153615469621629,False,False,1
14,8,100.0,10.0,0.25,20.0,300.0,0.02,20.98433074024023,43.62992537474339,65.52097294221039,13.37330763691208,30.093786495766967,5.432705665738373,118.95703767487977,0.18962692036307358,1.0,0.6904613559351911,-71.10343278796232,1.0138092271187038,False,False,1
15,8,100.0,10.0,0.25,20.0,300.0,0.02,21.28185188484793,43.70941375448639,65.80105119922943,12.651919315737677,29.874196804349033,5.50542389487718,120.1873896456318,0.19219857276121646,1.0,0.6670716638641369,-74.53808937133336,1.0133414332772828,False,False,1
16,8,100.0,10.0,0.25,20.0,300.0,0.02,21.507249623439787,43.787272797695,66.03015839229765,12.093058257138349,25.25520411744742,5.581633804513527,121.3989125455082,0.19488935299690396,1.0,0.3400514588790755,-77.56339685039367,1.0068010291775815,False,False,1
17,8,100.0,10.0,0.25,20.0,300.0,0.02,21.65856351927574,43.864867223313915,66.20747664631514,11.048134818999984,23.537656646980903,5.660664445341682,122.67047517994963,0.1976777639796791,1.0,0.11356642284826414,-79.97138951273044,1.0022713284569653,False,False,1
18,8,100.0,10.0,0.25,20.0,300.0,0.02,21.75430559209314,43.93881903948442,66.35800559398355,10.07972255978823,20.803768722761447,5.745629562999851,123.90816721546013,0.20066922589897676,1.0,2975.8352158447683,-84.28740452596044,60.516704316895364,False,False,2
19,8,100.0,10.0,0.25,20.0,300.0,0.02,21.81882474247768,44.01476525812944,66.48751376790419,10.050389779413194,21.616395254079336,5.828406473127261,125.1347151752315,0.20358269434936554,1.0,0.3740520244451371,-83.23078640805286,1.0074810404889027,False,False,1
20,8,100.0,10.0,0.25,20.0,300.0,0.02,21.976738443154833,44.09001632873542,66.68152865169712,9.694649279898208,19.19711219606516,5.905764760624689,126.44496780640458,0.2063069352503765,1.0,0.27168211862738406,-83.8506849942184,1.0054336423725476,False,False,1
21,8,100.0,10.0,0.25,20.0,300.0,0.02,22.089648988832895,44.16112870240486,66.8184876581089,8.9598883415866,17.291409878175642,5.974163839666554,127.54113628416098,0.20871740996833332,1.0,0.08137571571914706,-83.90538413818456,1.001627514314383,False,False,1
22,8,100.0,10.0,0.25,20.0,300.0,0.02,22.153385167081712,44.2271387444239,66.93209327051095,7.99559082501767,15.96482822553128,6.040997081980532,128.6689905968081,0.21106963904553103,1.0,0.02840847963340577,-82.50772833294815,1.000568169592668,False,False,1
23,8,100.0,10.0,0.25,20.0,300.0,0.02,22.1364917139578,44.289855910263306,67.01734529351438,7.883946182886402,17.37733919191355,6.102090868283126,129.74144491402035,0.21321964266526724,1.0,0.08299567793777972,-81.6738759311817,1.0016599135587556,False,False,1
24,8,100.0,10.0,0.25,20.0,300.0,0.02,21.986275417084027,44.355686722669326,67.08324370542533,8.321506319950636,17.391117543976424,6.160185892303219,130.73399023673323,0.2152646142377459,1.0,0.09134654936622776,-82.60018892618709,1.0018269971893492,False,False,2
25,8,100.0,10.0,0.25,20.0,300.0,0.02,21.830807498168014,44.41663513112074,67.13328651594102,7.3852276773424155,15.539203072296123,6.213203102605642,131.53564062559218,0.21713247268164376,1.0,0.35939482521632804,-82.77565066597892,1.0071878965043266,False,False,2
26,8,100.0,10.0,0.25,20.0,300.0,0.02,21.674890487982523,44.47301351715076,67.16787783546296,6.646258420053878,13.785761888424341,6.265579332667519,132.3699983455294,0.21897612263672087,1.0,0.3743118900269123,-82.80342613068453,1.0074862378005383,False,False,2
27,8,100.0,10.0,0.25,20.0,300.0,0.02,21.417378820501817,44.53364333854893,67.18971149399368,7.248226948734233,16.608265337925467,6.313940435956198,133.1636947102376,0.22067832879975316,1.0,0.2903718674433194,-82.36737421821778,1.0058074373488664,False,False,2
28,8,100.0,10.0,0.25,20.0,300.0,0.02,21.175240236338755,44.59629646304042,67.28262808237017,7.102209824314888,14.654296194521695,6.3623148576606825,133.9459512187818,0.2223827635457922,1.0,0.2502298527063791,-82.646048262872,1.0050045970541275,False,False,2
29,8,100.0,10.0,0.25,20.0,300.0,0.02,20.95551296037844,44.66116256050733,67.3313120871834,6.645458108576841,15.256501046960352,6.403919415686491,134.60741190047258,0.22384955524712372,1.0,0.3089564211961346,-82.94742221472941,1.0061791284239228,False,False,1
30,8,100.0,10.0,0.25,20.0,300.0,0.02,20.745586132798394,44.72023583684568,67.37702565730056,5.983905058019964,13.282029360545485,6.446120108752439,135.24653814370734,0.2253359346316994,1.0,0.40984892940183865,-83.24746331093297,1.0081969785880367,False,False,1
31,8,100.0,10.0,0.25,20.0,300.0,0.02,20.449108736444256,44.77790117595862,67.4154712211134,6.568484776348146,15.004711046641,6.4866737121905755,135.9101821323868,0.22676379195694707,1.0,0.5304406568112165,-83.03532892010196,1.0106088131362243,False,False,1
32,8,100.0,10.0,0.25,20.0,300.0,0.02,20.18599002636443,44.83089722705861,67.44995009399307,5.9564027104906145,13.5719848157194,6.529059742437921,136.6078776838717,0.228256270237023,1.0,0.6416770790158532,-82.64730292719486,1.0128335415803171,False,False,2
33,8,100.0,10.0,0.25,20.0,300.0,0.02,19.94848554189701,44.87974115956722,67.47285211930284,5.509448748317167,12.289728036617184,6.570092496872734,137.2370307141942,0.22970056375572462,1.0,0.6415159159745941,-82.43666302962032,1.0128303183194918,False,False,2
34,8,100.0,10.0,0.25,20.0,300.0,0.02,19.73446950434176,44.92481566904983,67.48483456253844,5.10813621730718,11.14352277523496,6.609479577867649,137.8358216179821,0.23108651410475994,1.0,0.5773951817375086,-82.82101535536088,1.0115479036347501,False,False,2
35,8,100.0,10.0,0.25,20.0,300.0,0.02,19.542718549265345,44.981667428268906,67.48539108335889,5.929382632353354,12.525894397799318,6.645087770531533,138.3807108589501,0.2323396643709667,1.0,0.5812225253758958,-82.94037526702164,1.0116244505075178,False,False,2
36,8,100.0,10.0,0.25,20.0,300.0,0.02,19.258420386068188,45.034904647819054,67.49005970375093,6.033056299397365,13.763693472718067,6.6827349322362455,138.93411572600797,0.23366595558531336,1.0,0.6589432301790398,-82.27746886102713,1.0131788646035809,False,False,2
37,8,100.0,10.0,0.25,20.0,300.0,0.02,19.00013454355517,45.083454412515444,67.48220477347577,5.5437982760975295,12.139726576101577,6.719904439871941,139.51175680181106,0.23497547107397113,1.0,0.7731787737651048,-81.94371336726103,1.015463575475302,False,False,2
38,8,100.0,10.0,0.25,20.0,300.0,0.02,18.765797824924768,45.122989723165894,67.47348224034798,5.109146177667732,10.991233846203034,6.754291671879892,140.0785572205359,0.23618634407590816,1.0,0.8846437145458053,-81.32128885620021,1.0176928742909161,False,False,2
39,8,100.0,10.0,0.25,20.0,300.0,0.02,18.55114096701883,45.155593889000976,67.55394685410998,5.426822832621057,10.009878583224527,6.786870010243825,140.5957933066077,0.23733309866045973,1.0,0.9461992563074002,-81.6689885501857,1.018923985126148,False,False,2
40,8,100.0,10.0,0.25,20.0,300.0,0.02,18.356396846251467,45.186015720819206,67.60283120651445,4.962310484392901,8.884402926989845,6.821369051827975,141.10974156472682,0.23854721732522258,1.0,0.9677458551730284,-81.7237764410339,1.0193549171034606,False,False,2
41,8,100.0,10.0,0.25,20.0,300.0,0.02,18.083780588098243,45.21885808325358,67.63779467962308,5.747261619444057,12.161710885172164,6.853715642749643,141.56440832952833,0.239685224049779,1.0,3277.495550315104,-82.32944684742121,66.54991100630208,False,False,3
42,8,100.0,10.0,0.25,20.0,300.0,0.02,17.844429351613666,45.24472173561226,67.66385308891707,6.482397748221873,11.646686761746606,6.890018990726543,142.04365523484057,0.2409627216373414,1.0,0.8732136431545423,-82.81016307224526,1.017464272863091,False,False,2
43,8,100.0,10.0,0.25,20.0,300.0,0.02,17.63480241886081,45.26681243235072,67.67983200303397,5.903706516196489,9.993645214702745,6.930832499875966,142.57942338993857,0.24240001297350092,1.0,0.8653475589765162,-82.86704197281044,1.0173069511795303,False,False,2
44,8,100.0,10.0,0.25,20.0,300.0,0.02,17.44033923993055,45.28537287210333,67.69579560741036,5.3978672758185855,8.667480657584406,6.969529875910924,143.11929460655517,0.24376196428222965,1.0,0.8855607612575603,-82.57687930799749,1.0177112152251513,False,False,2
45,8,100.0,10.0,0.25,20.0,300.0,0.02,17.26228802584345,45.30123684964766,67.70909964357841,4.921512885934421,7.725454235244739,7.0046173129213685,143.63585221497712,0.24499657865055643,1.0,0.935322984732699,-82.81569775814685,1.018706459694654,False,False,2
46,8,100.0,10.0,0.25,20.0,300.0,0.02,17.099760714835142,45.31497016535011,67.7209215586588,4.4802694322305054,7.215981486739848,7.03650226265575,144.10601374067025,0.2461183061471712,1.0,1.0227069929966197,-82.54585012490641,1.0204541398599325,False,False,1
47,8,100.0,10.0,0.25,20.0,300.0,0.02,16.952270529500904,45.327128929520924,67.72854413603322,4.0751183745736155,6.718623689695088,7.065568956961445,144.5393893921783,0.24714072447541516,1.0,1.1056099881673513,-81.987893345291,1.022112199763347,False,False,2
48,8,100.0,10.0,0.25,20.0,300.0,0.02,16.72612133663497,45.33266391996834,67.81423315809315,4.871770911860354,10.106606148369549,7.092106682025493,144.94859916660363,0.24807405992297069,1.0,1.1890942522184846,-81.04313562523137,1.0237818850443696,False,False,2
49,8,100.0,10.0,0.25,20.0,300.0,0.02,16.52808769001364,45.34088868668774,67.85932301951154,4.415540445968831,8.47888125076757,7.123640030834719,145.4193289681472,0.24918334275590642,1.0,1.1892973453646476,-81.12642952797447,1.023785946907293,False,False,2
50,8,100.0,10.0,0.25,20.0,300.0,0.02,16.352220016361283,45.36089592584501,67.88729960251666,5.388663621816946,10.896765503156868,7.15345791922537,145.83739985161364,0.25023184105706053,1.0,1.1836238584923295,-81.32422440145817,1.0236724771698467,False,False,2
51,8,100.0,10.0,0.25,20.0,300.0,0.02,16.18719186221322,45.38336843496801,67.93710063856791,5.491464913549828,10.195368460281017,7.189962338369354,146.3360895652387,0.25151562498687546,1.0,1.1708714785718928,-81.48204012379065,1.0234174295714378,False,False,2
52,8,100.0,10.0,0.25,20.0,300.0,0.02,16.031953300481447,45.403322430715825,67.97333317157266,4.971530759475735,8.422717602372723,7.228059805343392,146.8482536996915,0.2528560043157873,1.0,1.1674959267269647,-81.56828520791554,1.0233499185345394,False,False,2
53,8,100.0,10.0,0.25,20.0,300.0,0.02,15.887666172439022,45.42089618954559,68.00084499340564,4.495319231211578,7.125380265478675,7.2627027578984125,147.32261860789924,0.2540743904053755,1.0,1.1555962815454814,-81.15150701359755,1.0231119256309096,False,False,2
54,8,100.0,10.0,0.25,20.0,300.0,0.02,15.63647903662058,45.43636611576448,68.02033373132252,4.838235061329684,8.448153478742528,7.294676574763486,147.74844541673932,0.255198519574358,1.0,1.1535236732833227,-81.29963059479033,1.0230704734656664,False,False,2
55,8,100.0,10.0,0.25,20.0,300.0,0.02,15.41789780171262,45.449173892339914,68.04686070249588,4.303919884454478,6.753045746023363,7.328414090303723,148.19973969896822,0.2563845179028694,1.0,1.1276812232220828,-81.87924710931614,1.0225536244644418,False,False,2
56,8,100.0,10.0,0.25,20.0,300.0,0.02,15.227919030185792,45.460429225244866,68.1497823038949,4.470067369325192,9.578056633906092,7.358895513434527,148.5964899870795,0.25745590172893573,1.0,1.143881363286577,-81.49233843236277,1.0228776272657316,False,False,2
57,8,100.0,10.0,0.25,20.0,300.0,0.02,15.064289017592197,45.473311374938646,68.22053773433672,3.948100907572946,7.5045460634852645,7.390775039357598,149.02372075900408,0.25857653476490733,1.0,1.191404533233407,-81.26648902079249,1.0238280906646682,False,False,2
58,8,100.0,10.0,0.25,20.0,300.0,0.02,14.830135023231225,45.48134267423794,68.27657193319318,3.9610973046118803,7.8114102126433975,7.419947556233482,149.41754200076502,0.25960169053102283,1.0,1.2671788078429826,-81.24359976231015,1.0253435761568597,False,False,2
59,8,100.0,10.0,0.25,20.0,300.0,0.02,14.62880335141191,45.49858218734637,68.31303320237937,4.177466808674335,9.754736534567543,7.449959805859247,149.8176008294574,0.2606565626656864,1.0,1.2984193483039779,-81.4227453640688,1.0259683869660796,False,False,2
60,8,100.0,10.0,0.25,20.0,300.0,0.02,14.447190791735363,45.51784284833085,68.31248497482729,4.4753615837768645,9.752511537662473,7.481548664483221,150.2270185509545,0.2617672363270039,1.0,1.327662080093353,-81.02575016570026,1.026553241601867,False,False,2
61,8,100.0,10.0,0.25,20.0,300.0,0.02,14.282319796703153,45.5330267060355,68.24357417624988,4.007009113520967,7.659295142551497,7.515677479933947,150.66354467304345,0.26296757970844653,1.0,1.344685326490156,-80.5134799229202,1.0268937065298032,False,False,2
62,8,100.0,10.0,0.25,20.0,300.0,0.02,14.132182999767522,45.54533781300518,68.18400534039388,3.549432187316633,6.2003401759769865,7.546441770302647,151.06543227889836,0.2640491677602955,1.0,1.3476464239251185,-80.67391857012376,1.0269529284785024,False,False,2
63,8,100.0,10.0,0.25,20.0,300.0,0.02,13.99631850830002,45.55626360185634,68.12523829813873,3.170134757269175,5.240864990510589,7.574215016990522,151.43156714096335,0.2650252236439553,1.0,1.3536620521010208,-80.8855978270574,1.0270732410420205,False,False,2
64,8,100.0,10.0,0.25,20.0,300.0,0.02,13.87299416613608,45.56548241763345,68.07355562908799,2.799836327177137,4.506929637823309,7.59917791959053,151.7555902129656,0.26590234451082617,1.0,1.3606045740115869,-80.9038520280531,1.0272120914802318,False,False,2
65,8,100.0,10.0,0.25,20.0,300.0,0.02,13.653853928407402,45.57325541329535,68.02644743384988,3.1657290733132704,8.316129470300641,7.621767412806132,152.04366535209036,0.266695853200841,1.0,1.3700435172903984,-81.31905599091735,1.027400870345808,False,False,2
66,8,100.0,10.0,0.25,20.0,300.0,0.02,13.462318021064224,45.5735766191147,67.89505284504834,3.410619042387566,7.969894536233384,7.64696118843038,152.36502453562076,0.26758104062142796,1.0,1.3733318376148351,-81.7606026017526,1.0274666367522967,False,False,2
67,8,100.0,10.0,0.25,20.0,300.0,0.02,13.296208495724345,45.57084715328464,67.79641783131041,3.5614080633058673,6.170224052449204,7.674178661365417,152.6962739601807,0.26853721591669466,1.0,1.3511327679949223,-82.00929765692226,1.0270226553598985,False,False,2
68,8,100.0,10.0,0.25,20.0,300.0,0.02,13.152973123748522,45.56875757582673,67.69826561513209,3.1840333052896495,5.806930409989535,7.704037907127494,153.05013434663744,0.26958575568300075,1.0,1.3492427310171282,-82.10970712466917,1.0269848546203426,False,False,2
69,8,100.0,10.0,0.25,20.0,300.0,0.02,13.030220352848657,45.57665196469282,67.61491623752991,3.447289914692809,7.731121216172369,7.731063652793375,153.37275270428808,0.270534621116678,1.0,1.3405071544646947,-82.52329787518299,1.026810143089294,False,False,1
70,8,100.0,10.0,0.25,20.0,300.0,0.02,12.919330379783407,45.58609991258936,67.52690420639068,3.763419719227371,6.581419277139841,7.760538757265599,153.72969151994576,0.2715697752164557,1.0,1.3383594726720254,-82.23165843073343,1.0267671894534405,False,False,1
71,8,100.0,10.0,0.25,20.0,300.0,0.02,12.81566640591919,45.59635209719731,67.46903835213648,3.224085288826752,5.625478853976984,7.792178435015998,154.1193734354316,0.27268103835836377,1.0,1.3433584426939784,-82.17283277020037,1.0268671688538795,False,False,2
72,8,100.0,10.0,0.25,20.0,300.0,0.02,12.719506178778023,45.61491321800186,67.42256742640946,3.5961037662873965,8.559450799821944,7.821332623169421,154.47229112648753,0.2737046009066739,1.0,1.3428012141167167,-81.67716708154495,1.0268560242823344,False,False,2
73,8,100.0,10.0,0.25,20.0,300.0,0.02,12.631926518298602,45.63234674098096,67.39816766787267,3.1757092111244467,6.623441834107894,7.854580275721583,154.86903604587036,0.2748722147533318,1.0,1.3528738155091322,-81.22364920572063,1.0270574763101827,False,False,2
74,8,100.0,10.0,0.25,20.0,300.0,0.02,12.552941666025863,45.64764409796229,67.3758957166611,2.7830734074238417,5.510818961624003,7.8843245284168155,155.22492044087576,0.27591642764883306,1.0,1.362371254930696,-81.19998833777436,1.0272474250986139,False,False,2
75,8,100.0,10.0,0.25,20.0,300.0,0.02,12.482255629528309,45.66102226364169,67.3567029611384,2.4384508707125807,4.624299250069619,7.910758806963508,155.54526870472986,0.2768442072871349,1.0,1.3778237234095625,-80.73186363299533,1.0275564744681913,False,False,2
76,8,100.0,10.0,0.25,20.0,300.0,0.02,12.419301349741012,45.672689155852176,67.33974376721851,2.135079145207119,3.9063521028047603,7.934177033750023,155.8313270401459,0.2776659598240032,1.0,1.3894626484490782,-80.95720003452135,1.0277892529689816,False,False,2
77,8,100.0,10.0,0.25,20.0,300.0,0.02,12.363632072609029,45.68283185298992,67.32494003098031,1.87280602590599,3.3022372382709846,7.9550852423211005,156.0801547981776,0.27839948104949414,1.0,1.400653759759247,-80.93140079867018,1.028013075195185,False,False,2
78,8,100.0,10.0,0.25,20.0,300.0,0.02,12.213410340635983,45.69208150322172,67.3122440877046,2.2688505621806985,7.091624420800162,7.97338881204745,156.29886769530475,0.27904155007256265,1.0,1.4228126497306357,-81.08988195857549,1.0284562529946126,False,False,2
79,8,100.0,10.0,0.25,20.0,300.0,0.02,12.084205072425128,45.6989272019614,67.28688594243384,2.0634696794415217,5.468709903611963,7.995215068762346,156.55884114051196,0.27980749949575,1.0,2353.4338188135266,-81.1100688364982,48.06867637627053,False,False,3
80,8,100.0,10.0,0.25,20.0,300.0,0.02,11.97320563100995,45.70037563342968,67.19629120391691,2.4302461283152343,5.698987156850998,8.014088883235829,156.78642335033533,0.28046970014478284,1.0,1.4780288713028957,-81.20383617395387,1.0295605774260579,False,False,2
81,8,100.0,10.0,0.25,20.0,300.0,0.02,11.8783967198621,45.70372001289946,67.13844149906974,2.1280581300764605,4.144021817712583,8.036083994405352,157.04799220253483,0.28124127763663553,1.0,1.5008754306806034,-81.31802982986076,1.030017508613612,False,False,2
82,8,100.0,10.0,0.25,20.0,300.0,0.02,11.797994868447109,45.707120029753206,67.08953337961317,1.9132661926320347,3.334163129565702,8.055395694712407,157.27291335509435,0.2819185763005919,1.0,1.514831007806889,-81.4100000143131,1.0302966201561379,False,False,1
83,8,100.0,10.0,0.25,20.0,300.0,0.02,11.730297799063672,45.71062017104005,67.04890200670593,1.7201960328201795,2.7616621779223745,8.072274868617317,157.466454543345,0.2825104549540397,1.0,1.5103037459963737,-81.58252298508239,1.0302060749199276,False,False,2
84,8,100.0,10.0,0.25,20.0,300.0,0.02,11.673649968740381,45.713181385542654,67.01594944319393,1.5498783792805892,2.3183231867031133,8.08706970022201,157.63261778451755,0.2830291456136636,1.0,1.5075427448231855,-81.73740126468633,1.0301508548964637,False,False,1
85,8,100.0,10.0,0.25,20.0,300.0,0.02,11.627909231105876,45.7147325875884,66.98920510532821,1.3934697069175108,1.930967932133643,8.100070003488645,157.77468974648775,0.2834848391804079,1.0,2425.301553001434,-81.96977653704693,49.50603106002868,False,False,2
86,8,100.0,10.0,0.25,20.0,300.0,0.02,11.590201267371455,45.71647368323026,66.96847916845938,1.2728768085105555,1.7717989097118898,8.111390688252895,157.89737789388386,0.2838815917319161,1.0,2433.7588761655334,-82.10465335250541,49.675177523310666,False,False,2
87,8,100.0,10.0,0.25,20.0,300.0,0.02,11.463529720321265,45.713755672815246,66.95213688691436,1.5970110089390948,5.172978259978501,8.121218876319624,158.0035169572717,0.28422598458051596,1.0,1.4838638876820271,-82.2088603568015,1.0296772777536405,False,False,1
88,8,100.0,10.0,0.25,20.0,300.0,0.02,11.356078313927046,45.72019432477831,66.95065869364956,2.1076501222817274,6.54578909658563,8.13535358283347,158.16156941852617,0.2847218047753483,1.0,1.4679446579155755,-82.39268266412621,1.0293588931583115,False,False,1
89,8,100.0,10.0,0.25,20.0,300.0,0.02,11.266336147776174,45.72538328355124,66.96353750582165,1.8520027297691666,4.59959415554541,8.154693238506052,158.37306951975444,0.28540064625940703,1.0,1.4502686322214293,-82.64551046369179,1.0290053726444286,False,False,1
90,8,100.0,10.0,0.25,20.0,300.0,0.02,11.19165716532893,45.72953331419684,66.97185731216915,1.5962933597179914,3.6303528163135326,8.171379243501418,158.55554695155914,0.2859861835241142,1.0,1.435308664440883,-82.72143665747626,1.0287061732888176,False,False,1
91,8,100.0,10.0,0.25,20.0,300.0,0.02,11.129781411017829,45.732816211603506,66.97871632314927,1.4097475923495852,2.9199010646798094,8.18564780713735,158.71231211393265,0.28648681175781965,1.0,1.4276309657310213,-82.79670107201687,1.0285526193146204,False,False,1
92,8,100.0,10.0,0.25,20.0,300.0,0.02,11.078603766927575,45.743679813859615,66.98335398380918,1.842683618771076,5.6002569456527755,8.197683147357184,158.8463357230571,0.28690904039456505,1.0,1.4234769930632245,-82.43608384021164,1.0284695398612644,False,False,1
93,8,100.0,10.0,0.25,20.0,300.0,0.02,11.032183616746924,45.75285081154053,66.96677025482842,1.7440922916033659,3.772188293839582,8.214166192061013,159.03227051673122,0.2874874123001191,1.0,1.423250705726464,-82.42813450707263,1.0284650141145293,False,False,1
94,8,100.0,10.0,0.25,20.0,300.0,0.02,10.990491877813735,45.76056435344591,66.95576098708568,1.5357049694785447,3.2425255596464897,8.228553519078611,159.1954010459623,0.28799216150811974,1.0,1.4273217888658531,-82.395968339592,1.028546435777317,False,False,1
95,8,100.0,10.0,0.25,20.0,300.0,0.02,10.953165677235898,45.76699876774705,66.95748481091142,1.3903121217207286,2.7265017742988866,8.241024183317107,159.33931407625835,0.2884296288067686,1.0,1.4340400949111576,-82.34877050199484,1.0286808018982232,False,False,1
96,8,100.0,10.0,0.25,20.0,300.0,0.02,10.919935694962932,45.77232373504479,66.97872276049017,1.2703934129208594,2.3061573612261625,8.251767663730858,159.4662317274249,0.28880647565583534,1.0,1.444271815490759,-82.23468482856273,1.0288854363098152,False,False,1
97,8,100.0,10.0,0.25,20.0,300.0,0.02,10.890520965673907,45.77669439531036,67.00055954373883,1.1734977275472298,1.9623586200502845,8.260974797255743,159.57822189695858,0.28912940633817363,1.0,1.4558105395304448,-82.1482442893037,1.0291162107906089,False,False,1
98,8,100.0,10.0,0.25,20.0,300.0,0.02,10.864674094974816,45.78025092721159,67.02368874478351,1.1022828654478485,1.9078807527778232,8.268794762098302,159.67688347740284,0.2894036655810886,1.0,1.4675338336565498,-82.00205853682066,1.029350676673131,False,False,1
99,8,100.0,10.0,0.25,20.0,300.0,0.02,10.842139615826408,45.78311754880412,67.04788513786268,1.0487903584034342,1.9056912854098425,8.275397360195699,159.76318559803332,0.28963521363404754,1.0,1.4782796285193576,-81.88758900500754,1.029565592570387,False,False,1
100,8,100.0,10.0,0.25,20.0,300.0,0.02,10.822677835367939,45.78539679931705,67.07339549993956,1.011825835726765,1.928708247036586,8.280896385170744,159.8384068919793,0.2898280551437582,1.0,1.4867855484687087,-81.72456219335933,1.029735710969374,False,False,1
101,8,100.0,10.0,0.25,20.0,300.0,0.02,10.80604367998665,45.787173157374376,67.10008736618632,0.9863522722531971,1.9677179328871042,8.2854276691678,159.90317318918295,0.28998695942218,1.0,1.4925786144232749,-81.55380036085784,1.0298515722884656,False,False,1
102,8,100.0,10.0,0.25,20.0,300.0,0.02,10.792004792721492,45.78851760796331,67.1280023749627,0.9709296477573163,2.0121922188039494,8.289103928174017,159.9581809386359,0.2901158848625699,1.0,1.49824638439103,-81.11115244439065,1.0299649276878207,False,False,1
103,8,100.0,10.0,0.25,20.0,300.0,0.02,10.78032606786488,45.78948675167669,67.15706060318047,0.9635294927146345,2.0571722517053135,8.29204616882319,160.00372471749336,0.290219077863569,1.0,1.4978291733646292,-80.95786305613022,1.0299565834672926,False,False,1
104,8,100.0,10.0,0.25,20.0,300.0,0.02,10.77079194915292,45.79012767052145,67.18714167222721,0.9629353694970906,2.1008790578801353,8.294342996271066,160.04053668298715,0.2902996495068004,1.0,1.494938147321931,-80.81825440404498,1.0298987629464387,False,False,2
105,8,100.0,10.0,0.25,20.0,300.0,0.02,10.763210739290031,45.79048024838396,67.21812101159091,0.9683614435232464,2.141876136602284,8.296067713868082,160.0693690286655,0.2903601740324807,1.0,1.4902257870626194,-80.69492490059106,1.0298045157412523,False,False,2
106,8,100.0,10.0,0.25,20.0,300.0,0.02,10.757412168688035,45.79057869060073,67.24991829679,0.9791317147993471,2.1811030263188838,8.297291987713685,160.09079612388314,0.2904031670752576,1.0,1.484298214034948,-80.5887696357545,1.029685964280699,False,False,2
107,8,100.0,10.0,0.25,20.0,300.0,0.02,10.753249673982085,45.79045341037348,67.28243715226444,0.9944489130923707,2.2180299250180457,8.29807912429939,160.10541333065615,0.29043085082283776,1.0,1.4774817076790483,-80.49974627148413,1.029549634153581,False,False,2
108,8,100.0,10.0,0.25,20.0,300.0,0.02,10.750603874387899,45.7901331284282,67.31560432551433,1.0135635490529329,2.253635185767203,8.298483660467944,160.11384056691386,0.2904451398291194,1.0,1.4697003142796552,-80.42760993283392,1.029394006285593,False,False,2
109,8,100.0,10.0,0.25,20.0,300.0,0.02,10.749384091879838,45.78964645976295,67.3493608329441,1.035755035802115,2.2896079341273614,8.29855220686609,160.11670102086845,0.29044767062035814,1.0,1.4604081781841909,-80.3702176555035,1.0292081635636838,False,False,2
110,8,100.0,10.0,0.25,20.0,300.0,0.02,10.749529324853006,45.78902332531118,67.38368140800779,1.0603611269868196,2.3642455583993955,8.298323395898393,160.11460547163725,0.29043979990876495,1.0,1.4488184355419556,-80.31795866235322,1.028976368710839,False,False,2
111,8,100.0,10.0,0.25,20.0,300.0,0.02,10.751007917224609,45.788296010544094,67.41857738191496,1.0867951538703007,2.439610005117663,8.297828044659276,160.10812354707784,0.29042261027862587,1.0,1.4338693908495348,-80.27389244805742,1.0286773878169906,False,False,2
112,8,100.0,10.0,0.25,20.0,300.0,0.02,10.753816171255163,45.78749989300955,67.45410986403641,1.11455930978916,2.5132089997757237,8.297089176846967,160.09775171962102,0.29039691093445064,1.0,1.4155027790543604,-80.25559477502723,1.0283100555810871,False,False,2
113,8,100.0,10.0,0.25,20.0,300.0,0.02,10.757978321284641,45.78667462606197,67.49039083083558,1.1432517113011373,2.582764986987433,8.29612058855733,160.08391753728628,0.29036318743003753,1.0,1.3921944971650053,-80.31737168822566,1.0278438899433,False,False,2
114,8,100.0,10.0,0.25,20.0,300.0,0.02,10.763547381624324,45.785864293964366,67.52759586304745,1.1725712152473111,2.646070375209324,8.294932260473983,160.06690944915283,0.2903217914808456,1.0,1.367460423579385,-80.34670196522461,1.0273492084715876,False,False,2
115,8,100.0,10.0,0.25,20.0,300.0,0.02,10.770609801440624,45.785117399472384,67.56596379217105,1.2023407222855176,2.701609539117826,8.29353536674178,160.0468443360037,0.2902731166336889,1.0,1.342499996891829,-80.34537372052971,1.0268499999378367,False,False,2
116,8,100.0,10.0,0.25,20.0,300.0,0.02,10.779252681968792,45.784487862982715,67.60574925713287,1.23257080258009,2.7476698035137406,8.291912317780996,160.0242285007193,0.29021654685796877,1.0,1.319607456265946,-80.33471631865896,1.026392149125319,False,False,2
117,8,100.0,10.0,0.25,20.0,300.0,0.02,10.789569242776075,45.78403254290602,67.64718584885888,1.2635998131150477,2.786866934154087,8.290053153448588,159.99954942949327,0.29015173477679745,1.0,1.2996210908201424,-80.51735856517456,1.025992421816403,False,False,2
118,8,100.0,10.0,0.25,20.0,300.0,0.02,10.801645322436096,45.783807716479956,67.6905220740467,1.2973681490702877,2.8752052300599633,8.287959621585847,159.9732035128054,0.2900787430523245,1.0,1.2830817718916117,-80.48036166871138,1.0256616354378323,False,False,2
119,8,100.0,10.0,0.25,20.0,300.0,0.02,10.815546952619036,45.78386557927447,67.73589728706877,1.337179286580207,2.9806886412483347,8.285635898662768,159.94562336706807,0.2899977193102645,1.0,1.2681832826575863,-80.56025129376224,1.0253636656531517,False,False,2
120,8,100.0,10.0,0.25,20.0,300.0,0.02,10.831298368349405,45.78424870395163,67.7833715479299,1.3806066859028974,3.0852353203511735,8.28310437182422,159.91684436705214,0.28990944874774327,1.0,1.252922286581726,-80.51675243441412,1.0250584457316345,False,False,2
121,8,100.0,10.0,0.25,20.0,300.0,0.02,10.848867849750034,45.784985317840146,67.83289897350524,1.4252371704647673,3.183718573034164,8.280398804797038,159.88657673116728,0.2898151146650178,1.0,1.2355651912427983,-80.48386509411891,1.0247113038248559,False,False,2
0,8,100.0,10.0,0.25,20.0,300.0,0.02,19.189312196368835,41.05149526186348,58.6980932257895,345.6085838150505,541.0857234673495,10.837465403404986,199.87802263395432,0.3641751070825855,1.0,11.181764440512202,-56.34128983850317,1.223635288810244,False,False,3
1,8,100.0,10.0,0.25,20.0,300.0,0.02,17.138472671517466,42.293787298561426,62.480276945479055,189.79188076113965,378.47406584056085,7.161282321412135,152.22723319415672,0.24478051290746589,1.0,7.445140266775002,-65.11627481945499,1.1489028053355002,False,False,2
2,8,100.0,10.0,0.25,20.0,300.0,0.02,17.4741087831872,42.60929535299073,60.984635953617264,102.85868150274209,159.2088818460943,5.892322289289604,128.24716020781372,0.20393622747065665,1.0,5.680170236662425,-60.460674305309624,1.1136034047332486,False,False,2
3,8,100.0,10.0,0.25,20.0,300.0,0.02,18.672885697125746,42.88998232620007,60.47347471431052,59.317467990500646,115.1101710214211,5.307909816202491,117.49822802492976,0.18438698236056056,1.0,4.169035551625418,-53.773836482959034,1.0833807110325084,False,False,2
4,8,100.0,10.0,0.25,20.0,300.0,0.02,20.08753682141306,43.00787526669632,60.690814879180294,39.677031432963105,83.28759930220231,5.101824710378128,113.69358203862095,0.1775391086463621,1.0,3.262062025574709,-51.886488658015125,1.0652412405114942,False,False,2
5,8,100.0,10.0,0.25,20.0,300.0,0.02,21.4060705897336,43.09904384874222,61.146876395559524,33.97695281854558,71.16131253631211,5.021031490853454,112.36225049158084,0.17486339163851988,1.0,2.2730720631305625,-52.896312995966525,1.0454614412626113,False,False,2
6,8,100.0,10.0,0.25,20.0,300.0,0.02,22.517441263468953,43.135870758665405,61.61136923648037,29.007980213060293,56.77387425510693,4.951370896195118,111.15954192184508,0.17252929031495304,1.0,1.5417736837481286,-53.271766736349846,1.0308354736749625,False,False,2
7,8,100.0,10.0,0.25,20.0,300.0,0.02,23.483804398719894,43.176579706437,62.00156057726839,24.913101822347432,46.891651784070056,4.901597039343151,110.18632881393046,0.17086051936333546,1.0,1.1813203668614294,-54.329916211098315,1.0236264073372285,False,False,1
8,8,100.0,10.0,0.25,20.0,300.0,0.02,24.333311236294648,43.225888827631294,62.25462766920409,21.851893917848543,36.62658303759085,4.864865302398571,109.54984430446555,0.16962937147635548,1.0,0.9119767026733616,-55.40808409077238,1.0182395340534671,False,False,1
9,8,100.0,10.0,0.25,20.0,300.0,0.02,24.79867170393474,43.2629270137601,62.4783486735801,18.561750772135746,29.55832782161965,4.848667216614983,109.24734965050926,0.16909809048397464,1.0,0.798456344629194,-56.658898795302875,1.015969126892584,False,False,1
10,8,100.0,10.0,0.25,20.0,300.0,0.02,25.045598138330732,43.27953821201084,62.74068223644817,15.824008082898317,24.402063559843008,4.8335562464610575,108.93261879127158,0.1685946610628775,1.0,0.7439763478838732,-57.597420821651454,1.0148795269576774,False,False,1
11,8,100.0,10.0,0.25,20.0,300.0,0.02,25.199597321917107,43.2801041706498,62.9544372321512,13.449399194185355,20.521613974580777,4.825505235137453,108.77559754811578,0.1683320515839468,1.0,3204.1462943837378,-58.40257611088102,65.08292588767476,False,False,1
12,8,100.0,10.0,0.25,20.0,300.0,0.02,25.35302152533549,43.28429657352556,63.22892285579354,12.604482415860968,17.184961244569536,4.815219573967629,108.48428963101264,0.16798703966958187,1.0,0.7112808749354274,-58.232393147258456,1.0142256174987085,False,False,1
13,8,100.0,10.0,0.25,20.0,300.0,0.02,25.49842918076237,43.28747215154021,63.474444021983494,12.847908278837567,16.242295581248015,4.800042175200983,108.17613494724436,0.16747048274239865,1.0,0.6507681921200148,-58.68032581141095,1.0130153638424002,False,False,1
14,8,100.0,10.0,0.25,20.0,300.0,0.02,25.546622053861622,43.285272078410074,63.642224043747675,11.065673366997334,17.160638559400237,4.783990147235443,107.91779919136066,0.16692355968024258,1.0,0.5926484716061764,-58.76845935513912,1.0118529694321234,False,False,1
15,8,100.0,10.0,0.25,20.0,300.0,0.02,25.588696286423872,43.27863758117712,63.75165220075922,11.043705600577482,16.065355844099727,4.767474275539527,107.62644100986249,0.16635701187822782,1.0,0.5813166457110701,-59.381259430054875,1.0116263329142214,False,False,1
16,8,100.0,10.0,0.25,20.0,300.0,0.02,25.64641348134697,43.2739500361436,63.81429295080419,10.352704356163564,13.801635386439008,4.746580776650188,107.12452290431509,0.16563735254550052,1.0,0.4491089685492755,-61.67939026783062,1.0089821793709854,False,False,1
17,8,100.0,10.0,0.25,20.0,300.0,0.02,25.687295256267348,43.275374020128815,64.03287918258867,12.187809092287164,16.926376774490173,4.7246925635945445,106.58800556896244,0.16488236848700757,1.0,0.4126057420624033,-60.30747085820632,1.008252114841248,False,False,1
18,8,100.0,10.0,0.25,20.0,300.0,0.02,25.67409181306649,43.27445900177617,64.21185979303321,10.977747511976064,13.588568754850368,4.700104355496573,106.1593824843472,0.16403776376348406,1.0,0.3915673835998342,-60.52072006627365,1.0078313476719967,False,False,1
19,8,100.0,10.0,0.25,20.0,300.0,0.02,25.63561551296401,43.2713938123973,64.39198655244881,10.532765358937645,14.407849638535929,4.67481062880916,105.64543952013437,0.16316614689790554,1.0,0.12812520910253272,-60.30350408019294,1.0025625041820507,False,False,1
20,8,100.0,10.0,0.25,20.0,300.0,0.02,25.566637636041925,43.269661411887974,64.56431355889879,10.504230961843023,16.9591437400423,4.646637400580514,105.03574372787824,0.16219410241906185,1.0,-0.07196721916524779,-60.52249398986102,0.998560655616695,True,True,0
21,8,100.0,10.0,0.25,20.0,300.0,0.02,25.527235358029234,43.2666333331922,64.75813002213336,10.972776639968977,16.357637252508308,4.617019679739893,104.40573066456707,0.16117259824982974,1.0,0.03348769578862259,-60.80634909673329,1.0006697539157725,False,False,1
22,8,100.0,10.0,0.25,20.0,300.0,0.02,25.518270821593905,43.26515847828913,64.93652356509664,11.483574421827612,15.656321140127949,4.581313292124821,103.73984740180539,0.15994005442199166,1.0,-0.17141695816748215,-62.018170937133036,0.9965716608366504,True,True,0
23,8,100.0,10.0,0.25,20.0,300.0,0.02,25.498658335815968,43.26329993756142,65.12547723461856,11.148627933876316,15.144419455377522,4.547485589810292,102.92378163765224,0.15877356631433176,1.0,-0.4899412892927285,-62.013830490713566,0.9902045209388979,True,True,0
24,8,100.0,10.0,0.25,20.0,300.0,0.02,25.47215394223922,43.272793221072405,65.43905576180377,12.59437149235664,17.30620133053094,4.508286349553859,102.0229881497912,0.15742001855351828,1.0,-0.49378233699866847,-62.06338543016543,0.9901269715003751,True,True,0
25,8,100.0,10.0,0.25,20.0,300.0,0.02,25.439536465145178,43.28161078387534,65.69884967126838,11.956786602332283,17.24655000879259,4.470164034353671,101.26345756795673,0.1561081364563356,1.0,-0.47995549612567234,-63.16565505350121,0.9904008900774866,True,True,0
26,8,100.0,10.0,0.25,20.0,300.0,0.02,25.423177436875395,43.290292119661295,65.92524005829645,11.233478359004039,17.670666724053042,4.431956330607599,100.45848555692712,0.15479215111082545,1.0,-0.46402283672523154,-63.078696622376484,0.9907195432654954,True,True,0
27,8,100.0,10.0,0.25,20.0,300.0,0.02,25.395420501611,43.306473809057835,66.14099033074125,11.89524755315653,19.256484209515435,4.390675775378006,99.54060680054482,0.15336801778246467,1.0,-0.47615595431100716,-63.39244705398792,0.9904768809137798,True,True,0
28,8,100.0,10.0,0.25,20.0,300.0,0.02,25.436661543637893,43.32395633318468,66.36485352286732,11.88577800013626,18.332159612855353,4.3494942070858515,98.65636213444091,0.151949693294802,1.0,-0.5210294413518798,-63.73412233361442,0.9895794111729624,True,True,0
29,8,100.0,10.0,0.25,20.0,300.0,0.02,25.4636111934834,43.34441766702537,66.64795565835323,11.876038945632317,16.810578798437373,4.308494803266469,97.766523142416,0.15053750468384788,1.0,-0.47481167069159147,-63.03047127111671,0.9905044136975293,True,True,0
30,8,100.0,10.0,0.25,20.0,300.0,0.02,25.47086647415443,43.36662551258736,66.8864148107579,11.172356944224145,18.826649728164643,4.267495187894414,96.87105905584369,0.1491253731837955,1.0,-0.23207826186535313,-62.90971064333796,0.9953584347626929,True,True,0
31,8,100.0,10.0,0.25,20.0,300.0,0.02,25.48615458030474,43.38922507436603,67.11427102415199,10.812912034984642,17.422954545373663,4.225794566722291,95.93749208286688,0.14768708959382293,1.0,-0.21754706886687072,-64.14181545015214,0.9956490586226626,True,True,0
32,8,100.0,10.0,0.25,20.0,300.0,0.02,25.505737556335845,43.41359897235704,67.31977180989168,11.264271133944495,16.601274385049397,4.179136313307455,94.80774716731926,0.14607471919949397,1.0,-0.08349220209062777,-64.2785704705376,0.9983301559581874,True,True,0
33,8,100.0,10.0,0.25,20.0,300.0,0.02,25.54461634973979,43.440469336666084,67.55994876797455,10.596643714129517,17.431970054500464,4.132887648808496,93.82396101943611,0.1444775080087999,1.0,0.15317864404231735,-64.61650143419037,1.0030635728808464,False,False,1
34,8,100.0,10.0,0.25,20.0,300.0,0.02,25.595714525871923,43.46325381904835,67.77394845737389,9.888947022394355,15.943831860390919,4.086136795875267,92.80940924419637,0.1428609078698678,1.0,0.40315859923553093,-64.03600014775212,1.0080631719847106,False,False,1
35,8,100.0,10.0,0.25,20.0,300.0,0.02,25.671652628246342,43.485509962871845,67.98226436955261,9.553299312849202,15.684626310435414,4.039103576267499,91.75134415945158,0.1412321739879997,1.0,0.664958626838172,-64.41374999863434,1.0132991725367635,False,False,1
36,8,100.0,10.0,0.25,20.0,300.0,0.02,25.73794813728002,43.5071538968656,68.18455679069679,9.199095257948555,14.927433684534162,3.988734711916696,90.73705787449741,0.13948508667536771,1.0,0.842700977876214,-64.3342538920837,1.0168540195575242,False,False,1
37,8,100.0,10.0,0.25,20.0,300.0,0.02,25.804464093651404,43.530549107904456,68.37095058573598,8.92794130451024,14.093415663163203,3.9406382558308173,89.69051741068863,0.13781571900132225,1.0,0.8670498771089983,-64.37862006485656,1.0173409975421799,False,False,1
38,8,100.0,10.0,0.25,20.0,300.0,0.02,25.867818835382778,43.55279979763447,68.54215091290679,8.352470192537984,13.637071279197674,3.8959586178943537,88.58224959434315,0.13626500891127172,1.0,1.0013207293821649,-64.98921135654169,1.0200264145876432,False,False,1
39,8,100.0,10.0,0.25,20.0,300.0,0.02,25.907939552763818,43.57537798250006,68.73423917450306,8.206052158219437,13.303715669288966,3.847403310483341,87.4281031111588,0.1345776424385328,1.0,1.2632835484833678,-65.81748342958777,1.0252656709696673,False,False,1
40,8,100.0,10.0,0.25,20.0,300.0,0.02,25.939920301976475,43.59492184821598,68.90756761387838,7.708703423923352,12.138735533425605,3.800816950716988,86.43602756677346,0.1329582168291928,1.0,1.4937028733499707,-66.39443576647153,1.0298740574669993,False,False,1
41,8,100.0,10.0,0.25,20.0,300.0,0.02,25.985118929584484,43.6108771625792,69.02424927749875,6.689439062076653,12.180222198024921,3.756647323900409,85.5032339588786,0.1314215219480425,1.0,1.5102868818136403,-67.09588098314818,1.0302057376362728,False,False,1
42,8,100.0,10.0,0.25,20.0,300.0,0.02,26.036115192345708,43.626893345454405,69.1643923575478,6.530837845914592,10.537350360895125,3.716497837192771,84.56756115064263,0.13002398263492285,1.0,1.5432268288937847,-67.61452153306834,1.0308645365778757,False,False,1
43,8,100.0,10.0,0.25,20.0,300.0,0.02,26.08976784909157,43.641316064081124,69.28623317572497,6.035462414915065,10.344509391677072,3.674251676246839,83.58974383993278,0.12855217594021606,1.0,1.6588832823845305,-67.01589199287955,1.0331776656476905,False,False,1
44,8,100.0,10.0,0.25,20.0,300.0,0.02,26.1406743597245,43.65495105322007,69.40033034823668,5.694251829903727,9.392906449957685,3.6320280621918353,82.67455740659622,0.1270802209172376,1.0,1.7852418250016309,-66.73397375541833,1.0357048365000325,False,False,1
45,8,100.0,10.0,0.25,20.0,300.0,0.02,26.185302015412493,43.668276811072495,69.50749061978014,5.369852503252517,8.794037582289983,3.5920252603484952,81.85360926334933,0.12568523857325753,1.0,1.890974884164072,-67.01572997183966,1.0378194976832815,False,False,1
46,8,100.0,10.0,0.25,20.0,300.0,0.02,26.21809703876412,43.680175087466246,69.59645569864074,4.850304563379787,8.4075708034869,3.553647526901156,81.0697913998982,0.12434631666154615,1.0,1.9827257732174852,-65.73614218883647,1.0396545154643497,False,False,1
47,8,100.0,10.0,0.25,20.0,300.0,0.02,26.26137630405943,43.69144908080578,69.6794507270873,4.585489661941425,7.98334584046606,3.5189681116638143,80.35605059264029,0.12313608823664278,1.0,2.005612333956218,-65.81128583470075,1.0401122466791244,False,False,1
48,8,100.0,10.0,0.25,20.0,300.0,0.02,26.297898041733173,43.70155998499762,69.7444647927163,4.183415460615629,7.173126367992762,3.485629637704599,79.67784584216196,0.12197233582869162,1.0,2.0320173762221545,-65.83401760478964,1.040640347524443,False,False,1
49,8,100.0,10.0,0.25,20.0,300.0,0.02,26.332600632810127,43.71171721885696,69.80651651158158,3.902382027328828,6.807521745193206,3.455401076663262,79.10382081332172,0.12091693340564623,1.0,2.101497706127109,-66.19552844291582,1.0420299541225422,False,False,1
50,8,100.0,10.0,0.25,20.0,300.0,0.02,26.3655486450898,43.72101482248083,69.86175116501573,3.72555769631682,6.429830766065592,3.4273653237163324,78.6192758820029,0.119937937339003,1.0,2.1416904605784035,-65.65015122644667,1.042833809211568,False,False,1
51,8,100.0,10.0,0.25,20.0,300.0,0.02,26.394224963465106,43.730002450235155,69.91804148743647,3.4666611454012086,5.5192387396409615,3.4015004652825853,78.20202094192659,0.11903475355826781,1.0,2.2106821409788844,-64.93752899952057,1.0442136428195776,False,False,1
52,8,100.0,10.0,0.25,20.0,300.0,0.02,26.421271169269257,43.73793399701856,69.96307753904426,3.119727000598497,5.200197526246464,3.379109368903891,77.83739170157445,0.11825273980356471,1.0,2.2469679138495904,-64.46923803100005,1.044939358276992,False,False,1
53,8,100.0,10.0,0.25,20.0,300.0,0.02,26.445990010426346,43.745234622706676,70.00448000427434,2.8468764794364407,4.8469687580825305,3.3599488737524115,77.52174450183595,0.11758345176727962,1.0,2.280040016864252,-63.35162846823701,1.045600800337285,False,False,1
54,8,100.0,10.0,0.25,20.0,300.0,0.02,26.468186244224214,43.7518201918007,70.04093936526178,2.596092612738217,4.627986489838116,3.3434524074574132,77.24516972863397,0.11700716960920883,1.0,2.2692774981902573,-63.321776161061436,1.0453855499638052,False,False,1
55,8,100.0,10.0,0.25,20.0,300.0,0.02,26.506545468612515,43.757883300318404,70.07453591583982,2.484000508444751,4.3867279790902005,3.3297736617002514,76.9949498845866,0.11652930930674794,1.0,2.252131962557029,-63.52414560976097,1.0450426392511405,False,False,1
56,8,100.0,10.0,0.25,20.0,300.0,0.02,26.538226033260635,43.76321253985588,70.10357542342416,2.2511061988130905,4.319777711874469,3.316792704855052,76.7440097537078,0.11607570311887068,1.0,2.2218643919513874,-63.85444909278873,1.0444372878390278,False,False,1
57,8,100.0,10.0,0.25,20.0,300.0,0.02,26.564324043511537,43.76809058478881,70.13250482349811,2.0943053334280926,4.0566183063185015,3.3058881671434937,76.51748815236296,0.11569465823062244,1.0,2.2082381217654232,-62.9908892036775,1.0441647624353085,False,False,1
58,8,100.0,10.0,0.25,20.0,300.0,0.02,26.58684481545363,43.77238800614038,70.15848007206856,1.9349039530558998,3.8502041365006865,3.2967517484969466,76.31062371801505,0.11537539277061817,1.0,2.1802101137926058,-62.825916680910694,1.043604202275852,False,False,1
59,8,100.0,10.0,0.25,20.0,300.0,0.02,26.60682499151119,43.77626973196431,70.1837565997964,1.807015904185246,3.6024762989079147,3.288919945178485,76.1253522929637,0.11510168544344988,1.0,2.1357426690156536,-62.72190715014196,1.042714853380313,False,False,1
60,8,100.0,10.0,0.25,20.0,300.0,0.02,26.624936327522917,43.780114464578425,70.20701169121976,1.737894451302294,3.3768591949718445,3.2818727397417513,75.9642806151251,0.11485539411102118,1.0,2.073917498872045,-62.73272698733885,1.041478349977441,False,False,1
61,8,100.0,10.0,0.25,20.0,300.0,0.02,26.641521240694004,43.78358924003485,70.22637254963084,1.7353255156573266,4.186723656292237,3.2751716997939484,75.82576767183,0.11462121724787923,1.0,2.0687494336140824,-62.638812741152094,1.0413749886722816,False,False,1
62,8,100.0,10.0,0.25,20.0,300.0,0.02,26.65670338978955,43.78702393578327,70.25128547796453,1.7254923882791606,3.572043583453056,3.268529282039302,75.71095189626709,0.11438914722932478,1.0,2.0731215957325917,-62.35337677749205,1.041462431914652,False,False,1
63,8,100.0,10.0,0.25,20.0,300.0,0.02,26.670437808833242,43.78975068012106,70.27251535656916,1.578364437430549,3.4401631162410964,3.2621991361383165,75.61899854488772,0.11416794964434794,1.0,2.0096794302101553,-62.20671985591782,1.040193588604203,False,False,1
64,8,100.0,10.0,0.25,20.0,300.0,0.02,26.682801588966093,43.791860635872034,70.29214904959463,1.5947126539387195,3.244529976786909,3.2564143976295616,75.5496083862223,0.11396578474745113,1.0,1.9737678339285645,-61.252282761924334,1.0394753566785713,False,False,1
65,8,100.0,10.0,0.25,20.0,300.0,0.02,26.694117093540683,43.79306979735621,70.30592948424365,1.5072367341183255,3.2706944762601258,3.251199439456144,75.4906853247544,0.11378353386022336,1.0,1.9929931099233966,-60.396734282800196,1.039859862198468,False,False,1
66,8,100.0,10.0,0.25,20.0,300.0,0.02,26.705102544661866,43.79388526353962,70.31996758118163,1.4548672717723639,3.146473741946339,3.246967775319894,75.44421961364002,0.11363560003071761,1.0,2.0004417551856726,-60.13043585833971,1.0400088351037136,False,False,1
67,8,100.0,10.0,0.25,20.0,300.0,0.02,26.71613085808511,43.79534460368148,70.33158783954394,1.5202457169725803,3.100465681888849,3.2433050411727202,75.40550233803499,0.11350754285802539,1.0,1.929288126796858,-59.86116726987149,1.0385857625359372,False,False,1
68,8,100.0,10.0,0.25,20.0,300.0,0.02,26.725797624874964,43.7960782724095,70.34243108107678,1.4309241816762392,3.0984034776872393,3.241588111356234,75.40064875958987,0.1134476961675653,1.0,1.917197902589453,-59.73225079693175,1.038343958051789,False,False,1
69,8,100.0,10.0,0.25,20.0,300.0,0.02,26.734019652387804,43.79633354933352,70.35468854509399,1.3939642696416663,2.9472731023897416,3.2402297739751442,75.39258137442056,0.11340033621163438,1.0,1.9040493041418656,-59.60513389146402,1.0380809860828373,False,False,1
70,8,100.0,10.0,0.25,20.0,300.0,0.02,26.741350300646523,43.79612494721817,70.36755717981066,1.3705931192336267,2.8477817276269164,3.2389913314459036,75.38151193965521,0.11335713601390499,1.0,1.8894365608043036,-59.33783899919136,1.037788731216086,False,False,1
71,8,100.0,10.0,0.25,20.0,300.0,0.02,26.747907826371343,43.79548348509479,70.38080850863004,1.3614255419180958,2.761652503317555,3.237893582853125,75.36771406668204,0.11331883455542,1.0,1.8535930084592516,-59.88313053004071,1.037071860169185,False,False,1
72,8,100.0,10.0,0.25,20.0,300.0,0.02,26.75397418682413,43.794444802994,70.40358318192963,1.3634825015853358,2.669179501218435,3.2370606389297922,75.3504655490681,0.11328977893006983,1.0,1.8387873949315843,-59.79619032728934,1.0367757478986317,False,False,1
73,8,100.0,10.0,0.25,20.0,300.0,0.02,26.759488019448483,43.79301368581766,70.43269649993515,1.3715982889443992,2.5902456391175566,3.2363922054298273,75.33089689218822,0.11326645869141405,1.0,1.8221692256017719,-59.82680966156652,1.0364433845120353,False,False,1
74,8,100.0,10.0,0.25,20.0,300.0,0.02,26.7630385876756,43.79120549298996,70.46033395892475,1.3874999942223956,2.520956989686647,3.2357893860470797,75.31011180885719,0.11324541564711263,1.0,1.786881164567586,-60.35239534972422,1.0357376232913518,False,False,1
75,8,100.0,10.0,0.25,20.0,300.0,0.02,26.76700199029213,43.78901915479882,70.48609153231139,1.411667584530202,2.4727923549439814,3.23542869889524,75.28764418838678,0.11323281115121459,1.0,1.7584479375349582,-236.2217087127592,3.724434174255184,False,False,1
76,8,100.0,10.0,0.25,20.0,300.0,0.02,26.77125733828822,43.786291389676244,70.50504638059563,1.4436464262909836,2.4202352335990724,3.2352577404372553,75.26464430098548,0.11322681936786483,1.0,1.7247677761856157,-60.56349699691381,1.0344953555237124,False,False,1
77,8,100.0,10.0,0.25,20.0,300.0,0.02,26.780167496758377,43.78336002124525,70.52656901040997,1.4800342081747806,2.40439156758211,3.235362022918769,75.24076774814044,0.11323042234973964,1.0,1.6285634800429531,-60.928421684476945,1.032571269600859,False,False,1
78,8,100.0,10.0,0.25,20.0,300.0,0.02,26.78361914965252,43.78000301852761,70.54419585985742,1.5946955579831426,2.9204613005171325,3.2356104035461923,75.2171076771826,0.11323905238512705,1.0,1.6002472259612397,-61.06735083255009,1.0320049445192248,False,False,1
79,8,100.0,10.0,0.25,20.0,300.0,0.02,26.791768949220252,43.77654817080843,70.56637024676077,1.6416938605156384,2.7235062755723174,3.2359898635646576,75.19484435441771,0.11325225624424792,1.0,1.556376892791383,-61.68947615745972,1.0311275378558276,False,False,1
80,8,100.0,10.0,0.25,20.0,300.0,0.02,26.79497537284073,43.77265024499876,70.58334130707092,1.6920222537701721,2.6787837321154297,3.236543941081206,75.1728080521318,0.11327154174745442,1.0,1.524410903065282,-61.94700139411062,1.0304882180613055,False,False,1
81,8,100.0,10.0,0.25,20.0,300.0,0.02,26.803240246867354,43.76848551968799,70.60194723130826,1.7353219503103348,2.677162612172463,3.2372640298214077,75.1519623014888,0.11329661174501926,1.0,1.4843635961705341,-62.231145606640254,1.0296872719234107,False,False,1
82,8,100.0,10.0,0.25,20.0,300.0,0.02,26.80656042421147,43.76397493114494,70.61701287433294,1.7882506418222257,2.6637783470196985,3.23816384300272,75.13216889868012,0.11332794255251008,1.0,564.8458101357658,-60.660927778587876,12.296916202715316,False,False,2
83,8,100.0,10.0,0.25,20.0,300.0,0.02,26.815275998480942,43.75914446594809,70.63158266706726,1.8345148672719551,2.7191275150105136,3.2393295761250265,75.11220720520924,0.1133685420916326,1.0,566.7989040744701,-60.87485340263126,12.335978081489403,False,False,2
84,8,100.0,10.0,0.25,20.0,300.0,0.02,26.820372338612216,43.754762815326536,70.63925146549649,1.9791269668756046,2.998507415359695,3.240591433862652,75.09438447239363,0.11341248596027935,1.0,1.3610065824090003,-64.0385361101454,1.02722013164818,False,False,1
85,8,100.0,10.0,0.25,20.0,300.0,0.02,26.828774586352548,43.749719553163736,70.64340910439957,2.017925839155784,2.8161216320040396,3.2435311678429573,75.10777973458008,0.11351523008469715,1.0,1.344719029869946,-64.31647572173325,1.026894380597399,False,False,1
86,8,100.0,10.0,0.25,20.0,300.0,0.02,26.831243123512085,43.74464299830795,70.65456206876793,2.0691113402688863,2.7919706844790966,3.246623828081966,75.11903238308697,0.1136232686042326,1.0,1.3077094187117526,-64.86082844258064,1.026154188374235,False,False,1
87,8,100.0,10.0,0.25,20.0,300.0,0.02,26.838458732470002,43.73897964815823,70.66603701440638,2.1692607919613582,2.820179578407525,3.249617498367197,75.13006678147931,0.11372780030672475,1.0,1.2731616144584152,-65.19695136814462,1.0254632322891684,False,False,1
88,8,100.0,10.0,0.25,20.0,300.0,0.02,26.84091025435955,43.73289704450064,70.6729910405626,2.225117412911202,2.866006795253368,3.2524732344748513,75.1432485507638,0.11382744222491199,1.0,555.9742239443442,-63.422836996683,12.119484478886884,False,False,2
89,8,100.0,10.0,0.25,20.0,300.0,0.02,26.848977254166524,43.72619940327013,70.68409758499452,2.3361637303535603,2.872981881120156,3.2551281802107535,75.16042415727146,0.11392001781898889,1.0,1.1966988250202109,-66.98288991956576,1.0239339765004043,False,False,1
90,8,100.0,10.0,0.25,20.0,300.0,0.02,26.85719739058877,43.718940841413605,70.69512005797732,2.475263624779976,2.926575173182355,3.2578154935086028,75.18201631734027,0.11401366449363498,1.0,1.1013432986512914,-230.70602032374137,3.614120406474828,False,False,1
91,8,100.0,10.0,0.25,20.0,300.0,0.02,26.87037271688705,43.71133465861915,70.69874590229809,2.618508850378836,3.0613733826501655,3.259100735333401,75.1784658161557,0.11405808194995357,1.0,1.015518335535961,-231.06433955552762,3.6212867911105526,False,False,1
92,8,100.0,10.0,0.25,20.0,300.0,0.02,26.88606390718098,43.70356118376261,70.70224142141893,2.6694080204782384,3.058920839129024,3.2608166126083877,75.1828931118871,0.11411751719743249,1.0,0.9822014890239515,-68.12459000129502,1.019644029780479,False,False,1
93,8,100.0,10.0,0.25,20.0,300.0,0.02,26.89981256754846,43.69514724511668,70.70349566433097,2.7758332688270686,3.1199378465692837,3.2630224454951953,75.1923311852584,0.11419405794720297,1.0,0.9466782135864946,-67.95545539445493,1.0189335642717299,False,False,1
94,8,100.0,10.0,0.25,20.0,300.0,0.02,26.918472481637405,43.68656482272546,70.70681712279874,2.82068558400235,3.077497339846099,3.265402590384826,75.20791939087526,0.11427664612573345,1.0,0.918434197747232,-230.54620221475795,3.6109240442951593,False,False,1
95,8,100.0,10.0,0.25,20.0,300.0,0.02,26.936294126907466,43.677843342815216,70.7072202809817,2.8738814272774587,3.125811752149765,3.2676803607872142,75.22787559218335,0.11435561975323419,1.0,0.8976215242645652,-66.87326952927168,1.0179524304852914,False,False,1
96,8,100.0,10.0,0.25,20.0,300.0,0.02,26.949566389300347,43.66891622785098,70.7049520106153,2.983148825163021,3.4718948389913624,3.2700319632284556,75.24807171899394,0.1144371459014824,1.0,0.8514548177313247,-66.63315834724361,1.0170290963546265,False,False,1
97,8,100.0,10.0,0.25,20.0,300.0,0.02,26.968511986763605,43.66022844672042,70.70982670780086,3.0365097787264252,3.307656252034277,3.2726913876180146,75.26678801937192,0.1145293723070338,1.0,0.7948313228236705,-236.88600482699837,3.7377200965399675,False,False,1
98,8,100.0,10.0,0.25,20.0,300.0,0.02,26.988037405340084,43.65123998787181,70.70678535546737,3.085688147574242,3.312199792171878,3.2755702455813838,75.28213260487586,0.11462922284094491,1.0,0.7293213510934962,-66.6640911515756,1.0145864270218699,False,False,1
99,8,100.0,10.0,0.25,20.0,300.0,0.02,27.00217176701036,43.64227705025795,70.70512524129555,3.1353050070257806,3.321832812365028,3.2787617418094137,75.29391311044148,0.1147399527746712,1.0,0.6514705781985842,-66.87471205767959,1.0130294115639717,False,False,1
100,8,100.0,10.0,0.25,20.0,300.0,0.02,27.02322332805584,43.63315225209919,70.70601945591332,3.1738621054974825,3.4160835568455106,3.2822733850620063,75.30277068596027,0.11486181924016882,1.0,0.5704603833960212,-66.84663262812646,1.0114092076679204,False,False,1
101,8,100.0,10.0,0.25,20.0,300.0,0.02,27.039642022509863,43.6243728214352,70.70908320375977,3.215825614680768,3.4065018043982493,3.286133253738739,75.311238373119,0.11499579199244099,1.0,0.49888171693987216,-230.03995477310556,3.6007990954621114,False,False,1
102,8,100.0,10.0,0.25,20.0,300.0,0.02,27.059680094757727,43.61499685003829,70.70384627935813,3.245885753817527,3.4964898060354757,3.2902183077930167,75.3216983718856,0.1151375651212446,1.0,0.47302851618831915,-66.80738233092512,1.0094605703237665,False,False,1
103,8,100.0,10.0,0.25,20.0,300.0,0.02,27.078622977681487,43.60609344057339,70.71027450949765,3.400442342665891,3.912380820581849,3.294628931037475,75.33637521745608,0.11529062379243196,1.0,0.38646542107285564,-237.02471069927196,3.740494213985439,False,False,1
104,8,100.0,10.0,0.25,20.0,300.0,0.02,27.100520492229055,43.59668626722887,70.70309440453102,3.4292121021915833,3.839600434436792,3.299261028372044,75.36087640667917,0.11545128951940777,1.0,0.31206414641094565,-265.8993648958576,4.317987297917153,False,False,1
105,8,100.0,10.0,0.25,20.0,300.0,0.02,27.11936962473472,43.58758035466601,70.70796161760674,3.4566003539509103,3.8206841054305527,3.3034806436341895,75.39742658592222,0.1155974482797223,1.0,0.2663974730322999,-247.30236948789718,3.9460473897579433,False,False,1
106,8,100.0,10.0,0.25,20.0,300.0,0.02,27.14321334119009,43.57851736871985,70.7067608601116,3.474886915001337,3.753282833612421,3.3071039494858736,75.44780995806984,0.11572267468977773,1.0,0.1655062667577857,-232.61516021656178,3.6523032043312353,False,False,1
107,8,100.0,10.0,0.25,20.0,300.0,0.02,27.16580940011935,43.568904284303734,70.70424210553011,3.745744560204959,4.2051342896220465,3.310091491001795,75.51169976144278,0.11582561501104105,1.0,0.12934406481287217,-66.45995571032844,1.0025868812962575,False,False,1
108,8,100.0,10.0,0.25,20.0,300.0,0.02,27.192500589399405,43.55976486141301,70.70628014714829,3.756575921825991,4.157715264687679,3.312426094544967,75.59287927261215,0.11590555200780736,1.0,0.08970048103754402,-65.99024580744566,1.001794009620751,False,False,1
109,8,100.0,10.0,0.25,20.0,300.0,0.02,27.21808874700823,43.5503428304079,70.7065767165658,3.764829097181315,4.233911449709531,3.3142049587740403,75.67945667753327,0.11596600136884026,1.0,0.07463071625485393,-229.08690001349885,3.5817380002699775,False,False,1
110,8,100.0,10.0,0.25,20.0,300.0,0.02,27.245998737514583,43.54083704270385,70.70441464223407,3.9130852457933507,4.336706549548008,3.315692355992187,75.76342616973058,0.11601619821065678,1.0,0.003127865774010763,-64.96866079144556,1.0000625573154802,False,False,1
111,8,100.0,10.0,0.25,20.0,300.0,0.02,27.272295598989295,43.53175624562233,70.70419851534582,3.9166362756711814,4.283183899731634,3.3171482932034966,75.84164912713341,0.116065170343067,1.0,-0.08186616894089269,-64.74607041282678,0.9983626766211822,True,True,0
112,8,100.0,10.0,0.25,20.0,300.0,0.02,27.298481237198686,43.52302545221182,70.70348402723408,3.91442798801147,4.2733128384477395,3.318597308288034,75.90880004540172,0.11611382661617403,1.0,-0.18017008633539014,-64.71411041139919,0.9963965982732922,True,True,0
113,8,100.0,10.0,0.25,20.0,300.0,0.02,27.32556637890818,43.51462622875378,70.70368376713716,3.905184629545407,4.223734729869412,3.3202316940464183,75.96224671557333,0.11616888533879946,1.0,-0.274354827668889,-64.73446583957988,0.9945129034466222,True,True,0
114,8,100.0,10.0,0.25,20.0,300.0,0.02,27.352998806668026,43.50657780356563,70.70316795259349,3.8887470979256245,4.207180975030915,3.322186621973325,76.00316058065825,0.11623505759425776,1.0,-0.3886649440706021,-64.83468041665753,0.9922267011185879,True,True,0
115,8,100.0,10.0,0.25,20.0,300.0,0.02,27.38151388151331,43.498914597941656,70.703419307504,3.864221891492411,4.171913973542929,3.3244512321157256,76.0350417333318,0.1163119565261199,1.0,-0.5135388692808907,-64.84803184047573,0.9897292226143822,True,True,0
116,8,100.0,10.0,0.25,20.0,300.0,0.02,27.413701760526305,43.49131643163067,70.70302598512423,3.989617583185936,4.755049060104741,3.32683702061933,76.06241211882868,0.11639299331671565,1.0,-0.5738329415456671,-64.21523100889658,0.9885233411690867,True,True,0
117,8,100.0,10.0,0.25,20.0,300.0,0.02,27.44435740942163,43.48419801862928,70.7035662260816,3.951748957477808,4.535994474497017,3.329397791473249,76.09030523828957,0.11647994964481563,1.0,-0.6823813515895277,-64.0548817647329,0.9863523729682094,True,True,0
118,8,100.0,10.0,0.25,20.0,300.0,0.02,27.475348897205045,43.4774803702706,70.70326120589165,3.9049548457433843,4.470874126832023,3.3316594826818124,76.1193163265111,0.11655636657286329,1.0,-0.7404263396842145,-64.08268059929529,0.9851914732063157,True,True,0
119,8,100.0,10.0,0.25,20.0,300.0,0.02,27.506618306406885,43.471184782333005,70.70352306699253,3.851877208067713,4.4400182795291006,3.3332357608811827,76.15333206957963,0.11660875107741327,1.0,-0.8158960807352131,-63.867029566476745,0.9836820783852958,True,True,0
120,8,100.0,10.0,0.25,20.0,300.0,0.02,27.537807487576742,43.46475116105683,70.70326903123127,4.097541758285502,4.5792499343763815,3.3340389507598,76.19316911024494,0.11663408755318888,1.0,-0.829307778826711,-63.519478752141595,0.9834138444234658,True,True,0
121,8,100.0,10.0,0.25,20.0,300.0,0.02,27.5725634543205,43.458775643907074,70.70354299106098,4.027863279712499,4.571442020269137,3.3337968000873612,76.23935350915067,0.11662263293041868,1.0,-0.9177556023687099,-63.289714708125004,0.9816448879526258,True,True,0
122,8,100.0,10.0,0.25,20.0,300.0,0.02,27.606555287517963,43.45323916183384,70.70337910569293,3.956720469616469,4.558934577946492,3.3330255358095737,76.28113242002374,0.11659265184307276,1.0,-0.9573805600814149,-62.96474843662857,0.9808535121841997,True,True,0
123,8,100.0,10.0,0.25,20.0,300.0,0.02,27.639057392209402,43.448104291039215,70.70365950940712,3.883371509865131,4.476328435235668,3.33190038103466,76.31325366936548,0.11655027649830954,1.0,-0.9082326736081392,-62.66828741077636,0.9818353465278372,True,True,0
124,8,100.0,10.0,0.25,20.0,300.0,0.02,27.674017181547242,43.44311246753808,70.7034573280196,3.9865632153448662,4.52328860825635,3.330644374975269,76.33148455819637,0.11650333453217186,1.0,-0.8351702218642555,-62.491985566818244,0.9832965955627149,True,True,0
125,8,100.0,10.0,0.25,20.0,300.0,0.02,27.705153410286922,43.43853956954706,70.70370110510268,3.899981700903578,4.229214906182335,3.3290866305688898,76.33788860733269,0.11644563982145492,1.0,-0.8020445162071608,-62.21453729395753,0.9839591096758568,True,True,0
126,8,100.0,10.0,0.25,20.0,300.0,0.02,27.735343245754333,43.43439291607278,70.70353052223298,3.80932785435797,4.133245789850757,3.327700217371183,76.3306282571624,0.11639390595302504,1.0,-0.806872445739241,-62.059335238284326,0.9838625510852151,True,True,0
127,8,100.0,10.0,0.25,20.0,300.0,0.02,27.76571080414245,43.43065848714861,70.7037095898639,3.712956459177307,4.026885420461154,3.3265091028075564,76.31154607952406,0.11634896731461397,1.0,-0.8419160500572118,-62.04567787850805,0.9831616789988558,True,True,0
128,8,100.0,10.0,0.25,20.0,300.0,0.02,27.79634475958964,43.42732320870464,70.70358149422664,3.6111827012889117,3.9338550281628417,3.325496499501999,76.28444777614959,0.11631023875953674,1.0,-0.8767694536598217,-62.02403715146109,0.9824646109268036,True,True,0
129,8,100.0,10.0,0.25,20.0,300.0,0.02,27.83217330804801,43.4241582369102,70.70369343417264,3.696942086871516,4.48628946854174,3.324603438742619,76.25324779172048,0.1162756924443387,1.0,-0.9305960179945918,-62.41532728513499,0.9813880796401082,True,True,0
130,8,100.0,10.0,0.25,20.0,300.0,0.02,27.864747841475808,43.421397503850855,70.70345228002085,3.582489356677981,4.185054269009471,3.323484802344759,76.22050581811784,0.11623303957950275,1.0,-0.9800555431108581,-62.52973383696386,0.9803988891377828,True,True,0
131,8,100.0,10.0,0.25,20.0,300.0,0.02,27.896866860684703,43.419037669538156,70.70355849461804,3.462551567776016,4.040240598389411,3.3222910717710255,76.19019591820303,0.11618776728051951,1.0,-0.9782240476798277,-62.10751713992853,0.9804355190464035,True,True,0
132,8,100.0,10.0,0.25,20.0,300.0,0.02,27.92839576696613,43.417050980011346,70.70349933692005,3.3433591399361435,3.924288569342216,3.321135708066814,76.1640550307031,0.11614385974827841,1.0,383.87859384792,-58.30102430493156,8.6775718769584,False,False,1
133,8,100.0,10.0,0.25,20.0,300.0,0.02,27.958966767217763,43.414961573865995,70.70329160944024,3.5198312140931605,4.136152648105392,3.319912524246663,76.14270859039485,0.1160976311380876,1.0,-1.1616974362297514,-61.641219231392014,0.976766051275405,True,True,0
134,8,100.0,10.0,0.25,20.0,300.0,0.02,27.992474877528664,43.413735340731655,70.7062748022247,3.48392869436885,3.879689534450681,3.3179055026033653,76.12200214799672,0.1160237790014769,1.0,-1.176672085818028,-227.0097551219112,3.5401951024382248,True,False,0
135,8,100.0,10.0,0.25,20.0,300.0,0.02,28.0241794689359,43.41248905880492,70.70764492113801,3.3472378920958477,3.861535189639027,3.315581044569651,76.10178742832493,0.11593879244193131,1.0,-1.1938837550563335,-232.1142749574498,3.642285499148996,True,False,0
136,8,100.0,10.0,0.25,20.0,300.0,0.02,28.057552593149378,43.41139982059769,70.70656094217203,3.215393300748306,3.738823498081872,3.313186887445074,76.0792971819537,0.115851461630275,1.0,-1.1766871630394853,-226.97809489290947,3.5395618978581895,True,False,0
137,8,100.0,10.0,0.25,20.0,300.0,0.02,28.08612036558433,43.4106249962977,70.70614700603855,3.0854265466513855,3.59929018166088,3.3108256989814198,76.05085707491489,0.11576537315147552,1.0,-1.188925451657002,-226.95447787761978,3.539089557552396,True,False,0
138,8,100.0,10.0,0.25,20.0,300.0,0.02,28.11991982686481,43.410049972551484,70.70673687668753,3.183640262303733,3.8995075234467844,3.3085088645680187,76.01498796166852,0.11568093712646123,1.0,-1.1354937271595398,-226.95966984723833,3.539193396944767,True,False,0
139,8,100.0,10.0,0.25,20.0,300.0,0.02,28.14665287647746,43.409667722257716,70.70627288712303,3.046198967178717,3.519890137963795,3.3056902901472713,75.96609554273508,0.11557876721889579,1.0,-1.091228052002882,-226.98487474476642,3.5396974948953286,True,False,0
140,8,100.0,10.0,0.25,20.0,300.0,0.02,28.1718485076914,43.409548181324,70.70663607954255,2.910952621680707,3.308160360419223,3.302918232297127,75.91383261768397,0.11547832352223597,1.0,-1.0623684054768228,-226.99553768933157,3.5399107537866312,True,False,0
141,8,100.0,10.0,0.25,20.0,300.0,0.02,28.19537117119326,43.40957511110384,70.70627685712769,2.776996343066058,3.1534599372760264,3.3003010301207962,75.85814463860368,0.11538338769519077,1.0,-1.0581914906691992,-226.97722414644073,3.5395444829288145,True,False,0
142,8,100.0,10.0,0.25,20.0,300.0,0.02,28.218839772609254,43.4098136019004,70.70669218433746,2.644733814847856,3.02092261349814,3.2978800717611945,75.80081578514846,0.11529540543139205,1.0,-1.0803669584596611,-226.93504303911328,3.5387008607822654,True,False,0
143,8,100.0,10.0,0.25,20.0,300.0,0.02,28.24110624465444,43.410149381651266,70.70635734964877,2.515003768419173,2.902462127442914,3.2956967031313993,75.74366326134607,0.1152158238194867,1.0,-1.1303722210062168,-226.99417138493374,3.5398834276986753,True,False,0
144,8,100.0,10.0,0.25,20.0,300.0,0.02,28.271189553671988,43.410582190762106,70.7068177697641,2.6421262672246355,3.523719166395399,3.2937107781999986,75.68849819791885,0.11514326539963561,1.0,-1.162608448872409,-227.0866696074006,3.5417333921480125,True,False,0
145,8,100.0,10.0,0.25,20.0,300.0,0.02,28.294827358073686,43.41111205806322,70.70649643629062,2.510311435774157,3.134434381636948,3.291178239564326,75.62919204963201,0.11505136751837185,1.0,-1.205910208309533,-227.15880725679128,3.543176145135826,True,False,0
146,8,100.0,10.0,0.25,20.0,300.0,0.02,28.317808116890674,43.41180369781252,70.70694957586957,2.3786223961930886,2.9376259959088262,3.2887676665450627,75.57322034703297,0.11496385925700756,1.0,-1.2539346375963565,-227.2121253994699,3.5442425079893978,True,False,0
147,8,100.0,10.0,0.25,20.0,300.0,0.02,28.339377234156114,43.41254547297525,70.70663488323405,2.249655495183078,2.797097440004582,3.286447151906131,75.52204505489807,0.11487963024190533,1.0,-1.3023737295261426,-227.24955956582195,3.5449911913164396,True,False,0
148,8,100.0,10.0,0.25,20.0,300.0,0.02,28.360934998476253,43.41339778122984,70.7070356949718,2.1251827546583337,2.6753978234261937,3.2841952965073666,75.47561816790704,0.11479793520054482,1.0,-1.3489803411192454,-227.2664802785392,3.5453296055707844,True,False,0
149,8,100.0,10.0,0.25,20.0,300.0,0.02,28.380972058821246,43.41426461288888,70.70672741266895,2.005918123622802,2.56344100738105,3.2819999934623936,75.43340119099078,0.1147183518630097,1.0,-1.3955310541713333,-227.27164375662664,3.5454328751325326,True,False,0
150,8,100.0,10.0,0.25,20.0,300.0,0.02,28.40060812504068,43.415199245729504,70.70705255865089,1.8921134302041434,2.4553791250319983,3.2798568647851143,75.3947389581785,0.11464072639058165,1.0,-1.438200305578903,-227.2604106476851,3.5452082129537024,True,False,0
151,8,100.0,10.0,0.25,20.0,300.0,0.02,28.41858109493081,43.416124146128894,70.70675838134648,1.7837994540246052,2.3513212235844865,3.277769127174522,75.35898462971961,0.1145651690273008,1.0,-1.5448984073447736,-227.2429174957418,3.5448583499148363,True,False,0
152,8,100.0,10.0,0.25,20.0,300.0,0.02,28.43588474667767,43.41708350873649,70.70700545597273,1.921741584721615,2.8219723812846036,3.2757347137860577,75.32559607058502,0.11449162265930035,1.0,-1.764380386429714,-227.15899643550887,3.5431799287101775,True,False,0
153,8,100.0,10.0,0.25,20.0,300.0,0.02,28.456030472472793,43.41805246932818,70.7067068443437,2.0578691451904025,2.5888456383441825,3.273022690583823,75.28609598373583,0.11439415884452833,1.0,-1.7831162731230101,-227.10597986415382,3.542119597283077,True,False,0
154,8,100.0,10.0,0.25,20.0,300.0,0.02,28.48030461408971,43.419084029545566,70.7068696318464,1.9336947570829386,2.3472569371654446,3.269745237376503,75.23983450674453,0.114276681477151,1.0,-1.7868503377100744,-226.80601041291044,3.5361202082582093,True,False,0
155,8,100.0,10.0,0.25,20.0,300.0,0.02,28.50275440640466,43.42011441586711,70.70658937892838,1.8174825527762914,2.2975504394230737,3.2667213128816286,75.19510443999249,0.11416822835446302,1.0,-1.7882540704206487,-226.49343929659614,3.5298687859319227,True,False,0
156,8,100.0,10.0,0.25,20.0,300.0,0.02,28.52334276971328,43.421164409896264,70.70672632383791,1.7077909102133886,2.206562308509925,3.2639135228321035,75.15079215954277,0.11406747972754154,1.0,-1.7071525522486162,-226.41690277570962,3.528338055514192,True,False,0
157,8,100.0,10.0,0.25,20.0,300.0,0.02,28.54163842620212,43.42220426799461,70.70665165573675,1.6043958742404325,2.101542335412668,3.26129102053366,75.10643504467856,0.11397334869236071,1.0,-1.6863815577711954,-226.42152907437625,3.528430581487525,True,False,0
158,8,100.0,10.0,0.25,20.0,300.0,0.02,28.557963183023897,43.42320346617496,70.70656142734333,1.5077442157444843,1.9953568658624432,3.2588885942242545,75.06146638924211,0.1138870392747655,1.0,-1.6702998167412881,-226.4347472509359,3.528694945018718,True,False,0
159,8,100.0,10.0,0.25,20.0,300.0,0.02,28.572551897995467,43.42417594195633,70.70641560955146,1.41695241472266,1.8923754084520727,3.2566662003166718,75.01609991080252,0.1138071399574505,1.0,-1.624391937869855,-226.4269687390955,3.5285393747819107,True,False,0
160,8,100.0,10.0,0.25,20.0,300.0,0.02,28.58593859175419,43.42512013205229,70.70649438070842,1.3304470842613145,1.793979213647119,3.254547549685843,74.97081145874849,0.11373098634991516,1.0,-1.583034788761005,-226.39207638121775,3.5278415276243553,True,False,0
161,8,100.0,10.0,0.25,20.0,300.0,0.02,28.598037064975056,43.426014192875066,70.70632682408609,1.248312777002055,1.699253607242533,3.2525266681146916,74.92583516576839,0.11365836479466705,1.0,-1.5460031203051532,-226.3694686186746,3.5273893723734924,True,False,0
162,8,100.0,10.0,0.25,20.0,300.0,0.02,28.609414560162215,43.42687427423073,70.70642555697194,1.1705573915684173,1.6086597422727522,3.250580382461485,74.88155351986187,0.11358846305452171,1.0,-1.5132226955573154,-226.35093566184798,3.52701871323696,True,False,0
163,8,100.0,10.0,0.25,20.0,300.0,0.02,28.61977166611306,43.427677881401394,70.70627092141714,1.0970998508553345,1.522766891053428,3.2487038721265225,74.83822257034615,0.11352110768417231,1.0,-1.4637793866269542,-226.34277854474576,3.5268555708949156,True,False,0
164,8,100.0,10.0,0.25,20.0,300.0,0.02,28.639462754026894,43.428549725971756,70.70636943611795,1.3179218083057593,2.3003283011214712,3.2468934805078837,74.79604285907591,0.11345617459482235,1.0,-1.438823576538012,-226.3345267106103,3.5266905342122064,True,False,0
165,8,100.0,10.0,0.25,20.0,300.0,0.02,28.651600257915206,43.42934808218335,70.70622964146675,1.2367236475152943,1.9241738112865854,3.2443981030338693,74.74166109526976,0.11336690177965954,1.0,-1.413162594001707,-226.33433532095634,3.5266867064191265,True,False,0
166,8,100.0,10.0,0.25,20.0,300.0,0.02,28.66249418679419,43.430095860595216,70.70632944679011,1.1581479493041378,1.7553218636871466,3.24180183347835,74.68815725869017,0.11327423873339267,1.0,-1.3910687596369273,-226.33402236291118,3.526680447258224,True,False,0
167,8,100.0,10.0,0.25,20.0,300.0,0.02,28.67282759959629,43.43077893971646,70.7062295486145,1.0816888624012249,1.64222109053846,3.239256771296567,74.63607815106445,0.11318348172863198,1.0,-1.3727664128105217,-226.34013163511057,3.5268026327022115,True,False,0
168,8,100.0,10.0,0.25,20.0,300.0,0.02,28.68310626036046,43.431410301318145,70.70632468976892,1.0095457288611185,1.549019124992819,3.2367863244053305,74.5855192209746,0.11309544015525658,1.0,-1.3578557606550536,-226.34435059020984,3.526887011804197,True,False,0
169,8,100.0,10.0,0.25,20.0,300.0,0.02,28.693046894154854,43.43197933822784,70.70625113999151,0.942066134392957,1.4664275899079395,3.234395171413485,74.53641218768621,0.11301027133125524,1.0,-1.3458328119974579,-226.3525349721602,3.5270506994432047,True,False,0
170,8,100.0,10.0,0.25,20.0,300.0,0.02,28.702910644084472,43.432497632941526,70.70633958922463,0.8792116081548778,1.390733395784937,3.232085157741482,74.4886746717524,0.11292803416204977,1.0,-1.3362357550583281,-226.35799182640258,3.5271598365280514,True,False,0
171,8,100.0,10.0,0.25,20.0,300.0,0.02,28.71242523748471,43.43295800822009,70.70628387527361,0.8207142059018975,1.3209395423816037,3.2298571303205774,74.44225176327065,0.11284875300612222,1.0,-1.3286626956957979,-226.36619729716753,3.5273239459433503,True,False,0
172,8,100.0,10.0,0.25,20.0,300.0,0.02,28.721804841387403,43.433371169424895,70.70636448195206,0.7663799461688883,1.2558975511360293,3.2277112672698127,74.39711874938995,0.11277242913026317,1.0,-1.464009536449785,-226.36519250632853,3.5273038501265708,True,False,0
173,8,100.0,10.0,0.25,20.0,300.0,0.02,28.73083137097381,43.43373002151562,70.70632621337967,0.715962882268272,1.1960485851319356,3.225660680953459,74.35318805581916,0.11269951412658485,1.0,614.2737272854637,-226.3367749035926,13.285474545709274,False,False,1
174,8,100.0,10.0,0.25,20.0,300.0,0.02,28.750610055862264,43.43420586534336,70.70639788798908,0.9818290204098739,1.9913406351731566,3.2237245345337224,74.31034948164371,0.11263067282440693,1.0,-1.5513569119523725,-226.3906610700543,3.527813221401086,True,False,0
175,8,100.0,10.0,0.25,20.0,300.0,0.02,28.762468870690785,43.43461660498231,70.70636809400926,0.9226569908982611,1.6014346872327394,3.2210963814073956,74.25258067833987,0.11253716992599976,1.0,-1.5493883247446967,-226.41040538471762,3.5282081076943523,True,False,0
176,8,100.0,10.0,0.25,20.0,300.0,0.02,28.773148808837973,43.43498145462451,70.70643696654223,0.8644795851715718,1.448009263027061,3.218503090074858,74.1933492004353,0.11244499291543027,1.0,-1.5471395125126257,-226.42678831802385,3.528535766360477,True,False,0
177,8,100.0,10.0,0.25,20.0,300.0,0.02,28.78345693145451,43.43529679143866,70.7064220605749,0.8063878407130938,1.3489187384366303,3.215995439075153,74.13634186021235,0.11235590724695212,1.0,-1.5455491630301252,-226.43569239463585,3.5287138478927167,True,False,0
178,8,100.0,10.0,0.25,20.0,300.0,0.02,28.793633233355813,43.43557102044031,70.70648366444499,0.7517527547523509,1.2676243232174245,3.2135810331668964,74.08197727182404,0.11227017186775325,1.0,-1.545094946758569,-226.44841156510964,3.5289682313021933,True,False,0
179,8,100.0,10.0,0.25,20.0,300.0,0.02,28.80352006350852,43.43580124513708,70.7064738696358,0.7013346414782474,1.1954489683495018,3.211260593212437,74.03016121617615,0.11218780650480378,1.0,-1.5448538388710742,-226.46056365631108,3.5292112731262213,True,False,0
180,8,100.0,10.0,0.25,20.0,300.0,0.02,28.813197056401915,43.43599518678839,70.70652782114047,0.6551946939817415,1.1297318980875644,3.209033347160807,73.98074724362581,0.11210877922898652,1.0,-1.544716531623131,-226.47059996590167,3.5294119993180333,True,False,0
181,8,100.0,10.0,0.25,20.0,300.0,0.02,28.82252484287159,43.436151305887144,70.70652125983274,0.61316021911484,1.0691938542139483,3.2068983513643907,73.93360103556293,0.1120330524168253,1.0,-1.544591579341074,-226.4799532296478,3.529599064592956,True,False,0
182,8,100.0,10.0,0.25,20.0,300.0,0.02,28.831579357916024,43.43627649598791,70.70656806659976,0.5749801036041365,1.0132638759148882,3.2048542288759707,73.88861168760945,0.11196057353139559,1.0,-1.5444200325862303,-226.4874042273888,3.5297480845477756,True,False,0
183,8,100.0,10.0,0.25,20.0,300.0,0.02,28.840252992812626,43.43637002338336,70.70656342126594,0.5403429324707668,0.9613697343532623,3.2028992674119685,73.84568401098373,0.11189127852422943,1.0,-1.5442250770584025,-226.49439198917122,3.5298878397834246,True,False,0
184,8,100.0,10.0,0.25,20.0,300.0,0.02,28.848619101850492,43.43643797444726,70.70660356821377,0.5089152765368272,0.9132281037605198,3.201031531116884,73.80473774301198,0.11182509573564589,1.0,-1.5440473364392058,-226.47305867626596,3.529461173525319,True,False,0
185,8,100.0,10.0,0.25,20.0,300.0,0.02,28.856595186332818,43.436480094371355,70.70660025583739,0.48038357490195005,0.868436783356182,3.1992490572625982,73.76569939927455,0.11176195275768583,1.0,-1.5449712966651168,-226.43653613542625,3.5287307227085254,True,False,0
186,8,100.0,10.0,0.25,20.0,300.0,0.02,28.864251939558713,43.43650170659894,70.7066350864097,0.4544829678210641,0.8268270970071143,3.197550919962479,73.72849495790824,0.11170181360818723,1.0,-1.5445636532508682,-226.44024800346585,3.5288049600693174,True,False,0
187,8,100.0,10.0,0.25,20.0,300.0,0.02,28.871524785857854,43.43650285495537,70.70663227415983,0.4310380898638496,0.7880223856378696,3.1959334065656413,73.69307201222195,0.11164454508427119,1.0,-1.5440981822782436,-226.44372501365905,3.528874500273181,True,False,0
188,8,100.0,10.0,0.25,20.0,300.0,0.02,28.878478017771922,43.43648808078718,70.70666135831338,0.4099590369635554,0.7519029868214405,3.194393770778894,73.65937260786349,0.1115900479432751,1.0,-1.5435475059431119,-226.44562870609525,3.5289125741219047,True,False,0
189,8,100.0,10.0,0.25,20.0,300.0,0.02,28.885062316869185,43.436457470855146,70.706658764204,0.3913349739069448,0.7181994587592587,3.192929530305534,73.6273387338131,0.11153823234074654,1.0,-1.5429689023824882,-226.44770728782078,3.5289541457564155,True,False,0
190,8,100.0,10.0,0.25,20.0,300.0,0.02,28.89133721195079,43.43641490485199,70.70668337547731,0.3753250287768587,0.6867984740963209,3.191538129039925,73.59691223355954,0.111489006022784,1.0,-1.542393776650216,-226.44820571247288,3.528964114249458,True,False,0
191,8,100.0,10.0,0.25,20.0,300.0,0.02,28.897264991938,43.436360533396915,70.70668112095068,0.36183500722828377,0.6574706864560173,3.190217030712838,73.56803647007303,0.11144227758514799,1.0,-1.5417590463798594,-226.44891763150295,3.528978352630059,True,False,0
192,8,100.0,10.0,0.25,20.0,300.0,0.02,28.9028993933661,43.43629758846166,70.70670198037888,0.35035692638667937,0.6301298339904287,3.188963680271137,73.54065471856805,0.11139795512285211,1.0,-1.5410814898242395,-226.44885601520417,3.5289771203040834,True,False,0
193,8,100.0,10.0,0.25,20.0,300.0,0.02,28.90821170988538,43.436226226403264,70.7067000739821,0.3403626758109063,0.6045805832178544,3.1877754895128247,73.5147098741688,0.11135594571734045,1.0,-1.5404259816104309,-226.4487713532887,3.528975427065774,True,False,0
194,8,100.0,10.0,0.25,20.0,300.0,0.02,28.91324990382332,43.43614910829628,70.70671767941407,0.3315188860683914,0.5807566505260621,3.1866499256881378,73.49014642869247,0.11131615853013113,1.0,-1.5397643748325018,-226.44795434258862,3.5289590868517724,True,False,0
195,8,100.0,10.0,0.25,20.0,300.0,0.02,28.91799232566756,43.43606636478778,70.70671592837446,0.32361353210912747,0.5584908149292381,3.185584480490004,73.46690814301773,0.1112785037120051,1.0,-1.5390647405882225,-226.44729801994504,3.528945960398901,True,False,0
196,8,100.0,10.0,0.25,20.0,300.0,0.02,28.922481531423283,43.435980166396426,70.70673069943633,0.31652319282572106,0.5377282345675243,3.1845766438801775,73.44493996872843,0.1112428914816014,1.0,-1.5383518173893505,-226.4460883954818,3.528921767909636,True,False,0
197,8,100.0,10.0,0.25,20.0,300.0,0.02,28.926701246908937,43.435890613624125,70.70672916033664,0.31016942222738053,0.518319512199479,3.1836239769625374,73.42418789326594,0.11120923466811616,1.0,-1.5376473742466992,-226.44529101890046,3.528905820378009,True,False,0
198,8,100.0,10.0,0.25,20.0,300.0,0.02,28.93068904390841,43.43579944413567,70.70674162660222,0.3046113657361071,0.5002184618140783,3.182724060223734,73.40459781075842,0.11117744689171925,1.0,-1.536971716029069,-226.44379408182255,3.528875881636451,True,False,0
199,8,100.0,10.0,0.25,20.0,300.0,0.02,28.934432832674904,43.43570671146677,70.70674025866612,0.30047052675107844,0.48329755284814424,3.1818745471133427,73.38611740201408,0.11114744443825023,1.0,-1.5363270937087306,-226.44261710454637,3.5288523420909277,True,False,0
0,8,100.0,10.0,0.25,20.0,300.0,0.02,19.231540190544884,41.06292765707604,58.654977824868425,345.3183811729226,540.458288467026,10.604225672747448,179.20599408499606,0.35606070883734253,1.0,11.414832832796948,-57.129270622945356,1.228296656655939,False,False,4
1,8,100.0,10.0,0.25,20.0,300.0,0.02,17.237307515491217,42.30795775909854,62.399330487819554,190.546016860482,377.82797070749604,6.925178988372255,128.23489616535664,0.23655451178643822,0.9999950528144836,7.278758001759591,-65.07056540443129,1.1455751600351918,False,False,3
2,8,100.0,10.0,0.25,20.0,300.0,0.02,17.645121754925945,42.626415948335804,60.91529960749077,102.20230841813455,162.32950046321022,5.630766611559962,99.92509705095756,0.19484192051274413,0.9999479055404663,5.664226330335945,-61.202231182175,1.1132845266067188,False,False,2
3,8,100.0,10.0,0.25,20.0,300.0,0.02,18.878690974095232,42.900954358142734,60.442414085894455,58.493805330390224,116.3168370058798,5.045444486935679,90.14060144143797,0.17525828265869123,0.9999480843544006,4.361505652129299,-53.13262782728009,1.0872301130425859,False,False,2
4,8,100.0,10.0,0.25,20.0,300.0,0.02,20.26262838380197,43.016913338718034,60.81153044478699,39.141163714290755,81.84956738061514,4.828183874623522,87.57708315560464,0.16801496012745556,0.9999048709869385,3.266342373647206,-52.36852690896715,1.065326847472944,False,False,2
5,8,100.0,10.0,0.25,20.0,300.0,0.02,21.548352905870956,43.1012008059205,61.22279259635208,33.45836274904093,68.93548870237568,4.747594471558957,86.54821675365815,0.16534138439479718,0.999818742275238,2.266676869301579,-52.42133968065599,1.0453335373860315,False,False,2
6,8,100.0,10.0,0.25,20.0,300.0,0.02,22.65623753975117,43.133857543468665,61.60786333793247,28.067924066168565,53.323131899591004,4.678013341833895,85.70245779471014,0.16300730367150398,0.9997773766517639,1.6051943160303053,-53.21354309113548,1.032103886320606,False,False,2
7,8,100.0,10.0,0.25,20.0,300.0,0.02,23.640703807458387,43.171393622635826,61.83621974337935,25.088972319826325,42.435980908561845,4.6273384427047635,84.97229946381621,0.16130295935088676,0.9997720122337341,1.2875200818246582,-53.87236342826796,1.0257504016364931,False,False,1
8,8,100.0,10.0,0.25,20.0,300.0,0.02,24.514107154164485,43.21556341795344,62.10327016748178,21.392547416134406,34.80678105790228,4.591283457671166,84.44427143146208,0.16008887212723977,0.9997649192810059,1.0355650618028145,-55.09337381239358,1.0207113012360562,False,False,1
9,8,100.0,10.0,0.25,20.0,300.0,0.02,24.929670262537808,43.247846842754996,62.333826746100286,18.182439401662997,28.779694840505925,4.568639423298934,84.08393176597488,0.15933093173923818,0.9997429847717285,0.9210115592272246,-55.67326593699747,1.0184202311845445,False,False,1
10,8,100.0,10.0,0.25,20.0,300.0,0.02,25.173653334544504,43.261194985620804,62.58151484138465,15.628867381130231,23.44271101291657,4.552968718300774,83.79740724785643,0.1588068791691177,0.9997401833534241,0.8581515230572602,-56.044633050698906,1.0171630304611452,False,False,1
11,8,100.0,10.0,0.25,20.0,300.0,0.02,25.33370999120698,43.262110593328764,62.87157951378271,14.048627910753419,21.816321115894194,4.54150609740849,83.54349865654041,0.15842450264392113,0.999721348285675,0.7598326447664736,-56.716763188344885,1.0151966528953296,False,False,1
12,8,100.0,10.0,0.25,20.0,300.0,0.02,25.496629879773973,43.26121180880255,63.0051887343435,13.711735644601928,18.154823456902047,4.5267248014365995,83.2013220232899,0.15792332840575446,0.9996925592422485,0.6823981410176443,-57.80440395649211,1.013647962820353,False,False,1
13,8,100.0,10.0,0.25,20.0,300.0,0.02,25.640095033529622,43.25580598051035,63.16013979551385,13.016377092018537,16.830491301177933,4.508137007556045,82.76760551695098,0.1572879374898048,0.9996789693832397,0.6363335208803911,-58.14823078393931,1.0127266704176079,False,False,1
14,8,100.0,10.0,0.25,20.0,300.0,0.02,25.703455302581485,43.246876336603854,63.258351109215674,11.59373262424581,18.062222331626828,4.488492884800326,82.30490508934881,0.15661535958511713,0.9996626377105713,0.6453475550822277,-58.37989557723427,1.0129069511016446,False,False,1
15,8,100.0,10.0,0.25,20.0,300.0,0.02,25.759546167626837,43.236158004736474,63.413566885224824,10.689777421531584,16.749836134273366,4.4671700007069335,81.76768379901938,0.15588181783073604,0.9996286034584045,0.655917274501293,-58.78666742849077,1.0131183454900259,False,False,1
16,8,100.0,10.0,0.25,20.0,300.0,0.02,25.82539976054914,43.23379671195557,63.60997668016546,10.883606074805371,14.620757150123257,4.443931381121593,81.17729641696432,0.155080335137377,0.9996111989021301,0.5346024650450439,-59.272350328192466,1.0106920493009008,False,False,1
17,8,100.0,10.0,0.25,20.0,300.0,0.02,25.881448638448795,43.23032675098214,63.79849674529003,10.748364712638812,15.471222149427268,4.420461145819358,80.59729692001858,0.1542712393230697,0.9995934367179871,0.47291439809858626,-59.893895478804865,1.0094582879619718,False,False,1
18,8,100.0,10.0,0.25,20.0,300.0,0.02,25.890275884688123,43.22511600183606,63.97868469550728,11.074210824266926,14.873905431725051,4.3927686513290585,79.91988410454482,0.1533157414978506,0.9995561242103577,0.29007098224970645,-60.270138685443754,1.005801419644994,False,False,1
19,8,100.0,10.0,0.25,20.0,300.0,0.02,25.840433719672344,43.22076505264209,64.15972468236887,10.877930477691791,17.093533504326274,4.3646183694387855,79.21038078264887,0.15234466999404653,0.9994986653327942,0.2440702426644396,-60.36014651707013,1.0048814048532888,False,False,1
20,8,100.0,10.0,0.25,20.0,300.0,0.02,25.833507112589473,43.214270039980526,64.36110455296414,10.864246680722218,16.057040924460452,4.332922021841722,78.42558268200465,0.15125040013554147,0.9994615912437439,0.06462035565975785,-60.7120279302913,1.0012924071131952,False,False,1
21,8,100.0,10.0,0.25,20.0,300.0,0.02,25.838349422131408,43.21054376165646,64.55513079540299,11.022530077584898,16.562811683985498,4.296290958136472,77.54037916258399,0.14998415428530223,0.999407947063446,-0.041440595769839064,-60.47772364987527,0.9991711880846033,True,True,0
22,8,100.0,10.0,0.25,20.0,300.0,0.02,25.832610185175618,43.2071432269234,64.74789131416452,10.846079578460264,15.72250027473906,4.256987967388575,76.58632783480094,0.14862554859657032,0.9993412494659424,-0.22567683727422852,-60.45177123054813,0.9954864632545154,True,True,0
23,8,100.0,10.0,0.25,20.0,300.0,0.02,25.833781264631902,43.206387743158515,64.93995214625217,11.676992670840209,19.203469896067823,4.214959629096462,75.56401157943908,0.1471721004991739,0.9993178248405457,-0.39525451614106555,-61.158606728521924,0.9920969833757487,True,True,0
24,8,100.0,10.0,0.25,20.0,300.0,0.02,25.843150725503417,43.21188676023386,65.26175005470056,12.690540083713557,17.292350593654326,4.173346157265578,74.52547090163058,0.14573471283946116,0.9992423057556152,-0.42913639855387836,-61.53488138918793,0.9914196311009584,True,True,0
25,8,100.0,10.0,0.25,20.0,300.0,0.02,25.839952149075536,43.21930189962627,65.52353128347393,11.834706209609422,17.73263838113097,4.129776583188017,73.46514749684404,0.1442317280501878,0.9991630911827087,-0.4985189968289781,-61.53919087887982,0.9900316567634182,True,True,0
26,8,100.0,10.0,0.25,20.0,300.0,0.02,25.849932179382865,43.22880268886119,65.76438005988031,11.603581323353218,19.86141506377712,4.085581588217916,72.40031643258928,0.14270570501187943,0.9991474747657776,-0.4853910512451646,-61.58646962365373,0.9902927916969408,True,True,0
27,8,100.0,10.0,0.25,20.0,300.0,0.02,25.87005463045822,43.238781241913216,66.00072121149215,11.300568353570519,18.666795012242485,4.036959165628927,71.25018892903641,0.14102477933115024,0.9990668892860413,-0.31377157390510696,-61.57513703085709,0.9937245685218978,True,True,0
28,8,100.0,10.0,0.25,20.0,300.0,0.02,25.906996969634246,43.25059041205447,66.22179052762996,11.208037304342236,18.055823918066324,3.9853290299920023,70.05125556223535,0.13923817113243475,0.9989534616470337,-0.12665206318686273,-61.94965618515485,0.9974669587362628,True,True,0
29,8,100.0,10.0,0.25,20.0,300.0,0.02,25.93751710429908,43.27102494524589,66.42999152055283,11.762636241319841,19.27096697553795,3.9316910173706754,68.8227539888961,0.13738144382728004,0.9989355802536011,0.07188592368979503,-62.351777132597974,1.001437718473796,False,False,1
30,8,100.0,10.0,0.25,20.0,300.0,0.02,25.986854621805506,43.29045344989207,66.65044202797323,11.18480557232171,18.214304473054415,3.8807210970075765,67.66160207865651,0.13561899814442607,0.9988481998443604,1420.3262412053232,-62.1822333413805,29.406524824106466,False,False,2
31,8,100.0,10.0,0.25,20.0,300.0,0.02,26.029708802783347,43.315107013101446,66.95481492286012,11.51978773473384,18.666630186928842,3.8292623541510054,66.51669390852683,0.1338381033163174,0.998735249042511,0.3943206024944071,-62.540810869052436,1.007886412049888,False,False,1
32,8,100.0,10.0,0.25,20.0,300.0,0.02,26.069565244422748,43.33613032399622,67.21237607779031,10.854753968683863,17.309999544093376,3.7811081867695475,65.45449388105158,0.13217391215241592,0.998730480670929,0.6095266717148757,-62.496199631949224,1.0121905334342975,False,False,1
33,8,100.0,10.0,0.25,20.0,300.0,0.02,26.155241659403877,43.35614482127397,67.44702169751596,10.30730326882205,16.73721156079879,3.7322195302332375,64.4105108628483,0.13048199193065868,0.9986556768417358,0.8096060218454441,-62.59754670308285,1.0161921204369089,False,False,1
34,8,100.0,10.0,0.25,20.0,300.0,0.02,26.227880320270636,43.3761675722534,67.65501564114669,9.810827129726468,16.784207103500307,3.6788754895400735,63.32902432264079,0.1286320948450439,0.9985120296478271,0.973166046972189,-62.74969822384882,1.0194633209394437,False,False,1
35,8,100.0,10.0,0.25,20.0,300.0,0.02,26.29978481153726,43.40061791245818,67.85658627109324,9.96175375017635,15.52264094997835,3.6255557401008796,62.2988254072749,0.1267817339596263,0.998509407043457,1.1183675198743472,-62.84350414241223,1.022367350397487,False,False,1
36,8,100.0,10.0,0.25,20.0,300.0,0.02,26.37080288220646,43.4242360302708,68.04719806903384,9.358869663785349,14.743236731428444,3.576453565679092,61.38533049560222,0.12507857976722697,0.9984619617462158,1.249120765757985,-63.05881685472647,1.0249824153151597,False,False,1
37,8,100.0,10.0,0.25,20.0,300.0,0.02,26.446545568009377,43.44662925175427,68.22140916298403,8.734094311619252,14.103013873360792,3.5262587066563973,60.501091535759066,0.12333530437749418,0.9983549118041992,1.419831508465206,-63.35356039193022,1.0283966301693042,False,False,1
38,8,100.0,10.0,0.25,20.0,300.0,0.02,26.5062405358238,43.46802330119883,68.38885740895311,8.298353352749034,13.9188448530916,3.477440318944847,59.69226285572549,0.12163856074175187,0.9982394576072693,1.5331611834578212,-63.58794633464494,1.0306632236691564,False,False,1
39,8,100.0,10.0,0.25,20.0,300.0,0.02,26.53969369774983,43.48677360026021,68.5519255654339,7.8008070975806,12.011006032565467,3.429608549147306,58.9485455858625,0.11997503704174146,0.9982373118400574,1.6470947382517218,-64.03966582614794,1.0329418947650344,False,False,1
40,8,100.0,10.0,0.25,20.0,300.0,0.02,26.58413149195318,43.502830648755584,68.69754844148035,7.114991311520406,11.943116557844402,3.3832904977090106,58.274743295481116,0.118363294309864,0.9982598423957825,1.7499352676059738,-63.06017966378114,1.0349987053521195,False,False,1
41,8,100.0,10.0,0.25,20.0,300.0,0.02,26.630375457864176,43.51839351315114,68.82900748233982,6.568728261238176,10.988343453692162,3.3389373236298576,57.654000070617066,0.116818627517875,0.9981949925422668,1.8642467680139247,-62.82306764260592,1.0372849353602784,False,False,1
42,8,100.0,10.0,0.25,20.0,300.0,0.02,26.671893973880714,43.53334005363861,68.94758452260578,6.305368276070047,10.437755861090409,3.2976328386598106,57.10629976412137,0.11537961772732301,0.9980912804603577,1.9424185603460564,-62.88158488466149,1.0388483712069212,False,False,1
43,8,100.0,10.0,0.25,20.0,300.0,0.02,26.710274942120705,43.54750995434857,69.05160942902005,5.844769692425627,9.769211818966921,3.2561975196848367,56.58511588212806,0.11393515223415931,0.9979971051216125,2.049606524707548,-62.914504879864836,1.040992130494151,False,False,1
44,8,100.0,10.0,0.25,20.0,300.0,0.02,26.747491402894344,43.563013979609075,69.14864504768002,5.630592971647575,8.927306113815376,3.218052433028616,56.137194353623386,0.11260504155312874,0.9979845881462097,2.0815605505441668,-62.45665683338943,1.0416312110108834,False,False,1
45,8,100.0,10.0,0.25,20.0,300.0,0.02,26.77686866323202,43.57722352791045,69.23772362979439,5.08857241290368,8.596326417450822,3.18503931405947,55.78462940678996,0.11145419558607002,0.9979778528213501,2.1333150801096155,-61.87228325150271,1.0426663016021922,False,False,1
46,8,100.0,10.0,0.25,20.0,300.0,0.02,26.824386685842732,43.589492428315346,69.31993644707008,4.7196790168676195,7.875154641206475,3.1555352119690547,55.481745276680755,0.1104253697973022,0.9979479312896729,2.18017959566106,-61.152990881873514,1.0436035919132212,False,False,1
47,8,100.0,10.0,0.25,20.0,300.0,0.02,26.82934358160098,43.60250544174612,69.41872105749493,4.498646800429,7.252947471269761,3.127860808925977,55.2033167866103,0.10945987617260765,0.9978958368301392,2.2331753621231454,-61.0288998093225,1.0446635072424628,False,False,1
48,8,100.0,10.0,0.25,20.0,300.0,0.02,26.841683146301474,43.61416083216455,69.49962353432277,4.119308383969026,6.698145950461536,3.1043039290759045,54.98325092978835,0.10863825058073034,0.9978396892547607,2.27787553922178,-60.6247099818644,1.0455575107844357,False,False,1
49,8,100.0,10.0,0.25,20.0,300.0,0.02,26.86039734502892,43.62517268936578,69.57333484363618,3.8138887201532343,6.1744954787955075,3.0832318117737927,54.79275248154125,0.10790310865366932,0.9977607727050781,450.61376046219283,-61.124542851848275,10.012275209243857,False,False,2
50,8,100.0,10.0,0.25,20.0,300.0,0.02,26.883320222949827,43.63527809462668,69.63800191233938,3.501110038865141,5.781565463250241,3.0644075688061982,54.62505460086245,0.1072462659395394,0.9976946115493774,2.349851814055305,-58.87418985125808,1.046997036281106,False,False,1
51,8,100.0,10.0,0.25,20.0,300.0,0.02,26.925769774022992,43.644612360437186,69.69671351040978,3.301934690724109,5.444957061595677,3.0482298256364206,54.475023660259325,0.1066817130929692,0.9976550936698914,2.3758916749959966,-58.105283299471736,1.04751783349992,False,False,1
52,8,100.0,10.0,0.25,20.0,300.0,0.02,26.9624571590296,43.6531151447467,69.75055913473584,3.0164255964680384,5.269874953555636,3.033253176450092,54.32405474007154,0.10615885418016115,0.997608482837677,2.3885738654871855,-57.89086052285525,1.0477714773097437,False,False,1
53,8,100.0,10.0,0.25,20.0,300.0,0.02,26.994288108480625,43.66102900479031,69.80284732173281,2.808647826592619,4.9611652228050085,3.020398809235724,54.18951440450158,0.10571004151549673,0.9975626468658447,2.4125786963924525,-57.46632913290697,1.048251573927849,False,False,1
54,8,100.0,10.0,0.25,20.0,300.0,0.02,27.022157331592332,43.6682896494493,69.85233787497262,2.609936359676385,4.703446068524326,3.0089592280701463,54.07001230005154,0.10531058101211115,0.9975139498710632,2.416991349305224,-56.920359854003095,1.0483398269861044,False,False,1
55,8,100.0,10.0,0.25,20.0,300.0,0.02,27.04706454686999,43.675017047772194,69.89857806113244,2.44109534387214,4.479221428782893,2.998994827430133,53.96254807280037,0.10496258956695269,0.9974637627601624,2.4304757019794465,-56.46353669994944,1.048609514039589,False,False,1
56,8,100.0,10.0,0.25,20.0,300.0,0.02,27.069817720859795,43.68108916536471,69.9412665917055,2.2681917379447967,4.287668440062781,2.990283468240485,53.86552219941821,0.10465833847417996,0.9974250793457031,2.4313798331582905,-56.17668847518305,1.0486275966631657,False,False,1
57,8,100.0,10.0,0.25,20.0,300.0,0.02,27.090936371718982,43.68654384074436,69.98113796100067,2.155440481914736,4.188761955243811,2.9826604213733803,53.77810151611421,0.10439206877856111,0.9974040389060974,2.4309963178707843,-56.039033660655655,1.0486199263574156,False,False,1
58,8,100.0,10.0,0.25,20.0,300.0,0.02,27.110616440838434,43.691413681091774,70.01851136555534,2.020518839295997,3.969845916332335,2.975891411068391,53.69786551375385,0.10415561861780348,0.9973761439323425,2.4335878958037225,-55.71791330820087,1.0486717579160745,False,False,1
59,8,100.0,10.0,0.25,20.0,300.0,0.02,27.128986319644177,43.69571134648741,70.05349973453775,1.8962594045084642,3.784532770240899,2.9698568402195504,53.62540686598368,0.1039447978868226,0.9973445534706116,2.420387957615949,-55.72135277839004,1.0484077591523189,False,False,1
60,8,100.0,10.0,0.25,20.0,300.0,0.02,27.14601982966307,43.69947110963959,70.08664962937911,1.7879394109551563,3.610837966112651,2.964546282423192,53.55918375078119,0.10375924741045162,0.9973088502883911,2.4132204049962542,-55.57982629713079,1.048264408099925,False,False,1
61,8,100.0,10.0,0.25,20.0,300.0,0.02,27.162015464773777,43.70269335005362,70.11778300902442,1.6898036544180255,3.460125154015746,2.959823624222564,53.498483911440275,0.10359420723869925,0.9972695708274841,2.4132582527183932,-55.242954375463526,1.048265165054368,False,False,1
62,8,100.0,10.0,0.25,20.0,300.0,0.02,27.177078979505787,43.70539507189291,70.14710592770311,1.6026417857374673,3.329872188927323,2.9557151143980698,53.44205686784077,0.10345060950368738,0.9972265362739563,2.411886044189254,-55.0261325483623,1.048237720883785,False,False,1
63,8,100.0,10.0,0.25,20.0,300.0,0.02,27.19115668174602,43.70760400619165,70.18455961455217,1.528707261575378,3.206027480669998,2.9521157572602443,53.38935834780795,0.1033247869090512,0.9971798658370972,2.411938676980135,-54.838458250977865,1.0482387735396026,False,False,1
64,8,100.0,10.0,0.25,20.0,300.0,0.02,27.204443923912542,43.70937359085984,70.22293328122616,1.468293553923369,3.096483473511226,2.948940481390012,53.33982449203831,0.10321376686154836,0.9971299767494202,2.401218520687979,-54.89674797381129,1.0480243704137595,False,False,1
65,8,100.0,10.0,0.25,20.0,300.0,0.02,27.21708381349656,43.710681048849615,70.25908369047018,1.411837929814879,2.9953335539541652,2.9461042572549614,53.29316666326071,0.10311458199758743,0.9970767498016357,2.390621558300776,-54.831702980028055,1.0478124311660155,False,False,1
66,8,100.0,10.0,0.25,20.0,300.0,0.02,27.22905152273958,43.71152320036176,70.2928883871565,1.361990570018837,2.9122885969938883,2.943629750342491,53.248388363663494,0.10302802587195667,0.9970203042030334,2.38228929499503,-54.87381090394483,1.0476457858999007,False,False,1
67,8,100.0,10.0,0.25,20.0,300.0,0.02,27.24037113357979,43.71198037395841,70.34031202916862,1.3832891769569322,2.8378521783380277,2.9413999379767524,53.20548844211839,0.10295000767654323,0.9969602823257446,2.372697337246302,-54.89482927542778,1.047453946744926,False,False,1
68,8,100.0,10.0,0.25,20.0,300.0,0.02,27.250427587771302,43.711787797632475,70.3795509761095,1.3594156904469388,2.7658788567203247,2.9381487859909248,53.14562497114935,0.10283612842001828,0.996896505355835,2.3653470018796385,-54.77556750913158,1.0473069400375927,False,False,1
69,8,100.0,10.0,0.25,20.0,300.0,0.02,27.259878818421846,43.71126438942666,70.41491574581725,1.4607176144138168,2.717040275811373,2.935338053164746,53.08905843592315,0.10273763917320125,0.9968299865722656,2.362654696333978,-54.633995160156076,1.0472530939266795,False,False,1
70,8,100.0,10.0,0.25,20.0,300.0,0.02,27.270121534308196,43.710152558364776,70.44172900030293,1.4627515823954882,2.784642900137898,2.9315047912328684,53.015047571188774,0.10260325162700056,0.99677973985672,2.358065505566476,-54.57713380933208,1.0471613101113295,False,False,1
71,8,100.0,10.0,0.25,20.0,300.0,0.02,27.28134933091409,43.70865968612246,70.46528202119188,1.4657054318044211,2.6958775653535216,2.9281977249918567,52.94584021021285,0.10248727957018584,0.9967173337936401,2.3511684799871473,-54.466340567379206,1.0470233695997428,False,False,1
72,8,100.0,10.0,0.25,20.0,300.0,0.02,27.293342620513375,43.70677891817953,70.48643888777865,1.4872117244144283,2.715152197230805,2.92526543858966,52.88030422576419,0.10238442750326975,0.9966511726379395,2.3345127510996684,-54.61321132641272,1.0466902550219934,False,False,1
73,8,100.0,10.0,0.25,20.0,300.0,0.02,27.305882396498188,43.704533097801274,70.50614834619078,1.509203368772886,2.6521261573911663,2.922663074791222,52.81730712715625,0.10229312234192009,0.9965792298316956,2.321835161453895,-54.701546337334506,1.046436703229078,False,False,1
74,8,100.0,10.0,0.25,20.0,300.0,0.02,27.31868649962575,43.70188895637371,70.52427659734239,1.5393599432238718,2.622252675060786,2.920332569246678,52.756367089137434,0.10221133066474274,0.9965038299560547,2.3090142101956865,-54.66521243818601,1.0461802842039136,False,False,1
75,8,100.0,10.0,0.25,20.0,300.0,0.02,27.331589086653096,43.69884567715569,70.54109037361147,1.5796717036377834,2.604416535957992,2.9182309903288077,52.69689416732973,0.10213754849071816,0.9964234828948975,558.3573789574635,-52.96995068544904,12.16714757914927,False,False,2
76,8,100.0,10.0,0.25,20.0,300.0,0.02,27.344455807919026,43.695411502737976,70.55686519805617,1.6301366552067313,2.5916832644196868,2.916364396111738,52.63797934139557,0.10207198226892462,0.9963374733924866,2.2702980224545755,-55.053450747679804,1.0454059604490915,False,False,1
77,8,100.0,10.0,0.25,20.0,300.0,0.02,27.35733595658894,43.69166628087088,70.57156409976713,1.8027284727274488,2.5952261566298356,2.9147313661032035,52.57883543009859,0.10201458015814184,0.9962455630302429,2.250812439270532,-55.09736155459991,1.0450162487854107,False,False,1
78,8,100.0,10.0,0.25,20.0,300.0,0.02,27.372976872775546,43.68733843174483,70.58364644418522,1.8190374133905667,2.608654300835563,2.9120180460339355,52.50007145801014,0.10191926331763995,0.9961470365524292,2.2376809781539833,-55.20856352980779,1.0447536195630798,False,False,1
79,8,100.0,10.0,0.25,20.0,300.0,0.02,27.389800796389796,43.68268822698989,70.59677193089246,1.8663376171230626,2.62106915865901,2.9096253290625085,52.4229372874704,0.10183515683015221,0.9960381984710693,2.2140642345454977,-55.38066756665478,1.04428128469091,False,False,1
80,8,100.0,10.0,0.25,20.0,300.0,0.02,27.406973836989685,43.67760583282991,70.60900173964666,1.9341388593606634,2.645942511119487,2.907509701695614,52.34616652736941,0.10176074086065133,0.9959231615066528,2.1858453233046817,-55.57895414068936,1.0437169064660936,False,False,1
81,8,100.0,10.0,0.25,20.0,300.0,0.02,27.42410487923982,43.672194640444445,70.6216743138524,2.0024257832385266,2.6598375572232302,2.9056267290395863,52.26886070391476,0.10169445909382957,0.9957969784736633,2.1602389786655087,-55.63342227325141,1.0432047795733101,False,False,1
82,8,100.0,10.0,0.25,20.0,300.0,0.02,27.440927684955547,43.66642634583065,70.63463570265796,2.0812560310715047,2.7011718104714957,2.9039083726391715,52.19065392709491,0.10163393155248786,0.9956627488136292,2.124125754557147,-55.94198974416448,1.042482515091143,False,False,1
83,8,100.0,10.0,0.25,20.0,300.0,0.02,27.457394142027137,43.66023371146108,70.64696950253675,2.1680218612455415,2.750926399883577,2.902328520517487,52.110727766252644,0.10157824069427623,0.9955177903175354,2.091361447721422,-56.12314725006613,1.0418272289544284,False,False,1
84,8,100.0,10.0,0.25,20.0,300.0,0.02,27.473905905786374,43.65360664778463,70.65834197610867,2.2686783210060364,2.8070866171666733,2.900921401376316,52.028032223975906,0.10152857730377879,0.9953604340553284,2.061205729572062,-56.19484065503825,1.0412241145914412,False,False,1
85,8,100.0,10.0,0.25,20.0,300.0,0.02,27.49032897161647,43.64654290346914,70.66902869335883,2.3693877606164895,2.8743494001159675,2.899647889339536,51.9417412325402,0.10148356692882114,0.995189368724823,2.002461242544885,-56.863257738323455,1.0400492248508977,False,False,1
86,8,100.0,10.0,0.25,20.0,300.0,0.02,27.50699620914723,43.63911432011372,70.67860126040516,2.4682374185530436,2.9426792140264526,2.8985282936096124,51.851110406640025,0.1014439156965912,0.9950029850006104,1.959454151416367,-57.23842224123637,1.0391890830283272,False,False,1
87,8,100.0,10.0,0.25,20.0,300.0,0.02,27.52399908700907,43.63115701159599,70.68175869509443,2.563778679499279,3.009614642330363,2.8975696305031926,51.75566250999523,0.10140986194993673,0.9947981238365173,1.9040131856982543,-57.88371266382772,1.038080263713965,False,False,1
88,8,100.0,10.0,0.25,20.0,300.0,0.02,27.54151815859246,43.622830531740554,70.6870325197917,2.660659193816824,3.0827347222493713,2.89675821879239,51.655123920891164,0.10138092694501809,0.9945744872093201,1.8570780127468929,-58.284527389874036,1.0371415602549379,False,False,1
89,8,100.0,10.0,0.25,20.0,300.0,0.02,27.559194193557083,43.61409182623805,70.69023015886432,2.7618184572731277,3.0794532922453,2.8961496854755135,51.54886798236724,0.1013590462661184,0.9943196177482605,1.7788046273930178,-59.16643131596096,1.0355760925478603,False,False,1
90,8,100.0,10.0,0.25,20.0,300.0,0.02,27.577798012723775,43.60483776751715,70.69214302198874,2.8675977877103778,3.2381496165692383,2.895781044440183,51.43569624804856,0.10134551378945121,0.9940509796142578,1.6929970452058094,-60.306270143195334,1.0338599409041163,False,False,1
91,8,100.0,10.0,0.25,20.0,300.0,0.02,27.59757165175634,43.59536601522177,70.69370730624946,2.9669594080923654,3.2830096654349084,2.89587041804753,51.31391458471097,0.10134794382204322,0.9937489032745361,1.6017608707938142,-61.50995826008484,1.0320352174158762,False,False,1
92,8,100.0,10.0,0.25,20.0,300.0,0.02,27.618761573313016,43.58566620388956,70.69550621582613,3.0636149260087455,3.3619809208184788,2.8964362482656205,51.183335389565485,0.10136698312154958,0.9934230446815491,1.4717127220193316,-63.07676002888434,1.0294342544403867,False,False,1
93,8,100.0,10.0,0.25,20.0,300.0,0.02,27.641288764627028,43.575796469487976,70.69758319958568,3.156686682225725,3.4399833287571595,2.8976862685409444,51.042598276271946,0.10140988776100343,0.9930856227874756,1.3787152817043293,-63.81803971455189,1.0275743056340867,False,False,1
94,8,100.0,10.0,0.25,20.0,300.0,0.02,27.66465910824282,43.56581381829113,70.6999763481673,3.2457599153266443,3.5242695509455526,2.899434247121913,50.89274627132591,0.10147013759504545,0.9927288889884949,1.3099022370840279,-64.01268137390554,1.0261980447416805,False,False,1
95,8,100.0,10.0,0.25,20.0,300.0,0.02,27.688686054367917,43.555722449801046,70.70192882513169,3.332076576943813,3.5899696133079066,2.901424152589402,50.73532188844004,0.10153877160190289,0.992335855960846,1.248088304602363,-63.89111439036809,1.0249617660920474,False,False,1
96,8,100.0,10.0,0.25,20.0,300.0,0.02,27.713700519136708,43.54549810335636,70.70316893317303,3.416712722836341,3.6514242214136727,2.903355176990519,50.572054769091785,0.10160527179136022,0.9919048547744751,1.1867576103206328,-63.889985637571854,1.0237351522064126,False,False,1
97,8,100.0,10.0,0.25,20.0,300.0,0.02,27.73990323720639,43.53515153688704,70.70344854115329,3.4994333196199454,3.711373222546975,2.9051401104306116,50.40330401001292,0.10166658746486197,0.9914320111274719,1.1235472270500506,-228.3381806837927,3.566763613675854,False,False,1
98,8,100.0,10.0,0.25,20.0,300.0,0.02,27.76734876635588,43.524550443796734,70.69856602581724,3.580933420474027,3.7753514208478447,2.906735834775717,50.22911839841095,0.10172120557283261,0.990913987159729,1.0513270249673543,-63.7717804299465,1.021026540499347,False,False,1
99,8,100.0,10.0,0.25,20.0,300.0,0.02,27.797001360514304,43.51415867697527,70.70104931986886,3.681963125807574,3.8139879989126806,2.9081191993969986,50.04955209182563,0.10176831587051718,0.9904330968856812,0.9897621518278253,-63.65780071812442,1.0197952430365564,False,False,1
100,8,100.0,10.0,0.25,20.0,300.0,0.02,27.827725316784946,43.50341660989818,70.70223595579192,3.7564947689023636,3.9000001044896333,2.9092992751818976,49.86312509378349,0.10180822320364032,0.9899352192878723,0.9155247228824978,-63.5417028604064,1.01831049445765,False,False,1
101,8,100.0,10.0,0.25,20.0,300.0,0.02,27.859639048066448,43.49282931510403,70.70258067134091,3.8699953388971373,3.9758756333003538,2.9102472647559945,49.671030873918916,0.10183992448156907,0.9893638491630554,0.8452134788695321,-228.29836796458235,3.5659673592916468,False,False,1
102,8,100.0,10.0,0.25,20.0,300.0,0.02,27.89279527055992,43.48184222437909,70.69756414368548,3.9546326298099834,4.043082276146725,2.9109392752943846,49.471107538221325,0.10186256685040423,0.9887576699256897,0.7647019934138,-63.40175518566723,1.015294039868276,False,False,1
103,8,100.0,10.0,0.25,20.0,300.0,0.02,27.927458147435004,43.47128538435881,70.69899566755657,4.031971506855937,4.13317563473844,2.9113583100061113,49.264630633639925,0.1018755524794106,0.9880499839782715,0.6858955615839847,-63.29884458800727,1.0137179112316796,False,False,1
104,8,100.0,10.0,0.25,20.0,300.0,0.02,27.963759156224924,43.460596405309936,70.69998120839723,4.103515479599292,4.302322191636089,2.9114292028279256,49.051654447352355,0.10187625398309783,0.9874037504196167,0.5999233980550553,-63.21030247393669,1.0119984679611012,False,False,1
105,8,100.0,10.0,0.25,20.0,300.0,0.02,28.000916237844258,43.45009465874388,70.69944610612076,4.156602415321288,4.232801459663722,2.911163041733413,48.83236157302143,0.10186505063438783,0.9867432713508606,0.521845582716711,-63.01244473545669,1.0104369116543341,False,False,1
106,8,100.0,10.0,0.25,20.0,300.0,0.02,28.04025743188618,43.439710816777215,70.69890754493703,4.202302789908557,4.316256726084978,2.9105371497776784,48.6070638992673,0.10184115259180185,0.98603755235672,0.441216744353576,-230.73732255169335,3.6147464510338674,False,False,1
107,8,100.0,10.0,0.25,20.0,300.0,0.02,28.080708479528216,43.42941469964432,70.69796150583618,4.243129160340419,4.295186459248196,2.9095273817551437,48.376126429421554,0.1018037120459457,0.9852181077003479,0.3484169701147982,-62.71868335525447,1.006968339402296,False,False,1
108,8,100.0,10.0,0.25,20.0,300.0,0.02,28.12349707663889,43.41941255674299,70.69699247484989,4.2759151855165465,4.359467575193511,2.9081013214362987,48.13945155779266,0.10175159961440737,0.9843327403068542,0.2659705862992863,-62.51173192670163,1.0053194117259858,False,False,1
109,8,100.0,10.0,0.25,20.0,300.0,0.02,28.167298170354805,43.409663699069476,70.69592601820982,4.301829247208886,4.350064789869053,2.9062891704395346,47.897023359005516,0.10168586350003322,0.9833203554153442,0.18328086904615676,-230.3357188914727,3.606714377829454,False,False,1
110,8,100.0,10.0,0.25,20.0,300.0,0.02,28.212386267219344,43.399923575737226,70.69475047120255,4.321738268590659,4.354137388861532,2.904023232289032,47.648996888264286,0.10160414236275306,0.9822213053703308,0.09211531563900362,-62.03528269070151,1.0018423063127802,False,False,1
111,8,100.0,10.0,0.25,20.0,300.0,0.02,28.259679815843324,43.390502693424345,70.69383089015588,4.378107537442109,4.539223332866355,2.901417709208533,47.394886099155876,0.10151042339083233,0.981436014175415,-0.005666877420242136,-61.9538382500224,0.9998866624515952,True,True,0
112,8,100.0,10.0,0.25,20.0,300.0,0.02,28.30849074861875,43.38139311829503,70.69276395354494,4.381441343861877,4.49720928949888,2.8983764901273292,47.132859713522734,0.10140132904482708,0.9805905818939209,-0.09954065895970184,-230.04712725590116,3.6009425451180235,True,False,0
113,8,100.0,10.0,0.25,20.0,300.0,0.02,28.360744346240782,43.37212883245537,70.69124639099198,4.482897049573992,4.641266662190025,2.89482411783448,46.8656486826799,0.10127425734938893,0.9796605706214905,-0.1963063421384088,-61.56374887882894,0.9960738731572318,True,True,0
114,8,100.0,10.0,0.25,20.0,300.0,0.02,28.41371221299236,43.36331121560341,70.68954107709722,4.469296682824086,4.560216623839842,2.890688920113376,46.58779827900018,0.10112664332772016,0.9786404967308044,-0.3074452460556435,-61.47525187809918,0.9938510950788871,True,True,0
115,8,100.0,10.0,0.25,20.0,300.0,0.02,28.467373358734992,43.354712150597535,70.68810956143933,4.473732312696664,4.587923008134293,2.886103750175144,46.30451063640763,0.10096318414670581,0.9775469899177551,-0.409215599151242,-230.00840185678973,3.600168037135795,True,False,0
116,8,100.0,10.0,0.25,20.0,300.0,0.02,28.522407019148396,43.34629669130654,70.68776671943282,4.46973133201322,4.548258466778572,2.8809770603319786,46.01470889636936,0.10078066669904313,0.9763611555099487,-0.5108832553263171,-61.08766605226698,0.9897823348934737,True,True,0
117,8,100.0,10.0,0.25,20.0,300.0,0.02,28.57993519543241,43.33833822864085,70.68599570928184,4.42850968526642,4.472377577885351,2.8753023581151864,45.71878887701817,0.10057886810950144,0.9750599265098572,-0.6241571687786699,-229.83593166755026,3.5967186333510055,True,False,0
118,8,100.0,10.0,0.25,20.0,300.0,0.02,28.637986429304,43.330698838705054,70.68469313756466,4.378770394608862,4.420565119693374,2.8691183283379535,45.4182085393633,0.10035916461877951,0.9735683798789978,-0.7279650767130044,-60.99124545575056,0.9854406984657399,True,True,0
119,8,100.0,10.0,0.25,20.0,300.0,0.02,28.69667064606437,43.323261644350644,70.68303584053972,4.32119266173475,4.35851215269439,2.8624393022152805,45.11322328259609,0.1001220611451915,0.9723958969116211,-0.8284364370671566,-60.940022072246464,0.9834312712586568,True,True,0
120,8,100.0,10.0,0.25,20.0,300.0,0.02,28.75696583953282,43.3162108333035,70.68109397082779,4.255036047636674,4.3082689292659655,2.855260937810686,44.8043987353227,0.09986741806552077,0.97115558385849,1242.6248787422778,-230.05881878844588,25.852497574845557,False,False,1
121,8,100.0,10.0,0.25,20.0,300.0,0.02,28.817677072652746,43.30931444001532,70.67909586515704,4.181535840270455,4.245382589250837,2.847592513150674,44.49222510601229,0.09959557140606393,0.9697318077087402,-1.0164932039183308,-60.48980703418353,0.9796701910419946,True,True,0
122,8,100.0,10.0,0.25,20.0,300.0,0.02,28.929321865702583,43.30295993477806,70.67720819575135,4.209719622751651,5.0175961832023415,2.839477155165341,44.176758193374084,0.09930804759608916,0.9685491323471069,-1.0292485458365561,-60.313710455406664,0.9794150290832688,True,True,0
123,8,100.0,10.0,0.25,20.0,300.0,0.02,29.026959234086352,43.29740594094479,70.68918099133717,4.166191006031557,4.526011503747328,2.8279030513744834,43.80063489802983,0.09889937434170075,0.9671650528907776,-1.0852337041779263,-60.187494696319945,0.9782953259164415,True,True,0
124,8,100.0,10.0,0.25,20.0,300.0,0.02,29.11746805520087,43.291758352833206,70.69741698924105,4.103837717257502,4.358690802173176,2.816056826224702,43.421431494470994,0.09848110276491506,0.9654135704040527,-1.1468897677474557,-229.2849898903081,3.5856997978061624,True,False,0
125,8,100.0,10.0,0.25,20.0,300.0,0.02,29.207577818232828,43.28642612590108,70.70552396595033,4.125595816523231,4.439179520302132,2.803981296788052,43.04018428072291,0.09805479393257632,0.9641083478927612,-1.1491145683217836,-229.0689030948866,3.5813780618977322,True,False,0
126,8,100.0,10.0,0.25,20.0,300.0,0.02,29.292065247745775,43.28080021154746,70.707459770678,4.0154348682781835,4.351699251986104,2.7915583029326925,42.651036564367246,0.0976162265973446,0.9630426168441772,-1.1957285690324273,-59.6155914614891,0.9760854286193514,True,True,0
127,8,100.0,10.0,0.25,20.0,300.0,0.02,29.37369867888822,43.27561198457694,70.70684784186284,3.9932141743855154,4.609406325979565,2.778900414139666,42.2623443269832,0.09716947177165489,0.961764395236969,-1.211933149595213,-59.49610529000968,0.9757613370080958,True,True,0
128,8,100.0,10.0,0.25,20.0,300.0,0.02,29.456096647692867,43.270505530168975,70.7064038057267,3.8769866773899913,4.334153033815343,2.765853447412779,41.86834810444497,0.09670906702817358,0.9604151248931885,-1.2105734339924428,-231.6907664606631,3.6338153292132622,True,False,0
129,8,100.0,10.0,0.25,20.0,300.0,0.02,29.539157202465972,43.265689453410964,70.70601516279741,3.7540689004435794,4.218298626502078,2.752629531459839,41.4750699968257,0.09624250438463769,0.9587941765785217,-1.2054563564817948,-232.3798613532705,3.6475972270654102,True,False,0
130,8,100.0,10.0,0.25,20.0,300.0,0.02,29.620779563409037,43.261051293948455,70.70948701248527,3.6289305404268744,4.0135200636091355,2.7391830477392864,41.08334801109139,0.09576821078104028,0.9572558999061584,-1.1924571898777254,-244.6354280883018,3.892708561766036,True,False,0
131,8,100.0,10.0,0.25,20.0,300.0,0.02,29.70291423354166,43.25606300209636,70.70613717116422,3.5014914791307796,3.943755476775923,2.7255637804714903,40.693666920659844,0.09528793817477865,0.9556345343589783,-1.1845411532722725,-231.63365912656695,3.632673182531339,True,False,0
132,8,100.0,10.0,0.25,20.0,300.0,0.02,29.78310982884648,43.25159452451242,70.70685655049544,3.3745061670871896,3.788690176410716,2.7118266114156055,40.30654845967878,0.09480361693694749,0.9537644386291504,-1.1688032521116571,-227.06556138481983,3.5413112276963963,True,False,0
133,8,100.0,10.0,0.25,20.0,300.0,0.02,29.85959781611362,43.24712010201294,70.7063531681181,3.2459890999486327,3.53035200012297,2.697978876831313,39.92275111317334,0.09431551742473052,0.9518337249755859,-1.189150352722344,-244.08786087124747,3.8817572174249495,True,False,0
134,8,100.0,10.0,0.25,20.0,300.0,0.02,29.93922173243846,43.24269537392446,70.70834340894257,3.117311692271614,3.508100117677778,2.6840818660789885,39.5427850634162,0.09382579051114058,0.9497755169868469,-1.1822678083720641,-227.14103753442868,3.5428207506885734,True,False,0
135,8,100.0,10.0,0.25,20.0,300.0,0.02,30.015158585494007,43.23826782057613,70.70948282435182,2.9917837792045203,3.1985253102579407,2.670175742408252,39.167229606636376,0.09333584798081554,0.9476780891418457,-1.1893886468849126,-231.5829244309438,3.631658488618876,True,False,0
136,8,100.0,10.0,0.25,20.0,300.0,0.02,30.090538295982366,43.23389585322256,70.70865074132399,2.8674375348961725,3.0735421917644734,2.656268987341297,38.79676897266482,0.09284599800780256,0.9461516737937927,-1.2167962194891087,-58.489399258064495,0.9756640756102178,True,True,0
137,8,100.0,10.0,0.25,20.0,300.0,0.02,30.16463539579086,43.22970286188956,70.70930198236859,2.8668353819002537,3.1586962960037437,2.642407125389386,38.43187205431497,0.092357839827931,0.9453829526901245,-1.219947188971519,-231.59810667681097,3.631962133536219,True,False,0
138,8,100.0,10.0,0.25,20.0,300.0,0.02,30.239583162172885,43.22550484784547,70.70825141435891,2.7414899124535648,2.8945686681070293,2.628389432018882,38.063984365249375,0.09186421904062313,0.9446551203727722,-1.199605124921211,-58.386474290619205,0.9760078975015758,True,True,0
139,8,100.0,10.0,0.25,20.0,300.0,0.02,30.31150032195308,43.22149109662548,70.70907867825136,2.619561931016031,2.778688532658024,2.6144499471049847,37.70197672252277,0.09137345907445146,0.9437398314476013,-1.3024359688721994,-231.65418246799905,3.633083649359981,True,False,0
140,8,100.0,10.0,0.25,20.0,300.0,0.02,30.38255390239848,43.21744916518721,70.70802229225004,2.7557600065706835,3.161987324745213,2.6006589592948544,37.34626129415783,0.09088804578539218,0.9426844716072083,-1.2881366927203537,-58.09793624556279,0.9742372661455929,True,True,0
141,8,100.0,10.0,0.25,20.0,300.0,0.02,30.457528301234774,43.213540630471826,70.7088825228468,2.6308083982546213,2.826644702468117,2.5864525725926937,36.977942765503066,0.09038793634503764,0.9412955641746521,-1.3076063492460943,-231.68593413141625,3.6337186826283254,True,False,0
142,8,100.0,10.0,0.25,20.0,300.0,0.02,30.53675371267608,43.20962443002374,70.70794683304268,2.641435845447352,3.036838456981299,2.5723227547375482,36.61615031698067,0.08989064945927079,0.9401119351387024,-1.2800333439386928,-57.90080088397198,0.9743993331212262,True,True,0
143,8,100.0,10.0,0.25,20.0,300.0,0.02,30.610010167398162,43.20581120458762,70.70875122246866,2.5169430743504346,2.76810117133283,2.5579839524432963,36.25095701972029,0.08938605064915485,0.938667893409729,-1.2687517330661955,-231.72408093993894,3.6344816187987794,True,False,0
144,8,100.0,10.0,0.25,20.0,300.0,0.02,30.68241625010324,43.201995553331635,70.70802261120875,2.3975494204139327,2.61429486870838,2.5437367594780773,35.89327681723407,0.0888848073722203,0.9372091293334961,-1.2581416063887894,-57.87676019876122,0.9748371678722242,True,True,0
145,8,100.0,10.0,0.25,20.0,300.0,0.02,30.752219317988914,43.19827250179335,70.70865516717693,2.2827124051849816,2.4812027845879125,2.529608049004007,35.5436195489354,0.0883878618156531,0.9357126355171204,-1.230502352160609,-231.73894290099264,3.6347788580198532,True,False,0
146,8,100.0,10.0,0.25,20.0,300.0,0.02,30.821371269292232,43.194553080861716,70.70807610112261,2.17286685031343,2.357561452646124,2.515655713579797,35.20232262760246,0.08789723743021073,0.9341509342193604,-1.2227223378498928,-57.75091424025952,0.9755455532430022,True,True,0
147,8,100.0,10.0,0.25,20.0,300.0,0.02,30.887811879281614,43.19092365364673,70.70858939990218,2.067860182580425,2.241924582053517,2.501925981703423,34.86967784208004,0.08741454587407078,0.9325689673423767,-1.231162931695611,-231.785643529489,3.6357128705897797,True,False,0
148,8,100.0,10.0,0.25,20.0,300.0,0.02,30.95339049034416,43.187301320443,70.70810300584353,1.9678614914992303,2.1383010723493765,2.488513136425202,34.545675755121096,0.08694307658593867,0.9309532642364502,-1.2176997339922535,-57.84613881980791,0.9756460053201549,True,True,0
149,8,100.0,10.0,0.25,20.0,300.0,0.02,31.016405182733884,43.183770127521385,70.70853538872994,1.8724961351501364,2.0375670105370216,2.475412864697565,34.23071005333946,0.08648267907330914,0.9293381571769714,-1.2079937290194867,-231.7281641936399,3.634563283872798,True,False,0
150,8,100.0,10.0,0.25,20.0,300.0,0.02,31.07831085194344,43.180252419356826,70.70813397993972,1.7820299335612542,1.9421672571806894,2.4625944107222546,33.925219127848095,0.08603227837442824,0.9277063608169556,-1.2008340696954176,-57.61226513117363,0.9759833186060917,True,True,0
151,8,100.0,10.0,0.25,20.0,300.0,0.02,31.137717281642566,43.17682807870792,70.70849439465658,1.6961593391708574,1.8522611595117877,2.4501561491596773,33.62893114010347,0.0855953060270391,0.9260903000831604,-1.1744139887624936,-231.85997230249646,3.6371994460499293,True,False,0
152,8,100.0,10.0,0.25,20.0,300.0,0.02,31.19574982976525,43.17342487923596,70.7081541449116,1.614652915014593,1.7631203889830163,2.4380652268193983,33.342139029838066,0.0851706099101584,0.9244762659072876,-1.1491137139359575,-57.482399408808746,0.9770177257212809,True,True,0
153,8,100.0,10.0,0.25,20.0,300.0,0.02,31.251278995379355,43.17011796790954,70.70845430820593,1.5374880387796699,1.6797724006181376,2.4262750393943584,33.06514539043703,0.08475656099171244,0.922892689704895,-1.1262335157782013,-57.44508476961218,0.977475329684436,True,True,0
154,8,100.0,10.0,0.25,20.0,300.0,0.02,31.305406219542817,43.16683973125024,70.70816754850793,1.4645787334463722,1.6024632190043142,2.4147821528224114,32.797989442703276,0.08435303437745176,0.9213249087333679,-1.1033924156823116,-57.398433754408735,0.9779321516863537,True,True,0
155,8,100.0,10.0,0.25,20.0,300.0,0.02,31.35715862895514,43.16366169568115,70.70842225719994,1.3957248493403889,1.529360505367019,2.403594169366164,32.540597793982364,0.08396028973644573,0.920073390007019,-1.0810709801609617,-57.33459236207483,0.9783785803967807,True,True,0
156,8,100.0,10.0,0.25,20.0,300.0,0.02,31.407486356281048,43.160522185141176,70.70819306858616,1.330644151489707,1.4676130027600534,2.3927318753487574,32.2927868324411,0.08357904715418983,0.9192705750465393,-1.0887913134444682,-57.05894583816208,0.9782241737311106,True,True,0
157,8,100.0,10.0,0.25,20.0,300.0,0.02,31.455543398895564,43.15301244431977,70.70839935863879,2.5294901575286906,6.414489219979252,2.3821926003937093,32.05441452681988,0.0832092449617425,0.9184815883636475,-1.0797013232933712,-57.177629873114086,0.9784059735341326,True,True,0
158,8,100.0,10.0,0.25,20.0,300.0,0.02,31.527991063340483,43.14589303139208,70.70817692120977,2.4421504393896827,5.049093733348778,2.3609676248400215,31.58928459760706,0.08246597025939324,0.9163151979446411,-1.1497528832217125,-56.83637136821319,0.9770049423355658,True,True,0
159,8,100.0,10.0,0.25,20.0,300.0,0.02,31.767408501321892,43.1303586044544,70.70829099050565,4.834854637828998,7.382081140475215,2.340921836787772,31.150940042937194,0.08176410576681456,0.9145283699035645,-1.1133948381967296,-57.04083832968698,0.9777321032360654,True,True,0
160,8,100.0,10.0,0.25,20.0,300.0,0.02,31.915183008271956,43.1160958972845,70.70815088110959,4.579239149151226,5.93105918220208,2.2995443361314414,30.259110331578356,0.08031682427057037,0.9126231074333191,-1.076753026452999,-56.66811555575204,0.97846493947094,True,True,0
161,8,100.0,10.0,0.25,20.0,300.0,0.02,32.15376004727401,43.09890881510069,70.70828818775645,5.560416836848769,7.6273943158412365,2.2613071695706894,29.439839752127998,0.07897954062785084,0.9091050028800964,-1.053255161952762,-56.709945165957116,0.9789348967609448,True,True,0
162,8,100.0,10.0,0.25,20.0,300.0,0.02,32.35228179306125,43.08322201724434,70.70811203206293,5.145388014653176,6.291136323162689,2.214814345487501,28.456579617181553,0.07735404468236032,0.9063078165054321,-1.0303015655238206,-56.71636818015881,0.9793939686895236,True,True,0
163,8,100.0,10.0,0.25,20.0,300.0,0.02,32.536796762779325,43.06892521674536,70.70823970300485,4.8066476144040955,5.6928430575354625,2.171931637725686,27.556797504190076,0.07585482584584402,0.9028584361076355,-1.0106917328128036,-56.75486477204325,0.979786165343744,True,True,0
164,8,100.0,10.0,0.25,20.0,300.0,0.02,32.70849192193672,43.05583051676096,70.70808493568703,4.495039809276195,5.221180780126079,2.132290186208243,26.73131006855913,0.07446902303958944,0.8992582559585571,-0.9807381741735228,-56.730931413152405,0.9803852365165295,True,True,0
165,8,100.0,10.0,0.25,20.0,300.0,0.02,32.868591307209364,43.04386729531046,70.70820666620764,4.2053288009986085,4.8366163254428525,2.095418055232689,25.974066194973318,0.07318013253357099,0.8956477642059326,-0.9811268738992953,-56.826900231707825,0.9803774625220141,True,True,0
166,8,100.0,10.0,0.25,20.0,300.0,0.02,33.0181175532289,43.032878480129746,70.7080566530061,3.9356490693049713,4.493792017795269,2.0611757886480957,25.27832247829843,0.07198325695950926,0.8921039700508118,-0.9642202938143842,-56.92039432073105,0.9807155941237123,True,True,0
167,8,100.0,10.0,0.25,20.0,300.0,0.02,33.15726635031319,43.02281799168734,70.70817140255828,3.684421404277172,4.179899472581813,2.029560045224757,24.637878226207434,0.07087824477625784,0.8886538743972778,-0.9313830446846948,-56.93072740018914,0.9813723391063061,True,True,0
168,8,100.0,10.0,0.25,20.0,300.0,0.02,33.28730657518787,43.013556317231355,70.70804970987743,3.4500372180696206,3.8984201115575488,2.0002399845811025,24.04866368240155,0.0698535193900084,0.8853321671485901,-0.9166357022912657,-56.751378758913106,0.9816672859541747,True,True,0
169,8,100.0,10.0,0.25,20.0,300.0,0.02,33.411722993228715,43.002185729742806,70.70815142512332,4.334827265030863,7.5485497085413735,1.9728061850870708,23.507048798219614,0.06889485026483327,0.8823236227035522,-0.9468561372658424,-56.54209612844877,0.9810628772546831,True,True,0
170,8,100.0,10.0,0.25,20.0,300.0,0.02,33.65356326950372,42.986402366485414,70.707991026125,6.207928170039915,8.121027377964257,1.9386252316692776,22.84253021741798,0.06770085367958456,0.879153847694397,-0.935329917112514,-56.651776549351595,0.9812934016577497,True,True,0
171,8,100.0,10.0,0.25,20.0,300.0,0.02,33.853551598487435,42.97247405452149,70.70808483748148,5.703006841292419,6.6337817959472964,1.8906053384714419,21.916396290357493,0.06602409866859024,0.8754341006278992,-0.9336360760515994,-56.50276824986048,0.9813272784789681,True,True,0
172,8,100.0,10.0,0.25,20.0,300.0,0.02,34.10870534532493,42.95780440922016,70.70809730918334,6.20132558201769,7.806538007987748,1.847150006191483,21.093925928212876,0.06450688018984502,0.869881808757782,-0.9196942475673998,-56.60630469278315,0.981606115048652,True,True,0
173,8,100.0,10.0,0.25,20.0,300.0,0.02,34.32024125462086,42.944938553295586,70.70810844717057,5.65048704193514,6.533153411049379,1.8001462529142511,20.2209401831819,0.06286582628341424,0.8616987466812134,-0.9041522460481848,-56.99815197734499,0.9819169550790363,True,True,0
174,8,100.0,10.0,0.25,20.0,300.0,0.02,34.51502017206471,42.93360010424484,70.70813630576843,5.1652348732761855,5.883961864772662,1.7578660671514539,19.451766400342205,0.0613896239140199,0.855451226234436,-0.8979878960445544,-57.62029922033951,0.9820402420791089,True,True,0
175,8,100.0,10.0,0.25,20.0,300.0,0.02,34.69241766969267,42.92359660276606,70.70815142214403,4.728497075736941,5.323265332488137,1.7196753040776886,18.771755364478775,0.060056174274025695,0.8494025468826294,-0.895314768944718,-58.13944126346096,0.9820937046211057,True,True,0
176,8,100.0,10.0,0.25,20.0,300.0,0.02,34.85427522498687,42.91473457414804,70.70815916370763,4.332401711278235,4.843237008273154,1.6852459409963012,18.168829687724696,0.05885403095433216,0.8436363339424133,-0.8950710511857428,-58.566087423878585,0.9820985789762852,True,True,0
177,8,100.0,10.0,0.25,20.0,300.0,0.02,35.00222620699614,42.90687689934241,70.70819603153826,3.9733434904548774,4.427446129760703,1.6540225953919583,17.63376408907421,0.05776379491900692,0.8381196856498718,-0.8883525851189895,-58.98585614181955,0.9822329482976202,True,True,0
178,8,100.0,10.0,0.25,20.0,300.0,0.02,35.13786153934351,42.899878357543365,70.70820438061622,3.647082700536996,4.059578186573087,1.6257347329110003,17.157469878861633,0.05677603550070835,0.8328280448913574,-0.898614420268077,-59.3946574942307,0.9820277115946384,True,True,0
179,8,100.0,10.0,0.25,20.0,300.0,0.02,35.2654225908944,42.89227342326495,70.70821427068235,4.103542672440051,6.308723582925575,1.6000944954861451,16.732457588209186,0.055880797795092335,0.8277585506439209,-0.9426603813626335,-60.058913922048916,0.9811467923727474,True,True,0
180,8,100.0,10.0,0.25,20.0,300.0,0.02,35.463480203021874,42.882988459793296,70.7082314143368,5.231643511309417,6.611665789291024,1.571508365775761,16.268493236375065,0.05488281075948445,0.8229376077651978,-0.927141088143635,-60.50726177080072,0.9814571782371273,True,True,0
181,8,100.0,10.0,0.25,20.0,300.0,0.02,35.4294355745936,42.87494685779728,70.70820981332348,4.7583532013246925,5.50636136200703,1.5355902359073519,15.69705953564369,0.05362910809584754,0.8189659714698792,-0.9570005676178286,-61.190649579264715,0.9808599886476435,True,True,0
182,8,100.0,10.0,0.25,20.0,300.0,0.02,35.440797782307335,42.86686263959707,70.70829802596216,4.981923920410798,6.091001875042037,1.5034167781965262,15.200281114395102,0.05250609603132541,0.8119512796401978,-0.9518515129654984,-61.720637547651705,0.9809629697406901,True,True,0
183,8,100.0,10.0,0.25,20.0,300.0,0.02,35.44006735984523,42.85987996231164,70.70825848415457,4.514451632180678,5.133584442383312,1.4700638016709835,14.696867450426973,0.05134188262684283,0.8081072568893433,-0.9455843858021006,-62.215032178226394,0.981088312283958,True,True,0
184,8,100.0,10.0,0.25,20.0,300.0,0.02,35.43210420044167,42.85382024683993,70.70831271985712,4.09926879951458,4.641906928539379,1.4403644399931894,14.261245866107647,0.05030511260506465,0.8030439019203186,-0.9446238044371335,-62.65325445823315,0.9811075239112573,True,True,0
185,8,100.0,10.0,0.25,20.0,300.0,0.02,35.4262889375995,42.84854505562728,70.70829168453595,3.730751481506644,4.180004208561984,1.4137811380085656,13.8828309607122,0.04937704828806958,0.7984349131584167,-0.937385030432042,-63.03392507635179,0.9812522993913592,True,True,0
186,8,100.0,10.0,0.25,20.0,300.0,0.02,35.42159158191735,42.84393645687366,70.70835679648717,3.3997085220879693,3.793018003431208,1.3900058826360233,13.55264441621559,0.04854695976156025,0.7939842939376831,-0.9309474199537391,-63.324934619823544,0.9813810516009253,True,True,0
187,8,100.0,10.0,0.25,20.0,300.0,0.02,35.41754567064163,42.83989677443376,70.70832799456697,3.1021359373292885,3.4612730963394376,1.3686236559199232,13.263788551818353,0.04780037339601773,0.7897789478302002,-0.9321063225699072,-63.83595164153934,0.9813578735486018,True,True,0
188,8,100.0,10.0,0.25,20.0,300.0,0.02,35.413968273882354,42.83634158077099,70.70837163887263,2.83410555593945,3.1616416860777616,1.34937642596506,13.010210321267547,0.04712828857343388,0.7858424782752991,-0.9282860755564296,-64.02493811599317,0.9814342784888714,True,True,0
189,8,100.0,10.0,0.25,20.0,300.0,0.02,35.41067942187616,42.83320917952724,70.70834581410362,2.5917439045823785,2.8992757038295434,1.332053898395409,12.786925847642925,0.04652337575595545,0.7821353673934937,-0.9280897390640032,-64.29924785258797,0.9814382052187199,True,True,0
190,8,100.0,10.0,0.25,20.0,300.0,0.02,35.40778501196421,42.83043608028216,70.70836639956087,2.373032898106232,2.6650946319393958,1.3163423737373134,12.589955306965999,0.045974687665724046,0.7786767482757568,-0.9260499690977539,-64.65989879238539,0.9814790006180449,True,True,0
191,8,100.0,10.0,0.25,20.0,300.0,0.02,35.40513444519347,42.82797775495045,70.7083512940894,2.1745876783441047,2.446103176067898,1.3021792570138258,12.415428091191604,0.04548004749536901,0.7756608128547668,-0.9232569190222855,-64.84297733207177,0.9815348616195543,True,True,0
192,8,100.0,10.0,0.25,20.0,300.0,0.02,35.40269317390577,42.82579214314176,70.70838041876628,1.9943126454556224,2.2566722599464373,1.2893554089921508,12.260593055041424,0.04503215899477365,0.7729700803756714,-0.9457317423351834,-65.18144700914456,0.9810853651532964,True,True,0
193,8,100.0,10.0,0.25,20.0,300.0,0.02,35.379808639629225,42.82330772742335,70.7083628422224,2.345279942292571,3.9070762263285874,1.2776710774875406,12.122972097793912,0.04462409766260561,0.7704201936721802,-0.941105422313458,-65.5505656743308,0.9811778915537308,True,True,0
194,8,100.0,10.0,0.25,20.0,300.0,0.02,35.35711253449904,42.82111204667407,70.70839964793753,2.1668174227464254,3.176814454211111,1.2641009630902518,11.966373587729727,0.04415017702765061,0.7681866884231567,-1.0078795546557013,-65.79345641467471,0.979842408906886,True,True,0
195,8,100.0,10.0,0.25,20.0,300.0,0.02,35.3700598028655,42.81820557709675,70.70837565510223,2.968018617654249,4.0609778850812965,1.251793574001241,11.828035347272351,0.04372036843857217,0.7671047449111938,-0.9947067615891086,-66.17255818602736,0.9801058647682178,True,True,0
196,8,100.0,10.0,0.25,20.0,300.0,0.02,35.36299616636519,42.815680793997466,70.70837347387636,2.7315791085733556,3.297622109517929,1.2348600810099566,11.643609860880657,0.04312906047571376,0.7650659680366516,-0.9879769611394843,-66.61625069583977,0.9802404607772103,True,True,0
197,8,100.0,10.0,0.25,20.0,300.0,0.02,35.3494499492813,42.81348479391982,70.70837651938987,2.4708250346746903,3.0147759611708143,1.2198064766691685,11.483329757373323,0.04260335090389316,0.7606413960456848,-1.0265764841404348,-66.85402117719508,0.9794684703171913,True,True,0
198,8,100.0,10.0,0.25,20.0,300.0,0.02,35.3647167692769,42.81117346022727,70.708433505157,2.71746975591759,3.6037677148345404,1.2062207067567166,11.344704037000431,0.04212888298112936,0.7575653791427612,-1.0184879087360441,-67.25589979037824,0.9796302418252791,True,True,0
199,8,100.0,10.0,0.25,20.0,300.0,0.02,35.373928201488596,42.80917075434282,70.70841616284788,2.4765167941317108,2.9476452895361724,1.1914373440680246,11.196556849407399,0.04161258606008877,0.7520049810409546,-1.0110511993506566,-67.48552305453278,0.9797789760129869,True,True,0
