Timestep,ViewpointID,X,Y,Z,OrientationX,OrientationY,OrientationZ,OrientationW
0,0,394.369,-62.612,23.5058,-0.553349,-0.472427,0.445435,0.521733
0,1,-230.854,-55.5453,321.903,0.746148,-0.587913,0.193371,-0.245417
0,2,-163.498,118.183,-345.4,0.118886,-0.232629,0.859531,-0.439268
0,0,394.661,-58.3576,28.939,-0.554348,-0.478406,0.44496,0.515594
0,1,-224.676,-60.3339,325.393,0.755614,-0.579473,0.185839,-0.242328
0,2,-156.88,122.087,-347.107,0.112939,-0.231,0.868169,-0.42446
1,0,394.845,-53.6522,34.9167,-0.555358,-0.484998,0.444358,0.508822
1,1,-217.897,-65.4872,328.987,0.765999,-0.569631,0.177788,-0.239077
1,2,-149.756,126.273,-348.752,0.10669,-0.229514,0.877287,-0.407808
2,0,394.885,-49.1555,40.6192,-0.556242,-0.491293,0.443697,0.502353
2,1,-211.438,-70.2868,332.195,0.775873,-0.559701,0.170323,-0.236106
2,2,-143.16,130.272,-350.049,0.101033,-0.228541,0.885599,-0.391505
3,0,394.815,-44.9621,45.8199,0.556925,0.497101,-0.443075,-0.496397
3,1,-205.51,-74.6958,334.942,0.785016,-0.549935,0.163619,-0.233562
3,2,-137.446,134.208,-350.851,0.0962155,-0.228426,0.892825,-0.376068
4,0,394.639,-41.2933,50.5445,0.557579,0.502281,-0.442358,-0.491059
4,1,-200.102,-78.8188,337.264,0.793513,-0.540293,0.157607,-0.231474
4,2,-132.573,138.098,-351.217,0.0921668,-0.229095,0.899005,-0.361677
5,0,394.352,-38.4393,54.8566,0.558449,0.506661,-0.441347,-0.486459
5,1,-195.167,-82.71,339.218,0.801428,-0.530788,0.152202,-0.229808
5,2,-128.423,141.963,-351.218,0.0887618,-0.230431,0.904265,-0.348322
6,0,393.995,-36.2212,58.7883,0.559458,0.510384,-0.440152,-0.482473
6,1,-190.658,-86.3592,340.869,0.808761,-0.521528,0.147338,-0.228485
6,2,-124.928,145.893,-350.868,0.0859237,-0.232448,0.908711,-0.335902
7,0,393.645,-34.1075,62.2942,0.560246,0.513802,-0.439143,-0.478838
7,1,-186.556,-89.8108,342.244,0.815554,-0.51252,0.142967,-0.227498
7,2,-122.023,149.903,-350.199,0.083585,-0.235084,0.912417,-0.324413
7,3,18.7875,-356.748,179.939,-0.85113,-0.0223961,0.013796,0.524295
8,0,392.75,-26.0306,71.2024,0.560337,0.524429,-0.438073,-0.468069
8,1,-174.406,-99.5563,345.935,0.835064,-0.484858,0.130534,-0.224816
8,2,-113.319,164.664,-346.474,0.0767805,-0.247005,0.92243,-0.286733
8,3,26.0182,-360.756,170.816,-0.844154,-0.0304012,0.0192635,0.534892
9,0,392.372,-19.6211,75.2301,0.558438,0.53121,-0.439139,-0.461648
9,1,-166.588,-105.944,347.885,0.847506,-0.465393,0.122852,-0.22372
9,2,-106.877,176.26,-342.797,0.0719791,-0.257532,0.928019,-0.259377
9,3,33.1368,-364.665,161.002,-0.836548,-0.0379302,0.0247571,0.546017
10,0,392.241,-14.1774,77.1104,0.555846,0.536118,-0.44104,-0.45727
10,1,-160.811,-111.43,348.888,0.85711,-0.448857,0.117262,-0.223917
10,2,-101.38,186.136,-339.228,0.0680192,-0.267092,0.931535,-0.23723
10,3,32.8679,-368.494,152.092,-0.82991,-0.0369387,0.0247526,0.556123
11,0,392.161,-9.63422,78.2108,0.553373,0.539946,-0.442921,-0.453936
11,1,-156.158,-116.683,349.285,0.865225,-0.43358,0.112802,-0.2251
11,2,-96.4538,194.786,-335.79,0.0645574,-0.275853,0.933799,-0.218535
11,3,31.5555,-371.742,144.263,-0.824081,-0.0349134,0.0239323,0.564888
12,0,392.114,-5.62818,78.8346,0.550969,0.543117,-0.444801,-0.451231
12,1,-152.289,-121.794,349.248,0.872214,-0.419288,0.109126,-0.227006
12,2,-91.9863,202.526,-332.448,0.0614756,-0.284008,0.935191,-0.202429
12,3,30.9773,-373.779,139.031,-0.820145,-0.033927,0.0236066,0.570661
13,0,392.117,-2.11965,78.9903,0.548623,0.545665,-0.446706,-0.449128
13,1,-149.071,-126.694,348.893,0.878165,-0.406132,0.106095,-0.229406
13,2,-87.8924,209.584,-329.165,0.0586922,-0.291718,0.935947,-0.188307
13,3,28.8343,-374.832,136.636,-0.818417,-0.0314324,0.0220199,0.573341
14,0,392.12,0.943763,79.0013,0.546494,0.547811,-0.44845,-0.447372
14,1,-146.298,-131.455,348.305,0.883335,-0.393829,0.103512,-0.232172
14,2,-84.0517,216.096,-325.941,0.0561092,-0.299041,0.936251,-0.17567
14,3,25.2442,-375.201,136.335,-0.818329,-0.0274982,0.0192803,0.573768
15,0,392.099,3.88552,79.0123,0.544441,0.549863,-0.450117,-0.445679
15,1,-143.89,-136.084,347.53,0.887826,-0.382332,0.101294,-0.235218
15,2,-80.4208,222.167,-322.761,0.0536881,-0.306051,0.936204,-0.164231
15,3,21.8753,-374.873,137.81,-0.819568,-0.0238922,0.016682,0.57224
16,0,392.075,6.94273,78.9246,0.542244,0.551931,-0.451913,-0.443981
16,1,-141.829,-140.5,346.619,0.891651,-0.371794,0.0994142,-0.238419
16,2,-76.9712,227.854,-319.622,0.0514029,-0.312778,0.93588,-0.153805
16,3,19.4382,-374.008,140.499,-0.821686,-0.0213381,0.0147853,0.569349
17,0,392.044,9.91728,78.7605,0.540054,0.553888,-0.453709,-0.442377
17,1,-139.958,-144.832,345.594,0.89504,-0.361797,0.0977317,-0.241776
17,2,-73.6485,233.192,-316.539,0.0492118,-0.319224,0.935351,-0.144194
17,3,18.2912,-373.087,143.079,-0.823676,-0.0201789,0.0138792,0.566532
18,0,392.013,12.675,78.5169,0.537967,0.555642,-0.455434,-0.440946
18,1,-138.237,-149.173,344.438,0.898078,-0.352142,0.0962034,-0.24535
18,2,-70.4439,238.239,-313.496,0.0471059,-0.325439,0.934649,-0.135286
18,3,18.3604,-372.043,145.762,-0.825705,-0.020362,0.0138976,0.563564
19,0,392.007,15.4444,78.0524,0.535743,0.557266,-0.457317,-0.439654
19,1,-136.639,-153.591,343.132,0.900816,-0.342704,0.0948025,-0.249194
19,2,-67.4001,243,-310.496,0.0451119,-0.331428,0.933791,-0.127102
19,3,19.3797,-370.479,149.564,-0.828545,-0.0216557,0.0146188,0.559313
20,0,392.01,18.2303,77.4306,0.533416,0.558799,-0.459316,-0.438452
20,1,-135.183,-157.917,341.742,0.903197,-0.333787,0.0935447,-0.253123
20,2,-64.4955,247.528,-307.522,0.0432136,-0.337238,0.9328,-0.119529
20,3,19.6251,-369.361,152.274,-0.830576,-0.0220498,0.0147677,0.556273
21,0,392.027,20.9252,76.6606,0.531069,0.560171,-0.461366,-0.437396
21,1,-133.943,-162.161,340.24,0.905181,-0.325495,0.0924832,-0.25719
21,2,-61.7372,251.854,-304.562,0.0414149,-0.342902,0.931687,-0.112527
21,3,20.3052,-369.183,152.617,-0.830813,-0.0228302,0.0152751,0.555873
22,0,392.039,23.672,75.7944,0.528629,0.561511,-0.46351,-0.436366
22,1,-132.909,-166.364,338.612,0.906808,-0.31775,0.0916048,-0.261426
22,2,-59.1248,255.999,-301.61,0.0397145,-0.34844,0.930465,-0.106053
22,3,21.4259,-369.528,151.624,-0.830031,-0.0240432,0.0161333,0.556964
23,0,392.019,26.5141,74.9538,0.526132,0.562919,-0.465685,-0.435253
23,1,-132.058,-170.436,336.916,0.9081,-0.310642,0.0908891,-0.265696
23,2,-56.6062,260.021,-298.638,0.0380769,-0.35391,0.929142,-0.0999656
23,3,22.5607,-370.191,149.831,-0.828645,-0.0252268,0.0170163,0.558947
24,0,391.957,29.5837,74.1251,0.523475,0.564474,-0.467975,-0.433985
24,1,-131.402,-174.447,335.114,0.909082,-0.304077,0.0903401,-0.270085
24,2,-54.1428,263.913,-295.666,0.0364747,-0.359286,0.927746,-0.0941847
24,3,23.535,-371.038,147.57,-0.826907,-0.0261991,0.0177884,0.561446
25,0,391.864,32.8285,73.2443,0.520659,0.566101,-0.470395,-0.432635
25,1,-130.881,-178.479,333.19,0.909822,-0.297844,0.0899087,-0.274644
25,2,-51.6934,267.659,-292.722,0.0348787,-0.364528,0.926308,-0.0886307
25,3,24.0264,-371.783,145.603,-0.825405,-0.0266431,0.0181929,0.563618
26,0,391.783,35.944,72.2068,0.517847,0.567532,-0.472851,-0.431455
26,1,-130.437,-182.565,331.144,0.910374,-0.291804,0.0895492,-0.279376
26,2,-49.2912,271.277,-289.792,0.0333113,-0.369663,0.924821,-0.083338
26,3,24.1374,-372.264,144.349,-0.824453,-0.0267005,0.018298,0.565004
27,0,391.706,38.8648,71.1069,0.515141,0.568782,-0.475241,-0.430421
27,1,-129.941,-186.707,329.023,0.910835,-0.285757,0.0891635,-0.284204
27,2,-46.8663,274.796,-286.863,0.031725,-0.374719,0.923292,-0.0781691
27,3,24.0568,-372.539,143.651,-0.823928,-0.026575,0.0182486,0.565776
28,0,391.562,41.8494,70.1963,0.512486,0.570178,-0.477528,-0.42921
28,1,-129.384,-190.732,326.926,0.911215,-0.279902,0.0887443,-0.288906
28,2,-44.6303,278.223,-283.901,0.0302645,-0.379746,0.921673,-0.0734541
28,3,23.721,-372.695,143.302,-0.823676,-0.0261858,0.0179993,0.56617
29,0,391.336,44.7352,69.6765,0.510106,0.571741,-0.479479,-0.42779
29,1,-128.742,-194.734,324.814,0.911537,-0.274077,0.0882727,-0.293582
29,2,-42.6628,281.527,-280.931,0.0289835,-0.384702,0.919978,-0.0693114
29,3,23.1703,-372.757,143.232,-0.823642,-0.0255738,0.0175822,0.566261
29,4,-6.90943,-377.222,-132.874,-0.577823,0.00529143,-0.00747356,0.816111
30,0,390.126,54.3548,69.6206,0.503001,0.577941,-0.484748,-0.421893
30,1,-126.061,-205.832,318.97,0.912445,-0.257209,0.0863481,-0.306319
30,2,-37.0199,291.039,-271.893,0.0252977,-0.399367,0.914609,-0.0579353
30,3,20.2963,-371.869,145.949,-0.82579,-0.0225187,0.0153613,0.563318
30,4,-14.4779,-373.777,-141.709,-0.568105,0.0109984,-0.0159279,0.822729
31,0,388.641,62.3821,71.1806,0.497811,0.584089,-0.487937,-0.415862
31,1,-122.847,-212.637,315.744,0.91361,-0.244941,0.0840396,-0.313461
31,2,-32.7333,297.592,-265.269,0.0224682,-0.409767,0.910546,-0.0499268
31,3,18.429,-370.53,149.558,-0.828567,-0.0205924,0.0139012,0.559338
31,4,-20.1433,-372.107,-145.365,-0.563969,0.0152536,-0.0223232,0.825353
32,0,386.995,69.6145,73.4054,0.493452,0.590137,-0.490163,-0.409858
32,1,-119.386,-217.22,313.947,0.915021,-0.234883,0.081546,-0.317674
32,2,-29.0554,302.883,-259.65,0.0200213,-0.418374,0.907016,-0.0434053
32,3,18.7647,-369.304,152.521,-0.830787,-0.021093,0.0141167,0.556012
32,4,-24.5087,-373.261,-141.688,-0.567929,0.0186253,-0.0269715,0.822424
33,0,385.237,76.209,76.0587,0.489689,0.596052,-0.491685,-0.403946
33,1,-116.121,-220.647,312.779,0.916358,-0.226409,0.0792002,-0.320552
33,2,-25.6931,307.449,-254.587,0.0177678,-0.42597,0.903777,-0.0376979
33,3,21.0367,-368.211,154.849,-0.832464,-0.0237609,0.015794,0.553344
33,4,-29.2006,-374.699,-136.923,-0.573017,0.0222941,-0.0318496,0.818621
34,0,383.398,82.3494,78.8981,0.486268,0.601803,-0.492781,-0.398176
34,1,-113.107,-223.372,311.948,0.917575,-0.219071,0.0770423,-0.322691
34,2,-22.7156,311.581,-249.803,0.0157633,-0.433011,0.900654,-0.0327873
34,3,24.3123,-367.187,156.788,-0.833802,-0.0275737,0.018224,0.551074
34,4,-30.8789,-376.318,-132.027,-0.578278,0.0236856,-0.0333738,0.814813
35,0,381.574,88.0499,81.5404,0.483004,0.607152,-0.493751,-0.392791
35,1,-110.481,-225.569,311.308,0.918596,-0.212878,0.0751701,-0.324368
35,2,-19.9032,315.346,-245.277,0.0138577,-0.439558,0.897661,-0.0283001
35,3,27.242,-366.372,158.208,-0.834745,-0.0309915,0.020397,0.549385
35,4,-28.1046,-378.465,-126.391,-0.584416,0.0216694,-0.0300563,0.810608
36,0,379.785,93.3767,83.9291,0.479836,0.612102,-0.494681,-0.387788
36,1,-108.704,-227.574,310.473,0.91909,-0.20824,0.0739211,-0.326259
36,2,-17.0569,318.783,-241.011,0.0119138,-0.44564,0.894813,-0.023922
36,3,29.2829,-365.88,158.98,-0.835231,-0.0333702,0.0219123,0.548448
36,4,-27.5491,-380.137,-121.395,-0.589746,0.0213419,-0.0291959,0.806779
37,0,377.995,98.3987,86.2426,0.476804,0.616815,-0.495479,-0.38301
37,1,-107.592,-229.59,309.374,0.919142,-0.204686,0.0731605,-0.328526
37,2,-14.3163,321.935,-236.966,0.0100301,-0.451322,0.892085,-0.0198256
37,3,30.2081,-365.854,158.865,-0.835103,-0.034418,0.0226081,0.548551
37,4,-30.3724,-381.055,-117.79,-0.593469,0.0236141,-0.0319861,0.803874
38,0,376.183,103.189,88.536,0.473881,0.621375,-0.496146,-0.378378
38,1,-106.811,-231.536,308.192,0.918986,-0.201755,0.0726421,-0.330883
38,2,-11.5276,324.874,-233.074,0.00810035,-0.456718,0.889435,-0.015775
38,3,30.5779,-366.111,158.203,-0.834591,-0.0347924,0.0228989,0.549293
38,4,-34.2867,-381.839,-114.119,-0.597189,0.0267581,-0.0358835,0.800851
39,0,374.339,107.792,90.8348,0.471047,0.625826,-0.496685,-0.373845
39,1,-106.397,-233.335,306.976,0.918639,-0.199558,0.0723876,-0.333226
39,2,-8.67006,327.626,-229.317,0.00611013,-0.461862,0.886853,-0.0117325
39,3,31.045,-366.474,157.267,-0.833871,-0.0352566,0.0232687,0.55034
39,4,-33.5291,-382.064,-113.591,-0.597767,0.026179,-0.0350566,0.800475
40,0,372.429,112.245,93.2623,0.468324,0.630278,-0.497023,-0.36931
40,1,-106.242,-235.124,305.662,0.918124,-0.197802,0.072323,-0.335697
40,2,-5.97363,330.183,-225.707,0.00422178,-0.466742,0.884347,-0.00799911
40,3,31.023,-366.964,156.125,-0.833019,-0.0351489,0.0232761,0.551636
40,4,-33.8252,-381.973,-113.811,-0.597528,0.0264051,-0.0353804,0.800632
41,0,370.477,116.551,95.7228,0.46567,0.634669,-0.497236,-0.364832
41,1,-106.25,-237.041,304.175,0.917453,-0.196212,0.0723808,-0.33844
41,2,-3.38473,332.585,-222.206,0.00239877,-0.47142,0.881894,-0.00448742
41,3,30.6729,-367.531,154.854,-0.832086,-0.0346612,0.0230391,0.553083
41,4,-33.8566,-381.952,-113.871,-0.597463,0.0264281,-0.035417,0.800678
42,0,368.524,120.719,98.0651,0.463019,0.638901,-0.497448,-0.360506
42,1,-106.594,-239.033,302.491,0.916542,-0.1951,0.0726873,-0.341471
42,2,-0.6754,334.837,-218.823,0.000479958,-0.47589,0.879504,-0.000887022
42,3,31.3137,-368.214,153.095,-0.830738,-0.0352603,0.0235587,0.555046
42,4,-33.8336,-381.95,-113.884,-0.597451,0.0264098,-0.0353937,0.800689
43,0,366.571,124.698,100.38,0.460457,0.643005,-0.497564,-0.356307
43,1,-106.93,-241.186,300.658,0.915555,-0.193858,0.0729955,-0.344745
43,2,2.23514,336.909,-215.61,-0.0015925,-0.480089,0.877214,0.0029098
43,3,33.1454,-368.934,150.961,-0.829048,-0.0371664,0.0249875,0.557381
43,4,-33.8748,-381.932,-113.93,-0.597401,0.0264408,-0.0354398,0.800723
44,0,364.623,128.486,102.672,0.457991,0.646981,-0.497584,-0.352235
44,1,-106.943,-243.715,298.607,0.914581,-0.191834,0.0730822,-0.348425
44,2,5.35766,338.909,-212.395,-0.00382735,-0.484243,0.874898,0.006915
44,3,35.529,-369.677,148.583,-0.827137,-0.039656,0.0268464,0.559956
44,4,-33.8668,-381.888,-114.081,-0.597243,0.0264306,-0.0354407,0.800841
45,0,362.609,132.133,105.144,0.455656,0.651005,-0.497372,-0.348125
45,1,-106.871,-246.413,296.411,0.913551,-0.189576,0.0731151,-0.352336
45,2,8.93353,340.946,-208.988,-0.00640001,-0.488594,0.872413,0.0114276
45,3,37.9009,-370.354,146.291,-0.825282,-0.0421184,0.028703,0.562416
45,4,-33.7033,-381.913,-114.045,-0.597287,0.0263038,-0.0352671,0.80082
46,0,360.529,135.734,107.68,0.453323,0.655056,-0.497064,-0.343987
46,1,-106.808,-249.289,294.019,0.912397,-0.187228,0.0731646,-0.356544
46,2,12.5057,342.434,-206.356,-0.0089793,-0.491909,0.870456,0.0158893
46,3,39.9356,-370.554,145.24,-0.824371,-0.0442941,0.0302773,0.563501
46,4,-33.8503,-381.902,-114.04,-0.597287,0.0264188,-0.0354209,0.800809
47,0,358.423,139.253,110.189,0.450989,0.659048,-0.496717,-0.339906
47,1,-106.844,-252.324,291.405,0.911072,-0.184944,0.0732956,-0.361069
47,2,14.0036,343.134,-205.092,-0.0100657,-0.493491,0.869512,0.0177353
47,3,42.5699,-370.909,143.576,-0.822955,-0.0470715,0.0323301,0.565229
47,4,-33.7484,-381.913,-114.033,-0.597298,0.0263393,-0.0353136,0.800808
48,0,356.3,142.68,112.663,0.448665,0.662969,-0.496333,-0.335894
48,1,-106.767,-255.582,288.581,0.909654,-0.182363,0.0733566,-0.365914
48,2,14.2041,343.762,-204.024,-0.0102189,-0.494839,0.868739,0.0179403
48,3,41.9594,-371.263,142.84,-0.822438,-0.0463277,0.0318864,0.566068
48,4,-33.8474,-381.906,-114.027,-0.5973,0.0264169,-0.0354171,0.8008
49,0,354.142,146.098,115.06,0.446259,0.666841,-0.495987,-0.331921
49,1,-106.667,-258.984,285.568,0.908115,-0.179688,0.0734121,-0.371012
49,2,13.9078,344.441,-202.897,-0.010015,-0.496264,0.867937,0.0175156
49,3,42.4306,-371.262,142.702,-0.822304,-0.0468371,0.0322498,0.566199
49,4,-33.7038,-381.921,-114.019,-0.597315,0.0263048,-0.0352659,0.800799
50,0,351.935,149.531,117.398,0.443756,0.670693,-0.495677,-0.327958
50,1,-106.111,-262.43,282.615,0.90673,-0.176378,0.0731414,-0.376008
50,2,13.4503,345.177,-201.673,-0.00969525,-0.49781,0.867067,0.0168868
50,3,42.4125,-371.227,142.8,-0.822379,-0.0468259,0.0322331,0.566093
50,4,-33.8646,-381.886,-114.09,-0.597235,0.0264287,-0.035439,0.800847
51,0,349.711,152.972,119.59,0.441134,0.674454,-0.495472,-0.324068
51,1,-104.935,-265.736,279.952,0.90567,-0.172343,0.0724156,-0.380547
51,2,12.9966,345.972,-200.336,-0.00937853,-0.499492,0.866115,0.0162623
51,3,42.3757,-371.248,142.757,-0.822349,-0.0467812,0.0322063,0.566142
51,4,-33.7459,-381.933,-113.966,-0.597368,0.0263391,-0.0353068,0.800757
51,5,-31.2027,352.102,187.218,-0.0378507,0.855914,-0.515227,0.0227846
52,0,343.813,162.127,124.53,0.433598,0.683854,-0.495581,-0.314224
52,1,-100.389,-276.056,271.505,0.902281,-0.158967,0.0695384,-0.394693
52,2,11.938,348.052,-196.768,-0.00864008,-0.50395,0.863563,0.0148055
52,3,41.6311,-372.092,140.762,-0.820888,-0.0457792,0.0316967,0.568368
52,4,-33.7503,-381.875,-114.158,-0.597167,0.0263376,-0.0353233,0.800906
52,5,-38.317,356.149,178.017,-0.0455282,0.848792,-0.526006,0.0282144
53,0,340.393,167.62,126.633,0.428647,0.688878,-0.496319,-0.308829
53,1,-96.9951,-283.949,264.509,0.899077,-0.149324,0.0674269,-0.405977
53,2,11.5052,349.114,-194.902,-0.00833978,-0.506263,0.862222,0.0142035
53,3,41.2162,-372.525,139.736,-0.820137,-0.045232,0.0314096,0.569512
53,4,-33.7907,-381.887,-114.107,-0.597219,0.0263705,-0.0353625,0.800864
53,5,-38.7217,357.4,175.402,-0.0457414,0.846853,-0.529084,0.0285776
54,0,337.895,171.825,127.684,0.42463,0.692311,-0.497337,-0.305043
54,1,-95.0895,-290.367,258.157,0.895694,-0.142927,0.0663518,-0.415814
54,2,11.2389,349.959,-193.397,-0.00815703,-0.508122,0.861136,0.0138241
54,3,40.9522,-372.791,139.103,-0.819673,-0.0448868,0.031226,0.570215
54,4,-33.8488,-381.894,-114.067,-0.597259,0.026417,-0.035421,0.80083
54,5,-39.0017,356.113,177.94,-0.0463361,0.848692,-0.526071,0.0287219
55,0,335.845,175.488,128.11,0.420962,0.69493,-0.498627,-0.302049
55,1,-95.8094,-295.451,252.05,0.891734,-0.140973,0.067151,-0.424768
55,2,10.9313,350.81,-191.867,-0.00794395,-0.510004,0.860031,0.0133961
55,3,40.7692,-372.974,138.666,-0.819353,-0.0446481,0.0310986,0.570702
55,4,-33.8425,-381.908,-114.023,-0.597305,0.0264131,-0.0354116,0.800796
55,5,-39.5288,355.823,178.403,-0.0470134,0.848996,-0.525499,0.0290997
56,0,334.05,178.902,128.082,0.417408,0.697045,-0.500184,-0.299523
56,1,-98.5757,-299.536,246.092,0.887343,-0.142257,0.0694318,-0.433087
56,2,10.6075,351.661,-190.321,-0.00771872,-0.511898,0.858914,0.0129512
56,3,40.6382,-373.114,138.327,-0.819104,-0.0444753,0.0310081,0.571078
56,4,-33.7408,-381.909,-114.048,-0.597283,0.026333,-0.0353066,0.80082
56,5,-39.8845,356.535,176.896,-0.047277,0.847871,-0.527272,0.0294005
57,0,332.397,182.168,127.779,0.41392,0.698851,-0.501903,-0.29727
57,1,-101.128,-303.127,240.598,0.883272,-0.14345,0.0715576,-0.440605
57,2,10.3117,352.495,-188.789,-0.00751315,-0.513768,0.857804,0.0125442
57,3,40.5423,-373.227,138.05,-0.818899,-0.0443465,0.0309426,0.571384
57,4,-33.7582,-381.915,-114.024,-0.597307,0.0263472,-0.0353233,0.800801
57,5,-39.1264,357.254,175.609,-0.0462422,0.846979,-0.528825,0.028872
58,0,330.876,185.287,127.24,0.410512,0.700378,-0.503755,-0.295265
58,1,-102.503,-306.546,235.633,0.879793,-0.143196,0.0728175,-0.447388
58,2,10.0867,353.3,-187.29,-0.00735855,-0.515591,0.856716,0.0122271
58,3,40.4711,-373.321,137.816,-0.818726,-0.0442486,0.0308949,0.571643
58,4,-33.8543,-381.89,-114.08,-0.597246,0.026421,-0.0354276,0.80084
58,5,-39.6949,356.788,176.428,-0.0470022,0.847541,-0.527833,0.0292721
59,0,329.523,188.271,126.366,0.407158,0.701556,-0.505828,-0.293565
59,1,-102.937,-309.865,231.058,0.876761,-0.14182,0.073379,-0.453644
59,2,10.0225,354.07,-185.832,-0.00732079,-0.517355,0.855654,0.0121079
59,3,40.4252,-373.405,137.602,-0.818566,-0.0441803,0.0308658,0.571878
59,4,-33.7591,-381.91,-114.039,-0.597291,0.0263475,-0.0353252,0.800813
59,5,-40.0754,356.445,177.033,-0.0475186,0.847958,-0.527101,0.0295382
60,0,328.245,191.223,125.256,0.403776,0.702521,-0.508086,-0.292024
60,1,-102.55,-313.074,226.866,0.874138,-0.139519,0.0733224,-0.459393
60,2,10.1249,354.837,-184.359,-0.00740494,-0.519131,0.854576,0.0121898
60,3,40.3991,-373.48,137.405,-0.818419,-0.0441351,0.0308515,0.572094
60,4,-33.84,-381.918,-113.987,-0.597343,0.0264121,-0.0354068,0.800769
60,5,-40.0788,356.536,176.85,-0.047503,0.847824,-0.527318,0.0295453
61,0,326.973,194.185,124.019,0.400345,0.703383,-0.510455,-0.290536
61,1,-101.587,-316.172,222.969,0.871807,-0.136618,0.0728279,-0.464742
61,2,10.3403,355.623,-182.826,-0.00757245,-0.52097,0.853451,0.0124052
61,3,40.3846,-373.548,137.226,-0.818283,-0.0441041,0.0308455,0.57229
61,4,-33.7409,-381.901,-114.074,-0.597255,0.0263324,-0.0353083,0.800841
61,5,-39.4535,357.324,175.395,-0.0466077,0.8468,-0.529064,0.0291195
62,0,325.674,197.205,122.665,0.396816,0.704179,-0.512949,-0.289055
62,1,-100.553,-319.041,219.321,0.869626,-0.133797,0.0722674,-0.469708
62,2,10.5741,356.449,-181.198,-0.00775454,-0.522918,0.852254,0.0126384
62,3,40.368,-373.614,137.052,-0.818152,-0.0440713,0.0308378,0.572481
62,4,-33.7537,-381.929,-113.978,-0.597355,0.0263448,-0.0353158,0.800766
62,5,-38.4482,358.336,173.543,-0.0452301,0.845507,-0.531285,0.0284209
63,0,324.314,200.336,121.185,0.39313,0.704933,-0.515596,-0.28754
63,1,-99.8943,-321.632,215.809,0.867434,-0.131605,0.0719754,-0.474402
63,2,10.5875,357.306,-179.5,-0.00777573,-0.524943,0.851009,0.0126056
63,3,40.3399,-373.682,136.875,-0.818019,-0.0440257,0.0308213,0.572675
63,4,-33.7551,-381.936,-113.954,-0.59738,0.0263466,-0.0353157,0.800747
63,5,-37.747,358.95,172.425,-0.0442936,0.84473,-0.532625,0.0279283
64,0,322.906,203.576,119.535,0.389279,0.705606,-0.518436,-0.286018
64,1,-99.4793,-323.978,212.467,0.865287,-0.129854,0.0718542,-0.478804
64,2,10.6111,358.088,-177.933,-0.00780361,-0.526805,0.849857,0.012589
64,3,40.3145,-373.751,136.693,-0.817883,-0.0439827,0.030807,0.572874
64,4,-33.7269,-381.927,-113.991,-0.597342,0.0263236,-0.0352885,0.800777
64,5,-37.1942,359.298,171.819,-0.0435852,0.844319,-0.533356,0.0275327
65,0,321.488,206.834,117.751,0.38537,0.706172,-0.521394,-0.284534
65,1,-98.6967,-326.174,209.451,0.863417,-0.12777,0.0714434,-0.482786
65,2,10.8519,358.869,-176.339,-0.00799176,-0.52869,0.84868,0.0128288
65,3,40.3062,-373.819,136.51,-0.817744,-0.0439584,0.030806,0.573074
65,4,-33.84,-381.893,-114.071,-0.597255,0.0264099,-0.035412,0.800834
65,5,-36.6985,359.474,171.556,-0.042978,0.844155,-0.533683,0.0271711
66,0,320.031,210.191,115.759,0.3813,0.706618,-0.524572,-0.283066
66,1,-98.0893,-328.222,206.516,0.861552,-0.125985,0.0711574,-0.486613
66,2,11.2012,359.658,-174.701,-0.00826078,-0.530618,0.847468,0.0131936
66,3,40.3031,-373.888,136.32,-0.8176,-0.0439391,0.030809,0.573281
66,4,-33.7765,-381.938,-113.94,-0.597394,0.0263637,-0.0353374,0.800735
66,5,-36.2346,359.542,171.512,-0.0424292,0.844151,-0.533751,0.0268277
67,0,318.476,213.527,113.927,0.377268,0.707162,-0.527602,-0.281474
67,1,-97.5264,-330.24,203.544,0.859642,-0.124281,0.0709063,-0.490452
67,2,11.5611,360.404,-173.133,-0.00853791,-0.532457,0.846305,0.0135704
67,3,40.294,-373.96,136.125,-0.817452,-0.0439129,0.0308076,0.573493
67,4,-33.8008,-381.938,-113.934,-0.5974,0.0263828,-0.0353624,0.800729
67,5,-35.8015,359.535,171.619,-0.0419306,0.844254,-0.533642,0.0265038
68,0,316.792,216.751,112.525,0.373423,0.707963,-0.530216,-0.279668
68,1,-96.772,-332.268,200.583,0.857761,-0.122368,0.070512,-0.494267
68,2,11.8998,361.099,-171.656,-0.00879944,-0.534184,0.845208,0.0139228
68,3,40.2793,-374.031,135.934,-0.817308,-0.043881,0.0308019,0.573702
68,4,-33.7659,-381.916,-114.018,-0.597313,0.0263534,-0.035331,0.800796
68,5,-35.4225,359.465,171.844,-0.0415061,0.844442,-0.533393,0.0262174
69,0,314.992,219.923,111.42,0.369671,0.708955,-0.532554,-0.27769
69,1,-95.7325,-334.305,197.675,0.855955,-0.120142,0.0699018,-0.498016
69,2,12.2023,361.759,-170.239,-0.0090344,-0.535835,0.844154,0.0142328
69,3,40.2596,-374.103,135.742,-0.817163,-0.0438434,0.0307922,0.573912
69,4,-33.8419,-381.878,-114.124,-0.5972,0.0264101,-0.0354173,0.800875
69,5,-35.0584,359.372,172.111,-0.0411027,0.84466,-0.533093,0.0259413
70,0,313.109,223.09,110.426,0.365923,0.710023,-0.534794,-0.275615
70,1,-94.3521,-336.348,194.854,-0.854254,0.117549,-0.0690311,0.501665
70,2,12.4846,362.404,-168.842,-0.00925479,-0.537459,0.843114,0.014518
70,3,40.2344,-374.175,135.55,-0.817019,-0.0438,0.0307784,0.574121
70,4,-33.8871,-381.901,-114.031,-0.597295,0.0264478,-0.0354589,0.800801
70,5,-34.6935,359.28,172.378,-0.0406976,0.844877,-0.532793,0.0256646
71,0,311.158,226.301,109.402,0.362097,0.711082,-0.537077,-0.27349
71,1,-92.4009,-338.4,192.218,-0.852761,0.114332,-0.0677219,0.505115
71,2,12.6953,363.045,-167.442,-0.00942264,-0.539081,0.842073,0.0147187
71,3,40.2016,-374.244,135.371,-0.816884,-0.0437493,0.0307583,0.574317
71,4,-33.6812,-381.919,-114.031,-0.597302,0.0262868,-0.0352431,0.80081
71,5,-34.3503,359.192,172.63,-0.0403164,0.845081,-0.53251,0.0254046
72,0,309.092,229.603,108.372,0.358142,0.712179,-0.539403,-0.271256
72,1,-90.2841,-340.378,189.714,-0.851366,0.110992,-0.0662789,0.508394
72,2,12.7214,363.688,-166.041,-0.00945374,-0.540703,0.841032,0.0147047
72,3,40.1519,-374.31,135.202,-0.816759,-0.0436812,0.0307251,0.574503
72,4,-33.8608,-381.901,-114.04,-0.597287,0.026427,-0.0354319,0.800809
72,5,-34.042,359.111,172.859,-0.039974,0.845266,-0.532253,0.0251711
73,0,306.915,232.998,107.308,0.354047,0.713292,-0.541798,-0.268925
73,1,-88.7353,-342.199,187.152,-0.849819,0.10839,-0.0652605,0.511665
73,2,12.5466,364.319,-164.664,-0.00933511,-0.542294,0.840012,0.0144601
73,3,40.0843,-374.379,135.032,-0.816633,-0.0435933,0.030678,0.574691
73,4,-33.7903,-381.89,-114.098,-0.597228,0.0263704,-0.0353616,0.800857
73,5,-33.8004,359.048,173.037,-0.0397052,0.845411,-0.532052,0.0249881
73,6,-372.233,2.9803,-146.402,-0.396522,0.39971,-0.586716,0.582037
74,0,300.282,242.941,103.972,0.341858,0.716309,-0.548988,-0.262004
74,1,-81.055,-348.036,179.726,-0.845703,0.0971788,-0.0599021,0.521301
74,2,13.5831,366.221,-160.304,-0.0101458,-0.547281,0.836744,0.015512
74,3,39.9605,-374.569,134.542,-0.816267,-0.0434182,0.030597,0.575227
74,4,-33.8109,-381.85,-114.224,-0.597097,0.0263833,-0.035391,0.800954
74,5,-32.9748,358.902,173.5,-0.0387729,0.845796,-0.531537,0.0243667
74,6,-368.459,10.4547,-155.333,-0.38546,0.396553,-0.597434,0.580723
75,0,295.309,249.842,101.842,0.333267,0.718495,-0.553814,-0.256881
75,1,-74.4976,-352.033,174.709,-0.842973,0.0882187,-0.0552343,0.527791
75,2,14.6555,367.544,-157.152,-0.0109781,-0.550854,0.834364,0.0166282
75,3,39.7606,-374.64,134.402,-0.816172,-0.043189,0.0304475,0.575387
75,4,-33.7483,-382.04,-113.608,-0.597742,0.0263501,-0.0352873,0.800478
75,5,-32.609,358.881,173.612,-0.0383515,0.845899,-0.531417,0.0240935
75,6,-368.552,18.333,-154.381,-0.381949,0.401421,-0.603077,0.573824
76,0,290.781,255.633,100.49,0.325996,0.720652,-0.557485,-0.252185
76,1,-69.4937,-354.85,171.032,-0.840914,0.0815674,-0.0516504,0.532486
76,2,14.6094,368.551,-154.779,-0.0109668,-0.553539,0.832588,0.0164954
76,3,39.3533,-374.632,134.543,-0.816303,-0.0427567,0.0301307,0.57525
76,4,-33.7379,-381.857,-114.223,-0.5971,0.0263263,-0.0353144,0.800957
76,5,-32.7603,358.931,173.479,-0.0385184,0.845793,-0.531569,0.0242083
76,6,-370.886,24.0108,-147.875,-0.383924,0.409583,-0.603775,0.565951
77,0,286.423,260.921,99.4087,0.319269,0.722723,-0.560702,-0.247695
77,1,-65.9896,-356.862,168.211,-0.839252,0.0769435,-0.0491432,0.536023
77,2,13.7452,369.296,-153.073,-0.0103338,-0.555475,0.831326,0.0154656
77,3,38.8108,-374.575,134.86,-0.816575,-0.0421909,0.0297054,0.574928
77,4,-33.9051,-382.011,-113.657,-0.597686,0.0264715,-0.0354546,0.800509
77,5,-33.2254,359.012,173.224,-0.0390444,0.84558,-0.531853,0.0245582
77,6,-373.561,27.0876,-140.422,-0.387947,0.417097,-0.601823,0.559764
78,0,282.203,265.913,98.2425,0.312804,0.724539,-0.563859,-0.243434
78,1,-64.3065,-358.344,165.694,-0.837591,0.0745592,-0.0479847,0.539055
78,2,12.1883,369.803,-151.978,-0.00917202,-0.556725,0.830533,0.013683
78,3,38.2865,-374.542,135.101,-0.816788,-0.0416385,0.0292966,0.574687
78,4,-33.7611,-381.894,-114.091,-0.597237,0.0263477,-0.0353305,0.800853
78,5,-33.7788,359.049,173.04,-0.03968,0.845414,-0.532049,0.0249721
78,6,-376.322,25.6398,-133.132,-0.394278,0.422055,-0.596537,0.557277
79,0,278.102,270.638,97.0279,0.306583,0.726149,-0.566939,-0.239364
79,1,-64.0497,-359.441,163.401,-0.835937,0.0738969,-0.0478877,0.541715
79,2,10.3161,370.13,-151.32,-0.00776746,-0.557485,0.83007,0.0115654
79,3,37.8462,-374.556,135.186,-0.816877,-0.041165,0.0289565,0.574612
79,4,-33.7831,-381.875,-114.148,-0.597176,0.0263635,-0.0353572,0.800896
79,5,-34.3137,359.007,173.021,-0.0403082,0.845371,-0.532052,0.0253688
79,6,-378.573,25.0241,-126.713,-0.399423,0.426697,-0.592375,0.554511
80,0,274.091,274.948,96.3221,0.300855,0.727935,-0.5694,-0.235332
80,1,-64.9256,-360.192,161.39,-0.83437,0.0745977,-0.0486337,0.543965
80,2,8.30803,370.32,-150.978,-0.00625725,-0.557888,0.829841,0.00930746
80,3,37.5021,-374.593,135.179,-0.81689,-0.0407892,0.0286927,0.574633
80,4,-33.811,-381.926,-113.969,-0.597363,0.0263899,-0.0353753,0.800756
80,5,-34.8674,358.911,173.11,-0.0409681,0.845405,-0.531928,0.0257771
80,6,-380.436,24.8281,-121.047,-0.403722,0.430929,-0.58895,0.551767
81,0,270.101,278.757,96.6452,0.295772,0.730291,-0.570753,-0.231158
81,1,-65.6923,-360.736,159.857,-0.833162,0.0752434,-0.0492794,0.545665
81,2,6.17329,370.43,-150.809,-0.00465003,-0.558092,0.829737,0.00691339
81,3,37.2167,-374.64,135.13,-0.816869,-0.0404742,0.0284751,0.574697
81,4,-33.8636,-381.886,-114.088,-0.597237,0.026428,-0.0354378,0.800846
81,5,-35.4495,358.777,173.27,-0.0416685,0.845489,-0.531719,0.0262049
81,6,-382.075,23.9823,-115.945,-0.407937,0.434346,-0.585377,0.549786
82,0,266.012,282.1,98.2703,0.291284,0.733479,-0.570774,-0.22667
82,1,-65.8454,-361.167,158.818,-0.832381,0.0752568,-0.0494405,0.54684
82,2,3.73059,370.513,-150.686,-0.00281032,-0.558242,0.829663,0.00417672
82,3,36.9472,-374.687,135.073,-0.81684,-0.0401761,0.0282699,0.574769
82,4,-33.7551,-381.922,-114.002,-0.597331,0.0263454,-0.0353187,0.800784
82,5,-36.1645,358.543,173.607,-0.0425427,0.845694,-0.531298,0.026727
82,6,-383.611,22.5785,-111.053,-0.412288,0.437268,-0.581528,0.548307
83,0,261.844,284.98,101.115,0.287349,0.737444,-0.569525,-0.221918
83,1,-66.1082,-361.541,157.854,-0.831644,0.0754084,-0.0496819,0.547918
83,2,1.03923,370.575,-150.577,-0.000782939,-0.558371,0.82959,0.00116324
83,3,36.7346,-374.737,134.993,-0.81679,-0.0399384,0.028109,0.574864
83,4,-33.7716,-381.904,-114.057,-0.597273,0.0263569,-0.0353394,0.800826
83,5,-36.9982,358.193,174.153,-0.0435786,0.846045,-0.530624,0.0273318
83,6,-384.974,20.7348,-106.608,-0.416543,0.439582,-0.577632,0.547358
84,0,258.151,287.472,103.529,0.283821,0.740849,-0.568471,-0.217783
84,1,-66.5864,-361.941,156.731,-0.830765,0.0757821,-0.0500942,0.54916
84,2,-1.46239,370.553,-150.625,0.00110169,-0.558316,0.829626,-0.00163705
84,3,36.5991,-374.791,134.879,-0.816711,-0.0397821,0.028008,0.574993
84,4,-33.8131,-381.901,-114.055,-0.597273,0.0263894,-0.0353828,0.800822
84,5,-38.0129,357.696,174.952,-0.0448567,0.846569,-0.529643,0.0280639
84,6,-386.112,18.4975,-102.836,-0.420523,0.441152,-0.573857,0.547023
85,0,255.147,289.709,104.73,0.280573,0.743096,-0.568362,-0.214598
85,1,-66.6645,-362.508,155.384,-0.829762,0.0756616,-0.0502136,0.55068
85,2,-3.6713,370.463,-150.81,0.00276535,-0.558104,0.829756,-0.00411135
85,3,36.4887,-374.854,134.733,-0.816605,-0.0396509,0.0279271,0.575155
85,4,-33.8694,-381.897,-114.052,-0.597274,0.0264335,-0.0354416,0.800818
85,5,-39.2833,357.054,175.982,-0.0464669,0.847241,-0.528378,0.0289788
85,6,-386.951,16.6465,-99.9587,-0.423634,0.442251,-0.57088,0.546849
86,0,252.586,291.84,105.023,0.277445,0.744515,-0.569,-0.212039
86,1,-66.3163,-363.239,153.817,-0.828639,0.075022,-0.050019,0.552474
86,2,-5.86901,370.344,-151.032,0.00441993,-0.557845,0.829907,-0.00657554
86,3,36.3691,-374.927,134.562,-0.816481,-0.0395078,0.0278398,0.575346
86,4,-33.8487,-381.886,-114.093,-0.597231,0.0264162,-0.0354225,0.800851
86,5,-40.6924,356.387,177.01,-0.04825,0.8479,-0.527104,0.029995
86,6,-387.457,16.0924,-98.0718,-0.425293,0.443324,-0.569397,0.546239
87,0,250.264,293.919,104.784,0.274373,0.745452,-0.570082,-0.209826
87,1,-65.6731,-364.083,152.088,-0.827423,0.0740278,-0.0496067,0.554463
87,2,-8.52762,370.198,-151.264,0.00642099,-0.557565,0.830054,-0.009559
87,3,36.2429,-375.007,134.374,-0.816344,-0.0393565,0.0277479,0.575554
87,4,-33.6937,-381.94,-113.959,-0.597377,0.0262984,-0.0352517,0.800753
87,5,-41.4453,356.266,177.079,-0.0491534,0.847899,-0.526989,0.03055
87,6,-387.754,15.6137,-96.9713,-0.426348,0.443862,-0.568423,0.545994
88,0,248.076,295.93,104.324,0.27138,0.746162,-0.571329,-0.207793
88,1,-64.6037,-365.048,150.222,-0.826145,0.0725392,-0.0488743,0.556627
88,2,-11.5696,370.037,-151.456,0.00871044,-0.557318,0.830152,-0.0129746
88,3,36.0927,-375.002,134.426,-0.816392,-0.0391969,0.0276312,0.575503
88,4,-33.7463,-381.903,-114.066,-0.597263,0.0263368,-0.0353135,0.800835
88,5,-41.1473,356.706,176.26,-0.0487092,0.84732,-0.527972,0.0303511
88,6,-388.001,14.0099,-96.2215,-0.427797,0.443523,-0.566859,0.546761
89,0,246.045,297.896,103.537,0.268447,0.746564,-0.572844,-0.205981
89,1,-62.6803,-366.082,148.51,-0.825057,0.0701227,-0.0474818,0.558667
89,2,-14.7206,369.851,-151.636,0.0110818,-0.557075,0.830224,-0.0165155
89,3,35.9565,-374.861,134.857,-0.816727,-0.0390803,0.0275156,0.575041
89,4,-33.8092,-381.911,-114.022,-0.597308,0.0263872,-0.0353767,0.800797
89,5,-40.7213,357.024,175.714,-0.0481445,0.84695,-0.528634,0.03005
89,6,-388.225,12.1785,-95.5665,-0.429308,0.442986,-0.565191,0.547739
90,0,244.131,299.768,102.66,0.265638,0.746835,-0.574399,-0.204305
90,1,-60.022,-367.115,147.052,-0.824218,0.0669341,-0.0455144,0.560458
90,2,-17.981,369.608,-151.878,0.0135346,-0.556749,0.830325,-0.0201853
90,3,35.8803,-374.704,135.313,-0.817079,-0.039031,0.0274455,0.574548
90,4,-33.765,-381.898,-114.08,-0.597249,0.0263511,-0.0353338,0.800844
90,5,-40.856,356.902,175.932,-0.0483277,0.8471,-0.528372,0.030144
90,6,-388.412,10.619,-94.993,-0.430604,0.442537,-0.56376,0.548558
91,0,242.267,301.472,102.083,0.26305,0.747267,-0.57562,-0.202628
91,1,-57.2177,-368.122,145.646,-0.823414,0.0636103,-0.0434302,0.562189
91,2,-21.2359,369.271,-152.276,0.0159807,-0.556237,0.830528,-0.0238611
91,3,35.838,-374.608,135.589,-0.817291,-0.0390053,0.0274061,0.57425
91,4,-33.8183,-381.924,-113.974,-0.597357,0.0263955,-0.0353832,0.80076
91,5,-41.4561,356.431,176.744,-0.0491292,0.847653,-0.527386,0.0305668
91,6,-388.586,8.81077,-94.4619,-0.43201,0.441916,-0.562178,0.549576
92,0,240.42,303.082,101.684,0.260581,0.747798,-0.576644,-0.20094
92,1,-55.0253,-369.063,144.099,-0.822439,0.0609735,-0.0418156,0.564028
92,2,-24.3217,368.85,-152.834,0.018296,-0.555538,0.830839,-0.0273628
92,3,35.8543,-374.561,135.715,-0.817386,-0.0390324,0.0274154,0.574112
92,4,-33.7634,-381.884,-114.126,-0.597201,0.0263487,-0.0353351,0.80088
92,5,-41.6613,356.142,177.277,-0.0494324,0.848029,-0.526746,0.0307045
92,6,-388.756,6.25605,-93.9661,-0.433813,0.44085,-0.560086,0.551145
93,0,238.601,304.618,101.378,0.258202,0.748368,-0.577555,-0.199268
93,1,-53.3862,-370.002,142.298,-0.821217,0.05894,-0.0406304,0.566107
93,2,-27.3736,368.293,-153.658,0.0205795,-0.554531,0.831336,-0.0308522
93,3,35.9014,-374.555,135.72,-0.817388,-0.0390841,0.0274513,0.574105
93,4,-33.7514,-381.937,-113.952,-0.597383,0.0263437,-0.0353117,0.800745
93,5,-41.2289,356.268,177.125,-0.0489009,0.847947,-0.526945,0.0303887
93,6,-388.932,2.94681,-93.3986,-0.436089,0.439406,-0.557414,0.553207
94,0,236.812,306.112,101.071,0.25587,0.748912,-0.578449,-0.19763
94,1,-51.708,-371.018,140.257,-0.81981,0.0568529,-0.0394207,0.568441
94,2,-30.4957,367.642,-154.627,0.0229105,-0.553345,0.831924,-0.0344447
94,3,35.9515,-374.574,135.653,-0.817334,-0.0391338,0.0274914,0.574176
94,4,-33.8027,-381.892,-114.086,-0.597241,0.0263804,-0.0353738,0.800847
94,5,-39.9677,356.971,175.996,-0.0472805,0.847207,-0.528333,0.0294849
94,6,-389.126,-0.852102,-92.6277,-0.438781,0.437821,-0.554273,0.555488
95,0,235.084,307.656,100.417,0.253467,0.749183,-0.57967,-0.196117
95,1,-49.8722,-372.1,138.037,-0.81827,0.0545919,-0.0380928,0.570967
95,2,-33.5395,366.988,-155.547,0.025181,-0.552206,0.832462,-0.0379608
95,3,36.0154,-374.616,135.52,-0.817229,-0.0391937,0.0275438,0.574318
95,4,-33.7246,-381.918,-114.022,-0.59731,0.026321,-0.035288,0.800801
95,5,-38.5777,357.719,174.783,-0.0455079,0.846408,-0.529821,0.0284863
95,6,-389.276,-4.7982,-91.8738,-0.441534,0.436125,-0.551028,0.557862
96,0,233.286,309.075,100.251,0.251209,0.749805,-0.580408,-0.194455
96,1,-49.1691,-373.038,135.74,-0.816581,0.0535839,-0.0376334,0.573506
96,2,-36.722,366.345,-156.341,0.0275564,-0.551194,0.832882,-0.0416391
96,3,36.1054,-374.674,135.337,-0.817085,-0.0392782,0.0276175,0.574514
96,4,-33.8253,-381.904,-114.041,-0.597287,0.0263992,-0.0353947,0.800811
96,5,-37.9017,357.939,174.479,-0.0446781,0.846228,-0.530206,0.0279931
96,6,-389.422,-8.57367,-90.9787,-0.444285,0.434611,-0.547821,0.560014
97,0,231.428,310.372,100.55,0.24909,0.750761,-0.580684,-0.192662
97,1,-49.1184,-373.856,133.488,-0.814873,0.0533013,-0.0376733,0.575952
97,2,-39.7547,365.647,-157.233,0.0298148,-0.550064,0.833367,-0.0451705
97,3,36.2037,-374.738,135.133,-0.816925,-0.0393702,0.0276982,0.574732
97,4,-33.7561,-381.91,-114.042,-0.597289,0.0263451,-0.0353223,0.800815
97,5,-37.6553,357.882,174.65,-0.0444037,0.846369,-0.530014,0.0278065
97,6,-389.612,-12.3317,-89.722,-0.447279,0.433346,-0.54442,0.561924
98,0,229.586,311.678,100.732,0.246944,0.75162,-0.581067,-0.190909
98,1,-49.3798,-374.685,131.045,-0.812995,0.0533418,-0.0379613,0.578578
98,2,-42.2769,364.895,-158.317,0.0316818,-0.548726,0.834013,-0.0481535
98,3,36.3122,-374.81,134.902,-0.816743,-0.0394712,0.0277873,0.574979
98,4,-33.7844,-381.918,-114.005,-0.597326,0.0263682,-0.0353496,0.800785
98,5,-37.6843,357.632,175.154,-0.0444879,0.846737,-0.529418,0.0278158
98,6,-389.871,-16.1441,-87.9775,-0.450647,0.432372,-0.54071,0.563564
99,0,227.736,313.063,100.639,0.244677,0.752284,-0.581725,-0.189204
99,1,-50.8914,-375.451,128.245,-0.810749,0.0546974,-0.0392317,0.581511
99,2,-44.6003,364.102,-159.5,0.0333941,-0.547275,0.834734,-0.0509345
99,3,36.4642,-374.892,134.634,-0.816531,-0.0396169,0.0279109,0.575263
99,4,-33.8202,-381.872,-114.15,-0.597174,0.0263925,-0.0353962,0.800896
99,5,-38.029,357.179,176.004,-0.0449811,0.847338,-0.528402,0.0280503
99,6,-390.207,-19.7288,-85.7269,-0.454246,0.431859,-0.536889,0.56472
100,0,225.895,314.562,100.112,0.242246,0.752633,-0.582813,-0.187587
100,1,-52.995,-376.144,125.328,-0.808362,0.0566653,-0.040974,0.584518
100,2,-46.9664,363.259,-160.739,0.0351342,-0.545749,0.835483,-0.0537867
100,3,36.5361,-374.991,134.338,-0.816302,-0.039673,0.0279738,0.575582
100,4,-33.7889,-381.907,-114.042,-0.597287,0.0263707,-0.0353566,0.800814
100,5,-38.6316,356.562,177.119,-0.0458103,0.848115,-0.527059,0.0284687
100,6,-390.574,-23.0582,-83.1875,-0.457905,0.431669,-0.533099,0.5655
101,0,223.929,315.906,100.295,0.239975,0.753513,-0.583209,-0.185737
101,1,-54.7459,-376.843,122.442,-0.806016,0.0582413,-0.0424511,0.58749
101,2,-49.1933,362.584,-161.595,0.0367796,-0.544659,0.835947,-0.0564496
101,3,36.442,-374.976,134.406,-0.816358,-0.0395756,0.0278998,0.575512
101,4,-33.7718,-381.894,-114.091,-0.597237,0.0263562,-0.0353418,0.800853
101,5,-39.2863,355.807,178.489,-0.0467332,0.849074,-0.525407,0.0289185
101,6,-390.905,-26.0015,-80.7298,-0.461289,0.431625,-0.529637,0.566036
102,0,222.044,316.956,101.171,0.238094,0.754834,-0.582868,-0.183851
102,1,-55.7771,-377.602,119.607,-0.803756,0.0590427,-0.0433722,0.590432
102,2,-51.2358,362.044,-162.17,0.0382947,-0.543894,0.836209,-0.0588761
102,3,36.2478,-374.767,135.039,-0.816851,-0.0394113,0.0277344,0.574832
102,4,-33.7429,-381.903,-114.07,-0.59726,0.0263341,-0.0353102,0.800837
102,5,-39.8757,354.926,180.104,-0.0476107,0.850213,-0.523461,0.029313
102,6,-391.124,-28.8466,-78.6735,-0.464328,0.431344,-0.526466,0.566724
103,0,220.488,317.952,101.447,0.236358,0.755608,-0.583035,-0.182376
103,1,-55.8018,-378.48,116.785,-0.801578,0.0587733,-0.0435094,0.593402
103,2,-53.1022,361.505,-162.77,0.039676,-0.543105,0.836498,-0.0611095
103,3,36.1623,-374.526,135.729,-0.81738,-0.0393695,0.0276511,0.574086
103,4,-33.8114,-381.912,-114.018,-0.597312,0.0263889,-0.0353787,0.800794
103,5,-40.5684,353.863,182.031,-0.0486545,0.85157,-0.521129,0.0297747
103,6,-391.262,-31.9757,-76.7581,-0.46742,0.430779,-0.523166,0.567666
104,0,219.261,318.919,101.072,0.234748,0.7558,-0.583768,-0.181315
104,1,-54.7288,-379.493,113.972,-0.799485,0.0573523,-0.0427844,0.59641
104,2,-54.4761,360.624,-164.264,0.0406547,-0.541311,0.83748,-0.0628983
104,3,36.2688,-374.335,136.227,-0.817754,-0.039523,0.0277198,0.573539
104,4,-33.783,-381.908,-114.039,-0.597291,0.0263663,-0.0353503,0.800811
104,5,-41.3775,352.556,184.37,-0.0498972,0.853213,-0.518285,0.0303101
104,6,-391.39,-35.4234,-74.5582,-0.470888,0.430194,-0.519484,0.568624
105,0,218.341,319.798,100.284,0.233337,0.755585,-0.584831,-0.180606
105,1,-53.202,-380.492,111.336,-0.797553,0.0554888,-0.0416916,0.599243
105,2,-55.3676,359.32,-166.803,0.0412321,-0.538327,0.839268,-0.064282
105,3,36.4257,-374.197,136.564,-0.818002,-0.0397197,0.0278313,0.573167
105,4,-33.8392,-381.918,-113.989,-0.597341,0.0264114,-0.035406,0.80077
105,5,-42.1104,350.968,187.212,-0.0511228,0.85522,-0.514819,0.0307746
105,6,-391.452,-38.9742,-72.4314,-0.474356,0.429473,-0.515768,0.569669
106,0,217.606,320.726,98.9064,0.231915,0.754883,-0.586436,-0.180165
106,1,-52.1545,-381.382,108.757,-0.795622,0.0541493,-0.04097,0.601977
106,2,-56.0209,357.869,-169.681,0.0416169,-0.534946,0.841319,-0.0654516
106,3,36.5854,-374.119,136.734,-0.818123,-0.0399072,0.0279492,0.572976
106,4,-33.8306,-381.91,-114.019,-0.597309,0.0264039,-0.0353989,0.800794
106,5,-41.8013,349.208,190.542,-0.0511491,0.857649,-0.510778,0.0304622
106,6,-391.449,-42.5058,-70.4317,-0.47772,0.428654,-0.512133,0.570754
107,0,217.085,321.607,97.1738,0.230613,0.753847,-0.588336,-0.179981
107,1,-51.5149,-382.242,106.007,-0.793521,0.053231,-0.0405747,0.604851
107,2,-56.4233,356.372,-172.671,0.0418091,-0.531426,0.843466,-0.0663584
107,3,36.8196,-374.076,136.79,-0.818153,-0.0401676,0.0281271,0.572906
107,4,-33.7807,-381.887,-114.109,-0.597218,0.0263627,-0.0353522,0.800866
107,5,-39.927,348.852,191.593,-0.0489712,0.858541,-0.509573,0.029066
107,6,-391.428,-46.0007,-68.3204,-0.481139,0.427907,-0.508466,0.57172
108,0,216.681,322.307,95.7447,0.229578,0.752977,-0.589891,-0.179854
108,1,-50.8127,-383.05,103.394,-0.791524,0.05227,-0.0401225,0.607575
108,2,-56.7057,354.947,-175.492,0.0419175,-0.528089,0.845494,-0.0671119
108,3,37.0722,-374.038,136.826,-0.818166,-0.0404465,0.0283195,0.572858
108,4,-33.7879,-381.93,-113.964,-0.597368,0.026372,-0.0353508,0.800753
108,5,-39.7435,349.846,189.811,-0.048538,0.857268,-0.511758,0.0289754
108,6,-391.448,-49.2295,-65.9139,-0.484622,0.427492,-0.504837,0.572304
109,0,216.233,322.879,94.8298,0.228697,0.752486,-0.590937,-0.179599
109,1,-50.1747,-383.697,101.286,-0.789913,0.0514281,-0.0396996,0.609768
109,2,-57.0286,353.622,-178.043,0.0420656,-0.525049,0.847317,-0.0678848
109,3,37.1726,-373.979,136.961,-0.818263,-0.0405667,0.0283929,0.572707
109,4,-33.7504,-381.91,-114.042,-0.597288,0.0263406,-0.0353163,0.800816
109,5,-40.82,349.378,190.443,-0.0499324,0.857648,-0.510942,0.0297471
109,6,-391.516,-52.2357,-63.14,-0.488242,0.427428,-0.501181,0.572488
110,0,215.767,323.489,93.8044,0.227757,0.751919,-0.592097,-0.179347
110,1,-50.2127,-384.036,99.9757,-0.78888,0.0513545,-0.0397816,0.611104
110,2,-57.3173,352.34,-180.475,0.0421922,-0.522136,0.84905,-0.0686092
110,3,37.0885,-373.931,137.115,-0.818385,-0.0404866,0.0283244,0.572542
110,4,-33.9077,-381.894,-114.048,-0.597277,0.0264635,-0.0354815,0.800813
110,5,-40.3532,349.808,189.753,-0.0492782,0.857183,-0.511804,0.0294228
110,6,-391.561,-55.2199,-60.254,-0.491928,0.427422,-0.497483,0.572563
111,0,215.371,324.003,92.9397,0.226964,0.75144,-0.593074,-0.179132
111,1,-50.7542,-384.214,99.0141,-0.788087,0.0518276,-0.0402511,0.612056
111,2,-57.2524,351.048,-182.995,0.0420539,-0.519122,0.850878,-0.0689293
111,3,36.9667,-373.904,137.22,-0.818472,-0.0403615,0.0282285,0.572432
111,4,-33.7329,-381.912,-114.042,-0.597289,0.026327,-0.0352979,0.800816
111,5,-40.1893,349.701,189.984,-0.0491044,0.857361,-0.511529,0.0292973
111,6,-391.574,-58.2027,-57.2912,-0.495665,0.427436,-0.493748,0.572562
112,0,214.856,324.472,92.4931,0.226197,0.7513,-0.593664,-0.178737
112,1,-51.6909,-384.302,98.1835,-0.787369,0.0527155,-0.0410313,0.612852
112,2,-56.9156,349.774,-185.523,0.0417156,-0.516097,0.852733,-0.0689255
112,3,36.8355,-373.89,137.294,-0.818535,-0.0402236,0.0281261,0.572356
112,4,-33.8794,-381.899,-114.04,-0.597286,0.0264416,-0.0354514,0.800808
112,5,-40.2826,349.703,189.961,-0.0492161,0.857338,-0.511553,0.029366
112,6,-391.566,-61.1547,-54.185,-0.499486,0.427531,-0.489962,0.572423
113,0,214.246,325.096,91.714,0.225195,0.750952,-0.594611,-0.178312
113,1,-53.123,-384.308,97.3914,-0.786645,0.0541118,-0.0422069,0.613579
113,2,-56.4263,348.625,-187.822,0.0412747,-0.513341,0.854434,-0.0686998
113,3,36.8068,-373.851,137.408,-0.818623,-0.0402009,0.0281012,0.572233
113,4,-33.7292,-381.909,-114.05,-0.59728,0.0263239,-0.0352946,0.800823
113,5,-40.1965,349.682,190.017,-0.049117,0.857385,-0.511488,0.0293016
113,6,-391.508,-64.2776,-50.8914,-0.50353,0.427602,-0.485954,0.572244
114,0,213.801,325.787,90.2886,0.224145,0.75008,-0.596156,-0.178148
114,1,-54.1692,-384.334,96.7099,-0.786034,0.0551205,-0.0430716,0.614213
114,2,-55.5844,347.546,-190.059,0.0405786,-0.510666,0.856122,-0.0680294
114,3,36.8996,-373.711,137.764,-0.818888,-0.0403298,0.0281629,0.571841
114,4,-33.7832,-381.897,-114.077,-0.597251,0.0263654,-0.0353528,0.800841
114,5,-40.2975,349.665,190.027,-0.0492421,0.857385,-0.511471,0.0293753
114,6,-391.375,-67.3737,-47.8174,-0.507402,0.427518,-0.482082,0.572161
115,0,213.753,326.35,88.3477,0.223367,0.748694,-0.598101,-0.178439
115,1,-54.0743,-384.5,96.1035,-0.785562,0.0549685,-0.043022,0.614833
115,2,-54.3209,346.454,-192.402,0.0395729,-0.507869,0.857924,-0.0668491
115,3,36.9333,-373.48,138.379,-0.819354,-0.0404142,0.0281726,0.571168
115,4,-33.7934,-381.899,-114.068,-0.59726,0.0263736,-0.0353629,0.800833
115,5,-40.4079,349.605,190.114,-0.0493876,0.85744,-0.511361,0.0294539
115,6,-391.188,-70.2621,-45.1157,-0.510895,0.427307,-0.478557,0.57217
116,0,213.956,326.863,85.9275,0.222706,0.746868,-0.600444,-0.179045
116,1,-53.4526,-384.875,94.9424,-0.784689,0.0542298,-0.0425747,0.616043
116,2,-52.8881,345.478,-194.545,0.0384543,-0.505312,0.859594,-0.0654152
116,3,37.0141,-373.247,138.984,-0.819808,-0.0405498,0.0282185,0.570503
116,4,-33.7543,-381.929,-113.977,-0.597356,0.0263454,-0.0353163,0.800765
116,5,-40.2413,349.622,190.118,-0.0491839,0.857455,-0.511363,0.0293319
116,6,-390.977,-72.9488,-42.6062,-0.514141,0.427085,-0.47528,0.57216
117,0,214.346,327.186,83.696,0.222336,0.745109,-0.60254,-0.179794
117,1,-52.604,-385.376,93.3698,-0.783504,0.0532275,-0.0419621,0.617679
117,2,-51.6422,344.649,-196.342,0.0374873,-0.503157,0.860995,-0.0641477
117,3,36.9522,-373.063,139.494,-0.820198,-0.0405215,0.028158,0.569947
117,4,-33.804,-381.894,-114.082,-0.597245,0.0263815,-0.0353749,0.800844
117,5,-40.3813,349.626,190.081,-0.0493512,0.857418,-0.511402,0.0294352
117,6,-390.761,-75.4455,-40.1719,-0.517229,0.426918,-0.472181,0.572067
118,0,214.992,327.286,81.6247,0.22232,0.743374,-0.604397,-0.180757
118,1,-50.4356,-386.015,91.9175,-0.7825,0.0509033,-0.0402841,0.619258
118,2,-50.3779,343.98,-197.838,0.0365193,-0.501368,0.862179,-0.0628006
118,3,36.486,-372.851,140.182,-0.820745,-0.0400621,0.0277842,0.569211
118,4,-33.7999,-381.907,-114.039,-0.59729,0.0263794,-0.0353679,0.800811
118,5,-40.381,349.676,189.989,-0.04934,0.857352,-0.511514,0.0294373
118,6,-390.593,-77.4234,-37.9807,-0.519861,0.426929,-0.469588,0.571807
119,0,215.828,327.228,79.6231,0.222549,0.74162,-0.606125,-0.181889
119,1,-47.3272,-386.72,90.5955,-0.781648,0.0476517,-0.0378425,0.620744
119,2,-48.9637,343.355,-199.273,0.0354468,-0.499652,0.863331,-0.0612473
119,3,35.5883,-372.641,140.968,-0.821388,-0.0391335,0.0270794,0.56838
119,4,-33.7203,-381.925,-114.001,-0.597333,0.0263182,-0.0352822,0.800785
119,5,-40.28,349.66,190.041,-0.0492223,0.857396,-0.511456,0.0293622
119,6,-390.497,-78.9692,-35.7209,-0.522305,0.427254,-0.467276,0.571231
120,0,216.418,327.139,78.3796,0.222771,0.740505,-0.607174,-0.182661
120,1,-43.8464,-387.396,89.453,-0.780945,0.0440539,-0.0350908,0.622055
120,2,-48.1985,342.687,-200.606,0.0348517,-0.498024,0.864349,-0.0604872
120,3,34.4432,-372.55,141.492,-0.821844,-0.0379099,0.0261935,0.567846
120,4,-33.8283,-381.877,-114.128,-0.597196,0.0263993,-0.0354032,0.800879
120,5,-40.4219,349.572,190.172,-0.0494117,0.857481,-0.511289,0.0294627
120,6,-390.478,-80.0591,-33.4317,-0.52452,0.427889,-0.46528,0.570354
121,0,216.539,327.185,77.8523,0.22272,0.740075,-0.607654,-0.182869
121,1,-40.6182,-388.001,88.3462,-0.78024,0.0407287,-0.0325367,0.623305
121,2,-48.2842,342.145,-201.508,0.0348881,-0.496888,0.864984,-0.0607334
121,3,33.3304,-372.522,141.832,-0.822157,-0.0367068,0.0253376,0.56751
121,4,-33.7762,-381.917,-114.012,-0.597319,0.0263616,-0.0353415,0.800791
121,5,-40.3129,349.602,190.14,-0.0492743,0.857465,-0.511333,0.0293838
121,6,-390.555,-80.6539,-31.0076,-0.526556,0.428928,-0.463572,0.569087
122,0,216.196,327.591,77.0915,0.222062,0.73963,-0.60849,-0.18269
122,1,-38.207,-388.582,86.8559,-0.779172,0.0382135,-0.0306471,0.624893
122,2,-48.8773,341.744,-202.045,0.0353032,-0.496182,0.865313,-0.0615668
122,3,32.5289,-372.454,142.196,-0.822472,-0.0358477,0.0247188,0.567137
122,4,-33.788,-381.924,-113.986,-0.597346,0.0263715,-0.0353522,0.80077
122,5,-40.3795,349.669,190.003,-0.0493398,0.857362,-0.511497,0.0294358
122,6,-390.648,-81.1914,-28.3265,-0.52874,0.430147,-0.461767,0.567608
123,0,215.384,328.404,75.8979,0.220726,0.739021,-0.609875,-0.182153
123,1,-36.545,-389.106,85.21,-0.777936,0.0364517,-0.0293605,0.626598
123,2,-49.8896,341.543,-202.137,0.0360354,-0.496014,0.865286,-0.0628631
123,3,32.041,-372.284,142.753,-0.822916,-0.0353473,0.024335,0.56654
123,4,-33.7892,-381.874,-114.15,-0.597174,0.0263682,-0.0353636,0.800898
123,5,-40.3839,349.655,190.028,-0.0493482,0.857379,-0.511467,0.0294385
123,6,-390.768,-81.5874,-25.3754,-0.531031,0.431609,-0.459917,0.565859
124,0,214.751,329.08,74.7562,0.219615,0.738386,-0.611157,-0.181774
124,1,-34.9114,-389.58,83.716,-0.776813,0.0347366,-0.0280887,0.628145
124,2,-51.1844,341.611,-201.699,0.0369892,-0.496496,0.864854,-0.0644321
124,3,31.4143,-371.797,144.154,-0.824005,-0.0347495,0.0238274,0.565013
124,4,-33.7168,-381.94,-113.952,-0.597384,0.0263167,-0.0352755,0.800747
124,5,-40.4161,349.637,190.054,-0.0493907,0.857396,-0.511434,0.0294614
124,6,-390.768,-82.3364,-22.8207,-0.533236,0.432589,-0.458015,0.564578
125,0,214.669,329.318,73.9369,0.219239,0.737805,-0.611972,-0.181848
125,1,-32.6431,-389.844,83.4029,-0.776659,0.0324595,-0.0262688,0.628535
125,2,-52.5829,341.893,-200.858,0.038032,-0.497474,0.864123,-0.0660623
125,3,29.9754,-371.029,146.419,-0.825781,-0.0333031,0.0226871,0.562549
125,4,-33.7748,-381.904,-114.055,-0.597274,0.0263594,-0.0353427,0.800825
125,5,-40.3118,349.629,190.09,-0.0492671,0.85743,-0.511394,0.0293842
125,6,-390.536,-83.9398,-20.8673,-0.535492,0.432625,-0.455815,0.564195
126,0,214.94,329.048,74.3523,0.219687,0.738023,-0.611496,-0.182024
126,1,-29.7729,-389.701,85.1289,-0.778158,0.0296822,-0.023913,0.626911
126,2,-53.9755,342.29,-199.81,0.0390791,-0.498709,0.863242,-0.0676441
126,3,27.6925,-370.295,148.711,-0.827608,-0.0309032,0.020913,0.560065
126,4,-33.8615,-381.906,-114.023,-0.597305,0.026428,-0.0354316,0.800795
126,5,-40.3229,349.637,190.074,-0.0492788,0.857417,-0.511414,0.0293928
126,6,-390.139,-86.1446,-19.2474,-0.537847,0.432043,-0.453358,0.564381
127,0,215.52,328.504,75.0756,0.22059,0.738366,-0.610635,-0.18243
127,1,-26.7446,-389.69,86.1759,-0.779106,0.0267038,-0.0214546,0.625955
127,2,-55.0083,342.919,-198.445,0.0398764,-0.500353,0.862169,-0.0687118
127,3,26.4001,-369.902,149.919,-0.828569,-0.0295301,0.0199139,0.558753
127,4,-33.708,-381.911,-114.052,-0.59728,0.0263072,-0.0352724,0.800825
127,5,-40.4277,349.638,190.049,-0.0494043,0.857392,-0.511439,0.02947
127,6,-389.637,-88.639,-18.0562,-0.540062,0.431001,-0.450917,0.565017
128,0,216.553,327.842,74.9944,0.221724,0.737958,-0.610426,-0.183406
128,1,-23.5296,-389.893,86.1941,-0.779224,0.0234912,-0.0188726,0.62602
128,2,-55.8675,343.303,-197.539,0.0405336,-0.501431,0.861438,-0.0696351
128,3,26.3783,-370,149.681,-0.828391,-0.0294917,0.0199017,0.559019
128,4,-33.9005,-381.904,-114.019,-0.597308,0.0264586,-0.0354722,0.80079
128,5,-40.2617,349.618,190.122,-0.0492094,0.857456,-0.511357,0.0293468
128,6,-389.05,-91.3515,-17.1644,-0.542188,0.429624,-0.448473,0.565975
129,0,217.569,327.387,74.0382,0.22253,0.736904,-0.611066,-0.184529
129,1,-20.0348,-390.159,85.8769,-0.779068,0.0199895,-0.0160727,0.626415
129,2,-56.7845,343.464,-196.998,0.0412218,-0.50205,0.860959,-0.0706908
129,3,27.3142,-370.355,148.63,-0.827562,-0.0304755,0.0206285,0.560167
129,4,-33.7521,-381.909,-114.047,-0.597284,0.0263418,-0.0353183,0.800819
129,5,-40.3764,349.653,190.033,-0.0493395,0.857384,-0.511461,0.0294328
129,6,-388.399,-94.2228,-16.3703,-0.54433,0.428068,-0.44596,0.567082
130,0,217.702,327.395,73.6102,0.222529,0.736542,-0.611442,-0.184733
130,1,-16.5728,-390.512,85.0043,-0.778449,0.0165108,-0.013306,0.62735
130,2,-57.7622,344.104,-195.591,0.0419854,-0.503734,0.859856,-0.0716675
130,3,29.3499,-370.685,147.416,-0.826561,-0.0326714,0.0221928,0.56146
130,4,-33.8464,-381.89,-114.081,-0.597245,0.0264147,-0.0354193,0.800841
130,5,-40.2856,349.714,189.94,-0.0492173,0.857323,-0.511579,0.0293688
130,6,-387.72,-97.1261,-15.495,-0.546545,0.42652,-0.443375,0.568143
131,0,217.353,327.516,74.1008,0.22231,0.737024,-0.611066,-0.184317
131,1,-13.2909,-390.845,84.0469,-0.777743,0.0132199,-0.0106806,0.628353
131,2,-57.9712,345.079,-193.804,0.0422008,-0.505929,0.85856,-0.0716147
131,3,32.0141,-371.001,146.06,-0.825416,-0.035547,0.0242409,0.562883
131,4,-33.7316,-381.925,-113.998,-0.597335,0.0263271,-0.0352938,0.800782
131,5,-40.3595,349.607,190.121,-0.0493292,0.857449,-0.511354,0.0294183
131,6,-386.926,-100.329,-14.9102,-0.548718,0.424583,-0.440716,0.569567
132,0,217.132,327.443,75.064,0.2224,0.737813,-0.610196,-0.183932
132,1,-10.4579,-390.74,84.9271,-0.778492,0.010416,-0.00839595,0.627511
132,2,-57.2744,346.135,-192.121,0.0417486,-0.508041,0.85743,-0.0704598
132,3,33.3692,-371.002,145.753,-0.825118,-0.0370323,0.0252761,0.563178
132,4,-33.7842,-381.908,-114.038,-0.597291,0.0263672,-0.0353515,0.800811
132,5,-40.4002,349.572,190.177,-0.0493857,0.857486,-0.511284,0.0294467
132,6,-385.962,-103.974,-14.9233,-0.550705,0.421983,-0.438032,0.571649
133,0,217.279,327.276,75.3678,0.222673,0.737988,-0.60986,-0.184013
133,1,-8.10326,-390.48,86.3688,-0.779677,0.00808907,-0.00649569,0.626096
133,2,-56.2806,346.956,-190.929,0.0410602,-0.509562,0.856677,-0.0690307
133,3,33.8433,-370.362,147.265,-0.826233,-0.0376718,0.0256006,0.561484
133,4,-33.793,-381.896,-114.077,-0.59725,0.0263731,-0.0353631,0.800841
133,5,-40.3788,349.62,190.094,-0.0493496,0.857427,-0.511387,0.0294331
133,6,-384.864,-107.88,-15.5501,-0.55239,0.418841,-0.435453,0.574298
134,0,217.284,327.443,74.6241,0.222416,0.737436,-0.610579,-0.184155
134,1,-6.36832,-390.427,86.7556,-0.780003,0.00636096,-0.0051028,0.625723
134,2,-54.7546,347.72,-189.981,0.0399716,-0.510809,0.856147,-0.066995
134,3,34.5721,-369.736,148.66,-0.827246,-0.0385915,0.0261199,0.559905
134,4,-33.7723,-381.937,-113.944,-0.59739,0.0263603,-0.0353332,0.800738
134,5,-40.3068,349.653,190.047,-0.0492559,0.857399,-0.511446,0.0293816
134,6,-383.693,-111.815,-16.6354,-0.55375,0.415412,-0.433063,0.577279
134,7,55.7649,-366.189,-150.984,-0.556324,-0.042117,0.0626489,0.82753
135,0,212.818,330.335,74.7483,0.217447,0.739021,-0.611695,-0.179983
135,1,-4.05909,-389.466,91.1018,-0.783493,0.00408274,-0.00323798,0.621379
135,2,-49.1662,351.192,-185.058,0.0360199,-0.517088,0.853107,-0.0594268
135,3,37.7683,-367.618,153.071,-0.830379,-0.0425437,0.028427,0.554845
135,4,-34.2267,-381.727,-114.512,-0.596781,0.0267009,-0.0358451,0.801158
135,5,-40.2571,349.662,190.041,-0.0491942,0.857398,-0.511456,0.0293454
135,6,-380.824,-121.121,-17.3958,-0.558215,0.408229,-0.426386,0.583044
135,7,48.1323,-370.693,-142.372,-0.566299,-0.0366116,0.0531216,0.821671
136,0,207.703,332.905,77.6777,0.212735,0.74286,-0.610217,-0.17475
136,1,-6.24474,-388.059,96.8066,-0.788015,0.00634007,-0.00495291,0.615603
136,2,-48.0241,353.855,-180.223,0.0353244,-0.522947,0.849697,-0.0573961
136,3,39.3287,-365.557,157.549,-0.833628,-0.0447143,0.0294861,0.549723
136,4,-34.5624,-381.64,-114.7,-0.596572,0.0269585,-0.0362094,0.801289
136,5,-40.1335,349.73,189.942,-0.0490311,0.857335,-0.511583,0.0292575
136,6,-379.218,-126.32,-15.3854,-0.562453,0.40548,-0.421388,0.58452
136,7,41.794,-374.875,-133.125,-0.576686,-0.0320475,0.0452955,0.81508
137,0,204.032,334.456,80.6845,0.209657,0.746257,-0.608231,-0.170879
137,1,-9.58054,-386.756,101.625,-0.791792,0.00980544,-0.00756238,0.610665
137,2,-49.756,355.453,-176.572,0.0367194,-0.527198,0.846897,-0.0589865
137,3,39.8753,-364.301,160.296,-0.835638,-0.0455971,0.0298239,0.546571
137,4,-34.8102,-381.601,-114.756,-0.596505,0.0271507,-0.0364731,0.80132
137,5,-40.3726,349.659,190.023,-0.0493337,0.857377,-0.511473,0.0294303
137,6,-377.904,-130.42,-13.3817,-0.566097,0.403493,-0.417225,0.585363
137,7,36.4346,-375.216,-133.738,-0.576237,-0.0279115,0.0395178,0.815849
138,0,201.769,334.979,84.1341,0.208297,0.74952,-0.605413,-0.168248
138,1,-12.2713,-385.577,105.735,-0.79499,0.0126474,-0.00964736,0.606415
138,2,-52.5959,356.068,-174.497,0.0388957,-0.529496,0.845143,-0.0620825
138,3,40.2624,-363.679,161.606,-0.836586,-0.0461676,0.0300794,0.545058
138,4,-35.0015,-381.585,-114.751,-0.596504,0.0273003,-0.0366736,0.801307
138,5,-40.4604,349.52,190.259,-0.0494692,0.857541,-0.511181,0.0294886
138,6,-376.645,-134.154,-11.882,-0.569179,0.401475,-0.413584,0.586346
138,7,38.7853,-374.362,-135.457,-0.574281,-0.0296694,0.0422108,0.817031
139,0,200.074,335.072,87.7356,0.207624,0.752703,-0.602272,-0.166129
139,1,-14.6936,-384.463,109.417,-0.797834,0.0152404,-0.0115105,0.602575
139,2,-55.6269,356.088,-173.514,0.0411854,-0.530482,0.844155,-0.0655382
139,3,40.5243,-363.373,162.227,-0.83703,-0.0465296,0.030259,0.544335
139,4,-35.1286,-381.59,-114.695,-0.596557,0.0274012,-0.0368035,0.801258
139,5,-40.3011,349.6,190.146,-0.0492605,0.857471,-0.511326,0.029375
139,6,-375.53,-137.358,-10.5015,-0.571892,0.399766,-0.410403,0.587109
139,7,38.0604,-374.756,-134.57,-0.575272,-0.0291375,0.0413504,0.816396
140,0,198.167,335.384,90.8135,0.206535,0.755553,-0.599676,-0.163926
140,1,-17.092,-383.382,112.81,-0.800434,0.0178337,-0.0133459,0.599007
140,2,-58.1472,355.821,-173.234,0.0430738,-0.530662,0.843714,-0.0684843
140,3,40.6793,-363.242,162.483,-0.837209,-0.0467333,0.0303682,0.544035
140,4,-35.2212,-381.606,-114.614,-0.596639,0.0274757,-0.0368954,0.80119
140,5,-40.3976,349.744,189.861,-0.0493453,0.857258,-0.51167,0.0294526
140,6,-374.554,-140.11,-8.8786,-0.57454,0.398503,-0.407449,0.587438
140,7,38.4487,-374.743,-134.496,-0.575337,-0.0294376,0.0417676,0.816318
141,0,196.311,335.84,93.1313,0.205241,0.757819,-0.597807,-0.161905
141,1,-18.6877,-382.367,115.957,-0.802846,0.0196073,-0.014548,0.595686
141,2,-59.7243,355.079,-174.218,0.0442127,-0.529408,0.844275,-0.0705083
141,3,41.1591,-363.397,162.014,-0.836831,-0.0472396,0.0307403,0.544553
141,4,-35.3049,-381.62,-114.54,-0.596713,0.0275431,-0.0369785,0.801129
141,5,-40.3087,349.55,190.236,-0.0492805,0.857535,-0.511216,0.0293783
141,6,-373.53,-142.894,-7.53874,-0.577,0.397048,-0.404603,0.587979
141,7,38.3749,-374.693,-134.656,-0.575167,-0.0293766,0.0416998,0.816444
142,0,195.047,335.892,95.5674,0.204654,0.759984,-0.59566,-0.160404
142,1,-20.1648,-381.378,118.929,-0.805114,0.0212698,-0.0156537,0.592531
142,2,-59.4049,354.535,-175.432,0.0439287,-0.527997,0.845189,-0.0703187
142,3,41.6254,-363.665,161.293,-0.836266,-0.0477041,0.0311096,0.545359
142,4,-35.3541,-381.64,-114.458,-0.596797,0.0275838,-0.0370249,0.801063
142,5,-40.3514,349.64,190.063,-0.0493124,0.857407,-0.511426,0.0294138
142,6,-372.361,-145.952,-6.72354,-0.579221,0.395093,-0.401791,0.58904
142,7,38.3521,-374.636,-134.823,-0.574986,-0.0293545,0.041688,0.816573
143,0,194.188,335.663,98.0885,0.204557,0.762081,-0.593318,-0.159258
143,1,-22.0412,-380.345,121.868,-0.807335,0.0233731,-0.0170632,0.589384
143,2,-57.3445,354.606,-175.972,0.0423753,-0.527483,0.845783,-0.0679459
143,3,41.8043,-363.881,160.758,-0.835857,-0.0478561,0.0312585,0.545963
143,4,-35.3609,-381.669,-114.361,-0.596898,0.0275916,-0.0370257,0.800987
143,5,-40.3873,349.7,189.944,-0.0493424,0.857318,-0.51157,0.029443
143,6,-371.088,-149.18,-6.27665,-0.58126,0.3928,-0.399012,0.590453
143,7,38.6324,-374.664,-134.665,-0.575147,-0.029574,0.041981,0.816437
144,0,193.445,335.376,100.507,0.204561,0.764061,-0.591039,-0.158238
144,1,-24.0174,-379.254,124.858,-0.809578,0.0256088,-0.0185416,0.58616
144,2,-55.1169,354.576,-176.743,0.0406922,-0.526702,0.846553,-0.0654033
144,3,41.8857,-364.055,160.343,-0.835544,-0.047908,0.0313312,0.546434
144,4,-35.3411,-381.704,-114.251,-0.597014,0.0275791,-0.0369978,0.800903
144,5,-40.3243,349.583,190.174,-0.0492921,0.857489,-0.511292,0.0293912
144,6,-369.798,-152.351,-6.2236,-0.582975,0.390334,-0.396455,0.592117
144,7,38.5933,-374.674,-134.647,-0.575168,-0.0295444,0.0419369,0.816425
145,0,193.306,334.577,103.397,0.205427,0.766189,-0.588123,-0.157685
145,1,-25.6824,-378.186,127.732,-0.811731,0.0275303,-0.0197744,0.583047
145,2,-53.2062,354.096,-178.283,0.0392216,-0.524983,0.847846,-0.0633427
145,3,41.9638,-364.186,160.023,-0.835301,-0.0479656,0.0313987,0.546795
145,4,-35.3014,-381.743,-114.132,-0.59714,0.0275513,-0.0369484,0.800812
145,5,-40.2928,349.637,190.08,-0.0492426,0.857423,-0.511408,0.0293706
145,6,-368.46,-155.553,-6.34478,-0.584572,0.387742,-0.393942,0.59392
145,7,38.3542,-374.684,-134.687,-0.575134,-0.0293598,0.0416797,0.816469
146,0,193.473,333.553,106.351,0.206682,0.768258,-0.585054,-0.157395
146,1,-26.6821,-377.225,130.344,-0.813698,0.0287416,-0.0204945,0.580215
146,2,-51.7869,353.101,-180.659,0.0380922,-0.522231,0.849696,-0.061978
146,3,42.1144,-364.293,159.74,-0.835081,-0.0481099,0.0315197,0.547112
146,4,-35.2425,-381.786,-114.006,-0.597273,0.0275085,-0.0368785,0.800717
146,5,-40.4187,349.603,190.117,-0.0494012,0.857441,-0.511357,0.0294617
146,6,-367.1,-158.728,-6.59515,-0.586055,0.385092,-0.391494,0.595799
146,7,38.6545,-374.581,-134.89,-0.574902,-0.0295847,0.0420229,0.816606
147,0,193.479,332.674,109.059,0.207682,0.77019,-0.582259,-0.157006
147,1,-27.052,-376.351,132.771,-0.815541,0.0292726,-0.0207316,0.577587
147,2,-50.6509,351.906,-183.293,0.0371688,-0.519136,0.851703,-0.0609798
147,3,42.3617,-364.404,159.422,-0.834828,-0.0483613,0.0317144,0.547464
147,4,-35.1687,-381.832,-113.875,-0.597413,0.0274543,-0.0367927,0.800619
147,5,-40.328,349.673,190.007,-0.0492772,0.857369,-0.511495,0.0293981
147,6,-365.755,-161.783,-7.01889,-0.58734,0.382437,-0.389207,0.597739
147,7,38.4751,-374.619,-134.834,-0.57497,-0.0294486,0.0418229,0.816574
148,0,193.521,331.836,111.51,0.20864,0.771918,-0.579708,-0.156688
148,1,-26.8811,-375.53,135.111,-0.817334,0.0292157,-0.0205555,0.575056
148,2,-49.9081,350.806,-185.592,0.0365497,-0.516405,0.853429,-0.0604032
148,3,42.6923,-364.539,159.025,-0.834512,-0.0486998,0.031974,0.547902
148,4,-35.0808,-381.881,-113.739,-0.597559,0.0273891,-0.0366917,0.800517
148,5,-40.3739,349.577,190.173,-0.049353,0.857485,-0.51129,0.0294276
148,6,-364.403,-164.782,-7.57035,-0.588495,0.379751,-0.387007,0.59974
148,7,38.4455,-374.65,-134.757,-0.575054,-0.029428,0.0417847,0.816517
149,0,193.715,330.949,113.786,0.209724,0.773465,-0.577291,-0.156532
149,1,-26.0561,-374.755,137.405,-0.819114,0.0284415,-0.0198813,0.572581
149,2,-49.8767,349.667,-187.737,0.0364605,-0.513809,0.854979,-0.0606703
149,3,43.2665,-364.778,158.319,-0.833948,-0.0492847,0.0324259,0.54868
149,4,-34.9784,-381.932,-113.599,-0.597709,0.0273128,-0.0365756,0.800413
149,5,-40.3423,349.652,190.041,-0.0492988,0.857392,-0.511452,0.0294077
149,6,-363.047,-167.708,-8.41529,-0.589386,0.376968,-0.384984,0.601919
149,7,38.5276,-374.689,-134.624,-0.575195,-0.0294946,0.0418636,0.816412
150,0,193.483,330.339,115.932,0.210271,0.775049,-0.575101,-0.156025
150,1,-25.3636,-373.906,139.824,-0.820979,0.0278132,-0.019309,0.569954
150,2,-50.4445,348.475,-189.791,0.0368139,-0.511278,0.856409,-0.0616646
150,3,44.0033,-365.2,157.14,-0.833021,-0.050005,0.0330149,0.549987
150,4,-34.8631,-381.985,-113.454,-0.597864,0.0272264,-0.0364455,0.800306
150,5,-40.3595,349.61,190.116,-0.0493286,0.857445,-0.51136,0.0294184
150,6,-361.709,-170.516,-9.55358,-0.589988,0.374129,-0.383174,0.604252
150,7,38.4834,-374.631,-134.8,-0.575007,-0.0294559,0.0418293,0.816547
151,0,192.557,330.167,117.946,0.209958,0.776756,-0.573203,-0.154937
151,1,-25.371,-372.917,142.44,-0.822963,0.0279623,-0.019268,0.567079
151,2,-51.2161,347.358,-191.622,0.0373228,-0.508998,0.857655,-0.0628884
151,3,44.7054,-365.788,155.566,-0.831801,-0.0506416,0.0335908,0.551737
151,4,-34.7355,-382.041,-113.307,-0.598022,0.0271305,-0.0363025,0.800197
151,5,-40.3242,349.633,190.08,-0.0492811,0.857421,-0.511406,0.0293935
151,6,-360.349,-173.292,-10.9061,-0.590404,0.371201,-0.381464,0.606727
151,7,38.4474,-374.605,-134.881,-0.57492,-0.029426,0.0417964,0.816611
152,0,190.387,330.677,120.023,0.208203,0.778897,-0.571518,-0.15277
152,1,-26.471,-371.724,145.329,-0.825106,0.0293413,-0.0200512,0.563859
152,2,-51.7747,346.886,-192.326,0.0377099,-0.508105,0.858109,-0.0636861
152,3,45.375,-366.404,153.914,-0.830522,-0.0512298,0.0341465,0.553572
152,4,-34.6063,-382.099,-113.149,-0.598191,0.0270335,-0.0361573,0.800081
152,5,-40.3354,349.676,189.998,-0.0492852,0.857362,-0.511505,0.0294037
152,6,-359.224,-175.522,-12.2604,-0.59053,0.368712,-0.380192,0.608917
152,7,38.5423,-374.664,-134.689,-0.575125,-0.0295042,0.0418847,0.81646
153,0,187.342,331.594,122.262,0.205476,0.781413,-0.569842,-0.149843
153,1,-28.6278,-370.323,148.462,-0.82738,0.0319326,-0.0216254,0.560317
153,2,-51.6546,347.54,-191.174,0.0376582,-0.509524,0.857294,-0.0633614
153,3,46.4674,-366.701,152.877,-0.829671,-0.0523576,0.0350044,0.554688
153,4,-34.477,-382.161,-112.978,-0.598374,0.0269367,-0.0360111,0.799954
153,5,-40.3559,349.595,190.144,-0.0493275,0.857466,-0.511326,0.0294151
153,6,-358.547,-176.821,-13.3635,-0.590363,0.367106,-0.379583,0.610427
153,7,38.4531,-374.645,-134.768,-0.575042,-0.0294335,0.0417938,0.816525
154,0,184.09,332.665,124.279,0.202413,0.783822,-0.568423,-0.146788
154,1,-31.3815,-368.858,151.522,-0.829555,0.0352245,-0.0236433,0.556811
154,2,-50.7185,348.578,-189.528,0.0370232,-0.511585,0.856195,-0.0619625
154,3,48.1739,-366.611,152.563,-0.829313,-0.054254,0.0363055,0.554957
154,4,-34.344,-382.225,-112.804,-0.598561,0.0268371,-0.035861,0.799824
154,5,-40.2666,349.633,190.092,-0.0492118,0.857434,-0.511393,0.0293511
154,6,-357.98,-177.908,-14.1243,-0.590343,0.365841,-0.378995,0.61157
154,7,38.4048,-374.634,-134.814,-0.574994,-0.0293951,0.0417447,0.816563
155,0,181.055,333.499,126.481,0.19967,0.786278,-0.566733,-0.143918
155,1,-33.6493,-367.442,154.448,-0.831634,0.0379999,-0.0252885,0.553444
155,2,-49.1798,349.42,-188.38,0.035929,-0.513064,0.855503,-0.0599094
155,3,50.4609,-366.257,152.674,-0.829222,-0.0568543,0.0380333,0.554717
155,4,-34.2063,-382.289,-112.628,-0.598749,0.0267339,-0.035706,0.799694
155,5,-40.2669,349.651,190.06,-0.0492084,0.857411,-0.511433,0.0293521
155,6,-357.284,-179.25,-14.7509,-0.590554,0.364428,-0.378124,0.612749
155,7,38.5923,-374.64,-134.741,-0.575066,-0.0295411,0.0419434,0.816497
156,0,177.931,334.196,129.049,0.196951,0.789001,-0.564644,-0.140947
156,1,-35.2178,-366.034,157.413,-0.833766,0.0400178,-0.0263996,0.550033
156,2,-48.4203,350.139,-187.239,0.0354055,-0.514488,0.854745,-0.058821
156,3,53.165,-365.732,153.016,-0.829262,-0.0599582,0.0400695,0.554188
156,4,-34.0702,-382.353,-112.451,-0.598939,0.0266319,-0.0355526,0.799562
156,5,-40.3376,349.654,190.038,-0.0492925,0.85739,-0.511456,0.0294043
156,6,-356.638,-180.492,-15.2175,-0.590833,0.363173,-0.377262,0.613755
156,7,38.4998,-374.627,-134.805,-0.575001,-0.0294683,0.0418476,0.816551
157,0,174.601,334.865,131.832,0.194058,0.791916,-0.562336,-0.1378
157,1,-36.619,-364.665,160.245,-0.835796,0.0418592,-0.0273833,0.546757
157,2,-48.9889,350.772,-185.9,0.0358639,-0.51608,0.85373,-0.0593281
157,3,56.1379,-365.187,153.255,-0.829189,-0.0633609,0.0423139,0.553751
157,4,-33.9961,-382.42,-112.247,-0.599153,0.0265792,-0.0354627,0.799407
157,5,-40.344,349.63,190.083,-0.0493057,0.857422,-0.511402,0.029408
157,6,-356.13,-181.465,-15.5439,-0.59108,0.362207,-0.376567,0.614514
157,7,38.5479,-374.652,-134.721,-0.575089,-0.0295075,0.0418934,0.816484
158,0,171.256,335.426,134.762,0.19119,0.794921,-0.559837,-0.134649
158,1,-37.5219,-363.463,162.748,-0.837601,0.0431201,-0.0279981,0.543858
158,2,-50.0726,351.514,-184.203,0.036714,-0.518072,0.852411,-0.0604075
158,3,59.3676,-364.707,153.18,-0.828844,-0.0670192,0.0447668,0.553644
158,4,-33.9958,-382.488,-112.015,-0.599395,0.026585,-0.035448,0.799226
158,5,-40.4894,349.662,189.992,-0.0494732,0.857346,-0.511506,0.0295165
158,6,-355.546,-182.572,-15.9658,-0.591322,0.361083,-0.375795,0.615415
158,7,38.3959,-374.622,-134.85,-0.574956,-0.0293874,0.0417379,0.816591
159,0,167.952,335.853,137.821,0.188404,0.797985,-0.557154,-0.131544
159,1,-37.6781,-362.415,165.032,-0.839283,0.0435103,-0.0280582,0.541224
159,2,-51.2078,352.287,-182.406,0.037608,-0.520172,0.851012,-0.0615276
159,3,62.7276,-364.331,152.735,-0.828197,-0.0707755,0.0473375,0.553932
159,4,-34.0425,-382.557,-111.763,-0.599656,0.0266281,-0.0354813,0.799028
159,5,-40.3447,349.623,190.095,-0.0493079,0.857431,-0.511387,0.0294081
159,6,-354.807,-183.952,-16.5343,-0.591589,0.359658,-0.374846,0.61657
159,7,38.517,-374.641,-134.761,-0.575047,-0.0294827,0.0418629,0.816517
160,0,164.443,336.335,140.846,0.185347,0.801064,-0.554511,-0.1283
160,1,-37.4112,-361.227,167.677,-0.841254,0.0434469,-0.0277942,0.538174
160,2,-51.7042,352.999,-180.882,0.0380239,-0.521969,0.849864,-0.06191
160,3,65.8685,-363.653,153.028,-0.828101,-0.0743916,0.0497135,0.553393
160,4,-34.133,-382.624,-111.507,-0.59992,0.0267057,-0.03556,0.798823
160,5,-40.3669,349.632,190.073,-0.0493326,0.857413,-0.511413,0.0294249
160,6,-354.063,-185.318,-17.2321,-0.591749,0.35818,-0.373958,0.617815
160,7,38.5529,-374.67,-134.67,-0.575145,-0.0295128,0.0418948,0.816445
161,0,160.392,337.145,143.553,0.181511,0.804049,-0.552281,-0.124675
161,1,-37.0934,-359.739,170.914,-0.843659,0.0433806,-0.0274795,0.534417
161,2,-51.5212,353.813,-179.337,0.0379386,-0.523822,0.848759,-0.0614727
161,3,68.7022,-362.462,154.602,-0.828968,-0.0778695,0.051798,0.551421
161,4,-34.2021,-382.687,-111.27,-0.600163,0.026766,-0.0356175,0.798636
161,5,-40.2366,349.628,190.108,-0.049177,0.857448,-0.511375,0.0293288
161,6,-353.704,-185.927,-18.013,-0.591461,0.357292,-0.373761,0.618724
161,7,38.4302,-374.627,-134.824,-0.574982,-0.0294144,0.0417732,0.816569
162,0,155.855,338.197,146.055,0.177002,0.806994,-0.550328,-0.120706
162,1,-37.1525,-357.954,174.61,-0.846371,0.0438054,-0.0274352,0.53008
162,2,-51.1631,354.743,-177.593,0.0377299,-0.525913,0.847523,-0.0608027
162,3,71.1691,-361.127,156.595,-0.830168,-0.0810235,0.0535803,0.548985
162,4,-34.2258,-382.745,-111.063,-0.600378,0.02679,-0.0356294,0.798473
162,5,-40.4437,349.615,190.089,-0.0494286,0.857419,-0.51139,0.0294807
162,6,-353.87,-185.529,-18.8456,-0.590624,0.35722,-0.374466,0.619138
162,7,38.5524,-374.591,-134.89,-0.574906,-0.0295063,0.0419116,0.816612
163,0,151.124,339.218,148.635,0.172271,0.81001,-0.548278,-0.116607
163,1,-37.9091,-355.883,178.634,-0.849269,0.045105,-0.0278983,0.525289
163,2,-51.6647,355.839,-175.241,0.0381789,-0.528669,0.845766,-0.0610787
163,3,73.2379,-360.119,157.957,-0.830934,-0.083638,0.055087,0.547283
163,4,-34.2275,-382.803,-110.862,-0.600587,0.0267966,-0.0356188,0.798316
163,5,-40.3983,349.653,190.029,-0.049366,0.857379,-0.511465,0.029449
163,6,-354.39,-184.47,-19.4648,-0.589617,0.3578,-0.375657,0.619042
163,7,38.4243,-374.675,-134.694,-0.575123,-0.0294134,0.0417566,0.816471
164,0,146.392,340.119,151.29,0.167543,0.813045,-0.546098,-0.112534
164,1,-39.3772,-353.591,182.819,-0.852224,0.0473071,-0.0288782,0.520233
164,2,-53.0283,357.142,-172.155,0.0392967,-0.532224,0.843395,-0.0622721
164,3,75.13,-359.534,158.402,-0.831037,-0.0859012,0.0565032,0.546631
164,4,-34.2009,-382.864,-110.66,-0.600798,0.026781,-0.0355786,0.79816
164,5,-40.2678,349.618,190.121,-0.0492166,0.857455,-0.511359,0.0293512
164,6,-355.114,-183.025,-19.9048,-0.588551,0.358785,-0.377106,0.618605
164,7,38.4315,-374.645,-134.774,-0.575037,-0.0294167,0.0417707,0.816531
165,0,141.786,340.931,153.828,0.162902,0.815934,-0.543985,-0.108607
165,1,-41.5117,-351.457,186.426,-0.854695,0.0503005,-0.0303557,0.515796
165,2,-53.9837,357.81,-170.463,0.0400675,-0.534149,0.842074,-0.0631655
165,3,77.1957,-359.048,158.511,-0.830867,-0.0883097,0.0580686,0.546342
165,4,-34.1416,-382.925,-110.465,-0.601002,0.0267396,-0.0355049,0.79801
165,5,-40.4308,349.627,190.069,-0.0494105,0.857406,-0.511415,0.0294718
165,6,-355.76,-181.678,-20.6817,-0.587278,0.359516,-0.378611,0.61847
165,7,38.5528,-374.634,-134.772,-0.575034,-0.0295099,0.0419027,0.816522
166,0,137.499,341.669,156.066,0.15852,0.818507,-0.54212,-0.104992
166,1,-43.6627,-349.413,189.748,-0.856937,0.0533341,-0.031845,0.511665
166,2,-53.6878,357.868,-170.435,0.0398476,-0.534199,0.84208,-0.0628134
166,3,79.5652,-358.442,158.71,-0.830716,-0.0910906,0.0598619,0.545921
166,4,-34.0461,-382.99,-110.27,-0.601208,0.0266698,-0.0353935,0.797863
166,5,-40.216,349.654,190.065,-0.0491466,0.857418,-0.511429,0.0293147
166,6,-356.114,-180.848,-21.8342,-0.585981,0.35963,-0.379827,0.618889
166,7,38.507,-374.636,-134.779,-0.575029,-0.0294745,0.0418533,0.81653
167,0,133.334,342.547,157.746,0.154083,0.820635,-0.540838,-0.101548
167,1,-45.7623,-347.823,192.159,-0.858508,0.0562336,-0.0333153,0.508618
167,2,-52.568,357.709,-171.117,0.0389888,-0.533463,0.842677,-0.0615881
167,3,82.1986,-357.777,158.867,-0.830491,-0.094175,0.0618599,0.545518
167,4,-34.0113,-383.051,-110.07,-0.601417,0.0266477,-0.0353449,0.797708
167,5,-40.4227,349.623,190.077,-0.0494016,0.857413,-0.511405,0.0294657
167,6,-356.437,-180.019,-23.3583,-0.5844,0.359553,-0.3812,0.619584
167,7,38.4178,-374.646,-134.775,-0.575036,-0.0294062,0.0417558,0.816533
168,0,129.082,343.756,158.648,0.149283,0.822207,-0.540428,-0.0981219
168,1,-48.1447,-346.841,193.347,-0.859164,0.0593453,-0.0350229,0.50704
168,2,-51.2902,357.937,-171.027,0.0380392,-0.533638,0.842719,-0.0600713
168,3,84.7644,-357.032,159.195,-0.830386,-0.0972214,0.0637989,0.544919
168,4,-34.0979,-383.103,-109.86,-0.601632,0.0267212,-0.0354223,0.79754
168,5,-40.3043,349.643,190.066,-0.0492551,0.857413,-0.511424,0.0293793
168,6,-357.021,-178.678,-24.698,-0.582703,0.359979,-0.382937,0.619865
168,7,38.5201,-374.632,-134.785,-0.575021,-0.0294845,0.0418681,0.816534
169,0,124.953,345.139,158.952,0.144445,0.823302,-0.540659,-0.0948566
169,1,-50.5586,-346.188,193.901,-0.859348,0.0624201,-0.036771,0.506233
169,2,-50.581,358.833,-169.352,0.0375654,-0.535629,0.84155,-0.0590206
169,3,87.1471,-356.119,159.953,-0.830608,-0.100153,0.0655748,0.543837
169,4,-34.1815,-383.156,-109.65,-0.601846,0.0267923,-0.0354965,0.797373
169,5,-40.3209,349.628,190.091,-0.0492784,0.85743,-0.511392,0.0293909
169,6,-357.884,-176.805,-25.6653,-0.581021,0.361016,-0.384973,0.619578
169,7,38.3702,-374.666,-134.733,-0.575084,-0.0293708,0.0417006,0.816503
170,0,121.148,346.611,158.694,0.139838,0.823901,-0.541467,-0.0919012
170,1,-52.1362,-345.837,194.109,-0.859353,0.0644113,-0.0379182,0.505891
170,2,-49.8808,360.187,-166.665,0.03713,-0.538786,0.839633,-0.0578626
170,3,88.7896,-355.055,161.408,-0.831431,-0.102383,0.0667445,0.542019
170,4,-34.1837,-383.213,-109.451,-0.602053,0.0267993,-0.0354866,0.797217
170,5,-40.4021,349.637,190.056,-0.0493737,0.857399,-0.511432,0.0294511
170,6,-358.67,-175.069,-26.5861,-0.579444,0.361955,-0.386868,0.619327
170,7,38.5447,-374.607,-134.848,-0.574952,-0.0295016,0.0418999,0.816581
171,0,117.837,348.117,157.89,0.135678,0.823987,-0.542815,-0.0893798
171,1,-52.7324,-345.843,193.937,-0.859174,0.0651249,-0.0383598,0.50607
171,2,-48.5801,361.797,-163.532,0.036257,-0.542467,0.837426,-0.0559713
171,3,89.6661,-353.894,163.459,-0.832788,-0.103861,0.0672936,0.539582
171,4,-34.1111,-383.274,-109.26,-0.602254,0.0267472,-0.0353994,0.79707
171,5,-40.3368,349.653,190.041,-0.049292,0.857393,-0.511452,0.0294037
171,6,-359.242,-173.738,-27.5775,-0.578018,0.362523,-0.388441,0.619343
171,7,38.5199,-374.652,-134.73,-0.575081,-0.0294858,0.0418636,0.816493
172,0,115.213,349.692,156.338,0.132146,0.823383,-0.544912,-0.0874538
172,1,-52.9861,-346.121,193.372,-0.858746,0.06535,-0.0385636,0.506753
172,2,-46.4162,363.596,-160.137,0.0347395,-0.546464,0.835076,-0.0530871
172,3,90.6156,-352.892,165.095,-0.833829,-0.105347,0.0679213,0.537604
172,4,-33.9631,-383.334,-109.094,-0.602431,0.0266353,-0.0352355,0.796948
172,5,-40.3474,349.706,189.941,-0.0492932,0.857319,-0.511575,0.029414
172,6,-359.763,-172.435,-28.9311,-0.576331,0.362875,-0.390143,0.619639
172,7,38.4054,-374.637,-134.803,-0.575006,-0.0293959,0.0417446,0.816554
173,0,112.664,351.368,154.426,0.128637,0.822487,-0.547392,-0.0856124
173,1,-53.9117,-346.432,192.558,-0.858075,0.0663673,-0.0392679,0.507702
173,2,-44.5647,365.472,-156.347,0.0334613,-0.55086,0.832392,-0.0505626
173,3,91.6653,-352.185,166.022,-0.834338,-0.1068,0.0686661,0.536431
173,4,-33.9008,-383.38,-108.952,-0.60258,0.02659,-0.0351621,0.79684
173,5,-40.3173,349.677,190.001,-0.0492634,0.857365,-0.511502,0.0293904
173,6,-360.571,-170.544,-30.0527,-0.574525,0.363807,-0.392249,0.61944
173,7,38.5777,-374.628,-134.779,-0.575025,-0.0295288,0.0419304,0.816527
174,0,110.184,353.17,152.088,0.125134,0.82125,-0.550326,-0.0838536
174,1,-54.8369,-347.031,191.214,-0.857023,0.0672948,-0.0399908,0.509297
174,2,-42.933,367.118,-152.91,0.0323315,-0.554813,0.829938,-0.0483642
174,3,92.6568,-351.836,166.211,-0.834324,-0.108019,0.0694101,0.536114
174,4,-33.9715,-383.406,-108.837,-0.602697,0.0266486,-0.0352286,0.796746
174,5,-40.3655,349.591,190.149,-0.0493398,0.857468,-0.511321,0.029422
174,6,-361.443,-168.453,-31.3429,-0.572489,0.364798,-0.394596,0.619252
174,7,38.4258,-374.656,-134.744,-0.575069,-0.0294132,0.0417622,0.816509
175,0,108.392,354.876,149.38,0.122378,0.819603,-0.553573,-0.0826562
175,1,-55.1461,-348.107,189.157,-0.855518,0.0673445,-0.0402871,0.511791
175,2,-40.8545,368.275,-150.679,0.0308233,-0.557405,0.828403,-0.0458088
175,3,93.7934,-351.882,165.474,-0.833618,-0.109193,0.070321,0.536854
175,4,-34.0946,-383.419,-108.756,-0.602777,0.0267475,-0.0353516,0.796677
175,5,-40.3261,349.66,190.031,-0.0492777,0.857386,-0.511465,0.0293961
175,6,-362.02,-166.841,-33.2494,-0.570227,0.365074,-0.396794,0.619771
175,7,38.5314,-374.604,-134.859,-0.57494,-0.0294911,0.0418863,0.81659
176,0,107.138,356.478,146.439,0.120219,0.817677,-0.556996,-0.0818924
176,1,-55.4401,-349.389,186.691,-0.853717,0.0673116,-0.0405873,0.514771
176,2,-38.4357,368.996,-149.549,0.0290229,-0.558767,0.827701,-0.0429916
176,3,95.1776,-352.13,164.152,-0.832452,-0.110519,0.0714588,0.538241
176,4,-34.1216,-383.431,-108.704,-0.60283,0.0267701,-0.0353765,0.796635
176,5,-40.4058,349.585,190.151,-0.0493895,0.857467,-0.511316,0.0294514
176,6,-362.387,-165.56,-35.5771,-0.567813,0.364853,-0.398885,0.620776
176,7,38.5043,-374.656,-134.722,-0.57509,-0.0294741,0.0418459,0.816487
177,0,105.951,358.078,143.369,0.118136,0.815632,-0.560533,-0.0811877
177,1,-56.2201,-350.698,183.984,-0.851691,0.0678339,-0.0412563,0.517995
177,2,-36.2677,369.327,-149.271,0.0273888,-0.559161,0.827615,-0.0405381
177,3,96.921,-352.618,162.071,-0.830679,-0.112082,0.0729231,0.540456
177,4,-34.0047,-383.45,-108.672,-0.602867,0.026679,-0.0352531,0.796616
177,5,-40.3229,349.652,190.047,-0.0492755,0.857397,-0.511447,0.0293934
177,6,-363.062,-163.509,-38.0846,-0.564874,0.365119,-0.401708,0.621479
177,7,38.4687,-374.631,-134.802,-0.575004,-0.0294445,0.0418134,0.816551
178,0,105.046,359.482,140.493,0.116449,0.813668,-0.563802,-0.0806889
178,1,-57.1159,-351.841,181.51,-0.849818,0.0685289,-0.042006,0.520911
178,2,-34.5378,369.397,-149.508,0.0260738,-0.558959,0.827885,-0.0386185
178,3,98.8335,-353.333,159.336,-0.8284,-0.113677,0.0745666,0.543388
178,4,-33.9268,-383.465,-108.643,-0.602899,0.0266185,-0.0351705,0.796597
178,5,-40.3767,349.594,190.141,-0.0493526,0.857462,-0.511329,0.0294304
178,6,-363.814,-161.253,-40.459,-0.561934,0.365591,-0.404645,0.621962
178,7,38.5139,-374.643,-134.756,-0.575053,-0.0294804,0.0418591,0.816513
179,0,104.607,360.786,137.445,0.115269,0.811492,-0.567188,-0.080567
179,1,-57.7176,-352.827,179.392,-0.848228,0.068921,-0.0425281,0.523404
179,2,-33.3143,369.144,-150.409,0.0251277,-0.557994,0.828625,-0.0373148
179,3,100.973,-354.123,156.208,-0.825794,-0.115431,0.0764214,0.546717
179,4,-33.813,-383.481,-108.623,-0.602924,0.0265296,-0.035051,0.796586
179,5,-40.3393,349.661,190.027,-0.0492932,0.857382,-0.51147,0.0294059
179,6,-364.599,-158.762,-43.1512,-0.558634,0.366045,-0.407914,0.622531
179,7,38.4614,-374.649,-134.756,-0.575056,-0.0294402,0.0418018,0.816515
180,0,104.418,362.174,133.892,0.114278,0.808892,-0.571074,-0.0806795
180,1,-58.4411,-353.75,177.329,-0.846662,0.0694655,-0.0431408,0.525811
180,2,-33.776,368.472,-151.947,0.0254413,-0.556255,0.829755,-0.0379502
180,3,103.643,-354.93,152.586,-0.822732,-0.117666,0.0787342,0.550516
180,4,-33.7218,-383.482,-108.648,-0.602901,0.0264572,-0.0349578,0.796611
180,5,-40.361,349.603,190.129,-0.0493319,0.857454,-0.511345,0.0294192
180,6,-365.594,-155.501,-46.4826,-0.554463,0.366699,-0.412104,0.623116
180,7,38.5213,-374.619,-134.821,-0.574982,-0.0294844,0.0418723,0.816562
181,0,104.799,363.437,130.119,0.113891,0.806026,-0.575107,-0.0812622
181,1,-58.9419,-354.754,175.144,-0.845026,0.0697221,-0.0435948,0.528365
181,2,-35.6819,367.565,-153.697,0.0268377,-0.554218,0.830965,-0.040239
181,3,107.104,-355.51,148.801,-0.819403,-0.12075,0.0816936,0.554369
181,4,-33.7394,-383.462,-108.713,-0.602834,0.0264694,-0.03498,0.79666
181,5,-40.3431,349.651,190.044,-0.0492999,0.857394,-0.511449,0.0294082
181,6,-366.61,-151.952,-50.0745,-0.549948,0.367374,-0.416642,0.623701
181,7,38.4729,-374.659,-134.722,-0.575091,-0.0294499,0.0418117,0.816489
182,0,105.741,364.402,126.609,0.114188,0.803257,-0.578766,-0.0822749
182,1,-58.7454,-355.708,173.265,-0.843678,0.0691983,-0.0435188,0.530589
182,2,-37.5297,366.607,-155.535,0.0281845,-0.552075,0.832234,-0.0424871
182,3,110.785,-355.692,145.635,-0.816466,-0.124207,0.0848054,0.557462
182,4,-33.6629,-383.454,-108.764,-0.602783,0.0264079,-0.0349036,0.796704
182,5,-40.3839,349.598,190.133,-0.0493604,0.857455,-0.511339,0.0294359
182,6,-367.57,-148.383,-53.6148,-0.545464,0.368036,-0.421167,0.624209
182,7,38.526,-374.594,-134.89,-0.574907,-0.0294861,0.0418829,0.816614
183,0,106.634,365.097,123.828,0.114586,0.801034,-0.581629,-0.0832006
183,1,-57.7045,-356.219,172.563,-0.843267,0.0678587,-0.0427685,0.531476
183,2,-39.0689,365.487,-157.775,0.0292848,-0.549475,0.833813,-0.0444389
183,3,114.027,-355.657,143.199,-0.814119,-0.127316,0.0875387,0.559766
183,4,-33.4309,-383.472,-108.774,-0.602781,0.0262253,-0.0346631,0.796722
183,5,-40.3458,349.638,190.067,-0.049306,0.85741,-0.511421,0.0294096
183,6,-368.681,-144.481,-56.5664,-0.541261,0.369226,-0.425719,0.624076
183,7,38.4745,-374.668,-134.697,-0.575118,-0.0294519,0.0418115,0.81647
184,0,106.81,365.586,122.223,0.114444,0.799801,-0.583314,-0.0834664
184,1,-57.2723,-356.084,172.985,-0.843615,0.06741,-0.0424307,0.531007
184,2,-41.0688,364.12,-160.407,0.0307164,-0.546396,0.835644,-0.0469769
184,3,116.61,-355.645,141.135,-0.812148,-0.129747,0.0897389,0.561719
184,4,-33.1412,-383.507,-108.739,-0.602826,0.0259985,-0.0343602,0.796708
184,5,-40.3265,349.641,190.065,-0.0492821,0.85741,-0.511424,0.0293955
184,6,-370.043,-140.177,-58.466,-0.537658,0.37127,-0.430157,0.622935
184,7,38.4911,-374.624,-134.815,-0.57499,-0.0294614,0.041839,0.816559
185,0,105.924,366.064,121.563,0.113338,0.799442,-0.584114,-0.0828105
185,1,-58.29,-355.319,174.215,-0.844414,0.0688031,-0.0431438,0.5295
185,2,-43.7306,362.609,-163.103,0.0326362,-0.543191,0.837464,-0.0503167
185,3,118.516,-355.762,139.238,-0.810415,-0.131437,0.0914005,0.563558
185,4,-32.8413,-383.552,-108.67,-0.602909,0.0257646,-0.0340446,0.796667
185,5,-40.423,349.594,190.132,-0.0494083,0.857452,-0.511338,0.0294645
185,6,-371.613,-135.648,-59.1894,-0.534832,0.374123,-0.434264,0.620807
185,7,38.4897,-374.644,-134.762,-0.575048,-0.0294617,0.0418331,0.816518
186,0,104.143,366.519,121.729,0.111429,0.79984,-0.584138,-0.0813783
186,1,-60.4261,-354.227,175.704,-0.845285,0.0715799,-0.0446788,0.527611
186,2,-47.0349,361.036,-165.652,0.0350334,-0.5401,0.839108,-0.0544285
186,3,120.03,-355.887,137.614,-0.808948,-0.132744,0.0927361,0.565139
186,4,-32.5193,-383.603,-108.588,-0.603004,0.0255136,-0.0337055,0.796618
186,5,-40.3106,349.658,190.037,-0.0492594,0.857391,-0.511459,0.0293846
186,6,-373.269,-131.001,-59.237,-0.532452,0.377424,-0.438149,0.61812
186,7,38.4546,-374.643,-134.772,-0.575038,-0.0294345,0.0417957,0.816528
187,0,101.981,366.951,122.256,0.109175,0.800563,-0.583816,-0.0796168
187,1,-62.9369,-353.088,177.109,-0.846044,0.0748128,-0.0464935,0.525787
187,2,-50.4806,359.79,-167.341,0.0375563,-0.537972,0.840081,-0.0586469
187,3,121.337,-356.086,135.94,-0.80748,-0.133798,0.0939166,0.566793
187,4,-32.1544,-383.647,-108.539,-0.603067,0.025228,-0.0333239,0.796595
187,5,-40.4114,349.584,190.152,-0.0493964,0.857467,-0.511315,0.0294555
187,6,-374.982,-126.335,-58.5489,-0.530606,0.381145,-0.441691,0.614895
187,7,38.5971,-374.61,-134.824,-0.574976,-0.0295425,0.0419551,0.81656
188,0,99.8502,367.491,122.394,0.106879,0.80098,-0.583898,-0.0779125
188,1,-65.4059,-351.834,178.704,-0.846928,0.0780533,-0.048267,0.523728
188,2,-53.6017,358.807,-168.476,0.0398513,-0.536485,0.840652,-0.0624455
188,3,122.443,-356.429,134.037,-0.805878,-0.134561,0.0949611,0.568715
188,4,-31.9327,-383.668,-108.531,-0.603082,0.0250539,-0.0330932,0.796598
188,5,-40.3532,349.633,190.076,-0.0493161,0.857416,-0.51141,0.0294148
188,6,-376.734,-121.916,-56.6424,-0.529784,0.38539,-0.444442,0.610962
188,7,38.4219,-374.656,-134.748,-0.575065,-0.0294101,0.0417582,0.816512
189,0,98.3294,368.188,121.527,0.105057,0.800544,-0.584977,-0.0767676
189,1,-68.2414,-350.705,179.858,-0.847437,0.0816826,-0.0503292,0.522154
189,2,-55.586,357.509,-170.58,0.0412596,-0.533923,0.842016,-0.065068
189,3,123.645,-356.798,131.937,-0.80411,-0.135379,0.0961038,0.570827
189,4,-31.9143,-383.655,-108.582,-0.60303,0.0250382,-0.033077,0.796639
189,5,-40.3654,349.665,190.014,-0.0493237,0.857371,-0.511485,0.0294253
189,6,-378.239,-118.056,-54.7533,-0.529216,0.389216,-0.446697,0.607374
189,7,38.5646,-374.614,-134.823,-0.574978,-0.0295175,0.0419196,0.816561
190,0,98.0888,368.791,119.884,0.104485,0.799336,-0.58674,-0.0766956
190,1,-70.1789,-349.943,180.596,-0.847739,0.0841665,-0.0517398,0.521131
190,2,-55.5099,356.209,-173.302,0.0411057,-0.530738,0.844011,-0.0653688
190,3,125.336,-357.005,129.763,-0.802191,-0.136724,0.097651,0.57294
190,4,-31.7707,-383.641,-108.674,-0.60294,0.0249231,-0.0329331,0.796717
190,5,-40.321,349.589,190.163,-0.0492869,0.857481,-0.511305,0.0293891
190,6,-379.303,-114.997,-53.8974,-0.528276,0.391859,-0.448751,0.604974
190,7,38.4634,-374.667,-134.705,-0.57511,-0.0294431,0.0418001,0.816477
191,0,98.4274,369.325,117.946,0.104488,0.797818,-0.588747,-0.0771067
191,1,-70.536,-349.391,181.523,-0.848361,0.0847795,-0.0519649,0.519996
191,2,-54.0744,355.199,-175.811,0.03995,-0.527864,0.845969,-0.0640249
191,3,127.304,-356.87,128.208,-0.800668,-0.138534,0.0993735,0.574338
191,4,-31.6088,-383.628,-108.767,-0.602849,0.0247937,-0.0327702,0.796796
191,5,-40.3536,349.655,190.034,-0.0493116,0.857386,-0.511461,0.0294161
191,6,-380.24,-112.113,-53.3712,-0.527174,0.394175,-0.4508,0.602904
191,7,38.4939,-374.631,-134.796,-0.575011,-0.0294641,0.0418404,0.816544
192,0,98.823,369.888,115.833,0.104522,0.796157,-0.590924,-0.0775781
192,1,-70.5698,-348.969,182.321,-0.848929,0.0849769,-0.0519551,0.519037
192,2,-52.1241,354.243,-178.311,0.0384187,-0.525009,0.847962,-0.0620514
192,3,129.266,-356.481,127.324,-0.799634,-0.140504,0.101035,0.57501
192,4,-31.6136,-383.601,-108.863,-0.602749,0.0247951,-0.0327806,0.796871
192,5,-40.3223,349.568,190.201,-0.049293,0.857509,-0.511258,0.0293891
192,6,-381.131,-109.234,-52.9824,-0.525967,0.396398,-0.452893,0.600929
192,7,38.5511,-374.588,-134.899,-0.574896,-0.0295051,0.041911,0.81662
193,0,99.371,370.271,114.126,0.104795,0.79478,-0.592652,-0.0781435
193,1,-71.2231,-348.476,183.007,-0.84934,0.085908,-0.0524106,0.518164
193,2,-49.7671,353.604,-180.243,0.0366121,-0.522834,0.849567,-0.059492
193,3,131.36,-356.005,126.509,-0.798618,-0.142639,0.102803,0.575582
193,4,-31.797,-383.562,-108.947,-0.602656,0.0249371,-0.0329759,0.796929
193,5,-40.3414,349.615,190.11,-0.0493057,0.857442,-0.511369,0.0294054
193,6,-381.968,-106.326,-52.8666,-0.524538,0.398469,-0.455125,0.59912
193,7,38.4926,-374.652,-134.738,-0.575073,-0.0294646,0.0418345,0.8165
194,0,99.6404,370.549,112.984,0.104873,0.793871,-0.593816,-0.078445
194,1,-72.6996,-348.136,183.075,-0.849205,0.0877217,-0.0535057,0.517971
194,2,-47.9192,353.214,-181.504,0.0352084,-0.521422,0.850635,-0.0574382
194,3,133.568,-355.609,125.307,-0.797288,-0.144793,0.104705,0.576545
194,4,-32.1616,-383.503,-109.047,-0.602541,0.0252211,-0.0333604,0.796992
194,5,-40.3796,349.686,189.972,-0.0493362,0.857339,-0.511536,0.0294367
194,6,-382.754,-103.352,-53.0816,-0.522826,0.400376,-0.457554,0.597491
194,7,38.4697,-374.622,-134.828,-0.574976,-0.0294446,0.0418167,0.81657
195,0,98.8384,371.012,112.166,0.103865,0.79336,-0.594752,-0.0778638
195,1,-75.1236,-347.981,182.389,-0.848404,0.0905356,-0.0553419,0.518605
195,2,-47.1743,353.266,-181.598,0.0346558,-0.521345,0.850764,-0.0565536
195,3,135.659,-355.356,123.77,-0.795729,-0.146723,0.106552,0.577871
195,4,-32.7495,-383.418,-109.169,-0.602395,0.0256799,-0.0339784,0.797061
195,5,-40.3987,349.623,190.084,-0.0493728,0.857419,-0.511398,0.0294479
195,6,-383.446,-100.276,-53.9818,-0.520554,0.401928,-0.460382,0.59626
195,7,38.5472,-374.647,-134.736,-0.575074,-0.0295066,0.0418938,0.816495
195,8,370.185,-9.6139,-151.229,-0.399397,-0.389159,0.579288,0.594527
196,0,90.7186,373.215,111.716,0.0951273,0.794101,-0.596035,-0.0714005
196,1,-85.291,-346.881,179.998,-0.845288,0.102395,-0.0630636,0.520601
196,2,-49.7072,355.309,-176.875,0.0366735,-0.526841,0.847123,-0.0589685
196,3,138.623,-355.774,119.198,-0.791743,-0.148798,0.109429,0.582261
196,4,-34.8525,-383.164,-109.412,-0.60207,0.0273257,-0.0361798,0.797155
196,5,-40.294,349.684,189.994,-0.0492339,0.857362,-0.511512,0.0293735
196,6,-386.038,-90.5919,-52.6099,-0.516452,0.409286,-0.467175,0.589499
196,7,38.5218,-374.669,-134.681,-0.575134,-0.0294886,0.0418618,0.816455
196,8,366.483,-2.26653,-160.266,-0.388278,-0.385884,0.589916,0.593576
197,0,82.7293,374.558,113.411,0.0869011,0.796375,-0.594996,-0.0649265
197,1,-93.6405,-345.424,178.644,-0.843034,0.112243,-0.0694222,0.521417
197,2,-53.3117,357.111,-172.133,0.0395086,-0.532234,0.843354,-0.0626036
197,3,138.909,-356.772,115.836,-0.789194,-0.148217,0.110009,0.58575
197,4,-36.4083,-382.999,-109.483,-0.60194,0.0285462,-0.0378031,0.797135
197,5,-40.1641,349.728,189.939,-0.0490683,0.857331,-0.511584,0.0292799
197,6,-387.84,-84.0463,-50.1636,-0.514737,0.41514,-0.47092,0.5839
197,7,38.561,-374.761,-134.415,-0.575421,-0.029526,0.0418834,0.81625
197,8,362.217,-1.85286,-169.691,-0.380367,-0.378426,0.595177,0.598229
198,0,76.506,375.315,115.263,0.080556,0.798492,-0.593578,-0.0598832
198,1,-100.058,-343.769,178.357,-0.84175,0.12001,-0.0742928,0.52109
198,2,-55.1231,358.201,-169.273,0.0409605,-0.535473,0.841101,-0.0643393
198,3,139.678,-357.312,113.218,-0.787088,-0.148374,0.110913,0.588367
198,4,-38.0261,-382.819,-109.561,-0.601798,0.0298154,-0.0394922,0.797114
198,5,-40.4651,349.528,190.243,-0.0494731,0.857529,-0.511201,0.0294925
198,6,-388.838,-79.1988,-50.3237,-0.512022,0.418246,-0.474636,0.581055
198,7,38.4775,-374.61,-134.86,-0.574942,-0.0294497,0.0418276,0.816594
198,8,358.243,-0.0219594,-177.939,-0.372554,-0.372531,0.600991,0.601027
199,0,72.8012,375.792,116.105,0.0767318,0.799527,-0.592984,-0.0569096
199,1,-104.476,-342.173,178.892,-0.841335,0.125581,-0.0776119,0.519963
199,2,-53.9635,358.88,-168.205,0.0401313,-0.53678,0.840422,-0.0628325
199,3,141.951,-356.953,111.508,-0.785339,-0.150426,0.11297,0.58979
199,4,-39.4625,-382.678,-109.544,-0.601758,0.0309451,-0.0409867,0.797026
199,5,-40.1662,349.813,189.783,-0.0490525,0.857218,-0.511775,0.0292853
199,6,-389.245,-75.6104,-52.6422,-0.508425,0.419167,-0.478494,0.580385
199,7,38.4955,-374.668,-134.692,-0.575123,-0.0294682,0.041834,0.816465
199,8,354.98,4.5523,-184.305,-0.364802,-0.36951,0.608172,0.600423
200,0,71.6661,376.21,115.456,0.0754381,0.799143,-0.593749,-0.0560492
200,1,-107.292,-341.276,178.939,-0.840843,0.12906,-0.0797501,0.519583
200,2,-50.7766,358.999,-168.942,0.0377248,-0.536097,0.841233,-0.0591971
200,3,145.413,-356.024,110.008,-0.783483,-0.153833,0.115999,0.590791
200,4,-40.4487,-382.588,-109.5,-0.601763,0.031722,-0.0420106,0.796938
200,5,-40.4341,349.497,190.307,-0.0494427,0.857577,-0.511124,0.0294683
200,6,-389.22,-73.0312,-56.3377,-0.50438,0.418543,-0.4823,0.581213
200,7,38.4461,-374.584,-134.94,-0.574856,-0.0294234,0.0417997,0.816656
200,8,354.034,9.90733,-185.908,-0.360645,-0.370878,0.613544,0.596615
201,0,72.7763,376.454,113.957,0.0764157,0.797877,-0.595234,-0.0570078
201,1,-108.698,-341.082,178.46,-0.840242,0.13065,-0.0808533,0.519988
201,2,-46.7356,359.405,-169.246,0.0347001,-0.535947,0.841776,-0.0545012
201,3,149.855,-354.563,108.759,-0.781578,-0.158383,0.119834,0.591346
201,4,-41.0927,-382.538,-109.436,-0.601802,0.0322305,-0.0426767,0.796852
201,5,-40.3576,349.809,189.751,-0.0492832,0.857181,-0.511807,0.0294261
201,6,-388.942,-71.0217,-60.6646,-0.500182,0.417118,-0.486001,0.582782
201,7,38.5383,-374.706,-134.573,-0.57525,-0.0295042,0.0418712,0.816372
201,8,355.532,15.3728,-182.65,-0.360521,-0.376447,0.61635,0.590276
202,0,75.0262,376.544,112.186,0.0785571,0.79628,-0.596908,-0.0588881
202,1,-109.475,-340.699,178.716,-0.84027,0.131685,-0.0814286,0.51959
202,2,-42.4809,360.602,-167.815,0.0315691,-0.537805,0.84103,-0.0493683
202,3,154.412,-352.85,107.952,-0.779943,-0.163186,0.123737,0.591396
202,4,-41.9242,-382.465,-109.374,-0.601831,0.0328866,-0.0435382,0.796757
202,5,-40.2845,349.506,190.323,-0.049261,0.857599,-0.511111,0.0293585
202,6,-388.568,-69.1242,-65.0918,-0.495962,0.41552,-0.489664,0.58446
202,7,38.4324,-374.551,-135.036,-0.574753,-0.0294103,0.0417924,0.81673
202,8,357.713,20.7633,-177.793,-0.361707,-0.383311,0.618099,0.583262
203,0,76.6865,376.469,111.31,0.0801907,0.795429,-0.597688,-0.0602556
203,1,-110.749,-339.849,179.547,-0.8406,0.133511,-0.0823437,0.518446
203,2,-39.0457,361.589,-166.519,0.0290415,-0.539452,0.840299,-0.0452377
203,3,158.211,-351.328,107.414,-0.778653,-0.167235,0.126991,0.591275
203,4,-42.9815,-382.378,-109.268,-0.601895,0.033722,-0.0446315,0.796614
203,5,-40.3571,349.635,190.07,-0.0493202,0.857412,-0.511417,0.0294178
203,6,-388.172,-67.2754,-69.2557,-0.491951,0.414023,-0.493154,0.585976
203,7,38.4713,-374.684,-134.654,-0.575166,-0.0294506,0.0418046,0.816437
203,8,359.114,24.6596,-174.439,-0.362378,-0.388115,0.619371,0.578298
204,0,77.446,376.512,110.64,0.0808989,0.79483,-0.598324,-0.0608982
204,1,-112.9,-338.771,180.244,-0.840656,0.136393,-0.0839375,0.517349
204,2,-36.2401,362.224,-165.773,0.0269671,-0.540423,0.839916,-0.0419118
204,3,161.216,-350.116,106.903,-0.777552,-0.170418,0.129586,0.591252
204,4,-44.1727,-382.303,-109.056,-0.602062,0.0346669,-0.0458557,0.796377
204,5,-40.325,349.642,190.065,-0.0492802,0.85741,-0.511424,0.0293945
204,6,-387.769,-65.3431,-73.2494,-0.48801,0.412655,-0.49662,0.587308
204,7,38.4928,-374.594,-134.898,-0.5749,-0.0294604,0.0418473,0.816622
204,8,359.741,27.5194,-172.711,-0.362244,-0.391013,0.620682,0.575015
205,0,77.5258,376.446,110.805,0.0810064,0.79495,-0.598146,-0.0609518
205,1,-115.952,-337.517,180.657,-0.840317,0.140318,-0.0862414,0.51647
205,2,-34.0448,362.619,-165.372,0.0253387,-0.540964,0.839743,-0.0393335
205,3,163.383,-349.275,106.363,-0.776621,-0.172664,0.131485,0.591404
205,4,-45.5612,-382.282,-108.558,-0.602513,0.0357778,-0.0472616,0.795905
205,5,-40.3474,349.689,189.973,-0.049297,0.857343,-0.511535,0.0294131
205,6,-387.363,-63.2134,-77.1598,-0.484017,0.411434,-0.500193,0.588436
205,7,38.486,-374.588,-134.918,-0.574878,-0.0294547,0.0418415,0.816637
205,8,359.708,30.3175,-172.311,-0.361046,-0.392756,0.622684,0.57241
206,0,76.9949,376.106,112.32,0.0806583,0.796174,-0.596613,-0.0604413
206,1,-119.47,-336.043,181.113,-0.839886,0.144858,-0.0889038,0.515465
206,2,-33.2619,363.087,-164.504,0.0247737,-0.541993,0.839142,-0.038356
206,3,164.89,-348.702,105.916,-0.775917,-0.174206,0.132819,0.591578
206,4,-46.9812,-382.271,-107.991,-0.603033,0.0369176,-0.0486926,0.795373
206,5,-40.381,349.613,190.106,-0.0493537,0.857436,-0.511372,0.0294344
206,6,-386.953,-60.9334,-80.9619,-0.480017,0.410343,-0.503827,0.589373
206,7,38.4825,-374.697,-134.614,-0.575208,-0.0294603,0.0418137,0.816406
206,8,359.077,32.9577,-173.14,-0.358926,-0.393379,0.625263,0.570501
207,0,75.9158,375.851,113.898,0.0797364,0.797505,-0.595053,-0.0594948
207,1,-123.074,-334.468,181.616,-0.839438,0.149543,-0.0916342,0.514377
207,2,-33.7165,363.826,-162.769,0.0251516,-0.543972,0.837831,-0.0387387
207,3,166.387,-348.125,105.473,-0.775215,-0.175737,0.134146,0.591746
207,4,-48.6852,-382.199,-107.488,-0.603469,0.0382808,-0.0504223,0.79487
207,5,-40.2397,349.614,190.134,-0.0491837,0.857466,-0.511343,0.0293303
207,6,-386.517,-58.48,-84.7604,-0.475919,0.409329,-0.507593,0.590169
207,7,38.4737,-374.55,-135.026,-0.574761,-0.0294422,0.0418366,0.816721
207,8,358.207,34.9067,-174.555,-0.356703,-0.393153,0.627635,0.569446
208,0,75.2558,375.529,115.388,0.0792437,0.798721,-0.593547,-0.0588877
208,1,-126.561,-333.016,181.887,-0.83883,0.154022,-0.0942984,0.513565
208,2,-34.5404,364.84,-160.308,0.025824,-0.546761,0.835958,-0.039483
208,3,168.043,-347.423,105.159,-0.774563,-0.177486,0.135595,0.591748
208,4,-51.5672,-381.647,-108.105,-0.602682,0.0405324,-0.0534768,0.795155
208,5,-40.3879,349.632,190.069,-0.0493579,0.857409,-0.511416,0.0294403
208,6,-386.029,-55.936,-88.615,-0.471725,0.408298,-0.51146,0.590912
208,7,38.5059,-374.716,-134.556,-0.57527,-0.0294799,0.0418346,0.816361
208,8,357.341,36.3317,-176.032,-0.354713,-0.392606,0.629632,0.568862
209,0,74.9681,375.106,116.94,0.0791549,0.799943,-0.591941,-0.058573
209,1,-129.972,-331.548,182.164,-0.838216,0.158427,-0.0969109,0.512741
209,2,-35.4909,366.08,-157.245,0.0266088,-0.550214,0.833625,-0.0403149
209,3,169.853,-346.51,105.264,-0.774174,-0.179538,0.137124,0.591284
209,4,-51.8143,-381.313,-109.158,-0.601579,0.0406855,-0.0538315,0.795958
209,5,-40.3191,349.643,190.064,-0.049273,0.85741,-0.511425,0.0293902
209,6,-385.494,-53.3211,-92.4718,-0.467483,0.407272,-0.515386,0.59158
209,7,38.4797,-374.572,-134.964,-0.574828,-0.0294485,0.0418383,0.816673
209,8,356.333,38.0447,-177.707,-0.352397,-0.392024,0.63198,0.568097
210,0,74.7623,374.652,118.519,0.0791576,0.801176,-0.590296,-0.0583223
210,1,-133.316,-329.871,182.789,-0.837824,0.162902,-0.0994514,0.511492
210,2,-36.2217,367.268,-154.28,0.0272304,-0.553542,0.831371,-0.0408977
210,3,171.794,-345.438,105.637,-0.773942,-0.181827,0.138733,0.590514
210,4,-51.0478,-381.684,-108.221,-0.602589,0.0401177,-0.0529462,0.795282
210,5,-40.3554,349.616,190.106,-0.0493223,0.857438,-0.511373,0.0294157
210,6,-384.922,-50.6552,-96.2745,-0.463245,0.406277,-0.519329,0.592149
210,7,38.4875,-374.699,-134.607,-0.575215,-0.0294643,0.0418186,0.816401
210,8,355.061,39.7102,-179.875,-0.349695,-0.390986,0.63459,0.567573
211,0,74.6648,374.176,120.074,0.0792737,0.802377,-0.588664,-0.0581591
211,1,-136.485,-328.255,183.359,-0.837411,0.167157,-0.101865,0.510318
211,2,-36.3725,368.335,-151.679,0.0274082,-0.556462,0.829416,-0.0408525
211,3,173.812,-344.234,106.263,-0.773864,-0.184291,0.140377,0.589462
211,4,-52.0581,-381.394,-108.76,-0.601978,0.0408937,-0.054049,0.795631
211,5,-40.3061,349.664,190.027,-0.0492526,0.857384,-0.511471,0.0293816
211,6,-384.306,-47.928,-100.06,-0.458979,0.405294,-0.523316,0.592634
211,7,38.4798,-374.624,-134.818,-0.574987,-0.0294526,0.0418268,0.816561
211,8,353.682,41.1395,-182.254,-0.34694,-0.389635,0.637145,0.56733
212,0,74.3771,373.746,121.582,0.0791798,0.80356,-0.587091,-0.0578497
212,1,-139.524,-326.639,183.957,-0.837024,0.171282,-0.104182,0.509117
212,2,-36.244,369.405,-149.084,0.0273755,-0.559371,0.827475,-0.0404964
212,3,175.482,-343.113,107.141,-0.774055,-0.186456,0.14169,0.588215
212,4,-53.5157,-380.725,-110.384,-0.600215,0.0419776,-0.0557255,0.79679
212,5,-40.3949,349.599,190.128,-0.0493734,0.857451,-0.511345,0.029444
212,6,-383.658,-45.0475,-103.812,-0.454648,0.404388,-0.527411,0.592961
212,7,38.527,-374.639,-134.763,-0.575045,-0.0294903,0.0418739,0.816517
212,8,352.221,43.1532,-184.602,-0.343878,-0.388581,0.640163,0.566519
213,0,73.663,373.391,123.096,0.0786273,0.804791,-0.58554,-0.0572067
213,1,-142.548,-325.057,184.439,-0.836538,0.175364,-0.106502,0.508044
213,2,-36.163,370.382,-146.661,0.0273744,-0.562071,0.825657,-0.0402118
213,3,176.653,-342.315,107.767,-0.77419,-0.187984,0.142611,0.587327
213,4,-54.5594,-380.29,-111.369,-0.599133,0.0427593,-0.056915,0.797478
213,5,-40.3108,349.652,190.049,-0.049261,0.8574,-0.511444,0.0293845
213,6,-382.958,-42.0554,-107.586,-0.450232,0.403495,-0.531612,0.593188
213,7,38.4125,-374.637,-134.801,-0.575008,-0.0294014,0.0417522,0.816553
213,8,350.586,45.2584,-187.194,-0.340552,-0.387341,0.643415,0.565693
214,0,72.4717,373.147,124.537,0.0775466,0.806014,-0.584098,-0.0561961
214,1,-145.645,-323.673,184.453,-0.835701,0.179362,-0.108925,0.507513
214,2,-36.1599,371.302,-144.317,0.0274308,-0.564669,0.82389,-0.0400234
214,3,177.493,-341.793,108.046,-0.774162,-0.189027,0.143294,0.586864
214,4,-55.3541,-380.004,-111.95,-0.598483,0.0433609,-0.0578066,0.79787
214,5,-40.3587,349.638,190.065,-0.0493216,0.857408,-0.511423,0.0294191
214,6,-382.174,-39.0118,-111.449,-0.445711,0.40253,-0.535905,0.593394
214,7,38.4933,-374.659,-134.718,-0.575095,-0.0294658,0.0418336,0.816485
214,8,348.796,47.501,-189.96,-0.336987,-0.385991,0.646901,0.564774
215,0,70.9575,372.998,125.847,0.0760935,0.807167,-0.582815,-0.0549433
215,1,-148.763,-322.433,184.138,-0.83462,0.183255,-0.1114,0.507363
215,2,-36.3983,372.27,-141.739,0.0276775,-0.567504,0.821929,-0.040086
215,3,178.25,-341.403,108.032,-0.773942,-0.18988,0.143946,0.586719
215,4,-55.9792,-379.785,-112.383,-0.597997,0.0438347,-0.058507,0.798158
215,5,-40.2459,349.668,190.034,-0.0491797,0.857393,-0.511466,0.0293374
215,6,-381.348,-36.0926,-115.199,-0.44133,0.401533,-0.540055,0.593582
215,7,38.5659,-374.613,-134.825,-0.574976,-0.0295185,0.0419212,0.816563
215,8,346.934,50.0012,-192.709,-0.33328,-0.384757,0.650605,0.56356
216,0,69.3134,372.988,126.791,0.074444,0.808051,-0.581925,-0.0536116
216,1,-151.8,-321.347,183.556,-0.833368,0.186932,-0.113845,0.507537
216,2,-37.036,373.255,-138.957,0.028236,-0.570532,0.819786,-0.0405717
216,3,179.02,-341.029,107.94,-0.77366,-0.190723,0.144621,0.586651
216,4,-56.4716,-379.593,-112.783,-0.597551,0.0442052,-0.0590657,0.798429
216,5,-40.4201,349.605,190.112,-0.0494024,0.857437,-0.511363,0.0294629
216,6,-380.441,-33.2342,-118.997,-0.436934,0.400428,-0.544191,0.593803
216,7,38.4929,-374.649,-134.747,-0.575063,-0.0294646,0.0418355,0.816507
216,8,345.085,52.867,-195.247,-0.329532,-0.383861,0.654498,0.561865
217,0,67.6909,372.896,127.932,0.0728399,0.809079,-0.580819,-0.0522901
217,1,-154.677,-320.357,182.884,-0.832086,0.190363,-0.116182,0.507835
217,2,-37.834,374.27,-135.979,0.0289257,-0.57375,0.817481,-0.0412135
217,3,179.986,-340.522,107.933,-0.773384,-0.191816,0.145453,0.586453
217,4,-56.8681,-379.424,-113.154,-0.597141,0.0445013,-0.0595211,0.798686
217,5,-40.2727,349.663,190.036,-0.0492127,0.857393,-0.511462,0.0293569
217,6,-379.452,-30.3396,-122.865,-0.432452,0.399255,-0.548402,0.594
217,7,39.1255,-374.552,-134.834,-0.574944,-0.0299477,0.0425319,0.816538
217,8,343.389,55.9537,-197.365,-0.326005,-0.383425,0.658329,0.55974
218,0,66.0598,372.498,129.929,0.0713342,0.810754,-0.578788,-0.0509247
218,1,-157.301,-319.137,182.779,-0.83123,0.193728,-0.118275,0.507482
218,2,-38.6859,375.303,-132.858,0.029665,-0.577103,0.815056,-0.0418966
218,3,181.15,-339.803,108.254,-0.773287,-0.193248,0.146412,0.585872
218,4,-57.2141,-379.268,-113.499,-0.59676,0.0447586,-0.0599216,0.798926
218,5,-40.3593,349.625,190.089,-0.0493251,0.857425,-0.511394,0.029419
218,6,-378.455,-27.5247,-126.547,-0.428142,0.398135,-0.552467,0.594107
218,7,39.5299,-374.483,-134.906,-0.574849,-0.0302561,0.0429786,0.81657
218,8,341.675,58.902,-199.471,-0.32255,-0.382913,0.662058,0.55769
219,0,64.2009,371.968,132.356,0.0696267,0.812772,-0.576296,-0.0493688
219,1,-159.952,-317.807,182.794,-0.830426,0.197193,-0.120384,0.506966
219,2,-39.4515,376.07,-130.442,0.0303223,-0.579679,0.813169,-0.0425359
219,3,182.471,-338.833,109.072,-0.773499,-0.195034,0.14744,0.584741
219,4,-57.5535,-379.118,-113.83,-0.596394,0.0450112,-0.060314,0.799156
219,5,-40.4223,349.589,190.142,-0.0494087,0.857459,-0.511326,0.0294638
219,6,-377.394,-24.6348,-130.258,-0.423757,0.396998,-0.556618,0.594137
219,7,39.7849,-374.433,-134.971,-0.574769,-0.03045,0.0432619,0.816604
219,8,339.753,61.7302,-201.884,-0.318885,-0.382044,0.665902,0.555815
220,0,62.0957,371.54,134.543,0.0676051,0.814622,-0.574066,-0.0476415
220,1,-162.233,-316.483,183.082,-0.829896,0.200315,-0.122179,0.506181
220,2,-39.7803,376.712,-128.475,0.0306325,-0.58178,0.811645,-0.0427356
220,3,184.326,-337.497,110.091,-0.773695,-0.19751,0.1489,0.58328
220,4,-57.868,-378.97,-114.162,-0.596029,0.045244,-0.0606807,0.799387
220,5,-40.3105,349.672,190.012,-0.0492563,0.857373,-0.511489,0.0293852
220,6,-376.254,-21.7396,-134.015,-0.419321,0.395792,-0.560809,0.594148
220,7,39.9429,-374.394,-135.032,-0.574696,-0.0305694,0.0434391,0.816642
220,8,338.046,64.257,-203.95,-0.315673,-0.38133,0.669296,0.554058
221,0,60.1136,371.129,136.563,0.0656841,0.816327,-0.571995,-0.0460245
221,1,-163.94,-315.047,184.035,-0.829956,0.20302,-0.123455,0.504693
221,2,-39.7066,377.534,-126.062,0.0306454,-0.584365,0.809799,-0.0424676
221,3,186.47,-335.834,111.554,-0.774109,-0.200494,0.150552,0.581284
221,4,-58.1673,-378.825,-114.492,-0.595666,0.0454649,-0.0610318,0.799619
221,5,-40.3307,349.592,190.154,-0.0492978,0.857475,-0.511315,0.0293964
221,6,-375.08,-18.8223,-137.697,-0.414916,0.394617,-0.564994,0.594057
221,7,40.0344,-374.363,-135.091,-0.574628,-0.030638,0.0435438,0.816681
221,8,336.336,66.9312,-205.909,-0.31246,-0.380766,0.672759,0.552071
222,0,58.3182,370.831,138.143,0.0639027,0.817677,-0.570381,-0.0445761
222,1,-165.263,-313.618,185.288,-0.830318,0.205385,-0.124398,0.502906
222,2,-39.2938,378.574,-123.035,0.0304134,-0.587607,0.807494,-0.0417944
222,3,188.529,-333.995,113.597,-0.774943,-0.203615,0.152051,0.578692
222,4,-58.4738,-378.679,-114.819,-0.595306,0.0456914,-0.0613905,0.799847
222,5,-40.3825,349.675,189.991,-0.049342,0.857353,-0.511512,0.0294383
222,6,-373.862,-15.8756,-141.334,-0.410518,0.393456,-0.569192,0.593875
222,7,40.0772,-374.338,-135.147,-0.574565,-0.0306693,0.0435952,0.816721
222,8,334.248,70.0071,-208.272,-0.308651,-0.379994,0.676834,0.54976
223,0,56.7086,370.631,139.345,0.062272,0.81872,-0.569162,-0.0432906
223,1,-166.527,-312.032,186.828,-0.830866,0.207837,-0.125266,0.500773
223,2,-38.825,379.652,-119.819,0.0301422,-0.591031,0.805039,-0.0410564
223,3,190.441,-332.065,116.038,-0.776081,-0.20675,0.153368,0.5757
223,4,-58.7839,-378.53,-115.151,-0.594939,0.0459205,-0.0617541,0.800078
223,5,-40.3537,349.661,190.024,-0.0493106,0.857379,-0.511474,0.0294165
223,6,-372.574,-12.8829,-144.991,-0.406064,0.392266,-0.573453,0.593625
223,7,40.0858,-374.317,-135.204,-0.574504,-0.0306743,0.0436092,0.816764
223,8,331.914,73.4897,-210.79,-0.304454,-0.379237,0.681372,0.54701
224,0,55.4518,370.349,140.595,0.0610311,0.819767,-0.567864,-0.0422771
224,1,-168.054,-310.542,187.94,0.831046,-0.210446,0.126387,-0.4991
224,2,-37.9273,380.823,-116.342,0.0295423,-0.594727,0.802396,-0.0398579
224,3,192.266,-330.1,118.607,-0.777312,-0.209869,0.154592,0.572575
224,4,-59.096,-378.38,-115.482,-0.594573,0.0461509,-0.0621202,0.800309
224,5,-40.3855,349.632,190.069,-0.0493549,0.857409,-0.511417,0.0294386
224,6,-371.238,-9.89804,-148.607,-0.401632,0.391066,-0.577703,0.593311
224,7,40.0703,-374.299,-135.258,-0.574445,-0.0306608,0.0435968,0.816806
224,8,329.442,77.0884,-213.367,-0.300114,-0.378447,0.686075,0.544068
225,0,53.9395,369.917,142.31,0.0595556,0.821183,-0.566063,-0.0410532
225,1,-170.029,-309.481,187.914,0.830355,-0.213079,0.127979,-0.498728
225,2,-36.9009,381.761,-113.563,0.0288184,-0.597675,0.80029,-0.038588
225,3,193.89,-328.272,121.012,-0.778467,-0.212729,0.155667,0.569652
225,4,-59.4174,-378.229,-115.813,-0.594207,0.0463887,-0.0624966,0.800538
225,5,-40.391,349.614,190.101,-0.0493655,0.857432,-0.511378,0.0294419
225,6,-369.831,-6.95405,-152.239,-0.397193,0.389794,-0.581945,0.592991
225,7,40.044,-374.282,-135.312,-0.574387,-0.0306391,0.0435726,0.816849
225,8,326.895,80.2474,-216.103,-0.295862,-0.377276,0.690555,0.541537
226,0,52.1431,369.751,143.407,0.0576853,0.82215,-0.564952,-0.0396393
226,1,-172.492,-308.779,186.822,0.828827,-0.215807,0.130072,-0.499554
226,2,-34.9764,382.602,-111.322,0.0273718,-0.600082,0.79864,-0.0364287
226,3,195.249,-326.69,123.091,-0.779463,-0.215176,0.156558,0.567121
226,4,-59.7542,-378.07,-116.156,-0.593826,0.0466378,-0.0628911,0.800775
226,5,-40.3296,349.639,190.07,-0.0492865,0.857413,-0.511418,0.0293978
226,6,-368.35,-4.02633,-155.89,-0.392729,0.38846,-0.586203,0.592646
226,7,40.0152,-374.264,-135.37,-0.574326,-0.0306154,0.0435458,0.816894
226,8,324.27,83.1674,-218.934,-0.291636,-0.375873,0.694937,0.539195
227,0,50.2028,370.111,143.17,0.0555031,0.82212,-0.565315,-0.0381657
227,1,-175.144,-308.576,184.676,-0.826573,0.218226,-0.132432,0.501614
227,2,-32.4323,383.203,-110.015,0.0254097,-0.601528,0.797736,-0.0336979
227,3,196.332,-325.44,124.671,-0.780193,-0.217113,0.157278,0.565177
227,4,-60.1205,-377.897,-116.531,-0.59341,0.0469085,-0.063321,0.801034
227,5,-40.3759,349.627,190.081,-0.0493446,0.857418,-0.511403,0.0294313
227,6,-366.735,-1.07373,-159.701,-0.388106,0.386972,-0.590584,0.592315
227,7,39.9844,-374.245,-135.434,-0.574258,-0.0305899,0.0435174,0.816944
227,8,321.581,85.9872,-221.792,-0.287418,-0.374367,0.69929,0.536874
228,0,48.1474,370.807,142.07,0.0531071,0.821442,-0.566631,-0.0366333
228,1,-177.166,-308.809,182.345,-0.824418,0.219693,-0.134311,0.504014
228,2,-29.6334,383.716,-109.013,0.0232361,-0.602655,0.797071,-0.0307321
228,3,197.407,-324.231,126.114,-0.780821,-0.219,0.158012,0.563374
228,4,-60.5883,-377.691,-116.954,-0.592937,0.0472566,-0.0638646,0.80132
228,5,-40.3325,349.63,190.085,-0.0492918,0.857424,-0.5114,0.0293995
228,6,-364.991,1.83075,-163.64,-0.383385,0.385313,-0.595014,0.592037
228,7,39.957,-374.222,-135.505,-0.574181,-0.0305669,0.0434935,0.817001
228,8,318.877,88.8898,-224.535,-0.283228,-0.372979,0.703667,0.534342
229,0,46.3367,371.501,140.853,0.0509816,0.820651,-0.568056,-0.0352896
229,1,-178.15,-309.884,179.539,-0.822332,0.219531,-0.1354,0.507191
229,2,-27.3767,384.083,-108.31,0.0214791,-0.60345,0.796607,-0.0283543
229,3,198.285,-322.89,128.16,-0.781917,-0.22092,0.158493,0.560964
229,4,-61.1925,-377.452,-117.413,-0.592417,0.0477099,-0.0645581,0.801622
229,5,-40.366,349.641,190.058,-0.0493296,0.857402,-0.511431,0.0294246
229,6,-363.18,4.5243,-167.57,-0.37876,0.383508,-0.599291,0.591872
229,7,39.9346,-374.197,-135.581,-0.5741,-0.0305475,0.0434752,0.817059
229,8,316.117,92.1721,-227.099,-0.278952,-0.371903,0.708271,0.53125
230,0,45.0082,371.896,140.242,0.0494561,0.820279,-0.568789,-0.0342933
230,1,-178.086,-311.64,176.539,-0.820484,0.217897,-0.135656,0.510807
230,2,-25.547,384.329,-107.882,0.0200504,-0.603942,0.796338,-0.0264378
230,3,199.106,-321.455,130.475,-0.783202,-0.222906,0.158888,0.558267
230,4,-61.8708,-377.191,-117.893,-0.591869,0.04822,-0.0653341,0.801934
230,5,-40.3441,349.605,190.129,-0.0493112,0.857455,-0.511345,0.0294069
230,6,-361.241,7.16317,-171.62,-0.374043,0.381533,-0.60361,0.59176
230,7,39.9231,-374.173,-135.648,-0.574027,-0.0305368,0.0434682,0.817111
230,8,313.335,95.6526,-229.503,-0.274678,-0.371043,0.71296,0.527794
231,0,43.8625,371.737,141.023,0.0482656,0.820944,-0.567984,-0.0333934
231,1,-177.607,-312.973,174.652,-0.819465,0.216315,-0.13546,0.513162
231,2,-24.0711,384.532,-107.498,0.018898,-0.604376,0.796086,-0.0248925
231,3,200.084,-319.909,132.758,-0.784397,-0.225096,0.159425,0.555551
231,4,-62.5697,-376.919,-118.393,-0.591298,0.0487451,-0.066136,0.802257
231,5,-40.3659,349.653,190.034,-0.0493269,0.857385,-0.51146,0.0294252
231,6,-359.212,9.67171,-175.708,-0.369337,0.379415,-0.607867,0.59172
231,7,39.9277,-374.152,-135.705,-0.573966,-0.0305387,0.0434779,0.817154
231,8,310.576,99.1883,-231.741,-0.270497,-0.370345,0.717607,0.524134
232,0,42.5373,371.329,142.496,0.0469364,0.822142,-0.566422,-0.0323373
232,1,-177.183,-313.597,173.963,-0.819176,0.215416,-0.135184,0.514073
232,2,-22.862,384.656,-107.316,0.0179511,-0.604593,0.795982,-0.0236336
232,3,200.913,-318.535,134.794,-0.785465,-0.227019,0.159868,0.553127
232,4,-63.2977,-376.635,-118.91,-0.590705,0.0492917,-0.0669727,0.802591
232,5,-40.323,349.591,190.158,-0.0492887,0.857477,-0.511311,0.0293907
232,6,-357.153,11.9046,-179.721,-0.364812,0.377175,-0.611879,0.591824
232,7,39.9426,-374.133,-135.753,-0.573912,-0.0305487,0.0434982,0.81719
232,8,307.809,102.702,-233.892,-0.266381,-0.369696,0.722202,0.520375
233,0,40.7858,371.092,143.623,0.0450967,0.823101,-0.565254,-0.0309696
233,1,-176.802,-313.966,173.684,-0.819131,0.214779,-0.1349,0.514487
233,2,-21.7174,384.615,-107.702,0.0170451,-0.60422,0.796318,-0.0224643
233,3,201.403,-317.646,136.155,-0.786194,-0.228237,0.160109,0.551517
233,4,-64.074,-376.325,-119.474,-0.590059,0.0498736,-0.0678682,0.802955
233,5,-40.3694,349.659,190.024,-0.0493298,0.857377,-0.511473,0.0294279
233,6,-355.071,13.7796,-183.669,-0.360504,0.374766,-0.615581,0.592155
233,7,39.9659,-374.114,-135.799,-0.573862,-0.0305653,0.0435273,0.817223
233,8,304.965,106.148,-236.069,-0.262253,-0.368967,0.726791,0.516587
234,0,38.6141,370.774,145.037,0.0428073,0.824296,-0.563778,-0.0292781
234,1,-176.448,-314.092,173.816,-0.819335,0.214384,-0.134597,0.514406
234,2,-20.5775,384.581,-108.048,0.0161444,-0.603887,0.796622,-0.021297
234,3,201.891,-316.905,137.156,-0.786681,-0.229297,0.160398,0.550298
234,4,-64.8994,-375.992,-120.077,-0.589368,0.0504917,-0.0688231,0.803343
234,5,-40.342,349.606,190.127,-0.0493085,0.857454,-0.511347,0.0294054
234,6,-353.014,15.1884,-187.484,-0.356529,0.372198,-0.618838,0.592785
234,7,39.9925,-374.091,-135.854,-0.573801,-0.0305841,0.0435609,0.817264
234,8,302.08,109.575,-238.203,-0.258148,-0.368246,0.731363,0.512701
235,0,36.7522,370.308,146.702,0.0408719,0.825656,-0.562003,-0.0278205
235,1,-175.879,-314.018,174.525,-0.819978,0.213992,-0.134058,0.513685
235,2,-19.106,384.722,-107.816,0.0149925,-0.604156,0.796479,-0.0197651
235,3,202.284,-316.13,138.359,-0.787333,-0.230338,0.160577,0.548877
235,4,-65.7792,-375.634,-120.716,-0.588633,0.0511502,-0.0698432,0.803752
235,5,-40.3587,349.638,190.065,-0.0493216,0.857408,-0.511423,0.0294191
235,6,-351.099,16.6416,-190.926,-0.352824,0.369943,-0.621944,0.593163
235,7,40.0188,-374.063,-135.925,-0.573723,-0.0306023,0.0435955,0.817316
235,8,299.244,112.987,-240.181,-0.254171,-0.367655,0.735831,0.508703
236,0,35.2658,369.921,148.036,0.0393187,0.82674,-0.560575,-0.0266603
236,1,-175.028,-313.844,175.69,-0.821004,0.213458,-0.133243,0.512479
236,2,-17.2244,384.954,-107.301,0.0135221,-0.604724,0.796121,-0.0178019
236,3,202.59,-315.155,140.122,-0.78838,-0.231539,0.160606,0.546857
236,4,-66.791,-375.232,-121.408,-0.587831,0.0519088,-0.0710142,0.804187
236,5,-40.3699,349.604,190.125,-0.0493423,0.85745,-0.511349,0.0294258
236,6,-349.267,18.0436,-194.131,-0.349328,0.367841,-0.624892,0.593442
236,7,40.0446,-374.03,-136.008,-0.573631,-0.0306197,0.0436305,0.817377
236,8,296.441,116.321,-242.058,-0.250312,-0.367113,0.74018,0.504684
237,0,33.6986,369.399,149.695,0.0376922,0.828069,-0.558779,-0.0254346
237,1,-174.325,-313.287,177.376,-0.822307,0.213378,-0.132497,0.510612
237,2,-15.1139,385.294,-106.395,0.0118752,-0.605694,0.795456,-0.0155957
237,3,202.519,-314.145,142.475,-0.789943,-0.232558,0.160233,0.544272
237,4,-67.9805,-374.778,-122.149,-0.586963,0.0528035,-0.0723858,0.80464
237,5,-40.4514,349.567,190.175,-0.0494482,0.857481,-0.511285,0.0294842
237,6,-347.524,19.5868,-197.087,-0.345954,0.366001,-0.627837,0.593448
237,7,40.067,-373.994,-136.1,-0.57353,-0.0306343,0.0436628,0.817447
237,8,293.589,119.564,-243.946,-0.246468,-0.366498,0.74449,0.500667
238,0,31.5265,368.45,152.482,0.0354562,0.830268,-0.555729,-0.0237322
238,1,-173.918,-312.21,179.66,-0.823882,0.213993,-0.131935,0.507955
238,2,-12.7191,385.611,-105.559,0.0100013,-0.60659,0.794844,-0.0131052
238,3,202.159,-312.981,145.515,-0.792051,-0.233557,0.159522,0.54098
238,4,-69.3354,-374.278,-122.917,-0.586052,0.0538255,-0.0739434,0.805095
238,5,-40.4118,349.616,190.094,-0.0493902,0.857426,-0.511385,0.0294572
238,6,-345.969,20.9567,-199.666,-0.342984,0.364389,-0.630438,0.593406
238,7,40.0835,-373.956,-136.2,-0.573421,-0.0306441,0.043689,0.817521
238,8,290.612,122.831,-245.881,-0.242536,-0.365822,0.748888,0.496505
239,0,29.2619,367.28,155.722,0.0331229,0.8328,-0.552146,-0.0219605
239,1,-173.426,-311.084,182.071,-0.825559,0.214575,-0.131295,0.505146
239,2,-10.0065,385.737,-105.39,0.0078692,-0.606795,0.794752,-0.0103067
239,3,201.85,-311.714,148.629,-0.794174,-0.23468,0.158852,0.537568
239,4,-70.7849,-373.743,-123.717,-0.585096,0.0549189,-0.0756125,0.805561
239,5,-40.2113,349.68,190.017,-0.0491352,0.857384,-0.511487,0.0293125
239,6,-344.458,22.4185,-202.104,-0.340077,0.36293,-0.633052,0.59319
239,7,40.1058,-373.92,-136.293,-0.573319,-0.0306585,0.0437211,0.817591
239,8,287.565,126.108,-247.797,-0.238585,-0.365146,0.75331,0.492209
240,0,27.1757,365.995,159.089,0.0309724,0.835405,-0.548385,-0.0203312
240,1,-172.855,-310.699,183.269,-0.826502,0.214433,-0.130713,0.503813
240,2,-7.24462,385.851,-105.198,0.00569809,-0.607017,0.794633,-0.00745925
240,3,201.83,-310.474,151.23,-0.795845,-0.235942,0.158503,0.534639
240,4,-72.3147,-373.185,-124.513,-0.584136,0.0560745,-0.0773736,0.806012
240,5,-40.3364,349.646,190.054,-0.049293,0.857402,-0.511437,0.0294031
240,6,-342.876,24.3344,-204.557,-0.336904,0.361662,-0.63608,0.592536
240,7,40.1476,-373.887,-136.37,-0.573233,-0.0306884,0.0437732,0.817647
240,8,284.553,129.245,-249.65,-0.234752,-0.364457,0.757591,0.487975
241,0,25.5177,364.64,162.44,0.029285,0.837969,-0.544599,-0.0190324
241,1,-172.326,-311.126,183.043,-0.826542,0.213614,-0.130306,0.504199
241,2,-4.58012,385.991,-104.831,0.00360359,-0.607411,0.794366,-0.00471275
241,3,202.098,-309.212,153.442,-0.797147,-0.237399,0.158454,0.532062
241,4,-73.913,-372.624,-125.253,-0.583226,0.0572857,-0.0792071,0.806407
241,5,-40.3099,349.619,190.11,-0.049267,0.857444,-0.51137,0.0293823
241,6,-341.235,26.5395,-207.012,-0.333563,0.360513,-0.639375,0.591579
241,7,40.218,-373.857,-136.431,-0.573164,-0.0307406,0.0438553,0.817689
241,8,281.539,132.355,-251.432,-0.230977,-0.363813,0.761816,0.48366
242,0,23.7222,363.661,164.888,0.0273636,0.839858,-0.541829,-0.0176534
242,1,-172.005,-311.952,181.935,-0.825961,0.212621,-0.130155,0.505609
242,2,-2.49718,385.982,-104.935,0.00196453,-0.607311,0.794457,-0.00256992
242,3,202.931,-307.555,155.656,-0.79822,-0.239612,0.158894,0.529323
242,4,-75.552,-372.063,-125.94,-0.582365,0.0585309,-0.0810832,0.806753
242,5,-40.3599,349.628,190.082,-0.0493251,0.85742,-0.511402,0.0294195
242,6,-339.517,29.0663,-209.483,-0.330024,0.359485,-0.642977,0.590283
242,7,40.3183,-373.828,-136.482,-0.573103,-0.030816,0.0439693,0.817722
242,8,278.427,135.515,-253.208,-0.227144,-0.363175,0.766107,0.479155
243,0,21.0864,362.771,167.189,0.0244405,0.841659,-0.539229,-0.0156584
243,1,-171.424,-313.175,180.374,-0.825178,0.211066,-0.129839,0.507616
243,2,-1.52252,385.898,-105.262,0.00119737,-0.606977,0.794717,-0.00156773
243,3,203.805,-305.694,158.159,-0.799441,-0.24206,0.159334,0.526226
243,4,-77.2897,-371.479,-126.608,-0.581513,0.0598537,-0.0830696,0.807068
243,5,-40.3262,349.558,190.218,-0.0492997,0.857521,-0.511237,0.0293915
243,6,-337.773,31.7564,-211.898,-0.326434,0.358564,-0.64671,0.58876
243,7,40.4364,-373.799,-136.526,-0.573051,-0.0309053,0.0441021,0.817748
243,8,275.189,138.656,-255.04,-0.223233,-0.362446,0.770465,0.474535
244,0,17.9164,361.378,170.543,0.020915,0.84424,-0.535392,-0.0132637
244,1,-169.643,-314.444,179.85,-0.825443,0.208463,-0.128449,0.508614
244,2,-1.07674,385.929,-105.156,0.000846886,-0.607087,0.794634,-0.00110851
244,3,204.236,-304.215,160.439,-0.800681,-0.243843,0.159424,0.523484
244,4,-79.0938,-370.875,-127.263,-0.580665,0.0612286,-0.0851327,0.807361
244,5,-40.3592,349.631,190.077,-0.0493236,0.857416,-0.511409,0.0294192
244,6,-336.022,34.425,-214.252,-0.322895,0.357665,-0.65041,0.587181
244,7,40.5627,-373.773,-136.559,-0.57301,-0.0310011,0.044243,0.817766
244,8,271.978,141.682,-256.815,-0.219421,-0.361712,0.774704,0.46995
245,0,14.5269,359.527,174.727,0.0171133,0.847417,-0.530543,-0.0107141
245,1,-167.092,-315.395,180.571,-0.826738,0.20547,-0.126319,0.508261
245,2,-1.13981,386.16,-104.302,0.000897247,-0.607965,0.793962,-0.00117175
245,3,203.627,-303.415,162.712,-0.802323,-0.244271,0.158623,0.521007
245,4,-80.9452,-370.248,-127.923,-0.579804,0.0626398,-0.0872549,0.807645
245,5,-40.3058,349.692,189.976,-0.0492464,0.857348,-0.511533,0.0293827
245,6,-334.215,37.1655,-216.609,-0.319299,0.356774,-0.654197,0.585481
245,7,40.7012,-373.745,-136.593,-0.572967,-0.0311064,0.0443975,0.817784
245,8,268.753,144.509,-258.629,-0.215668,-0.360833,0.778839,0.465507
246,0,11.4931,357.256,179.543,0.0136854,0.851024,-0.524881,-0.00844068
246,1,-163.969,-316.188,182.042,-0.828681,0.202091,-0.123668,0.507104
246,2,-1.52042,386.62,-102.581,0.00119891,-0.609731,0.792606,-0.00155849
246,3,201.898,-303.317,165.033,-0.804438,-0.24325,0.156863,0.518751
246,4,-82.9209,-369.555,-128.66,-0.578844,0.0641432,-0.0895328,0.807966
246,5,-40.3276,349.614,190.114,-0.0492893,0.857446,-0.511364,0.0293951
246,6,-332.323,39.9438,-219.011,-0.315625,0.355833,-0.658066,0.583706
246,7,40.8601,-373.714,-136.633,-0.572917,-0.0312269,0.0445746,0.817805
246,8,265.549,147.058,-260.495,-0.212014,-0.359765,0.782816,0.461323
247,0,10.4025,355.594,182.879,0.0124813,0.853489,-0.520906,-0.00761764
247,1,-160.476,-317.196,183.397,-0.830649,0.198163,-0.120746,0.506137
247,2,-1.80024,387.215,-100.306,0.00142278,-0.612058,0.79081,-0.0018383
247,3,200.047,-303.368,167.18,-0.806489,-0.241971,0.155029,0.516712
247,4,-85.076,-368.787,-129.453,-0.577803,0.0657832,-0.0920253,0.808299
247,5,-40.0846,349.747,189.922,-0.0489688,0.857324,-0.511609,0.0292222
247,6,-330.383,42.6738,-221.418,-0.311955,0.35484,-0.66192,0.581922
247,7,41.0345,-373.679,-136.675,-0.572864,-0.0313594,0.044769,0.817826
247,8,262.442,149.323,-262.349,-0.208534,-0.358576,0.786567,0.457437
248,0,9.6621,353.88,186.213,0.0116828,0.855938,-0.516898,-0.0070552
248,1,-157.21,-317.813,185.148,-0.83278,0.194712,-0.117986,0.504623
248,2,-2.21188,387.881,-97.6924,0.0017527,-0.614721,0.78874,-0.00224887
248,3,198.954,-302.857,169.397,-0.808275,-0.24174,0.153841,0.51438
248,4,-87.4416,-367.959,-130.231,-0.576752,0.0675884,-0.0947565,0.808585
248,5,-39.9691,349.836,189.783,-0.048811,0.857231,-0.511784,0.0291411
248,6,-328.425,45.3185,-223.792,-0.308344,0.353813,-0.665704,0.580154
248,7,41.2147,-373.644,-136.717,-0.57281,-0.0314963,0.0449699,0.817847
248,8,259.545,151.375,-264.049,-0.205332,-0.35746,0.790016,0.453801
249,0,7.04145,351.563,190.666,0.00860378,0.85922,-0.511509,-0.00512198
249,1,-154.303,-318.025,187.218,-0.834991,0.191869,-0.115497,0.50263
249,2,-2.96273,388.572,-94.8857,0.00235433,-0.617566,0.78651,-0.00299839
249,3,198.882,-301.624,171.665,-0.809676,-0.242912,0.15352,0.511713
249,4,-89.7208,-367.101,-131.099,-0.575604,0.0693198,-0.0974202,0.80894
249,5,-39.9259,349.897,189.678,-0.0487459,0.857159,-0.511913,0.0291121
249,6,-326.466,47.8862,-226.113,-0.304807,0.352777,-0.669412,0.578385
249,7,41.4189,-373.606,-136.759,-0.572756,-0.0316516,0.0451969,0.817867
249,8,256.916,153.406,-265.444,-0.202444,-0.356667,0.793172,0.450204
250,0,4.53524,350.132,193.357,0.00557729,0.8612,-0.508226,-0.00329137
250,1,-151.535,-318.291,189.018,-0.836974,0.18907,-0.113157,0.500922
250,2,-3.9169,389.145,-92.4721,0.0031202,-0.62,0.784586,-0.00394849
250,3,198.404,-300.938,173.414,-0.810921,-0.243259,0.152915,0.509754
250,4,-91.829,-366.195,-132.169,-0.574249,0.0709032,-0.0999447,0.809458
250,5,-40.2734,349.736,189.902,-0.0491978,0.857296,-0.511626,0.0293607
250,6,-324.475,50.566,-228.384,-0.301238,0.351818,-0.673212,0.576425
250,7,41.666,-373.565,-136.796,-0.572705,-0.03184,0.0454707,0.81788
250,8,254.566,155.531,-266.47,-0.199864,-0.356324,0.79606,0.446515
251,0,3.03773,349.74,194.095,0.00374236,0.861745,-0.507323,-0.00220318
251,1,-148.824,-318.71,190.46,0.838699,-0.18617,0.110904,-0.499625
251,2,-4.38031,389.383,-91.4405,0.00349302,-0.621037,0.783761,-0.00440826
251,3,197.105,-301.596,173.752,-0.811646,-0.241702,0.151779,0.50968
251,4,-93.7746,-365.269,-133.36,-0.572771,0.0723498,-0.102326,0.81008
251,5,-40.8106,349.434,190.344,-0.049909,0.857577,-0.511063,0.0297427
251,6,-322.44,53.3416,-230.624,-0.297628,0.35091,-0.677103,0.574292
251,7,41.9394,-373.523,-136.826,-0.572661,-0.0320486,0.0457725,0.817886
251,8,252.455,157.713,-267.195,-0.197549,-0.356343,0.798707,0.442788
252,0,2.47383,350.134,193.39,0.00304244,0.861237,-0.508192,-0.00179526
252,1,-146.336,-319.122,191.694,0.840214,-0.18346,0.108854,-0.498531
252,2,-4.08712,389.269,-91.9417,0.00325756,-0.620534,0.784162,-0.00411654
252,3,195.09,-303.462,172.773,-0.811854,-0.23845,0.150188,0.511348
252,4,-95.6342,-364.331,-134.6,-0.571239,0.0737243,-0.104635,0.810742
252,5,-41.2023,349.238,190.619,-0.0504228,0.857748,-0.510711,0.0300222
252,6,-320.386,55.909,-232.866,-0.294111,0.349879,-0.680836,0.572316
252,7,42.2176,-373.484,-136.848,-0.572625,-0.0322612,0.046079,0.817885
252,8,250.512,159.895,-267.727,-0.195429,-0.35658,0.801162,0.439088
253,0,2.75513,351.069,191.684,0.0033745,0.859996,-0.510285,-0.00200228
253,1,-143.731,-319.868,192.42,0.841425,-0.18036,0.106762,-0.498073
253,2,-3.21581,388.88,-93.6049,0.00255876,-0.61886,0.785491,-0.00324771
253,3,192.541,-305.878,171.368,-0.811985,-0.234284,0.148202,0.513641
253,4,-97.4624,-363.386,-135.838,-0.569707,0.075073,-0.106922,0.811397
253,5,-41.4942,349.119,190.773,-0.0507999,0.857838,-0.51051,0.0302317
253,6,-318.639,57.611,-234.841,-0.291306,0.348698,-0.683644,0.571123
253,7,42.5093,-373.448,-136.856,-0.572603,-0.0324846,0.0463992,0.817874
253,8,248.565,162.174,-268.17,-0.193318,-0.356953,0.803615,0.43522
254,0,3.69423,352.377,189.254,0.00449858,0.858223,-0.51325,-0.00269032
254,1,-141.283,-321.127,192.137,0.841924,-0.177019,0.104881,-0.498827
254,2,-2.21053,388.38,-95.6862,0.00175518,-0.616757,0.787149,-0.00224008
254,3,190.052,-308.202,169.976,-0.812068,-0.230251,0.146272,0.515882
254,4,-99.2194,-362.396,-137.203,-0.568037,0.0763556,-0.109169,0.812149
254,5,-41.717,349.056,190.839,-0.0510819,0.857869,-0.510419,0.0303929
254,6,-316.835,59.4037,-236.826,-0.288427,0.34753,-0.686559,0.569798
254,7,42.8335,-373.408,-136.864,-0.572581,-0.0327329,0.0467549,0.817859
254,8,246.703,164.498,-268.474,-0.191311,-0.357503,0.805963,0.431296
255,0,5.01084,353.907,186.345,0.00606024,0.856092,-0.516774,-0.00365822
255,1,-141.177,-321.207,192.082,0.841917,-0.176855,0.104803,-0.498913
255,2,-1.91156,387.753,-98.2022,0.00151395,-0.614203,0.789144,-0.00194516
255,3,188.069,-310.2,168.541,-0.811907,-0.226901,0.144774,0.518038
255,4,-101.083,-361.263,-138.821,-0.566071,0.077702,-0.111605,0.813062
255,5,-41.8984,349.033,190.841,-0.051305,0.857857,-0.510408,0.0305255
255,6,-314.836,61.5748,-238.929,-0.285214,0.346399,-0.689912,0.568051
255,7,43.1741,-373.364,-136.876,-0.572552,-0.0329937,0.047129,0.817847
255,8,244.987,166.946,-268.534,-0.189463,-0.358381,0.808163,0.427246
256,0,6.3541,355.518,183.211,0.00762919,0.853789,-0.520542,-0.0046514
256,1,-142.226,-320.66,192.221,0.841718,-0.178293,0.105607,-0.498568
256,2,-2.35117,386.96,-101.274,0.00185641,-0.611068,0.791572,-0.00240478
256,3,186.681,-312.031,166.694,-0.811249,-0.22415,0.143822,0.520526
256,4,-103.106,-359.948,-140.736,-0.563751,0.0791509,-0.114308,0.814158
256,5,-42.077,349.033,190.803,-0.0515198,0.857817,-0.510447,0.030657
256,6,-312.714,63.9285,-241.088,-0.281829,0.345272,-0.693492,0.566064
256,7,43.5131,-373.318,-136.896,-0.572516,-0.033253,0.047502,0.81784
256,8,243.438,169.467,-268.363,-0.187797,-0.359554,0.810178,0.423161
256,9,-121.337,358.018,-130.767,0.0943605,-0.572396,0.803682,-0.132488
257,0,10.1688,358.929,176.257,0.0120189,0.848633,-0.528793,-0.00748911
257,1,-141.959,-320.513,192.663,0.842078,-0.178138,0.105364,-0.498066
257,2,1.87374,386.251,-103.956,-0.0014755,-0.608319,0.793689,0.00192512
257,3,186.837,-314.515,161.779,-0.80807,-0.221914,0.144508,0.526207
257,4,-109.085,-355.75,-146.774,-0.556398,0.0833893,-0.122535,0.81759
257,5,-42.0272,349.213,190.484,-0.0514193,0.85759,-0.510839,0.0306289
257,6,-306.175,70.3238,-247.611,-0.271887,0.341414,-0.703821,0.560491
257,7,44.5165,-373.176,-136.961,-0.5724,-0.0340205,0.0486073,0.817825
257,8,240.284,176.636,-266.577,-0.184386,-0.36439,0.814474,0.412133
257,9,-116.09,356.208,-140.14,0.0894082,-0.562878,0.811516,-0.128902
258,0,13.6152,360.344,173.11,0.0159815,0.846246,-0.532458,-0.0100556
258,1,-141.55,-321.023,192.114,0.841835,-0.177359,0.105091,-0.498812
258,2,8.21098,387.132,-100.306,-0.00648973,-0.612025,0.790767,0.00838505
258,3,190.01,-314.021,159.019,-0.805177,-0.224639,0.14749,0.528652
258,4,-112.73,-352.792,-151.095,-0.551135,0.0859141,-0.127838,0.820077
258,5,-41.2459,349.51,190.109,-0.0504149,0.857377,-0.511331,0.0300669
258,6,-300.98,74.5297,-252.699,-0.264452,0.337923,-0.71133,0.556672
258,7,45.3103,-373.07,-136.987,-0.572335,-0.0346285,0.0494797,0.817793
258,8,239.484,181.996,-263.676,-0.183439,-0.369804,0.81595,0.404748
258,9,-118.254,352.218,-148.183,0.0904691,-0.553703,0.816952,-0.133481
259,0,16.7551,360.019,173.509,0.0196863,0.846462,-0.531941,-0.0123714
259,1,-142.198,-320.579,192.376,0.841826,-0.178325,0.105573,-0.498382
259,2,14.3767,388.354,-94.7321,-0.0114281,-0.61762,0.786259,0.0145485
259,3,192.503,-313.103,157.827,-0.803517,-0.227253,0.149735,0.52943
259,4,-114.454,-351.007,-153.931,-0.547732,0.0870447,-0.130599,0.821801
259,5,-40.0096,349.57,190.263,-0.0489166,0.857575,-0.511196,0.0291589
259,6,-296.33,77.7758,-257.176,-0.258077,0.334554,-0.717639,0.553592
259,7,45.941,-373.002,-136.964,-0.57233,-0.035113,0.0501688,0.817734
259,8,239.516,186.385,-260.562,-0.183378,-0.37506,0.816332,0.39913
259,9,-124.547,347.543,-153.954,0.0949473,-0.546391,0.819845,-0.142466
260,0,18.7645,358.527,176.37,0.0221894,0.848511,-0.528532,-0.0138216
260,1,-142.101,-320.658,192.317,0.841815,-0.178171,0.105502,-0.49847
260,2,19.7635,389.565,-88.5899,-0.0158109,-0.623709,0.781246,0.0198044
260,3,194.042,-311.996,158.133,-0.80315,-0.229382,0.151001,0.528708
260,4,-115.335,-349.77,-156.073,-0.545198,0.0875689,-0.132216,0.823171
260,5,-40.35,349.773,189.818,-0.0492818,0.85723,-0.511725,0.0294189
260,6,-292.003,80.3253,-261.308,-0.252372,0.33117,-0.723148,0.551083
260,7,46.4082,-372.97,-136.894,-0.572385,-0.0354738,0.0506741,0.817649
260,8,239.66,189.834,-257.927,-0.183471,-0.379381,0.81641,0.394821
260,9,-130.796,345.36,-153.683,0.0998951,-0.545817,0.818335,-0.149771
261,0,19.5111,356.603,180.15,0.0232705,0.851261,-0.52403,-0.0143251
261,1,-142.003,-320.784,192.179,0.841752,-0.177981,0.105437,-0.498657
261,2,23.993,390.708,-82.2891,-0.0193224,-0.629893,0.776076,0.0238066
261,3,194.687,-310.871,159.549,-0.80381,-0.230925,0.151378,0.526923
261,4,-116.049,-348.683,-157.966,-0.542957,0.0879812,-0.133584,0.824386
261,5,-40.4773,349.379,190.515,-0.0495203,0.857725,-0.510868,0.0294947
261,6,-287.975,82.1961,-265.168,-0.247266,0.327718,-0.727897,0.549205
261,7,46.7796,-372.967,-136.775,-0.572497,-0.0357628,0.0510698,0.817533
261,8,239.875,192.327,-255.872,-0.183661,-0.38266,0.816298,0.391789
261,9,-136.21,343.259,-153.689,0.104182,-0.545009,0.817137,-0.156201
262,0,20.1461,354.797,183.611,0.02422,0.853772,-0.519874,-0.0147479
262,1,-142.097,-320.604,192.41,0.841876,-0.178207,0.105491,-0.498357
262,2,27.3157,391.693,-76.3583,-0.0221378,-0.635659,0.771185,0.0268577
262,3,193.567,-310.799,161.046,-0.805171,-0.230231,0.150253,0.525468
262,4,-116.825,-347.592,-159.785,-0.540782,0.088447,-0.135019,0.825531
262,5,-40.6766,349.239,190.729,-0.0497903,0.857865,-0.510599,0.029635
262,6,-284.136,83.4643,-268.888,-0.24259,0.3241,-0.732038,0.547933
262,7,47.1115,-372.985,-136.611,-0.572659,-0.036023,0.0514174,0.817386
262,8,240.285,193.697,-254.449,-0.184058,-0.384787,0.815927,0.390289
262,9,-138.43,340.574,-157.627,0.10559,-0.5402,0.81938,-0.16016
263,0,20.9625,353.31,186.367,0.0253644,0.855754,-0.516534,-0.01531
263,1,-142.061,-320.606,192.433,0.841901,-0.17817,0.105462,-0.498333
263,2,30.134,392.493,-71.0017,-0.0245634,-0.640815,0.766739,0.0293903
263,3,190.678,-312.002,162.163,-0.806939,-0.227055,0.147686,0.524867
263,4,-118.121,-346.31,-161.607,-0.53853,0.0893159,-0.137087,0.826568
263,5,-40.8627,349.156,190.841,-0.0500325,0.857933,-0.510453,0.0297683
263,6,-280.49,84.0658,-272.504,-0.238344,0.320253,-0.735517,0.547399
263,7,47.3663,-373.024,-136.416,-0.572859,-0.0362251,0.0516775,0.817221
263,8,240.527,194.354,-253.719,-0.184295,-0.385858,0.815698,0.389597
263,9,-135.74,339.722,-161.752,0.103098,-0.535892,0.822878,-0.15831
264,0,21.9908,352.251,188.243,0.0267275,0.857082,-0.514237,-0.0160361
264,1,-141.987,-320.646,192.421,0.841913,-0.178067,0.105405,-0.498361
264,2,32.711,393.135,-66.1412,-0.0268062,-0.645449,0.762675,0.0316747
264,3,187.267,-313.63,162.995,-0.808694,-0.223065,0.14473,0.524699
264,4,-120.04,-344.823,-163.363,-0.53626,0.0906728,-0.139904,0.827424
264,5,-41.0615,349.103,190.896,-0.0502831,0.857957,-0.510378,0.0299122
264,6,-276.862,84.5935,-276.028,-0.234182,0.316423,-0.738905,0.546859
264,7,47.5865,-373.072,-136.21,-0.573073,-0.0364012,0.0518984,0.817049
264,8,240.365,194.964,-253.404,-0.184134,-0.386444,0.815863,0.388745
264,9,-136.114,339.806,-161.26,0.103437,-0.536401,0.822449,-0.158597
265,0,23.3681,351.656,189.188,0.0284669,0.857715,-0.513055,-0.0170279
265,1,-141.989,-320.722,192.293,0.84183,-0.178013,0.105417,-0.498519
265,2,35.0401,393.671,-61.6053,-0.0288591,-0.649739,0.758861,0.033706
265,3,184.869,-314.547,163.962,-0.810157,-0.220449,0.142618,0.524125
265,4,-122.647,-343.044,-165.162,-0.533835,0.0925606,-0.143591,0.828151
265,5,-41.0188,349.231,190.67,-0.0502035,0.857798,-0.510656,0.0298867
265,6,-273.168,85.4488,-279.424,-0.229917,0.312823,-0.742572,0.545772
265,7,47.7692,-373.102,-136.063,-0.573223,-0.0365465,0.052084,0.816925
265,8,240.165,195.573,-253.124,-0.183935,-0.386992,0.816064,0.387872
265,9,-135.968,339.897,-161.191,0.103327,-0.536502,0.822435,-0.158397
266,0,24.0916,351.368,189.632,0.0293803,0.858008,-0.512495,-0.0175491
266,1,-141.996,-320.676,192.365,0.841874,-0.178055,0.105417,-0.498429
266,2,36.8703,394.168,-57.2017,-0.0305154,-0.653886,0.755156,0.0352415
266,3,183.634,-314.459,165.512,-0.811578,-0.219616,0.141417,0.522601
266,4,-126.416,-340.744,-167.07,-0.531105,0.0953451,-0.148766,0.828677
266,5,-40.3495,349.675,189.999,-0.0493025,0.857361,-0.511504,0.029414
266,6,-269.718,86.0969,-282.559,-0.226009,0.309389,-0.745872,0.544861
266,7,47.8971,-373.132,-135.935,-0.573357,-0.0366491,0.0522112,0.816819
266,8,240.041,196.142,-252.802,-0.183813,-0.38757,0.816187,0.387093
266,9,-135.938,339.825,-161.368,0.103288,-0.536303,0.822565,-0.15842
267,0,24.1705,351.274,189.796,0.0294881,0.858123,-0.512294,-0.0176042
267,1,-141.972,-320.731,192.29,0.841832,-0.17799,0.105404,-0.498525
267,2,38.2863,394.607,-53.0967,-0.0318332,-0.657735,0.751696,0.0363808
267,3,183.612,-313.57,167.214,-0.812669,-0.220425,0.14121,0.520617
267,4,-126.2,-341.101,-166.504,-0.531792,0.0952213,-0.148319,0.82833
267,5,-39.3138,350.195,189.257,-0.0479482,0.856897,-0.512452,0.0286745
267,6,-266.302,86.8332,-285.557,-0.222155,0.306105,-0.749201,0.543732
267,7,48.012,-373.153,-135.836,-0.573459,-0.0367408,0.0523272,0.816736
267,8,239.874,196.511,-252.674,-0.183648,-0.387855,0.816351,0.38654
267,9,-135.993,339.782,-161.412,0.103328,-0.536245,0.822583,-0.158501
268,0,23.9474,351.347,189.688,0.0292081,0.858054,-0.512431,-0.0174431
268,1,-141.968,-320.703,192.341,0.841867,-0.178007,0.105396,-0.498463
268,2,39.4961,394.955,-49.4997,-0.0329727,-0.661089,0.748652,0.03734
268,3,184.26,-312.402,168.68,-0.813367,-0.221999,0.141587,0.518751
268,4,-126.159,-341.067,-166.605,-0.53168,0.0951817,-0.148303,0.82841
268,5,-38.7277,350.53,188.756,-0.047175,0.856574,-0.513086,0.0282577
268,6,-262.786,87.9581,-288.456,-0.218144,0.303056,-0.752901,0.54195
268,7,48.0588,-373.166,-135.784,-0.573513,-0.0367785,0.0523733,0.816693
268,8,239.677,196.693,-252.719,-0.183454,-0.387874,0.816545,0.386203
268,9,-135.608,340.017,-161.243,0.103038,-0.536498,0.822555,-0.157978
269,0,23.5438,351.444,189.559,0.0287065,0.857977,-0.512598,-0.0171507
269,1,-142.071,-320.641,192.368,0.841856,-0.178154,0.105475,-0.498413
269,2,40.8296,395.218,-46.2093,-0.0342142,-0.664129,0.745845,0.038424
269,3,185.636,-310.832,170.067,-0.813747,-0.224499,0.142578,0.516805
269,4,-126.133,-340.995,-166.772,-0.53149,0.0951481,-0.148325,0.828532
269,5,-38.4401,350.744,188.417,-0.0467861,0.856349,-0.513509,0.0280553
269,6,-259.495,88.6,-291.226,-0.214516,0.299918,-0.756047,0.540763
269,7,48.0609,-373.176,-135.757,-0.573543,-0.036781,0.0523728,0.816672
269,8,239.619,196.765,-252.717,-0.183397,-0.387903,0.816602,0.386081
269,9,-135.8,339.915,-161.295,0.103186,-0.536409,0.822546,-0.158228
270,0,22.4883,351.517,189.552,0.0274177,0.858014,-0.512633,-0.0163811
270,1,-141.992,-320.701,192.325,0.84185,-0.178032,0.105417,-0.498478
270,2,42.3973,395.381,-43.3124,-0.0356474,-0.666775,0.743345,0.0397411
270,3,187.976,-308.727,171.326,-0.813677,-0.228225,0.144388,0.514777
270,4,-126.163,-340.989,-166.762,-0.531498,0.0951723,-0.148358,0.828518
270,5,-38.3409,350.876,188.191,-0.0466399,0.856191,-0.513788,0.027988
270,6,-256.534,88.4138,-293.893,-0.211443,0.296522,-0.758283,0.540715
270,7,48.0383,-373.204,-135.689,-0.573618,-0.0367661,0.0523414,0.816622
270,8,239.579,196.779,-252.744,-0.183357,-0.387878,0.816641,0.386041
270,9,-135.889,339.84,-161.378,0.103249,-0.5363,0.822583,-0.158364
271,0,20.3854,351.637,189.568,0.0248525,0.858104,-0.51266,-0.0148477
271,1,-141.881,-320.783,192.271,0.841845,-0.177862,0.105335,-0.498564
271,2,43.7272,395.495,-40.8843,-0.03687,-0.668981,0.74124,0.0408525
271,3,189.599,-307.83,171.151,-0.812965,-0.230274,0.145762,0.514602
271,4,-126.466,-340.932,-166.648,-0.531588,0.0954172,-0.148689,0.828373
271,5,-38.4529,350.897,188.129,-0.0467698,0.856139,-0.513858,0.0280714
271,6,-253.686,88.5457,-296.316,-0.208441,0.293526,-0.760666,0.540169
271,7,47.9758,-373.243,-135.602,-0.573715,-0.0367209,0.0522643,0.81656
271,8,239.246,196.539,-253.246,-0.183029,-0.387224,0.816971,0.386156
271,9,-135.775,339.86,-161.433,0.103154,-0.536254,0.822648,-0.158244
272,0,18.1065,351.579,189.906,0.0220901,0.858425,-0.512293,-0.013183
272,1,-142.042,-320.676,192.331,0.84184,-0.1781,0.105455,-0.498463
272,2,44.7965,395.569,-38.9659,-0.0378569,-0.670716,0.739571,0.0417432
272,3,189.791,-308.818,169.148,-0.811651,-0.229473,0.146145,0.51692
272,4,-126.181,-340.96,-166.808,-0.531442,0.0951823,-0.148394,0.828546
272,5,-38.687,350.861,188.149,-0.0470577,0.856138,-0.513825,0.0282424
272,6,-250.923,88.6036,-298.642,-0.205563,0.290588,-0.762915,0.539688
272,7,47.9571,-373.273,-135.525,-0.573799,-0.0367092,0.0522363,0.816504
272,8,238.685,195.65,-254.462,-0.182476,-0.38552,0.817523,0.386953
272,9,-135.779,339.897,-161.351,0.103164,-0.536348,0.82259,-0.158222
273,0,16.185,351.326,190.547,0.0197747,0.858949,-0.511544,-0.0117768
273,1,-142.022,-320.676,192.345,0.841855,-0.178079,0.105438,-0.498449
273,2,45.9789,395.541,-37.8599,-0.0389084,-0.671685,0.738576,0.0427832
273,3,189.219,-310.787,166.155,-0.80999,-0.22718,0.146004,0.520566
273,4,-126.275,-340.985,-166.686,-0.531571,0.0952658,-0.14847,0.828441
273,5,-38.9479,350.829,188.155,-0.0473767,0.856125,-0.513807,0.0284333
273,6,-248.288,87.7708,-301.08,-0.203025,0.287108,-0.76434,0.540495
273,7,47.9372,-373.306,-135.443,-0.573889,-0.0366967,0.0522065,0.816443
273,8,237.762,194.47,-256.224,-0.181571,-0.383083,0.818417,0.387909
273,9,-135.915,339.862,-161.31,0.103275,-0.536374,0.82253,-0.158373
274,0,13.8792,350.949,191.421,0.0169918,0.859644,-0.510512,-0.0100908
274,1,-141.892,-320.763,192.295,0.841858,-0.177888,0.105342,-0.498532
274,2,47.4965,395.445,-36.9749,-0.0402378,-0.67243,0.737746,0.0441463
274,3,188.892,-312.53,163.233,-0.808263,-0.225281,0.146063,0.524046
274,4,-126.191,-340.954,-166.812,-0.531436,0.0951901,-0.148408,0.828547
274,5,-39.2081,350.799,188.156,-0.0476941,0.856108,-0.513796,0.0286238
274,6,-245.841,86.6219,-303.412,-0.200763,0.2836,-0.765332,0.541786
274,7,47.9323,-373.337,-135.358,-0.573982,-0.0366959,0.0521928,0.816378
274,8,236.827,193.33,-257.946,-0.180662,-0.380695,0.819305,0.388808
274,9,-135.785,339.882,-161.377,0.103167,-0.536316,0.822607,-0.158238
275,0,11.5143,350.453,192.483,0.0141317,0.860468,-0.509241,-0.00836341
275,1,-142.04,-320.674,192.335,0.841843,-0.178099,0.105453,-0.498458
275,2,49.2075,395.327,-35.9868,-0.04174,-0.673256,0.736815,0.0456805
275,3,188.587,-314.041,160.666,-0.806738,-0.223619,0.146103,0.527088
275,4,-126.314,-340.957,-166.712,-0.531535,0.0952935,-0.148525,0.828451
275,5,-39.578,350.664,188.331,-0.0481655,0.856209,-0.513568,0.0288905
275,6,-243.423,85.6402,-305.632,-0.198509,0.280275,-0.76641,0.542822
275,7,47.9679,-373.362,-135.278,-0.574067,-0.0367259,0.0522237,0.816315
275,8,235.906,192.509,-259.401,-0.179767,-0.378725,0.820177,0.389309
275,9,-135.745,339.947,-161.275,0.103144,-0.53644,0.822545,-0.158155
276,0,9.71075,349.803,193.762,0.0119546,0.861429,-0.507689,-0.00704553
276,1,-141.907,-320.71,192.374,0.841905,-0.177942,0.105347,-0.498432
276,2,51.3297,395.148,-34.9783,-0.043598,-0.674074,0.735838,0.0475927
276,3,188.486,-315.308,158.285,-0.805247,-0.222334,0.146295,0.529851
276,4,-126.211,-340.966,-166.773,-0.531478,0.095209,-0.14842,0.828515
276,5,-40.0003,350.485,188.574,-0.0487091,0.856355,-0.513255,0.0291937
276,6,-241.099,84.3336,-307.83,-0.196434,0.276815,-0.767111,0.54436
276,7,48.0182,-373.381,-135.206,-0.574144,-0.0367671,0.0522715,0.816257
276,8,235.246,191.681,-260.61,-0.179132,-0.377027,0.820784,0.389969
276,9,-135.848,339.906,-161.274,0.103225,-0.536425,0.822521,-0.158279
277,0,8.33507,348.971,195.32,0.0102998,0.862579,-0.505781,-0.00603935
277,1,-141.982,-320.731,192.283,0.841825,-0.178,0.105413,-0.498533
277,2,53.8252,394.88,-34.244,-0.0457657,-0.674611,0.735063,0.0498668
277,3,188.908,-316.123,156.142,-0.803717,-0.221846,0.146902,0.532206
277,4,-126.285,-340.955,-166.74,-0.531507,0.095269,-0.148499,0.828476
277,5,-40.3918,350.353,188.736,-0.0492063,0.856445,-0.513042,0.0294763
277,6,-238.87,82.4948,-310.058,-0.194586,0.273064,-0.767238,0.546734
277,7,48.0254,-373.406,-135.134,-0.574221,-0.036775,0.0522723,0.816202
277,8,235.156,190.404,-261.625,-0.179058,-0.375375,0.820812,0.391536
277,9,-135.754,339.83,-161.513,0.103131,-0.536165,0.822708,-0.158247
278,0,7.09205,348.091,196.932,0.00879829,0.863763,-0.503794,-0.00513165
278,1,-142.015,-320.657,192.382,0.84188,-0.178087,0.10543,-0.498405
278,2,56.2034,394.603,-33.6161,-0.0478324,-0.67505,0.734379,0.0520364
278,3,189.255,-316.421,155.113,-0.80293,-0.221798,0.147316,0.533298
278,4,-126.209,-340.98,-166.745,-0.531511,0.0952096,-0.148408,0.828496
278,5,-40.7715,350.253,188.84,-0.0496827,0.856494,-0.512898,0.0297517
278,6,-236.733,80.2335,-312.282,-0.192941,0.269112,-0.766858,0.549801
278,7,47.8906,-373.454,-135.052,-0.574317,-0.0366742,0.0521169,0.816148
278,8,235.522,188.76,-262.486,-0.179434,-0.373759,0.820364,0.39384
278,9,-135.859,339.865,-161.351,0.103228,-0.536335,0.822572,-0.158319
279,0,5.86647,347.238,198.473,0.00730551,0.864892,-0.501888,-0.00423931
279,1,-141.979,-320.747,192.259,0.841811,-0.177985,0.105412,-0.498562
279,2,58.3154,394.352,-32.951,-0.0496775,-0.675532,0.733674,0.0539532
279,3,189.858,-315.766,155.71,-0.803104,-0.222848,0.147754,0.532477
279,4,-126.292,-340.927,-166.791,-0.531445,0.0952704,-0.148524,0.828511
279,5,-41.1463,350.176,188.902,-0.0501484,0.856512,-0.512807,0.0300247
279,6,-234.708,78.3236,-314.289,-0.191343,0.265568,-0.766647,0.552372
279,7,47.6685,-373.519,-134.95,-0.574438,-0.0365069,0.0518642,0.816087
279,8,236.237,186.997,-263.105,-0.180157,-0.372374,0.819552,0.396505
279,9,-135.731,339.93,-161.32,0.103129,-0.53639,0.82258,-0.158154
280,0,4.30049,346.311,200.126,0.00537741,0.866099,-0.499833,-0.00310335
280,1,-141.961,-320.719,192.318,0.841854,-0.177988,0.105393,-0.498492
280,2,59.8699,394.148,-32.5979,-0.0510301,-0.675758,0.733268,0.0553729
280,3,190.581,-314.601,157.179,-0.803793,-0.224476,0.148189,0.530629
280,4,-126.246,-340.957,-166.764,-0.531484,0.0952364,-0.148459,0.828502
280,5,-41.5501,350.107,188.941,-0.050647,0.856511,-0.512742,0.0303193
280,6,-232.851,77.0037,-315.992,-0.189788,0.26266,-0.76681,0.554069
280,7,47.4042,-373.599,-134.821,-0.574592,-0.036308,0.0515629,0.816007
280,8,236.812,185.21,-263.851,-0.18075,-0.370831,0.818849,0.399124
280,9,-135.784,339.875,-161.392,0.103165,-0.536299,0.822618,-0.158242
281,0,2.49107,345.426,201.679,0.00312702,0.867231,-0.497893,-0.00179528
281,1,-141.965,-320.714,192.324,0.841856,-0.177995,0.105395,-0.498485
281,2,60.8763,393.961,-32.9948,-0.0518691,-0.675327,0.733532,0.0563397
281,3,189.682,-314.475,158.512,-0.80497,-0.223973,0.147274,0.529311
281,4,-126.225,-341,-166.692,-0.531571,0.0952264,-0.148411,0.828456
281,5,-41.9703,350.052,188.949,-0.051162,0.856487,-0.512714,0.0306268
281,6,-231.065,75.7731,-317.596,-0.188293,0.259905,-0.766975,0.555648
281,7,47.1074,-373.693,-134.664,-0.574776,-0.0360851,0.0512237,0.815908
281,8,236.841,183.103,-265.292,-0.180825,-0.368359,0.818614,0.401852
281,9,-135.897,339.896,-161.253,0.103266,-0.536441,0.822495,-0.158331
282,0,0.641652,344.718,202.902,0.000807947,0.868117,-0.49636,-0.000461957
282,1,-141.965,-320.745,192.273,0.841823,-0.177973,0.1054,-0.498548
282,2,61.4953,393.787,-33.9086,-0.0523446,-0.674444,0.73426,0.0569871
282,3,187.887,-315.039,159.527,-0.806257,-0.222168,0.145648,0.528562
282,4,-126.235,-340.931,-166.825,-0.531415,0.0952232,-0.148466,0.828546
282,5,-42.3881,350.02,188.917,-0.0516691,0.856432,-0.512735,0.0309336
282,6,-229.383,74.314,-319.156,-0.186961,0.257099,-0.766813,0.557624
282,7,46.7859,-373.785,-134.52,-0.574948,-0.0358426,0.0508588,0.815821
282,8,236.199,180.847,-267.403,-0.180257,-0.36504,0.818968,0.404406
282,9,-135.767,339.871,-161.415,0.103149,-0.536275,0.822638,-0.158229
283,0,-1.19543,344.042,204.043,-0.00150963,0.868937,-0.49492,0.00085984
283,1,-141.929,-320.74,192.307,0.841856,-0.177941,0.105369,-0.498511
283,2,61.6832,393.717,-34.379,-0.0524771,-0.673997,0.734644,0.057199
283,3,186.023,-315.602,160.595,-0.807596,-0.220298,0.143964,0.527761
283,4,-126.272,-340.961,-166.737,-0.531512,0.0952594,-0.148482,0.828477
283,5,-42.8066,350.004,188.851,-0.052173,0.856354,-0.512796,0.0312419
283,6,-227.919,71.9224,-320.749,-0.18608,0.253845,-0.765526,0.561166
283,7,46.4532,-373.873,-134.393,-0.575102,-0.035591,0.0504836,0.815746
283,8,235.575,178.26,-269.681,-0.179726,-0.361382,0.819213,0.40742
283,9,-135.794,339.925,-161.279,0.103182,-0.536428,0.822537,-0.158215
284,0,-2.83403,343.276,205.313,-0.00359057,0.869844,-0.49331,0.0020363
284,1,-141.962,-320.717,192.321,0.841856,-0.17799,0.105393,-0.498488
284,2,61.8309,393.71,-34.201,-0.0526143,-0.674152,0.734483,0.0573229
284,3,183.746,-316.831,160.797,-0.808515,-0.217485,0.142039,0.528042
284,4,-126.216,-340.988,-166.723,-0.531536,0.0952166,-0.14841,0.828479
284,5,-43.2216,350.002,188.76,-0.0526693,0.856257,-0.512889,0.0315484
284,6,-226.51,68.9768,-322.39,-0.185406,0.250273,-0.763558,0.565657
284,7,46.1108,-373.955,-134.28,-0.57524,-0.0353314,0.0500995,0.815684
284,8,235.465,175.134,-271.817,-0.179728,-0.357668,0.818825,0.411458
284,9,-135.872,339.838,-161.396,0.103233,-0.536281,0.8226,-0.158349
285,0,-3.96552,342.858,205.993,-0.00503295,0.870325,-0.492444,0.00284773
285,1,-141.961,-320.738,192.286,0.841833,-0.177973,0.105395,-0.498532
285,2,61.9664,393.772,-33.2273,-0.0527895,-0.67504,0.73365,0.0573729
285,3,181.152,-318.596,160.252,-0.809043,-0.213927,0.139943,0.529245
285,4,-126.327,-340.929,-166.761,-0.531476,0.0952998,-0.148556,0.828482
285,5,-43.5621,350.012,188.664,-0.0530737,0.856162,-0.512991,0.0318004
285,6,-224.986,66.0857,-324.058,-0.184627,0.246657,-0.761625,0.570088
285,7,45.7886,-374.029,-134.187,-0.575357,-0.0350866,0.0497393,0.815634
285,8,235.88,171.5,-273.767,-0.180278,-0.353965,0.817766,0.416496
285,9,-135.729,339.934,-161.315,0.103128,-0.536396,0.822577,-0.158149
286,0,-4.66814,342.829,206.026,-0.00592526,0.870343,-0.492399,0.00335223
286,1,-141.926,-320.747,192.298,0.841851,-0.177933,0.105368,-0.498523
286,2,62.0578,393.865,-31.9193,-0.0529477,-0.676238,0.732536,0.0573557
286,3,178.277,-320.327,160.025,-0.809849,-0.21018,0.137585,0.530132
286,4,-126.22,-340.966,-166.765,-0.531487,0.0952162,-0.148428,0.828508
286,5,-43.8106,350.028,188.577,-0.0533666,0.85608,-0.513085,0.0319849
286,6,-223.554,63.1443,-325.632,-0.183972,0.243134,-0.759471,0.574668
286,7,45.4599,-374.113,-134.062,-0.575507,-0.0348379,0.0493694,0.815561
286,8,236.672,167.617,-275.483,-0.181231,-0.35043,0.816197,0.422109
286,9,-135.914,339.847,-161.343,0.103271,-0.536336,0.822553,-0.158382
287,0,-5.24891,343.266,205.282,-0.00664972,0.869803,-0.493339,0.00377162
287,1,-141.925,-320.724,192.336,0.841875,-0.177949,0.105364,-0.498476
287,2,62.3807,393.887,-31.0126,-0.0532808,-0.677049,0.731744,0.0575851
287,3,175.822,-321.499,160.39,-0.810887,-0.207246,0.135517,0.530233
287,4,-126.215,-341.013,-166.673,-0.531594,0.0952199,-0.148392,0.828445
287,5,-44.0485,350.065,188.453,-0.0536419,0.855972,-0.513224,0.0321626
287,6,-222.152,60.319,-327.124,-0.183338,0.239755,-0.75732,0.579112
287,7,45.1275,-374.218,-133.881,-0.575719,-0.0345881,0.0489904,0.815446
287,8,238.004,163.692,-276.693,-0.182742,-0.347475,0.814003,0.428095
287,9,-135.745,339.919,-161.334,0.103139,-0.536372,0.822586,-0.158175
288,0,-6.08595,344.291,203.536,-0.0076759,0.86854,-0.495541,0.00437944
288,1,-142.093,-320.633,192.365,0.841848,-0.178182,0.105492,-0.498413
288,2,62.8328,393.834,-30.7733,-0.0536843,-0.677238,0.731508,0.0579862
288,3,173.923,-321.934,161.584,-0.812279,-0.205387,0.133824,0.529255
288,4,-126.269,-340.98,-166.7,-0.531555,0.0952601,-0.148467,0.828452
288,5,-44.3277,350.129,188.268,-0.0539595,0.855817,-0.513436,0.0323723
288,6,-220.698,57.7807,-328.563,-0.182592,0.236551,-0.755434,0.583116
288,7,44.7808,-374.337,-133.667,-0.575967,-0.0343282,0.048593,0.815305
288,8,239.598,159.752,-277.619,-0.184544,-0.344848,0.811452,0.434245
288,9,-135.859,339.857,-161.368,0.103226,-0.536315,0.822584,-0.158325
289,0,-7.15407,345.369,201.666,-0.00898055,0.86718,-0.497886,0.00515613
289,1,-141.801,-320.826,192.257,0.841859,-0.177752,0.105274,-0.498594
289,2,63.357,393.736,-30.9444,-0.0541243,-0.677045,0.731614,0.0584867
289,3,172.112,-321.866,163.645,-0.814206,-0.204022,0.132116,0.527246
289,4,-126.251,-340.976,-166.722,-0.531532,0.0952437,-0.148451,0.828471
289,5,-44.6621,350.208,188.041,-0.0543391,0.855628,-0.513696,0.0326238
289,6,-219.219,55.4061,-329.96,-0.181793,0.233456,-0.753669,0.586884
289,7,44.4039,-374.462,-133.441,-0.576229,-0.0340455,0.0481622,0.815158
289,8,241.449,155.868,-278.222,-0.186632,-0.342623,0.808572,0.440442
289,9,-135.796,339.892,-161.347,0.103178,-0.536349,0.822584,-0.158241
290,0,-8.35414,346.16,200.259,-0.0104502,0.86615,-0.499639,0.00602822
290,1,-142.084,-320.634,192.37,0.841853,-0.178173,0.105485,-0.498408
290,2,64.3028,393.583,-30.9486,-0.0549373,-0.676976,0.731547,0.0593659
290,3,170.85,-321.42,165.829,-0.816035,-0.203405,0.130854,0.524967
290,4,-126.219,-340.974,-166.751,-0.531503,0.0952167,-0.148422,0.828498
290,5,-45.0549,350.293,187.789,-0.0547863,0.855415,-0.513984,0.0329189
290,6,-217.792,52.756,-331.336,-0.181141,0.230257,-0.751461,0.591166
290,7,44.027,-374.592,-133.202,-0.576505,-0.0337631,0.0477305,0.814999
290,8,243.715,152.591,-278.063,-0.189124,-0.341546,0.805408,0.445978
290,9,-135.834,339.836,-161.434,0.1032,-0.536244,0.822635,-0.158316
291,0,-9.62721,346.906,198.906,-0.0120024,0.865152,-0.501317,0.00695485
291,1,-141.831,-320.786,192.302,0.84188,-0.17781,0.105293,-0.498534
291,2,65.8368,393.335,-30.8707,-0.056262,-0.676939,0.731364,0.0607854
291,3,171.145,-320.289,167.702,-0.817162,-0.204633,0.130899,0.522721
291,4,-126.185,-340.988,-166.747,-0.531512,0.0951906,-0.14838,0.828503
291,5,-45.4948,350.389,187.505,-0.0552863,0.855175,-0.514309,0.0332496
291,6,-216.377,49.8429,-332.711,-0.180597,0.226927,-0.748826,0.595943
291,7,43.7419,-374.713,-132.953,-0.576787,-0.0335514,0.0473982,0.814828
291,8,246.464,149.323,-277.413,-0.192134,-0.341054,0.80173,0.451659
291,9,-135.834,339.874,-161.353,0.103207,-0.536337,0.822579,-0.158289
292,0,-10.9984,347.848,197.182,-0.0136539,0.863882,-0.503447,0.00795712
292,1,-141.996,-320.736,192.265,0.84181,-0.17801,0.105425,-0.498552
292,2,67.3438,393.058,-31.1433,-0.0575409,-0.67658,0.731477,0.0622098
292,3,172.832,-318.389,169.581,-0.817834,-0.207663,0.132081,0.520171
292,4,-126.315,-340.925,-166.777,-0.531458,0.0952894,-0.148548,0.828496
292,5,-45.9791,350.498,187.182,-0.055835,0.854904,-0.514677,0.0336143
292,6,-214.944,46.8482,-334.073,-0.180083,0.223561,-0.745988,0.600909
292,7,43.5549,-374.825,-132.7,-0.577069,-0.0334155,0.0471726,0.814647
292,8,249.427,145.722,-276.679,-0.195436,-0.340523,0.797663,0.457801
292,9,-135.754,339.933,-161.296,0.10315,-0.536415,0.822557,-0.158173
293,0,-13.0506,348.658,195.619,-0.0161404,0.862707,-0.505358,0.00945472
293,1,-141.946,-320.694,192.372,0.841893,-0.177992,0.105377,-0.498429
293,2,67.6963,392.977,-31.4014,-0.057827,-0.676317,0.731668,0.0625597
293,3,174.327,-316.481,171.61,-0.818646,-0.210552,0.133091,0.517469
293,4,-126.215,-340.961,-166.779,-0.531471,0.0952117,-0.148427,0.828518
293,5,-46.5754,350.588,186.866,-0.05652,0.854627,-0.515032,0.0340612
293,6,-213.753,43.5375,-335.282,-0.179932,0.220276,-0.742476,0.606492
293,7,43.3382,-374.938,-132.452,-0.577347,-0.0332564,0.0469152,0.814471
293,8,251.67,142.248,-276.456,-0.198043,-0.339425,0.794241,0.463411
293,9,-135.877,339.835,-161.4,0.103237,-0.536276,0.822601,-0.158357
294,0,-15.9235,349.006,194.785,-0.0196549,0.86203,-0.506345,0.0115451
294,1,-142.067,-320.671,192.319,0.841825,-0.178128,0.105475,-0.498473
294,2,66.5799,393.168,-31.3992,-0.0568667,-0.6764,0.731754,0.0615204
294,3,174.533,-315.051,174.015,-0.82011,-0.211986,0.13301,0.514577
294,4,-126.336,-340.953,-166.704,-0.531541,0.0953115,-0.148549,0.82844
294,5,-47.3211,350.64,186.58,-0.0573906,0.85436,-0.515341,0.0346174
294,6,-213.15,39.8942,-336.118,-0.180501,0.217419,-0.738048,0.612727
294,7,43.0038,-375.065,-132.201,-0.577632,-0.0330066,0.0465302,0.814301
294,8,253.031,138.316,-277.208,-0.199835,-0.336981,0.791372,0.469297
294,9,-135.794,339.915,-161.3,0.10318,-0.536403,0.822552,-0.158223
295,0,-19.0345,348.94,194.624,-0.0234884,0.861817,-0.506487,0.0138041
295,1,-141.819,-320.785,192.313,0.84189,-0.177799,0.105283,-0.498523
295,2,65.0284,393.377,-32.0333,-0.0554917,-0.675928,0.732411,0.0601288
295,3,174.289,-313.79,176.52,-0.82178,-0.212903,0.132555,0.511643
295,4,-126.206,-340.959,-166.791,-0.531458,0.0952034,-0.14842,0.828529
295,5,-48.1559,350.672,186.307,-0.0583702,0.854094,-0.51563,0.035239
295,6,-212.614,36.6888,-336.822,-0.181029,0.214943,-0.734046,0.618227
295,7,42.5113,-375.211,-131.945,-0.577931,-0.0326353,0.0459736,0.814136
295,8,254.355,133.571,-278.321,-0.201722,-0.333777,0.788072,0.476281
295,9,-135.709,339.921,-161.36,0.103108,-0.536348,0.822612,-0.15814
296,0,-21.4894,349.147,193.996,-0.0264799,0.861275,-0.507209,0.0155942
296,1,-142.065,-320.682,192.304,0.841816,-0.178119,0.105475,-0.498493
296,2,64.1561,393.376,-33.7525,-0.0546339,-0.674407,0.733932,0.059456
296,3,174.267,-312.678,178.504,-0.823038,-0.213868,0.132335,0.509271
296,4,-126.266,-340.997,-166.666,-0.531595,0.0952602,-0.148452,0.828429
296,5,-48.865,350.712,186.046,-0.0591977,0.853846,-0.51591,0.0357683
296,6,-212.625,33.4925,-337.148,-0.182126,0.21306,-0.729661,0.623722
296,7,41.9031,-375.366,-131.699,-0.578222,-0.0321743,0.0452931,0.813985
296,8,255.441,129.379,-279.304,-0.203348,-0.330937,0.785112,0.48242
296,9,-135.926,339.845,-161.337,0.103282,-0.536341,0.822546,-0.158395
297,0,-22.7915,349.61,193.012,-0.0280191,0.860512,-0.50839,0.0165537
297,1,-141.956,-320.667,192.41,0.841915,-0.178022,0.105382,-0.49838
297,2,64.6131,393.145,-35.5311,-0.0549133,-0.672734,0.735398,0.0600285
297,3,173.89,-312.667,178.89,-0.823409,-0.213566,0.131989,0.508887
297,4,-126.209,-340.963,-166.779,-0.531471,0.0952067,-0.148419,0.82852
297,5,-49.3521,350.766,185.817,-0.0597585,0.853639,-0.516162,0.0361336
297,6,-214.152,29.8,-336.527,-0.18494,0.212457,-0.723723,0.629988
297,7,41.1949,-375.532,-131.448,-0.578523,-0.0316364,0.0445044,0.813836
297,8,256.537,127.075,-279.357,-0.204775,-0.329955,0.782986,0.485932
297,9,-135.771,339.924,-161.3,0.103162,-0.536407,0.822557,-0.158195
298,0,-23.1937,349.522,193.123,-0.0285218,0.860576,-0.508245,0.0168446
298,1,-141.857,-320.818,192.231,0.841826,-0.177813,0.105319,-0.498617
298,2,66.4435,392.732,-36.6974,-0.0564045,-0.671526,0.736239,0.06184
298,3,172.901,-313.969,177.563,-0.822908,-0.211603,0.131319,0.510687
298,4,-126.283,-340.965,-166.719,-0.53153,0.0952695,-0.14849,0.828462
298,5,-49.6901,350.81,185.642,-0.0601452,0.853484,-0.516356,0.0363877
298,6,-217.216,25.7591,-334.894,-0.189472,0.213268,-0.716518,0.636568
298,7,40.5432,-375.711,-131.14,-0.578883,-0.0311434,0.0437731,0.813639
298,8,256.882,127.121,-279.019,-0.205126,-0.330377,0.782696,0.485964
298,9,-135.861,339.827,-161.43,0.103222,-0.536244,0.822626,-0.158347
299,0,-23.158,348.813,194.406,-0.0285667,0.861505,-0.506666,0.0168006
299,1,-141.941,-320.694,192.374,0.841896,-0.177986,0.105373,-0.498426
299,2,68.9375,392.193,-37.8492,-0.0584607,-0.670277,0.737007,0.0642808
299,3,172.464,-315.381,175.473,-0.821729,-0.210004,0.131175,0.513276
299,4,-126.2,-340.962,-166.79,-0.53146,0.0951986,-0.148412,0.82853
299,5,-49.9541,350.839,185.516,-0.0604485,0.853371,-0.516494,0.0365859
299,6,-217.233,23.1555,-335.072,-0.19047,0.211851,-0.712822,0.640878
299,7,40.1665,-375.939,-130.6,-0.57948,-0.0308688,0.0433217,0.813249
299,8,257.112,127.101,-278.817,-0.205367,-0.330611,0.782478,0.486055
299,9,-135.807,339.917,-161.285,0.103192,-0.536419,0.822538,-0.158233
300,0,-22.9971,348.07,195.751,-0.0284613,0.862484,-0.505009,0.0166649
300,1,-142.027,-320.724,192.261,0.841798,-0.17805,0.105449,-0.498552
300,2,71.1734,391.633,-39.4736,-0.0602605,-0.668601,0.738184,0.066532
300,3,172.826,-316.47,173.142,-0.820123,-0.209345,0.131707,0.51597
300,4,-126.259,-340.909,-166.853,-0.531379,0.0952397,-0.148504,0.828561
300,5,-50.168,350.867,185.407,-0.0606931,0.853273,-0.516615,0.0367467
300,6,-218.027,23.8616,-334.507,-0.190997,0.213041,-0.71345,0.639627
300,7,40.0635,-376.11,-130.138,-0.579982,-0.0308029,0.0431733,0.812901
300,8,257.253,127.029,-278.719,-0.205523,-0.330698,0.782314,0.486193
300,9,-135.805,339.854,-161.419,0.103179,-0.536265,0.822631,-0.158277
301,0,-22.929,347.362,197.013,-0.028465,0.863398,-0.503446,0.0165979
301,1,-141.982,-320.757,192.24,0.841797,-0.177981,0.105416,-0.498586
301,2,72.3198,391.265,-41.0108,-0.0611327,-0.667083,0.739373,0.0677575
301,3,173.121,-317.514,170.921,-0.818603,-0.208667,0.132177,0.518534
301,4,-126.293,-340.952,-166.738,-0.531507,0.0952753,-0.148508,0.828473
301,5,-50.3487,350.896,185.302,-0.0608979,0.853182,-0.516732,0.036883
301,6,-217.417,24.0678,-334.889,-0.190308,0.212537,-0.714032,0.639351
301,7,40.1969,-376.151,-129.978,-0.580148,-0.0309104,0.0433046,0.812771
301,8,257.332,126.907,-278.703,-0.20562,-0.330669,0.782182,0.486384
301,9,-135.829,339.89,-161.324,0.103206,-0.536371,0.82256,-0.158273
302,0,-23.0757,346.718,198.127,-0.0287264,0.864195,-0.502059,0.0166887
302,1,-141.942,-320.728,192.318,0.841859,-0.177963,0.105379,-0.498496
302,2,72.5991,391.08,-42.2633,-0.0612841,-0.665894,0.740396,0.0681406
302,3,173.094,-318.615,168.888,-0.817302,-0.207674,0.132367,0.520931
302,4,-126.193,-340.981,-166.755,-0.531502,0.0951965,-0.148393,0.828507
302,5,-50.5205,350.931,185.19,-0.0610908,0.853086,-0.516859,0.0370131
302,6,-217.652,23.6034,-334.769,-0.190719,0.21252,-0.713261,0.640093
302,7,40.466,-376.095,-130.059,-0.580051,-0.0311155,0.0436018,0.812817
302,8,257.361,126.755,-278.745,-0.20567,-0.330558,0.78208,0.486603
302,9,-135.812,339.879,-161.362,0.103189,-0.53633,0.82259,-0.158265
303,0,-23.3828,346.28,198.855,-0.0291617,0.864707,-0.501145,0.0169008
303,1,-142.052,-320.677,192.321,0.841831,-0.178108,0.105463,-0.498474
303,2,72.7563,390.929,-43.3731,-0.0613411,-0.664847,0.741309,0.0683957
303,3,172.999,-319.717,166.891,-0.81604,-0.206625,0.132499,0.523287
303,4,-126.146,-341.005,-166.741,-0.531524,0.0951607,-0.148331,0.828507
303,5,-50.6891,350.977,185.055,-0.0612765,0.852974,-0.517012,0.0371414
303,6,-217.706,23.8285,-334.718,-0.190688,0.212698,-0.713555,0.639716
303,7,40.6339,-375.976,-130.349,-0.579731,-0.0312365,0.0438068,0.81303
303,8,257.345,126.594,-278.832,-0.205675,-0.33039,0.782014,0.486821
303,9,-135.828,339.891,-161.323,0.103205,-0.536372,0.822559,-0.158271
304,0,-23.656,346.107,199.123,-0.0295226,0.864889,-0.500803,0.0170947
304,1,-141.898,-320.742,192.326,0.841877,-0.177909,0.105344,-0.498492
304,2,73.3639,390.738,-44.0625,-0.0618099,-0.664155,0.74183,0.0690388
304,3,173.132,-320.421,165.396,-0.815024,-0.206109,0.132766,0.525003
304,4,-126.264,-340.979,-166.704,-0.531551,0.0952558,-0.148462,0.828456
304,5,-50.8438,351.039,184.897,-0.0614418,0.852846,-0.517195,0.0372604
304,6,-217.659,23.8981,-334.744,-0.190614,0.212688,-0.713676,0.639606
304,7,40.7115,-375.812,-130.798,-0.579244,-0.0312831,0.0439274,0.813368
304,8,256.501,126.965,-279.441,-0.204751,-0.329811,0.782964,0.486075
304,9,-135.815,339.886,-161.344,0.103193,-0.53635,0.822577,-0.158263
305,0,-23.3679,346.009,199.329,-0.0291775,0.865049,-0.500554,0.0168833
305,1,-141.924,-320.771,192.258,0.841825,-0.177913,0.10537,-0.498573
305,2,75.1701,390.419,-43.8469,-0.0633608,-0.664211,0.741489,0.0707324
305,3,174.344,-320.139,164.667,-0.814158,-0.207316,0.133838,0.525599
305,4,-126.24,-340.93,-166.824,-0.531415,0.0952276,-0.148472,0.828545
305,5,-50.9585,351.102,184.745,-0.0615594,0.852726,-0.517372,0.0373497
305,6,-217.742,23.8296,-334.695,-0.190723,0.212735,-0.71354,0.639711
305,7,40.7805,-375.614,-131.342,-0.578654,-0.0313203,0.0440467,0.81378
305,8,255.288,127.745,-280.195,-0.203397,-0.32922,0.78445,0.484645
305,9,-135.926,339.828,-161.372,0.103278,-0.5363,0.822571,-0.158407
306,0,-22.8615,345.826,199.704,-0.0285713,0.86534,-0.500098,0.0165119
306,1,-142.02,-320.644,192.4,0.84189,-0.178102,0.105433,-0.498382
306,2,76.9451,390.059,-43.9705,-0.0648622,-0.66395,0.741429,0.0724312
306,3,176.308,-319.261,164.279,-0.813266,-0.209638,0.135494,0.525635
306,4,-126.26,-340.947,-166.774,-0.531471,0.0952471,-0.14848,0.828505
306,5,-51.057,351.17,184.587,-0.0616562,0.852603,-0.517557,0.0374273
306,6,-217.659,23.8077,-334.75,-0.190648,0.212639,-0.713548,0.639755
306,7,40.7141,-375.436,-131.871,-0.578087,-0.0312536,0.0440181,0.814187
306,8,255.797,127.766,-279.721,-0.20392,-0.329796,0.784,0.484763
306,9,-135.81,339.863,-161.397,0.103184,-0.53629,0.822615,-0.158274
307,0,-23.3981,345.459,200.276,-0.0292845,0.865729,-0.499369,0.0168919
307,1,-141.939,-320.745,192.291,0.841843,-0.177947,0.105378,-0.498529
307,2,77.4722,389.87,-44.7148,-0.0652563,-0.66321,0.742,0.0730087
307,3,177.176,-318.608,164.615,-0.813198,-0.210899,0.136172,0.525061
307,4,-126.232,-341.027,-166.631,-0.531641,0.0952363,-0.148399,0.828412
307,5,-51.2433,351.195,184.489,-0.0618682,0.852516,-0.517666,0.0375677
307,6,-217.692,23.7847,-334.731,-0.19069,0.212659,-0.7135,0.63979
307,7,40.2551,-375.36,-132.23,-0.577719,-0.0308899,0.0435496,0.814488
307,8,256.085,126.993,-279.809,-0.204318,-0.329382,0.783355,0.485919
307,9,-135.806,339.924,-161.27,0.103193,-0.536436,0.822528,-0.158228
308,0,-24.5687,344.465,201.842,-0.0308729,0.866804,-0.497377,0.017715
308,1,-141.881,-320.799,192.244,0.841828,-0.17785,0.105337,-0.498597
308,2,76.9362,389.922,-45.1857,-0.0647662,-0.662815,0.742441,0.0725469
308,3,176.787,-318.106,165.996,-0.814219,-0.211049,0.135703,0.523536
308,4,-126.209,-340.973,-166.758,-0.531495,0.0952085,-0.148413,0.828506
308,5,-51.4998,351.177,184.452,-0.0621742,0.852467,-0.517696,0.0377579
308,6,-217.623,23.8254,-334.773,-0.190605,0.212612,-0.71359,0.63973
308,7,39.35,-375.417,-132.34,-0.577636,-0.0301903,0.0425766,0.814624
308,8,255.754,127.261,-279.991,-0.20394,-0.329272,0.783788,0.485453
308,9,-135.772,339.905,-161.34,0.103159,-0.536361,0.822584,-0.158209
309,0,-25.8701,342.658,204.735,-0.0327505,0.868819,-0.493695,0.0186101
309,1,-142.007,-320.658,192.385,0.841885,-0.178078,0.105423,-0.498402
309,2,75.8013,390.133,-45.2804,-0.0637951,-0.662819,0.742625,0.0714762
309,3,175.593,-317.796,167.848,-0.815809,-0.210391,0.134524,0.521626
309,4,-126.345,-340.924,-166.757,-0.531478,0.0953145,-0.148577,0.828475
309,5,-51.7794,351.14,184.445,-0.0625126,0.852437,-0.51769,0.0379643
309,6,-217.702,23.803,-334.723,-0.190693,0.21268,-0.713521,0.639759
309,7,38.1655,-375.556,-132.291,-0.577736,-0.0292805,0.0412878,0.814652
309,8,255.566,127.447,-280.077,-0.203722,-0.329242,0.784051,0.48514
309,9,-135.857,339.879,-161.324,0.103228,-0.536367,0.822553,-0.158307
310,0,-26.6202,341.027,207.346,-0.0339294,0.87065,-0.49036,0.0191095
310,1,-141.849,-320.789,192.285,0.841864,-0.177826,0.105308,-0.498551
310,2,75.0114,390.34,-44.807,-0.0631577,-0.663327,0.742303,0.0706773
310,3,173.897,-317.698,169.788,-0.817618,-0.209129,0.13293,0.519707
310,4,-126.321,-340.924,-166.776,-0.531459,0.0952939,-0.148554,0.828494
310,5,-52.0135,351.133,184.392,-0.062789,0.852378,-0.517741,0.0381385
310,6,-217.803,23.8431,-334.654,-0.19078,0.212805,-0.71353,0.639682
310,7,36.8996,-375.725,-132.17,-0.577916,-0.0283101,0.0399059,0.814628
310,8,255.483,127.567,-280.098,-0.203622,-0.329265,0.784185,0.48495
310,9,-135.799,339.885,-161.36,0.103179,-0.536334,0.822592,-0.158249
311,0,-26.9284,340.847,207.601,-0.0343457,0.870817,-0.490026,0.019327
311,1,-142.102,-320.677,192.285,0.841793,-0.178159,0.105506,-0.49851
311,2,74.2024,390.562,-44.2219,-0.0625114,-0.663939,0.741888,0.0698505
311,3,172.582,-317.479,171.529,-0.81917,-0.20826,0.131675,0.517928
311,4,-126.142,-341.021,-166.712,-0.531559,0.0951599,-0.148316,0.828488
311,5,-52.1905,351.188,184.237,-0.0629812,0.85225,-0.517918,0.0382741
311,6,-217.764,23.851,-334.679,-0.190737,0.212769,-0.71356,0.639673
311,7,35.6432,-375.894,-132.035,-0.578108,-0.0273475,0.0385343,0.814591
311,8,256.452,127.411,-279.283,-0.204642,-0.330178,0.78323,0.485442
311,9,-135.813,339.891,-161.335,0.103192,-0.53636,0.822571,-0.158257
312,0,-27.1764,341.552,206.407,-0.0345553,0.869951,-0.491538,0.0195244
312,1,-141.957,-320.685,192.378,0.841894,-0.178009,0.105385,-0.498419
312,2,73.0693,390.918,-42.9393,-0.0616374,-0.665227,0.740919,0.0686508
312,3,172.086,-316.846,173.191,-0.820398,-0.208411,0.1311,0.516066
312,4,-126.264,-341.005,-166.652,-0.531611,0.0952599,-0.148445,0.82842
312,5,-52.3342,351.285,184.012,-0.0631225,0.852074,-0.518181,0.0383874
312,6,-217.632,23.794,-334.769,-0.190626,0.212604,-0.713542,0.639781
312,7,34.4131,-376.076,-131.844,-0.578358,-0.0264064,0.0371883,0.814507
312,8,256.819,127.098,-279.088,-0.205063,-0.330286,0.782742,0.485977
312,9,-135.815,339.87,-161.377,0.10319,-0.536312,0.8226,-0.158274
313,0,-26.8241,342.661,204.607,-0.033949,0.868681,-0.493831,0.0192994
313,1,-141.906,-320.766,192.281,0.841845,-0.1779,0.105354,-0.498547
313,2,72.9475,391.187,-40.6332,-0.0616942,-0.667385,0.739002,0.0683147
313,3,172.622,-315.677,174.785,-0.821239,-0.209874,0.131373,0.514062
313,4,-126.224,-340.919,-166.857,-0.531378,0.0952124,-0.148463,0.828571
313,5,-52.4202,351.413,183.742,-0.0631871,0.851871,-0.518501,0.0384596
313,6,-217.627,23.7372,-334.776,-0.190643,0.212567,-0.713463,0.639875
313,7,33.131,-376.31,-131.503,-0.57877,-0.0254288,0.0357774,0.814309
313,8,257.064,126.875,-278.964,-0.205346,-0.330345,0.782409,0.486355
313,9,-135.796,339.919,-161.29,0.103183,-0.536415,0.822544,-0.158222
314,0,-26.0998,343.636,203.059,-0.0329007,0.867607,-0.495805,0.0188015
314,1,-142.037,-320.654,192.371,0.841867,-0.178111,0.105448,-0.498414
314,2,73.3278,391.365,-38.1676,-0.0621925,-0.669644,0.736903,0.0684392
314,3,173.666,-314.268,176.284,-0.821841,-0.211971,0.132071,0.512057
314,4,-126.253,-340.945,-166.783,-0.531461,0.0952407,-0.148474,0.828513
314,5,-52.4645,351.565,183.438,-0.0631963,0.851647,-0.518865,0.0385022
314,6,-217.675,23.7402,-334.744,-0.190691,0.212619,-0.713444,0.639865
314,7,32.1609,-376.547,-131.065,-0.579274,-0.0246929,0.0346995,0.814019
314,8,257.23,126.699,-278.891,-0.205541,-0.330362,0.782171,0.486644
314,9,-135.891,339.826,-161.405,0.103248,-0.536268,0.822602,-0.158376
315,0,-25.9661,343.907,202.617,-0.0326952,0.867296,-0.496366,0.0187119
315,1,-141.92,-320.712,192.36,0.841893,-0.177952,0.105358,-0.498447
315,2,73.3785,391.552,-36.0948,-0.0623834,-0.671558,0.735156,0.0682913
315,3,173.847,-313.484,177.496,-0.822546,-0.21281,0.132095,0.510569
315,4,-126.22,-341.006,-166.684,-0.53158,0.095223,-0.148402,0.828451
315,5,-52.5734,351.719,183.111,-0.0632803,0.851401,-0.519251,0.0385933
315,6,-217.716,23.9275,-334.705,-0.19066,0.212762,-0.713691,0.639552
315,7,31.375,-376.781,-130.581,-0.579822,-0.0240995,0.0338196,0.813684
315,8,257.337,126.545,-278.862,-0.205673,-0.330335,0.781997,0.486886
315,9,-135.794,339.905,-161.322,0.103179,-0.536379,0.822566,-0.15823
316,0,-26.8138,343.255,203.61,-0.0338496,0.867967,-0.495091,0.0193079
316,1,-141.993,-320.701,192.325,0.841849,-0.178032,0.105417,-0.498479
316,2,73.3784,391.689,-34.5792,-0.0624918,-0.672957,0.73388,0.0681492
316,3,173.614,-313.378,177.911,-0.822887,-0.212712,0.131863,0.51012
316,4,-126.271,-340.925,-166.811,-0.531425,0.095252,-0.148505,0.828529
316,5,-52.8029,351.867,182.761,-0.0635066,0.851127,-0.519659,0.0387742
316,6,-217.743,23.8235,-334.695,-0.190726,0.212732,-0.713531,0.639721
316,7,30.4285,-377.082,-129.936,-0.580545,-0.0233854,0.0327585,0.813232
316,8,256.947,126.681,-279.16,-0.20525,-0.330033,0.782418,0.486592
316,9,-135.782,339.895,-161.353,0.103167,-0.536344,0.822591,-0.158227
317,0,-28.1348,342.303,205.03,-0.0356492,0.868917,-0.493257,0.0202369
317,1,-141.977,-320.693,192.35,0.84187,-0.178023,0.105403,-0.49845
317,2,73.2919,391.82,-33.2503,-0.062513,-0.674188,0.732766,0.0679446
317,3,173.267,-313.867,177.387,-0.822674,-0.211995,0.131634,0.510822
317,4,-126.237,-340.986,-166.711,-0.531547,0.0952341,-0.148431,0.828467
317,5,-53.0802,352.046,182.334,-0.0637792,0.850794,-0.520155,0.0389931
317,6,-217.657,23.8406,-334.749,-0.190634,0.212655,-0.713596,0.639701
317,7,29.3985,-377.455,-129.087,-0.581489,-0.0226107,0.0315983,0.812626
317,8,256.324,126.964,-279.603,-0.204569,-0.329617,0.783124,0.486026
317,9,-135.861,339.867,-161.346,0.103229,-0.536341,0.822568,-0.158319
317,10,-53.2923,-361.973,161.665,-0.835666,0.0611866,-0.0398577,0.544363
318,0,-32.1417,340.357,207.664,-0.0410151,0.870573,-0.489784,0.0230751
318,1,-141.596,-321.127,191.907,0.841688,-0.177328,0.105143,-0.499061
318,2,73.3296,392.025,-30.6458,-0.062734,-0.676578,0.730561,0.0677395
318,3,173.913,-315.405,173.995,-0.820305,-0.211169,0.132506,0.514732
318,4,-125.883,-341.195,-166.551,-0.531781,0.0949707,-0.14795,0.828432
318,5,-53.4022,352.671,181.029,-0.0639762,0.84982,-0.5217,0.0392747
318,6,-217.628,23.8576,-334.767,-0.190598,0.212635,-0.713634,0.639676
318,7,27.0418,-378.008,-127.98,-0.582745,-0.0208175,0.0290026,0.81187
318,8,255.125,127.482,-280.463,-0.203264,-0.328794,0.784467,0.484965
318,9,-135.789,339.968,-161.193,0.103186,-0.536527,0.822478,-0.158181
318,10,-45.9136,-366.683,153.088,-0.829868,0.0517532,-0.034579,0.554477
319,0,-34.179,339.8,208.249,-0.043688,0.870863,-0.488965,0.0245296
319,1,-140.048,-322.436,190.845,-0.841419,0.174842,-0.104027,0.500622
319,2,72.9277,392.021,-31.6363,-0.0623157,-0.675701,0.731434,0.0674556
319,3,175,-315.747,172.276,-0.818846,-0.211745,0.133572,0.51654
319,4,-126.423,-340.847,-166.855,-0.531353,0.0953675,-0.148704,0.828527
319,5,-53.3748,353.101,180.196,-0.0638214,0.849218,-0.522697,0.0392823
319,6,-217.937,23.8901,-334.564,-0.190896,0.212965,-0.713533,0.63959
319,7,25.0352,-377.915,-128.659,-0.58207,-0.0192587,0.0268817,0.812466
319,8,254.574,127.671,-280.877,-0.202671,-0.328371,0.785059,0.48454
319,9,-135.812,339.916,-161.283,0.103196,-0.536421,0.822535,-0.158238
319,10,-43.4366,-366.319,154.673,-0.831221,0.0491094,-0.0326602,0.552804
320,0,-35.3833,339.996,207.728,-0.0451699,0.870414,-0.489586,0.025407
320,1,-138.175,-323.957,189.63,-0.841125,0.171889,-0.102671,0.502416
320,2,71.7127,392.066,-33.7848,-0.0611172,-0.67382,0.733353,0.0665169
320,3,175.981,-315.252,172.183,-0.818457,-0.212973,0.134385,0.516441
320,4,-125.978,-341.136,-166.601,-0.531711,0.0950406,-0.148081,0.828446
320,5,-53.2526,353.464,179.519,-0.0635763,0.848738,-0.523511,0.0392145
320,6,-217.757,23.7921,-334.688,-0.190753,0.212729,-0.713479,0.639771
320,7,23.1572,-377.525,-130.148,-0.580516,-0.0177876,0.0249317,0.813672
320,8,254.255,127.731,-281.139,-0.202335,-0.32808,0.785377,0.484362
320,9,-135.755,339.939,-161.283,0.103151,-0.536429,0.822549,-0.15817
320,10,-43.4336,-366.63,153.936,-0.830672,0.0490323,-0.0326796,0.553635
321,0,-36.6687,340.357,206.912,-0.0467163,0.869746,-0.490577,0.0263501
321,1,-136.47,-325.372,188.438,-0.840788,0.169186,-0.101445,0.504144
321,2,70.4093,392.181,-35.1644,-0.0599023,-0.672649,0.734626,0.0654216
321,3,177.674,-313.831,173.039,-0.818423,-0.215596,0.135683,0.515065
321,4,-126.46,-340.822,-166.877,-0.531322,0.0953941,-0.148756,0.828534
321,5,-53.1272,353.756,178.98,-0.0633482,0.848359,-0.524159,0.0391397
321,6,-217.562,23.8146,-334.813,-0.190549,0.212545,-0.713604,0.639754
321,7,21.09,-377.116,-131.677,-0.578914,-0.0161751,0.0227689,0.81491
321,8,254.047,127.755,-281.316,-0.202118,-0.327877,0.785577,0.484266
321,9,-135.761,339.91,-161.338,0.103151,-0.536364,0.822586,-0.158196
321,10,-43.4838,-366.818,153.472,-0.830322,0.0490428,-0.0327311,0.554156
322,0,-37.6768,341.079,205.538,-0.0478342,0.868697,-0.492284,0.0271073
322,1,-134.871,-326.666,187.348,-0.840478,0.166681,-0.100293,0.505723
322,2,68.2232,392.463,-36.3068,-0.0579523,-0.671757,0.735768,0.0634745
322,3,178.457,-312.631,174.399,-0.819011,-0.217301,0.136183,0.513278
322,4,-126.114,-341.056,-166.66,-0.531622,0.0951425,-0.148266,0.828458
322,5,-52.968,354.037,178.471,-0.0630844,0.848003,-0.524773,0.0390388
322,6,-217.749,23.9032,-334.685,-0.190703,0.212782,-0.713641,0.639588
322,7,19.0141,-376.904,-132.596,-0.577964,-0.0145694,0.0205615,0.815673
322,8,253.9,127.767,-281.443,-0.201966,-0.327728,0.785716,0.484205
322,9,-135.785,339.906,-161.328,0.103171,-0.536373,0.822573,-0.158221
322,10,-43.6142,-366.923,153.184,-0.830098,0.0491617,-0.0328381,0.554474
323,0,-37.9281,342.486,203.137,-0.0478592,0.866967,-0.495309,0.0273426
323,1,-133.384,-327.831,186.375,-0.840207,0.164384,-0.0992197,0.507135
323,2,65.4095,392.908,-36.6712,-0.0555223,-0.671624,0.736298,0.0608688
323,3,177.618,-312.129,176.145,-0.8204,-0.217082,0.135313,0.511379
323,4,-126.116,-340.992,-166.79,-0.531471,0.0951337,-0.148311,0.828548
323,5,-52.7592,354.346,177.92,-0.0627561,0.847621,-0.525439,0.0389024
323,6,-217.821,23.8239,-334.644,-0.190805,0.212812,-0.713494,0.639712
323,7,16.6401,-376.951,-132.783,-0.577805,-0.0127471,0.0179993,0.815876
323,8,253.784,127.763,-281.549,-0.201847,-0.327599,0.785819,0.484175
323,9,-135.859,339.855,-161.373,0.103226,-0.53631,0.822586,-0.158326
323,10,-43.8367,-366.952,153.05,-0.829983,0.0493999,-0.0330102,0.554615
324,0,-36.9697,344.581,199.743,-0.0462484,0.864604,-0.499607,0.0267244
324,1,-131.789,-329.088,185.29,-0.839877,0.161921,-0.0980718,0.508694
324,2,63.5363,393.313,-35.6042,-0.0539877,-0.672741,0.735541,0.0590275
324,3,177.407,-311.849,176.852,-0.820917,-0.217164,0.135068,0.510579
324,4,-126.261,-340.987,-166.692,-0.531565,0.0952538,-0.148454,0.828448
324,5,-52.4448,354.703,177.3,-0.0622928,0.847198,-0.526193,0.0386899
324,6,-217.76,23.7518,-334.689,-0.19077,0.21271,-0.713421,0.639837
324,7,14.112,-377.151,-132.507,-0.578143,-0.0108125,0.0152558,0.815721
324,8,253.693,127.749,-281.638,-0.201755,-0.327486,0.785895,0.484167
324,9,-135.808,339.869,-161.386,0.103184,-0.536303,0.822608,-0.158269
324,10,-44.1315,-366.918,153.047,-0.829961,0.0497331,-0.0332331,0.554605
325,0,-35.2381,346.543,196.636,-0.0437379,0.862486,-0.50354,0.0255352
325,1,-129.872,-330.485,184.155,-0.839582,0.159047,-0.0966789,0.510352
325,2,63.8832,393.477,-33.0919,-0.0544414,-0.675034,0.733394,0.0591481
325,3,177.635,-312.156,176.08,-0.820353,-0.217072,0.135335,0.511454
325,4,-126.347,-340.942,-166.717,-0.531524,0.0953195,-0.148567,0.828447
325,5,-52.0834,355.077,176.657,-0.0617719,0.846762,-0.526973,0.0384431
325,6,-217.675,23.7978,-334.741,-0.190668,0.21265,-0.713526,0.63977
325,7,11.9469,-377.425,-131.939,-0.578786,-0.00915807,0.0129008,0.815326
325,8,253.624,127.74,-281.704,-0.201686,-0.327403,0.785952,0.484158
325,9,-135.81,339.928,-161.26,0.103197,-0.536447,0.822519,-0.158229
325,10,-44.4985,-366.814,153.191,-0.830044,0.0501628,-0.0335061,0.554426
326,0,-33.4458,347.898,194.546,-0.041296,0.861091,-0.50619,0.0242758
326,1,-127.764,-331.855,183.163,-0.839414,0.156005,-0.0951285,0.511857
326,2,66.2347,393.247,-31.1363,-0.056587,-0.676666,0.731558,0.0611774
326,3,178.747,-312.341,174.621,-0.81905,-0.217793,0.136399,0.512952
326,4,-126.192,-340.934,-166.852,-0.531389,0.0951878,-0.148423,0.828574
326,5,-51.7421,355.423,176.061,-0.061283,0.846357,-0.527697,0.0382094
326,6,-217.618,23.9197,-334.769,-0.190565,0.212659,-0.713726,0.639575
326,7,9.78876,-377.525,-131.829,-0.578928,-0.00750418,0.0105678,0.815276
326,8,253.573,127.735,-281.753,-0.201633,-0.327342,0.785996,0.484151
326,9,-135.834,339.837,-161.432,0.103201,-0.536246,0.822633,-0.158316
326,10,-44.6085,-366.649,153.554,-0.830307,0.0503244,-0.0335783,0.554013
327,0,-31.6843,349.282,192.35,-0.0389088,0.859607,-0.508952,0.0230369
327,1,-125.757,-332.974,182.519,-0.839445,0.153238,-0.0936314,0.512917
327,2,68.499,392.827,-31.5357,-0.0585088,-0.676134,0.731717,0.0633186
327,3,180.519,-311.235,174.774,-0.818524,-0.220197,0.137839,0.51238
327,4,-126.233,-340.945,-166.798,-0.531446,0.0952237,-0.148454,0.828528
327,5,-51.399,355.758,175.482,-0.0607957,0.845965,-0.528399,0.0379736
327,6,-217.823,23.6489,-334.655,-0.190873,0.212717,-0.713245,0.64
327,7,7.18633,-377.348,-132.501,-0.578224,-0.00550543,0.00776767,0.815822
327,8,253.52,127.738,-281.799,-0.201579,-0.327288,0.786045,0.48413
327,9,-135.83,339.896,-161.311,0.103208,-0.536386,0.822551,-0.158269
327,10,-44.2754,-366.466,154.086,-0.830727,0.0500012,-0.0333107,0.553428
328,0,-30.5238,349.931,191.355,-0.0373913,0.85895,-0.510209,0.0222101
328,1,-124.201,-333.921,181.854,-0.839347,0.151042,-0.0924834,0.513935
328,2,69.8317,392.46,-33.1419,-0.0595454,-0.674557,0.732967,0.0647015
328,3,181.091,-310.262,175.908,-0.819029,-0.221534,0.13819,0.510899
328,4,-126.254,-341.003,-166.665,-0.531598,0.0952505,-0.148437,0.828431
328,5,-51.2245,356.052,174.937,-0.0605145,0.845582,-0.529052,0.0378619
328,6,-217.593,23.9281,-334.785,-0.190537,0.212638,-0.71375,0.639564
328,7,4.2931,-376.863,-133.999,-0.57662,-0.00328422,0.0046533,0.816993
328,8,253.455,127.733,-281.86,-0.201512,-0.327212,0.786101,0.484118
328,9,-135.855,339.864,-161.356,0.103224,-0.53633,0.822576,-0.158316
328,10,-43.5644,-366.335,154.6,-0.831159,0.0492471,-0.0327588,0.552881
329,0,-29.9259,349.419,192.381,-0.0367482,0.859725,-0.50897,0.0217555
329,1,-122.971,-334.901,180.886,-0.838963,0.149159,-0.0916096,0.515268
329,2,69.9138,392.285,-34.9904,-0.0594893,-0.672847,0.734521,0.0649421
329,3,179.55,-310.921,176.324,-0.819835,-0.219716,0.136879,0.510743
329,4,-126.178,-341,-166.727,-0.531536,0.095187,-0.148365,0.828491
329,5,-51.208,356.227,174.585,-0.0604477,0.845327,-0.529466,0.0378611
329,6,-217.692,23.7936,-334.73,-0.190687,0.212664,-0.713513,0.639775
329,7,1.17462,-376.066,-136.283,-0.574147,-0.000896659,0.00127866,0.818751
329,8,253.372,127.696,-281.951,-0.201433,-0.327088,0.786157,0.484144
329,9,-135.956,339.813,-161.379,0.103301,-0.536288,0.822568,-0.158445
329,10,-42.6651,-366.246,155.06,-0.831562,0.0482724,-0.032067,0.5524
330,0,-29.9949,348.087,194.771,-0.0370471,0.861447,-0.506027,0.021762
330,1,-121.751,-335.878,179.897,-0.838556,0.147294,-0.0907448,0.516618
330,2,68.6685,392.341,-36.7833,-0.0583017,-0.671284,0.736133,0.0639339
330,3,176.58,-312.701,176.176,-0.820779,-0.215734,0.134461,0.511567
330,4,-126.294,-340.938,-166.767,-0.531473,0.0952736,-0.148518,0.828493
330,5,-51.3587,356.328,174.334,-0.0605925,0.845131,-0.529755,0.0379813
330,6,-217.744,23.8057,-334.695,-0.190735,0.212724,-0.713505,0.63975
330,7,-2.23232,-375.469,-137.906,-0.572376,0.0017015,-0.00243756,0.819986
330,8,253.274,127.639,-282.065,-0.201339,-0.326927,0.786217,0.484194
330,9,-135.86,339.825,-161.434,0.103221,-0.53624,0.822629,-0.158348
330,10,-41.8037,-366.107,155.621,-0.832036,0.0473489,-0.0314016,0.551804
331,0,-30.7173,346.68,197.153,-0.0381635,0.863125,-0.503055,0.0222428
331,1,-120.431,-336.793,179.071,-0.838276,0.145369,-0.089791,0.517783
331,2,66.648,392.571,-38.0221,-0.0564938,-0.670284,0.737337,0.0621453
331,3,172.915,-314.421,176.748,-0.822388,-0.211219,0.131412,0.51166
331,4,-126.26,-340.935,-166.798,-0.531442,0.0952447,-0.148487,0.828522
331,5,-51.6089,356.473,173.965,-0.0608393,0.84484,-0.530176,0.0381795
331,6,-217.608,23.8534,-334.78,-0.19058,0.212612,-0.713637,0.639685
331,7,-5.86526,-375.357,-138.105,-0.572144,0.00446984,-0.0064071,0.820116
331,8,253.159,127.58,-282.194,-0.201229,-0.326747,0.786291,0.484242
331,9,-135.737,339.883,-161.415,0.103126,-0.53628,0.822645,-0.158193
331,10,-41.0223,-365.881,156.359,-0.832637,0.0465316,-0.0307925,0.551001
332,0,-32.0646,345.64,198.759,-0.0399997,0.864204,-0.501013,0.0231894
332,1,-118.925,-337.704,178.362,-0.83811,0.143261,-0.088685,0.518828
332,2,65.3034,392.757,-38.434,-0.0553202,-0.669998,0.737788,0.0609175
332,3,170.365,-315.222,177.795,-0.823901,-0.208399,0.129237,0.510935
332,4,-126.221,-341.027,-166.64,-0.531632,0.0952275,-0.148389,0.82842
332,5,-51.7879,356.638,173.572,-0.0609983,0.844538,-0.530629,0.0383256
332,6,-217.702,23.7599,-334.726,-0.19071,0.212656,-0.71346,0.63983
332,7,-9.29163,-375.594,-137.268,-0.573031,0.00708687,-0.0101343,0.819441
332,8,253.064,127.524,-282.305,-0.201139,-0.326591,0.786348,0.484291
332,9,-135.869,339.892,-161.286,0.103241,-0.536409,0.822524,-0.158309
332,10,-40.0921,-365.641,157.16,-0.833292,0.0455482,-0.0300705,0.550132
333,0,-32.2045,345.109,199.657,-0.0402647,0.864841,-0.499887,0.0232734
333,1,-117.503,-338.469,177.854,-0.838059,0.141333,-0.0876302,0.519619
333,2,65.968,392.727,-37.6019,-0.0559402,-0.670722,0.737037,0.061471
333,3,170.842,-314.239,179.073,-0.824553,-0.209651,0.129496,0.509303
333,4,-126.256,-340.921,-166.829,-0.531406,0.0952391,-0.148493,0.828545
333,5,-51.714,356.89,173.075,-0.060844,0.844181,-0.531215,0.0382871
333,6,-217.649,23.8434,-334.754,-0.190625,0.212649,-0.713603,0.639698
333,7,-12.0234,-376.052,-135.794,-0.574607,0.0091835,-0.0130778,0.818273
333,8,253.025,127.489,-282.356,-0.201103,-0.326515,0.786366,0.484328
333,9,-135.792,339.874,-161.389,0.103172,-0.536302,0.822613,-0.158251
333,10,-39.0449,-365.457,157.85,-0.83387,0.0444183,-0.0292648,0.549391
334,0,-30.8261,344.795,200.414,-0.038611,0.865463,-0.498986,0.0222613
334,1,-115.943,-339.037,177.796,-0.838341,0.139385,-0.0864378,0.519888
334,2,67.8893,392.573,-35.7404,-0.0577041,-0.672306,0.735318,0.0631124
334,3,172.92,-312.956,179.325,-0.824012,-0.212508,0.131157,0.508568
334,4,-126.265,-340.95,-166.764,-0.531481,0.0952513,-0.148482,0.828497
334,5,-51.4019,357.255,172.415,-0.0603868,0.843725,-0.532007,0.0380766
334,6,-217.732,23.8032,-334.703,-0.190724,0.212711,-0.713507,0.639755
334,7,-14.0845,-376.733,-133.693,-0.57686,0.0107794,-0.0152599,0.816629
334,8,253.034,127.458,-282.362,-0.201116,-0.326496,0.786343,0.484374
334,9,-135.838,339.902,-161.292,0.103216,-0.536406,0.822535,-0.158273
334,10,-37.9844,-365.297,158.478,-0.834401,0.0432648,-0.0284518,0.548719
335,0,-30.1597,344.341,201.296,-0.0378584,0.866133,-0.497903,0.0217632
335,1,-114.124,-339.551,177.99,-0.838847,0.137198,-0.0850306,0.519887
335,2,69.6105,392.458,-33.6353,-0.0593215,-0.674119,0.733402,0.0645384
335,3,174.615,-312.495,178.485,-0.822906,-0.214316,0.13262,0.509221
335,4,-126.261,-340.982,-166.701,-0.531554,0.0952535,-0.148457,0.828455
335,5,-51.109,357.592,171.801,-0.0599598,0.843301,-0.532742,0.0378787
335,6,-217.67,23.7938,-334.744,-0.190665,0.212643,-0.713523,0.639777
335,7,-15.9676,-377.509,-131.271,-0.57945,0.0122491,-0.0172228,0.814734
335,8,253.044,127.405,-282.377,-0.201133,-0.326457,0.786307,0.48445
335,9,-135.776,339.888,-161.372,0.10316,-0.536323,0.822606,-0.158225
335,10,-36.734,-365.127,159.163,-0.834984,0.0418965,-0.027496,0.547987
336,0,-30.2877,343.438,202.813,-0.0381656,0.867214,-0.495991,0.0218283
336,1,-112.12,-340.202,178.022,-0.83927,0.134734,-0.083495,0.520098
336,2,70.1676,392.491,-32.0507,-0.0599095,-0.675535,0.732017,0.0649186
336,3,175.322,-313.179,176.582,-0.821467,-0.214288,0.133391,0.511351
336,4,-126.251,-340.952,-166.77,-0.531476,0.0952403,-0.148468,0.828504
336,5,-50.9433,357.913,171.182,-0.0596833,0.842861,-0.533475,0.0377756
336,6,-217.7,23.8343,-334.722,-0.190679,0.212695,-0.713566,0.639707
336,7,-17.6039,-378.166,-129.154,-0.581699,0.0135319,-0.0189143,0.813071
336,8,253.019,127.309,-282.443,-0.20112,-0.326339,0.786281,0.484577
336,9,-135.866,339.869,-161.337,0.103234,-0.53635,0.82256,-0.158323
336,10,-35.219,-364.947,159.916,-0.83563,0.0402275,-0.0263417,0.547185
337,0,-30.6405,342.369,204.56,-0.0387836,0.868445,-0.493775,0.0220513
337,1,-110.278,-340.865,177.905,-0.83955,0.132428,-0.0820961,0.520461
337,2,69.541,392.62,-31.8387,-0.0593849,-0.675777,0.731889,0.0643158
337,3,174.967,-314.217,175.083,-0.820642,-0.213077,0.133254,0.513214
337,4,-126.231,-340.96,-166.77,-0.531479,0.0952246,-0.148443,0.828509
337,5,-50.8813,358.302,170.384,-0.0595064,0.842282,-0.53441,0.0377555
337,6,-217.697,23.8031,-334.726,-0.190688,0.212675,-0.713524,0.639759
337,7,-19.0995,-378.595,-127.676,-0.583257,0.0147028,-0.0204664,0.811897
337,8,252.943,127.196,-282.562,-0.201056,-0.32615,0.786292,0.484713
337,9,-135.798,339.893,-161.344,0.10318,-0.536353,0.822581,-0.158243
337,10,-33.6004,-364.736,160.743,-0.836332,0.0384411,-0.0251099,0.546297
338,0,-30.8174,341.677,205.687,-0.039121,0.86924,-0.492342,0.0221583
338,1,-108.555,-341.337,178.059,-0.839989,0.130353,-0.0807711,0.520483
338,2,67.9949,392.829,-32.5867,-0.0580045,-0.675205,0.732647,0.0629391
338,3,173.532,-314.886,175.309,-0.821269,-0.211316,0.132061,0.513248
338,4,-126.248,-340.974,-166.729,-0.531524,0.0952411,-0.14845,0.828477
338,5,-50.7672,358.771,169.429,-0.0592488,0.841591,-0.53553,0.0377018
338,6,-217.673,23.8122,-334.741,-0.190661,0.212656,-0.713548,0.639746
338,7,-20.7152,-378.871,-126.601,-0.584375,0.0159638,-0.0221553,0.811024
338,8,252.837,127.066,-282.715,-0.200965,-0.325913,0.786322,0.484862
338,9,-135.822,339.878,-161.355,0.103198,-0.536336,0.822583,-0.158275
338,10,-31.9282,-364.457,161.715,-0.837141,0.0365988,-0.0238372,0.545241
339,0,-31.3328,341.239,206.336,-0.0398433,0.869674,-0.491501,0.0225176
339,1,-106.72,-341.6,178.663,-0.840758,0.128275,-0.0793335,0.519978
339,2,66.0536,393.03,-34.1261,-0.0562368,-0.673929,0.734102,0.061258
339,3,172.036,-315.2,176.219,-0.822346,-0.20981,0.130751,0.512475
339,4,-126.233,-340.965,-166.757,-0.531494,0.0952268,-0.148441,0.8285
339,5,-50.6652,359.189,168.571,-0.0590191,0.84097,-0.536534,0.0376539
339,6,-217.704,23.8237,-334.72,-0.190687,0.212693,-0.71355,0.639724
339,7,-22.6127,-379.181,-125.34,-0.58568,0.0174482,-0.0241308,0.809995
339,8,252.746,126.91,-282.867,-0.200892,-0.325668,0.786325,0.485053
339,9,-135.812,339.902,-161.313,0.103194,-0.536385,0.822556,-0.158249
339,10,-30.4167,-364.148,162.699,-0.837946,0.0349353,-0.0226869,0.544161
340,0,-31.5194,340.889,206.884,-0.040138,0.870054,-0.490797,0.0226418
340,1,-104.838,-341.762,179.466,-0.84167,0.126192,-0.0778495,0.519237
340,2,64.9308,392.972,-36.8371,-0.0551028,-0.671504,0.736474,0.0604342
340,3,171.892,-314.885,176.92,-0.822839,-0.209966,0.130563,0.511667
340,4,-126.262,-340.955,-166.756,-0.53149,0.0952496,-0.148476,0.828493
340,5,-50.6428,359.656,167.58,-0.0588666,0.840244,-0.537686,0.0376697
340,6,-217.679,23.8065,-334.737,-0.190669,0.212658,-0.713537,0.639755
340,7,-24.5484,-379.573,-123.781,-0.587294,0.0189714,-0.0261245,0.80873
340,8,252.688,126.775,-282.979,-0.20085,-0.325478,0.786308,0.485225
340,9,-135.83,339.845,-161.418,0.103199,-0.536262,0.822625,-0.158307
340,10,-29.1163,-363.847,163.608,-0.838682,0.0335036,-0.021698,0.543157
341,0,-30.6343,340.388,207.84,-0.0391056,0.870787,-0.489609,0.0219875
341,1,-102.915,-341.925,180.267,-0.842582,0.124054,-0.0763388,0.518497
341,2,64.9694,392.651,-40.0478,-0.0549346,-0.668523,0.739169,0.0607398
341,3,173.044,-314.231,176.959,-0.822478,-0.211491,0.131496,0.511381
341,4,-126.235,-340.972,-166.741,-0.531512,0.0952302,-0.148439,0.828488
341,5,-50.6559,360.259,166.274,-0.0587167,0.839282,-0.539198,0.0377226
341,6,-217.696,23.8283,-334.725,-0.190677,0.212687,-0.71356,0.639718
341,7,-26.3286,-380.042,-121.963,-0.589178,0.0203841,-0.0279294,0.807263
341,8,252.669,126.668,-283.043,-0.200845,-0.325357,0.78627,0.485369
341,9,-135.796,339.937,-161.253,0.103186,-0.536458,0.822518,-0.158209
341,10,-27.9168,-363.549,164.477,-0.839381,0.0321805,-0.0207867,0.542191
342,0,-28.7578,339.604,209.386,-0.0368546,0.871994,-0.487692,0.0206121
342,1,-101.058,-342.185,180.821,-0.843304,0.121924,-0.0748974,0.518038
342,2,66.136,392.166,-42.7989,-0.0557541,-0.665878,0.741381,0.062076
342,3,175.399,-313.401,176.111,-0.821144,-0.214154,0.133502,0.511897
342,4,-126.254,-340.949,-166.775,-0.53147,0.095242,-0.148472,0.828507
342,5,-50.6655,360.978,164.706,-0.0585313,0.838127,-0.541008,0.0377818
342,6,-217.679,23.7942,-334.738,-0.190674,0.212652,-0.713519,0.639776
342,7,-29.1595,-380.286,-120.551,-0.590593,0.0226095,-0.0308583,0.806062
342,8,252.687,126.571,-283.071,-0.200876,-0.325285,0.786205,0.485511
342,9,-135.832,339.836,-161.435,0.103199,-0.536243,0.822636,-0.158315
342,10,-26.7081,-363.293,165.241,-0.84,0.0308353,-0.0198721,0.541345
343,0,-25.958,338.278,211.882,-0.0334811,0.873917,-0.484565,0.0185644
343,1,-99.2063,-342.384,181.471,-0.844086,0.119823,-0.0734569,0.517461
343,2,68.4728,391.544,-44.7732,-0.0576107,-0.663863,0.74284,0.0644644
343,3,178.331,-312.447,174.858,-0.819344,-0.217366,0.136032,0.51276
343,4,-126.34,-340.884,-166.842,-0.53138,0.0953035,-0.148599,0.828535
343,5,-50.457,361.61,163.379,-0.0581251,0.837165,-0.542548,0.0376695
343,6,-217.684,23.8219,-334.733,-0.190668,0.212672,-0.713556,0.639729
343,7,-32.9801,-379.612,-121.684,-0.589272,0.0255494,-0.0349797,0.806773
343,8,252.729,126.483,-283.073,-0.20093,-0.325248,0.786122,0.485647
343,9,-135.817,339.893,-161.327,0.103196,-0.536369,0.822565,-0.15826
343,10,-25.4666,-363.064,165.939,-0.840569,0.0294441,-0.0189355,0.540572
344,0,-23.1648,336.348,215.253,-0.0301455,0.876446,-0.480272,0.016519
344,1,-97.6551,-342.457,182.172,-0.844847,0.118104,-0.0722432,0.516784
344,2,71.4137,390.8,-46.6383,-0.0599797,-0.661895,0.744144,0.067433
344,3,181.169,-311.704,173.258,-0.817344,-0.220276,0.138535,0.514039
344,4,-126.353,-340.881,-166.839,-0.531382,0.0953139,-0.148613,0.828531
344,5,-50.1722,361.996,162.609,-0.0577014,0.836619,-0.543446,0.0374814
344,6,-217.698,23.8078,-334.725,-0.190687,0.212678,-0.71353,0.639751
344,7,-36.0618,-378.844,-123.193,-0.587563,0.0279017,-0.0383594,0.807787
344,8,252.755,126.421,-283.077,-0.200965,-0.325218,0.786067,0.485742
344,9,-136.042,339.617,-161.718,0.10334,-0.535885,0.822784,-0.158665
344,10,-24.2526,-362.84,166.611,-0.841115,0.0280792,-0.0180212,0.539826
345,0,-20.5419,334.28,218.712,-0.0269828,0.879012,-0.475811,0.0146058
345,1,-96.4478,-342.433,182.86,-0.845537,0.116802,-0.0712918,0.516084
345,2,73.8823,390.08,-48.7787,-0.0619233,-0.659691,0.745704,0.0699971
345,3,184.147,-310.862,171.623,-0.815257,-0.223346,0.141173,0.515308
345,4,-126.31,-340.924,-166.784,-0.531452,0.0952849,-0.148544,0.828502
345,5,-50.0137,362.226,162.145,-0.0574619,0.836289,-0.543987,0.0373777
345,6,-217.658,23.8125,-334.751,-0.190646,0.21264,-0.713555,0.639748
345,7,-38.0824,-378.596,-123.347,-0.587322,0.0294646,-0.0405255,0.807801
345,8,252.75,126.375,-283.102,-0.200966,-0.325169,0.786048,0.485805
345,9,-136.174,339.454,-161.95,0.103424,-0.535599,0.822914,-0.158904
345,10,-23.0597,-362.6,167.301,-0.841671,0.0267363,-0.0171235,0.539056
346,0,-17.4467,333.131,220.725,-0.0230423,0.880554,-0.473224,0.0123833
346,1,-95.4348,-342.109,183.993,-0.846504,0.115859,-0.0704625,0.514824
346,2,75.9317,389.552,-49.8397,-0.063582,-0.658527,0.746395,0.0720658
346,3,187.284,-309.354,170.953,-0.8137,-0.227119,0.143852,0.515379
346,4,-126.262,-340.972,-166.721,-0.531531,0.0952529,-0.148466,0.828468
346,5,-49.8487,362.362,161.892,-0.057241,0.836115,-0.544285,0.0372622
346,6,-217.705,23.8138,-334.72,-0.190692,0.212689,-0.713535,0.639741
346,7,-39.5137,-378.621,-122.819,-0.587826,0.0305903,-0.0420125,0.807316
346,8,252.712,126.343,-283.15,-0.200931,-0.325099,0.786066,0.485837
346,9,-136.247,339.367,-162.071,0.103471,-0.535448,0.822981,-0.159034
346,10,-21.9683,-362.297,168.103,-0.842305,0.0255136,-0.0163007,0.538151
347,0,-14.0642,332.88,221.344,-0.0186049,0.881098,-0.472462,0.00997631
347,1,-94.6747,-341.346,185.794,-0.847894,0.115406,-0.0697867,0.512726
347,2,77.5896,389.335,-48.9714,-0.0650464,-0.659208,0.745522,0.0735633
347,3,189.683,-307.552,171.557,-0.813185,-0.230601,0.145787,0.514101
347,4,-126.232,-341.011,-166.665,-0.5316,0.0952334,-0.14841,0.828436
347,5,-49.7767,362.332,161.98,-0.0571686,0.836186,-0.544188,0.0372052
347,6,-217.663,23.8124,-334.747,-0.190651,0.212645,-0.713553,0.639747
347,7,-40.5796,-378.848,-121.769,-0.588897,0.0314494,-0.0430674,0.806447
347,8,252.639,126.337,-283.218,-0.200857,-0.325014,0.786128,0.485825
347,9,-136.284,339.332,-162.112,0.103496,-0.535396,0.823,-0.159092
347,10,-21.0457,-361.935,168.997,-0.842999,0.0244886,-0.0156033,0.537131
348,0,-10.7505,333.094,221.207,-0.0142146,0.881083,-0.472687,0.00762591
348,1,-93.912,-340.571,187.596,-0.849283,0.114949,-0.0691112,0.510616
348,2,78.0591,389.485,-46.9953,-0.065588,-0.661025,0.743839,0.073805
348,3,190.878,-306.113,172.801,-0.8135,-0.232851,0.146649,0.51234
348,4,-126.226,-341.016,-166.657,-0.53161,0.0952299,-0.148401,0.828432
348,5,-49.931,362.127,162.39,-0.0573962,0.836477,-0.54371,0.0373075
348,6,-217.707,23.8214,-334.718,-0.190691,0.212695,-0.713545,0.639728
348,7,-41.4565,-379.225,-120.29,-0.590425,0.0321765,-0.0438841,0.805256
348,8,252.52,126.31,-283.336,-0.200739,-0.324859,0.786221,0.485826
348,9,-136.302,339.332,-162.097,0.103512,-0.53541,0.822986,-0.159109
348,10,-20.3508,-361.563,169.876,-0.843672,0.0237245,-0.0150761,0.536122
349,0,-7.84836,333.914,220.09,-0.0103444,0.880344,-0.47419,0.00557194
349,1,-93.0865,-340.078,188.896,-0.85033,0.114275,-0.0684194,0.509116
349,2,76.8443,389.995,-44.7093,-0.0647227,-0.663268,0.742053,0.0724107
349,3,190.949,-305.183,174.36,-0.814427,-0.233792,0.146537,0.510468
349,4,-126.242,-340.995,-166.689,-0.531571,0.0952394,-0.14843,0.828451
349,5,-50.5463,361.745,163.051,-0.0581882,0.836916,-0.542919,0.0377475
349,6,-217.666,23.8036,-334.746,-0.190657,0.212643,-0.713539,0.639761
349,7,-42.3428,-379.71,-118.436,-0.592344,0.0329251,-0.0446772,0.803772
349,8,252.838,126.404,-283.011,-0.201052,-0.325292,0.785984,0.48579
349,9,-136.309,339.354,-162.045,0.103522,-0.535469,0.822948,-0.1591
349,10,-19.9166,-361.204,170.69,-0.844288,0.0232591,-0.0147436,0.535182
350,0,-5.09498,334.949,218.594,-0.00668735,0.879317,-0.476177,0.00362141
350,1,-92.2884,-339.9,189.606,-0.85096,0.11347,-0.0677826,0.508328
350,2,74.7508,390.664,-42.3563,-0.06311,-0.665636,0.740283,0.0701874
350,3,189.805,-305.08,175.784,-0.815733,-0.233043,0.145425,0.50904
350,4,-126.255,-340.987,-166.696,-0.531562,0.0952494,-0.148449,0.828452
350,5,-51.3754,361.173,164.057,-0.0592737,0.837591,-0.541718,0.0383357
350,6,-217.705,23.8375,-334.718,-0.190684,0.212702,-0.713568,0.639701
350,7,-43.2953,-380.265,-116.293,-0.594555,0.0337377,-0.0455123,0.802057
350,8,253.3,126.547,-282.533,-0.201507,-0.325927,0.785642,0.48573
350,9,-136.308,339.39,-161.97,0.103528,-0.535555,0.822896,-0.159074
350,10,-19.6773,-360.861,171.442,-0.844851,0.0230173,-0.0145568,0.534308
351,0,-2.9517,334.943,218.643,-0.00387466,0.879368,-0.476122,0.00209789
351,1,-91.4303,-340.167,189.544,-0.851058,0.11238,-0.0671446,0.50849
351,2,72.4102,391.34,-40.1237,-0.0612713,-0.667901,0.738623,0.0677591
351,3,187.877,-305.699,176.777,-0.817072,-0.231009,0.143712,0.508306
351,4,-126.257,-340.998,-166.672,-0.531589,0.0952528,-0.148443,0.828435
351,5,-52.3808,360.776,164.611,-0.0605108,0.837915,-0.541027,0.0390708
351,6,-217.644,23.7517,-334.764,-0.190654,0.212593,-0.713476,0.639849
351,7,-44.1208,-380.715,-114.495,-0.596401,0.034443,-0.0462365,0.800613
351,8,253.525,126.605,-282.305,-0.201731,-0.326226,0.785469,0.485716
351,9,-136.302,339.434,-161.883,0.10353,-0.535657,0.822837,-0.159036
351,10,-19.5574,-360.547,172.114,-0.845351,0.0229106,-0.0144595,0.533524
352,0,-1.64283,333.762,220.455,-0.00216736,0.880661,-0.473741,0.0011659
352,1,-90.3993,-340.893,188.732,-0.85066,0.110874,-0.0664185,0.509582
352,2,70.2868,391.932,-38.0669,-0.0595992,-0.669973,0.737078,0.0655687
352,3,185.538,-306.865,177.227,-0.818224,-0.22813,0.141723,0.508312
352,4,-126.247,-341.008,-166.659,-0.531605,0.0952457,-0.148426,0.828429
352,5,-53.4822,360.72,164.38,-0.0617597,0.837652,-0.541232,0.0399049
352,6,-217.716,23.9115,-334.706,-0.190666,0.212753,-0.713668,0.639578
352,7,-44.5973,-380.983,-113.417,-0.597507,0.0348527,-0.0466493,0.799747
352,8,253.6,126.574,-282.252,-0.201812,-0.326278,0.785386,0.485782
352,9,-136.293,339.484,-161.786,0.103532,-0.535769,0.822772,-0.158992
352,10,-19.4726,-360.264,172.715,-0.845797,0.0228413,-0.0143892,0.532822
353,0,-1.07521,331.782,223.426,-0.0014304,0.882769,-0.469805,0.00076125
353,1,-89.1513,-341.952,187.406,-0.849931,0.108973,-0.0655577,0.511317
353,2,68.2499,392.454,-36.3558,-0.057972,-0.67171,0.735807,0.0635039
353,3,183.037,-308.537,176.925,-0.818958,-0.224642,0.139687,0.509245
353,4,-126.236,-340.995,-166.695,-0.531565,0.0952346,-0.148425,0.828456
353,5,-54.7248,360.887,163.603,-0.0630985,0.836972,-0.542057,0.0408652
353,6,-217.682,23.7568,-334.739,-0.190691,0.212634,-0.713465,0.639837
353,7,-44.6836,-381.368,-112.079,-0.598898,0.0349658,-0.0466311,0.798702
353,8,253.579,126.458,-282.323,-0.201805,-0.326146,0.785346,0.485938
353,9,-136.282,339.537,-161.684,0.103532,-0.535888,0.822704,-0.158945
353,10,-19.3627,-359.995,173.288,-0.846223,0.022741,-0.0143008,0.532152
354,0,-1.12703,329.314,227.049,-0.00151495,0.88533,-0.46496,0.000795627
354,1,-87.9339,-343.295,185.516,-0.848793,0.106981,-0.0647492,0.513724
354,2,66.254,392.882,-35.414,-0.0563252,-0.672726,0.735173,0.0615536
354,3,180.551,-310.406,176.208,-0.819408,-0.220977,0.137715,0.51066
354,4,-126.226,-340.992,-166.708,-0.531551,0.0952257,-0.148417,0.828467
354,5,-56.2189,360.866,163.141,-0.0647679,0.836499,-0.542503,0.0420046
354,6,-217.69,23.8394,-334.728,-0.190668,0.212688,-0.713578,0.6397
354,7,-44.548,-381.97,-110.067,-0.600997,0.0349279,-0.0463272,0.797143
354,8,253.476,126.253,-282.507,-0.201726,-0.325842,0.785333,0.486195
354,9,-136.27,339.591,-161.581,0.103531,-0.536009,0.822635,-0.158894
354,10,-19.2971,-359.723,173.858,-0.846645,0.0226925,-0.0142453,0.531483
355,0,-1.42083,326.667,230.839,-0.00193116,0.888,-0.459837,0.00100002
355,1,-87.3896,-344.648,183.25,-0.847278,0.105745,-0.0644634,0.516509
355,2,64.9109,393.152,-34.8993,-0.0552081,-0.673296,0.734842,0.0602547
355,3,178.423,-312.301,175.023,-0.819416,-0.217571,0.13609,0.512543
355,4,-126.217,-340.998,-166.703,-0.531559,0.095219,-0.148404,0.828465
355,5,-57.8128,360.513,163.365,-0.0666474,0.836519,-0.542151,0.0431945
355,6,-217.679,23.8149,-334.737,-0.190665,0.212663,-0.713549,0.639741
355,7,-45.5841,-382.493,-107.802,-0.603294,0.0358225,-0.0472242,0.795313
355,8,253.342,126.006,-282.737,-0.201622,-0.325465,0.785327,0.486501
355,9,-136.251,339.649,-161.474,0.103526,-0.536134,0.822566,-0.158835
355,10,-19.2692,-359.433,174.46,-0.84709,0.02269,-0.0142172,0.530775
356,0,-1.74777,324.182,234.315,-0.00240031,0.890442,-0.455088,0.00122676
356,1,-87.3001,-345.284,182.093,-0.846473,0.105352,-0.0644587,0.517908
356,2,64.2784,393.313,-34.2542,-0.0547072,-0.673936,0.734346,0.0596111
356,3,177.201,-313.758,173.655,-0.818975,-0.215285,0.13523,0.514436
356,4,-126.207,-341.01,-166.684,-0.531582,0.095213,-0.148387,0.828454
356,5,-59.2229,359.948,164.105,-0.0683912,0.836931,-0.541214,0.0442262
356,6,-217.731,23.785,-334.705,-0.190729,0.212699,-0.713482,0.639785
356,7,-48.0194,-382.664,-106.126,-0.604907,0.0378058,-0.0496144,0.793849
356,8,253.219,125.744,-282.964,-0.201529,-0.325085,0.785303,0.486831
356,9,-136.219,339.714,-161.366,0.10351,-0.536264,0.822498,-0.15876
356,10,-19.0118,-359.086,175.201,-0.847643,0.0224235,-0.0140181,0.529907
357,0,-1.86921,321.776,237.607,-0.00259299,0.892749,-0.450544,0.00130861
357,1,-87.5013,-345.167,182.218,-0.846531,0.105629,-0.0646028,0.517739
357,2,64.4328,393.393,-33.0183,-0.0549175,-0.675064,0.73329,0.0596543
357,3,176.964,-314.433,172.672,-0.818434,-0.214491,0.135139,0.515652
357,4,-126.217,-341.005,-166.689,-0.531575,0.0952198,-0.148399,0.828456
357,5,-60.3753,359.172,165.379,-0.0699212,0.837756,-0.539673,0.0450424
357,6,-217.616,23.8128,-334.778,-0.190604,0.212598,-0.713576,0.639752
357,7,-51.1102,-382.293,-106.018,-0.604861,0.040254,-0.0528119,0.793557
357,8,253.13,125.448,-283.175,-0.201477,-0.324712,0.78523,0.48722
357,9,-136.174,339.784,-161.256,0.103484,-0.536396,0.822432,-0.158667
357,10,-18.4425,-358.646,176.161,-0.848367,0.0217982,-0.0135868,0.528786
358,0,-2.23523,319.565,240.569,-0.00312941,0.894819,-0.446415,0.00156123
358,1,-87.7018,-344.501,183.378,-0.847321,0.106161,-0.0646905,0.516326
358,2,65.2011,393.347,-32.0492,-0.0556391,-0.675901,0.732411,0.0602909
358,3,177.971,-314.246,171.976,-0.817648,-0.215457,0.136038,0.516259
358,4,-126.221,-341.002,-166.691,-0.531572,0.0952229,-0.148405,0.828457
358,5,-61.4146,358.308,166.865,-0.0713607,0.838742,-0.537889,0.0457639
358,6,-217.733,23.8229,-334.701,-0.190717,0.212722,-0.713534,0.639723
358,7,-53.6564,-381.487,-107.65,-0.603039,0.0422012,-0.0556104,0.794651
358,8,253.104,125.118,-283.344,-0.201495,-0.324376,0.785081,0.487675
358,9,-136.106,339.86,-161.154,0.103439,-0.536524,0.822377,-0.158551
358,10,-17.5779,-358.118,177.32,-0.849245,0.0208297,-0.0129365,0.52743
359,0,-2.97117,318.218,242.34,-0.00418308,0.896051,-0.443926,0.0020724
359,1,-88.1244,-343.515,185.017,-0.848412,0.107091,-0.0649187,0.514309
359,2,65.8605,393.217,-32.2902,-0.05619,-0.675633,0.732565,0.0609248
359,3,179.998,-313.68,170.896,-0.816264,-0.21756,0.137821,0.517093
359,4,-126.207,-341.012,-166.681,-0.531586,0.0952126,-0.148384,0.828452
359,5,-62.423,357.441,168.342,-0.0727731,0.839721,-0.53611,0.0464611
359,6,-217.674,23.7992,-334.741,-0.190667,0.21265,-0.713529,0.639768
359,7,-53.8015,-381.06,-109.081,-0.601551,0.0422567,-0.0558988,0.795755
359,8,253.721,125.251,-282.733,-0.20211,-0.32517,0.784598,0.48767
359,9,-136.006,339.938,-161.073,0.103368,-0.536632,0.822344,-0.158403
359,10,-17.0005,-357.858,177.9,-0.849687,0.0201714,-0.012505,0.526753
360,0,-3.74131,318.469,241.999,-0.00526169,0.895807,-0.444404,0.00261029
360,1,-89.1413,-343.243,185.035,-0.848265,0.108351,-0.0656791,0.514191
360,2,65.46,393.197,-33.3321,-0.0557789,-0.674703,0.733477,0.0606378
360,3,182.024,-313.532,169.011,-0.814364,-0.219258,0.139698,0.518865
360,4,-126.206,-341.003,-166.701,-0.531563,0.0952104,-0.14839,0.828466
360,5,-63.0749,356.659,169.752,-0.0737648,0.840683,-0.534426,0.0468926
360,6,-217.565,23.7169,-334.818,-0.190589,0.212494,-0.713464,0.639915
360,7,-51.6629,-381.278,-109.353,-0.601384,0.0405583,-0.0536916,0.796121
360,8,254.498,125.638,-281.862,-0.202858,-0.326376,0.7841,0.487355
360,9,-135.893,340.009,-161.018,0.103284,-0.536713,0.822332,-0.158247
360,10,-17.1217,-358.001,177.602,-0.849465,0.0203016,-0.0125974,0.527105
361,0,-3.86162,319.973,240.005,-0.00539695,0.894414,-0.447199,0.00269843
361,1,-88.8643,-343.595,184.514,-0.847942,0.107877,-0.0655,0.514847
361,2,64.7051,393.206,-34.6781,-0.0550459,-0.673515,0.734672,0.0600442
361,3,184.182,-313.62,166.491,-0.812009,-0.220806,0.141764,0.521334
361,4,-126.19,-341.006,-166.706,-0.531558,0.0951974,-0.148372,0.828474
361,5,-63.0179,356.052,171.043,-0.073906,0.84163,-0.532923,0.0467975
361,6,-217.875,23.9573,-334.599,-0.190809,0.21294,-0.713657,0.639486
361,7,-51.0704,-381.213,-109.856,-0.600894,0.0400713,-0.0531192,0.796554
361,8,255.815,126.852,-280.121,-0.204057,-0.328953,0.783528,0.486039
361,9,-135.791,340.067,-160.982,0.103206,-0.536769,0.822331,-0.158112
361,10,-17.7107,-358.43,176.675,-0.848767,0.0209567,-0.0130415,0.528191
362,0,-2.87381,322.09,237.17,-0.00398126,0.892439,-0.451146,0.00201261
362,1,-87.9481,-343.479,185.168,-0.848546,0.106911,-0.0647786,0.514144
362,2,64.2898,393.241,-35.0469,-0.0546671,-0.673203,0.735014,0.0596865
362,3,186.504,-313.345,164.412,-0.809867,-0.22278,0.143931,0.523229
362,4,-126.183,-341.004,-166.715,-0.53155,0.0951917,-0.148367,0.828481
362,5,-62.2746,355.552,172.351,-0.0732381,0.84266,-0.531439,0.046189
362,6,-217.448,23.6043,-334.902,-0.190514,0.212314,-0.713359,0.640114
362,7,-51.1393,-381.265,-109.644,-0.60111,0.0401339,-0.0531717,0.796384
362,8,257.273,128.511,-278.021,-0.205352,-0.332121,0.783025,0.484147
362,9,-135.719,340.11,-160.952,0.103151,-0.536815,0.822327,-0.158014
362,10,-18.672,-359.073,175.265,-0.8477,0.0220256,-0.0137667,0.529839
363,0,-1.0635,324.211,234.278,-0.0014604,0.890419,-0.45514,0.000746486
363,1,-88.1534,-343.541,184.955,-0.848364,0.107111,-0.0649437,0.514381
363,2,64.4475,393.278,-34.3332,-0.0548471,-0.673851,0.7344,0.0597754
363,3,188.149,-312.891,163.398,-0.808635,-0.224403,0.145422,0.524027
363,4,-126.189,-341,-166.72,-0.531543,0.0951955,-0.148375,0.828483
363,5,-61.2426,355.264,173.311,-0.0721684,0.843463,-0.530379,0.0453803
363,6,-217.874,23.977,-334.598,-0.1908,0.21295,-0.713686,0.639453
363,7,-51.0615,-381.274,-109.65,-0.601108,0.0400724,-0.053091,0.796395
363,8,257.172,128.762,-277.998,-0.205216,-0.332249,0.783238,0.483772
363,9,-135.68,340.142,-160.916,0.103124,-0.536861,0.822311,-0.157955
363,10,-19.592,-359.537,174.211,-0.846896,0.0230575,-0.0144587,0.531062
364,0,0.530421,325.957,231.845,0.000723087,0.88871,-0.458469,-0.000373027
364,1,-88.3916,-343.567,184.794,-0.848213,0.107364,-0.0651307,0.514553
364,2,64.7933,393.312,-33.2753,-0.0552105,-0.674802,0.73348,0.0600114
364,3,188.812,-312.621,163.152,-0.808241,-0.225136,0.146005,0.524159
364,4,-126.193,-341.002,-166.712,-0.531552,0.0951995,-0.148378,0.828477
364,5,-60.4193,355.348,173.428,-0.0712098,0.843632,-0.530293,0.0447613
364,6,-217.694,23.9109,-334.72,-0.190645,0.212731,-0.713678,0.639581
364,7,-51.0095,-381.258,-109.728,-0.601031,0.0400284,-0.0530438,0.796458
364,8,255.853,127.234,-279.912,-0.204046,-0.329355,0.783685,0.485518
364,9,-135.673,340.165,-160.875,0.103122,-0.53691,0.822284,-0.157933
364,10,-20.0513,-359.61,174.008,-0.846731,0.0235879,-0.0148005,0.531291
365,0,1.27356,327.256,230.004,0.00172674,0.887413,-0.460971,-0.000896963
365,1,-88.4791,-343.559,184.766,-0.848179,0.107465,-0.0651978,0.51458
365,2,64.4342,393.4,-32.9355,-0.054924,-0.67514,0.73322,0.059649
365,3,188.202,-313.065,163.003,-0.808366,-0.224275,0.145511,0.524473
365,4,-126.192,-341.011,-166.695,-0.531572,0.0952003,-0.148372,0.828465
365,5,-60.0109,355.731,172.783,-0.070624,0.843203,-0.531077,0.0444813
365,6,-217.83,23.8228,-334.638,-0.190815,0.212821,-0.713488,0.639712
365,7,-51.304,-381.227,-109.701,-0.601043,0.0402616,-0.0533489,0.796417
365,8,255.983,125.23,-280.696,-0.204445,-0.327616,0.782554,0.488344
365,9,-135.68,340.186,-160.825,0.103132,-0.536966,0.822248,-0.157924
365,10,-19.9389,-359.398,174.457,-0.847065,0.023479,-0.0147118,0.530766
366,0,1.13863,327.924,229.051,0.00153948,0.886742,-0.462261,-0.000802535
366,1,-88.2179,-343.605,184.805,-0.848248,0.107153,-0.0650001,0.514556
366,2,63.9225,393.454,-33.2817,-0.0544632,-0.674857,0.733551,0.0592
366,3,186.971,-313.969,162.682,-0.8086,-0.222529,0.144517,0.525131
366,4,-126.205,-341.007,-166.693,-0.531572,0.0952103,-0.148386,0.828461
366,5,-60.2054,356.211,171.723,-0.0706893,0.842412,-0.532307,0.0446674
366,6,-217.643,23.7608,-334.764,-0.19065,0.212597,-0.713489,0.639835
366,7,-51.1904,-381.207,-109.822,-0.600924,0.0401673,-0.0532414,0.796519
366,8,256.051,124.486,-280.964,-0.204616,-0.326996,0.782108,0.4894
366,9,-135.696,340.206,-160.768,0.10315,-0.537029,0.822204,-0.157924
366,10,-19.4375,-358.998,175.336,-0.847729,0.0229328,-0.0143306,0.52974
367,0,1.04832,327.783,229.254,0.00141823,0.886885,-0.461987,-0.000738768
367,1,-88.2212,-343.628,184.762,-0.848217,0.107146,-0.0650048,0.514608
367,2,63.9284,393.407,-33.8247,-0.0544343,-0.674356,0.73401,0.0592495
367,3,185.658,-314.963,162.264,-0.808795,-0.220637,0.143468,0.525915
367,4,-126.209,-341.01,-166.683,-0.531583,0.095214,-0.148388,0.828454
367,5,-60.7094,356.74,170.443,-0.0710853,0.841428,-0.533772,0.045094
367,6,-217.67,23.9253,-334.735,-0.190615,0.212714,-0.71371,0.63956
367,7,-51.125,-381.24,-109.739,-0.601013,0.040119,-0.0531655,0.796459
367,8,256.052,124.357,-281.021,-0.204635,-0.326877,0.78204,0.489581
367,9,-135.73,340.223,-160.703,0.103182,-0.537098,0.822151,-0.157943
367,10,-18.7441,-358.447,176.534,-0.848631,0.0221734,-0.0138046,0.528339
368,0,1.61765,326.729,230.749,0.0021981,0.887937,-0.459959,-0.00113863
368,1,-88.3357,-343.663,184.642,-0.848115,0.107257,-0.0650971,0.514742
368,2,64.204,393.333,-34.1606,-0.0546493,-0.674027,0.734273,0.059534
368,3,184.368,-315.967,161.781,-0.808935,-0.218749,0.142446,0.526766
368,4,-126.221,-341.005,-166.685,-0.531579,0.0952235,-0.148403,0.828452
368,5,-61.5946,356.922,169.743,-0.0720193,0.840828,-0.534532,0.0457842
368,6,-217.753,23.8742,-334.684,-0.190718,0.212771,-0.713598,0.639636
368,7,-51.1517,-381.233,-109.749,-0.601002,0.0401396,-0.0531942,0.796465
368,8,255.99,124.259,-281.12,-0.204584,-0.326718,0.782045,0.4897
368,9,-135.779,340.237,-160.634,0.103227,-0.537171,0.822092,-0.157979
368,10,-18.0548,-357.908,177.696,-0.849507,0.0214133,-0.0132833,0.526976
369,0,2.64644,324.978,233.2,0.00362237,0.889656,-0.456614,-0.00185917
369,1,-88.3039,-343.588,184.797,-0.848229,0.107257,-0.0650649,0.514559
369,2,64.678,393.264,-34.0669,-0.0550614,-0.674081,0.734158,0.0599688
369,3,183.191,-316.936,161.223,-0.80898,-0.216979,0.141529,0.527675
369,4,-126.23,-341.007,-166.675,-0.53159,0.0952315,-0.148411,0.828443
369,5,-63.1029,356.57,169.929,-0.0738264,0.84081,-0.534217,0.0469064
369,6,-217.704,23.7512,-334.725,-0.190715,0.212654,-0.713446,0.639844
369,7,-51.2076,-381.248,-109.671,-0.60108,0.0401867,-0.0532454,0.7964
369,8,255.887,124.185,-281.247,-0.204487,-0.326537,0.782099,0.489775
369,9,-135.835,340.25,-160.557,0.103277,-0.53725,0.822026,-0.158021
369,10,-17.4328,-357.463,178.651,-0.850226,0.0207196,-0.0128148,0.525854
370,0,3.45093,323.695,234.967,0.00474879,0.890891,-0.454186,-0.00242098
370,1,-88.2934,-343.631,184.721,-0.848177,0.107225,-0.0650612,0.514651
370,2,65.0496,393.181,-34.3127,-0.0553642,-0.673828,0.734337,0.0603359
370,3,182.097,-318.076,160.214,-0.8087,-0.21511,0.140733,0.529081
370,4,-126.241,-341.003,-166.674,-0.53159,0.0952401,-0.148424,0.82844
370,5,-65.0762,355.911,170.564,-0.0762597,0.841065,-0.533344,0.0483585
370,6,-217.663,23.8629,-334.744,-0.190631,0.212673,-0.713625,0.639664
370,7,-51.1275,-381.214,-109.825,-0.600924,0.0401176,-0.0531759,0.796526
370,8,255.749,124.133,-281.395,-0.204352,-0.326337,0.782196,0.48981
370,9,-135.882,340.269,-160.477,0.103322,-0.537335,0.821958,-0.158051
370,10,-16.865,-357.094,179.443,-0.850823,0.0200803,-0.0123887,0.524922
371,0,3.76447,323.548,235.164,0.00518336,0.891027,-0.453914,-0.00264055
371,1,-88.3744,-343.614,184.713,-0.848159,0.107323,-0.0651222,0.514653
371,2,64.2865,393.229,-35.1894,-0.0546553,-0.673072,0.735135,0.059695
371,3,181.021,-319.436,158.72,-0.80809,-0.213052,0.140007,0.531034
371,4,-126.253,-341.001,-166.668,-0.531594,0.0952502,-0.148437,0.828433
371,5,-67.0911,355.224,171.215,-0.0787537,0.841319,-0.532444,0.0498407
371,6,-217.711,23.8343,-334.715,-0.19069,0.212706,-0.713561,0.639706
371,7,-51.1596,-381.265,-109.636,-0.601119,0.0401503,-0.0531921,0.796376
371,8,255.575,124.112,-281.563,-0.204174,-0.326127,0.782342,0.489792
371,9,-135.917,340.295,-160.393,0.103357,-0.537426,0.821892,-0.158065
371,10,-16.3662,-356.778,180.115,-0.85133,0.0195159,-0.0120152,0.52413
372,0,3.83669,324.052,234.468,0.00527167,0.890538,-0.454871,-0.00269267
372,1,-88.3283,-343.583,184.794,-0.848223,0.107286,-0.0650834,0.51456
372,2,63.2709,393.348,-35.6941,-0.0537552,-0.672676,0.735637,0.0587865
372,3,180.095,-320.736,157.144,-0.807366,-0.211164,0.139416,0.533042
372,4,-126.262,-340.997,-166.67,-0.531591,0.0952568,-0.148448,0.828432
372,5,-68.9884,354.452,172.06,-0.0811521,0.841718,-0.53132,0.0512259
372,6,-217.64,23.7463,-334.767,-0.190653,0.212586,-0.71347,0.639859
372,7,-51.1792,-381.238,-109.718,-0.601032,0.0401625,-0.0532201,0.796439
372,8,255.39,124.106,-281.733,-0.203984,-0.32592,0.782504,0.489748
372,9,-135.946,340.329,-160.296,0.103388,-0.537532,0.821818,-0.158067
372,10,-15.8283,-356.473,180.766,-0.851821,0.0189021,-0.0116135,0.523362
373,0,4.18501,325.142,232.949,0.00572409,0.889468,-0.456951,-0.00294067
373,1,-88.2891,-343.629,184.727,-0.848182,0.107221,-0.0650576,0.514644
373,2,63.5199,393.331,-35.4341,-0.0539842,-0.672899,0.735399,0.0589984
373,3,180.467,-321.029,156.114,-0.806567,-0.211167,0.139842,0.534136
373,4,-126.267,-340.995,-166.671,-0.531589,0.0952603,-0.148454,0.828432
373,5,-70.384,353.658,173.125,-0.0830051,0.842328,-0.529968,0.0522243
373,6,-217.758,23.8695,-334.681,-0.190725,0.212773,-0.713588,0.639643
373,7,-51.003,-381.309,-109.555,-0.601211,0.04003,-0.0530211,0.796324
373,8,255.221,124.117,-281.882,-0.203808,-0.325746,0.782662,0.489686
373,9,-135.958,340.38,-160.178,0.103408,-0.537665,0.821733,-0.158042
373,10,-15.01,-356.129,181.513,-0.85239,0.0179551,-0.0110058,0.522483
374,0,4.81247,326.697,230.751,0.00653946,0.887917,-0.459946,-0.00338747
374,1,-88.2973,-343.679,184.631,-0.848113,0.107207,-0.065069,0.51476
374,2,64.7298,393.243,-34.2078,-0.0550969,-0.673947,0.734273,0.0600286
374,3,181.662,-320.19,156.453,-0.806395,-0.212823,0.140798,0.533488
374,4,-126.264,-340.995,-166.674,-0.531586,0.0952576,-0.148451,0.828435
374,5,-71.5844,352.838,174.302,-0.084656,0.843036,-0.528495,0.0530704
374,6,-217.658,23.817,-334.75,-0.190644,0.212643,-0.713562,0.63974
374,7,-51.3455,-381.176,-109.858,-0.600878,0.0402881,-0.0534068,0.796537
374,8,255.065,124.139,-282.014,-0.203644,-0.325595,0.782813,0.489612
374,9,-135.958,340.446,-160.036,0.10342,-0.537828,0.821635,-0.157994
374,10,-13.5777,-355.742,182.382,-0.853061,0.0162735,-0.00994777,0.521463
375,0,5.18005,328.164,228.651,0.00699572,0.886434,-0.462788,-0.00365231
375,1,-88.2523,-343.675,184.658,-0.848139,0.107158,-0.0650338,0.514731
375,2,64.9782,393.367,-32.247,-0.0554349,-0.675735,0.732596,0.0600995
375,3,182.943,-318.582,158.231,-0.807126,-0.21526,0.141663,0.531171
375,4,-126.257,-340.999,-166.669,-0.531593,0.095253,-0.148442,0.828433
375,5,-72.9071,352.179,175.083,-0.0863873,0.84344,-0.527472,0.0540251
375,6,-217.71,23.7611,-334.721,-0.190717,0.212665,-0.713458,0.639827
375,7,-51.1396,-381.236,-109.745,-0.601006,0.0401302,-0.0531812,0.796463
375,8,254.914,124.176,-282.134,-0.203483,-0.325465,0.782968,0.489519
375,9,-135.95,340.527,-159.871,0.103429,-0.538019,0.821521,-0.157929
375,10,-11.5847,-355.313,183.354,-0.853814,0.0139154,-0.00848014,0.520322
376,0,4.87453,329.227,227.125,0.00655397,0.885361,-0.464846,-0.00344106
376,1,-88.3513,-343.571,184.804,-0.848227,0.107317,-0.0651,0.514545
376,2,63.7568,393.609,-31.7297,-0.0544185,-0.676296,0.73225,0.0589209
376,3,183.805,-317.422,159.559,-0.807695,-0.216975,0.14223,0.529454
376,4,-126.235,-341.004,-166.675,-0.531588,0.0952355,-0.148418,0.828442
376,5,-74.6416,351.801,175.113,-0.088471,0.843246,-0.527303,0.0553231
376,6,-217.658,23.8835,-334.746,-0.190619,0.212679,-0.713656,0.63963
376,7,-51.186,-381.258,-109.647,-0.601106,0.0401707,-0.0532207,0.796383
376,8,254.736,124.234,-282.269,-0.203292,-0.325325,0.783158,0.489387
376,9,-135.927,340.622,-159.689,0.103426,-0.53823,0.8214,-0.15784
376,10,-9.22025,-354.898,184.288,-0.854539,0.0110986,-0.00674358,0.519224
377,0,4.26327,329.697,226.455,0.00572099,0.884893,-0.465749,-0.00301115
377,1,-88.3362,-343.619,184.723,-0.848171,0.107278,-0.0650932,0.514645
377,2,62.0979,393.796,-32.6864,-0.0529352,-0.675529,0.733183,0.057453
377,3,183.504,-317.497,159.755,-0.807924,-0.216684,0.141957,0.529297
377,4,-126.205,-341.01,-166.688,-0.531578,0.095211,-0.148385,0.828457
377,5,-76.9185,351.514,174.703,-0.0911177,0.842661,-0.527604,0.0570503
377,6,-217.711,23.7799,-334.719,-0.190711,0.212676,-0.713484,0.639796
377,7,-51.175,-381.222,-109.778,-0.60097,0.0401569,-0.0532212,0.796486
377,8,254.509,124.284,-282.451,-0.203051,-0.325125,0.783388,0.489252
377,9,-135.907,340.721,-159.494,0.103428,-0.538457,0.821269,-0.15775
377,10,-6.63232,-354.533,185.102,-0.855168,0.00799821,-0.00484723,0.518266
378,0,3.31896,329.846,226.253,0.00445116,0.884758,-0.466024,-0.00234454
378,1,-88.3298,-343.62,184.724,-0.848173,0.10727,-0.0650883,0.514645
378,2,60.8785,393.798,-34.8886,-0.0517581,-0.67358,0.735133,0.0564878
378,3,182.625,-318.361,159.041,-0.80776,-0.215233,0.141305,0.530312
378,4,-126.181,-341.008,-166.709,-0.531557,0.0951905,-0.148362,0.828477
378,5,-79.7494,351.141,174.184,-0.0944035,0.841913,-0.527982,0.0592025
378,6,-217.685,23.832,-334.732,-0.190665,0.212679,-0.71357,0.639713
378,7,-51.225,-381.235,-109.708,-0.60104,0.040199,-0.053267,0.796428
378,8,254.256,124.337,-282.655,-0.202784,-0.324899,0.783641,0.489107
378,9,-135.896,340.824,-159.283,0.103437,-0.538699,0.821124,-0.157667
378,10,-3.80401,-354.202,185.813,-0.855713,0.00459491,-0.00277839,0.517422
378,11,-173.712,358.199,38.9537,-0.165821,0.721939,-0.654745,0.150387
379,0,7.71758,331.913,223.101,0.0102582,0.88248,-0.470206,-0.00546583
379,1,-88.3163,-343.598,184.772,-0.848209,0.107266,-0.0650756,0.514587
379,2,66.3513,392.032,-43.6878,-0.0558809,-0.665032,0.742106,0.0623573
379,3,185.161,-319.753,153.21,-0.803098,-0.215746,0.144099,0.536398
379,4,-126.215,-340.931,-166.84,-0.5314,0.0952068,-0.148447,0.828561
379,5,-82.3498,350.355,174.557,-0.0976042,0.841825,-0.52732,0.0611393
379,6,-217.79,23.7808,-334.667,-0.19079,0.212756,-0.713448,0.639786
379,7,-51.1501,-381.255,-109.674,-0.601079,0.0401413,-0.0531856,0.796407
379,8,253.702,124.44,-283.108,-0.2022,-0.324392,0.784192,0.488802
379,9,-135.63,341.127,-158.861,0.103264,-0.539222,0.820892,-0.157205
379,10,5.33554,-353.099,187.863,-0.857197,-0.00647601,0.00389025,0.514933
379,11,-164.443,361.73,45.9345,-0.158073,0.729679,-0.650186,0.140853
